Region,ID,Name,WSP info,RRP info,Data (GB),Validity (Days),Wi-Fi Hotspot,Traffic Policy
  Afghanistan,42ESAX0VHKIF,Afghanistan 10GB - 10 Days,39.99  $,53.99  $,10,10,Yes,Limit - Maximum Data 10GB
  Afghanistan,PFZJBB5FO0EK,Afghanistan 10GB - 15 Days,42.19  $,54.99  $,10,15,Yes,Limit - Maximum Data 10GB
  Afghanistan,R1NVJFLG1HT2,Afghanistan 10GB - 30 Days,43.99  $,58.99  $,10,30,Yes,Limit - Maximum Data 10GB
  Afghanistan,LC0WZMQLPFHQ,Afghanistan 10GB - 5 Days,35.99  $,52.99  $,10,5,Yes,Limit - Maximum Data 10GB
  Afghanistan,JPRCHC29FKSB,Afghanistan 1GB - 10 Days,6.77  $,9.99  $,1,10,Yes,Limit - Maximum Data 1GB
  Afghanistan,QEOPPX0SVAHG,Afghanistan 1GB - 15 Days,7.14  $,9.99  $,1,15,Yes,Limit - Maximum Data 1GB
  Afghanistan,OUKUTR7ZMGDQ,Afghanistan 1GB - 30 Days,7.45  $,12.99  $,1,30,Yes,Limit - Maximum Data 1GB
  Afghanistan,XYBL2VAXHZ7U,Afghanistan 1GB - 5 Days,6.09  $,8.99  $,1,5,Yes,Limit - Maximum Data 1GB
  Afghanistan,TM2LSG3ASAFR,Afghanistan 3GB - 10 Days,15.53  $,19.99  $,3,10,Yes,Limit - Maximum Data 3GB
  Afghanistan,GITL7VTQ4LUN,Afghanistan 3GB - 15 Days,16.38  $,19.99  $,3,15,Yes,Limit - Maximum Data 3GB
  Afghanistan,3FNAJWA6VLGK,Afghanistan 3GB - 30 Days,17.08  $,22.99  $,3,30,Yes,Limit - Maximum Data 3GB
  Afghanistan,DSVFFNFJR6Q4,Afghanistan 3GB - 5 Days,13.98  $,18.99  $,3,5,Yes,Limit - Maximum Data 3GB
  Afghanistan,BP5VZJFRJBUK,Afghanistan 5GB - 10 Days,23.17  $,33.99  $,5,10,Yes,Limit - Maximum Data 5GB
  Afghanistan,VB71JORD8HXZ,Afghanistan 5GB - 15 Days,24.44  $,34.99  $,5,15,Yes,Limit - Maximum Data 5GB
  Afghanistan,1XD3F19YYNQW,Afghanistan 5GB - 30 Days,25.49  $,36.99  $,5,30,Yes,Limit - Maximum Data 5GB
  Afghanistan,POPX94M5SW0D,Afghanistan 5GB - 5 Days,20.85  $,32.99  $,5,5,Yes,Limit - Maximum Data 5GB
  Albania,OQXNKQVRJW9E,Albania 10GB - 10 Days,8.60  $,13.99  $,10,10,Yes,Limit - Maximum Data 10GB
  Albania,A5DQLGB329II,Albania 10GB - 15 Days,9.07  $,14.99  $,10,15,Yes,Limit - Maximum Data 10GB
  Albania,CJ3LQ808VSUK,Albania 10GB - 30 Days,9.46  $,16.99  $,10,30,Yes,Limit - Maximum Data 10GB
  Albania,LRC6JA3UFRAK,Albania 10GB - 5 Days,7.74  $,12.99  $,10,5,Yes,Limit - Maximum Data 10GB
  Albania,IOZMX6LTDTZB,Albania 1GB - 10 Days,3.00  $,4.99  $,1,10,Yes,Limit - Maximum Data 1GB
  Albania,K8HO4PW9TW14,Albania 1GB - 15 Days,3.16  $,4.99  $,1,15,Yes,Limit - Maximum Data 1GB
  Albania,PXQIJZROJDNU,Albania 1GB - 30 Days,3.29  $,7.99  $,1,30,Yes,Limit - Maximum Data 1GB
  Albania,FHIJDBAZUL2K,Albania 1GB - 5 Days,2.70  $,3.99  $,1,5,Yes,Limit - Maximum Data 1GB
  Albania,L0SVT2ABEF4D,Albania 20GB - 10 Days,13.50  $,24.99  $,20,10,Yes,Limit - Maximum Data 20GB
  Albania,4AVECGSFOHK1,Albania 20GB - 15 Days,14.24  $,24.99  $,20,15,Yes,Limit - Maximum Data 20GB
  Albania,8MVKI79DAHQH,Albania 20GB - 30 Days,14.84  $,27.99  $,20,30,Yes,Limit - Maximum Data 20GB
  Albania,3KIBLH6ZM9YO,Albania 20GB - 5 Days,12.15  $,23.99  $,20,5,Yes,Limit - Maximum Data 20GB
  Albania,X3QQSHBJLR0I,Albania 3GB - 10 Days,4.00  $,5.99  $,3,10,Yes,Limit - Maximum Data 3GB
  Albania,BQ7JGHWMIDK6,Albania 3GB - 15 Days,4.21  $,6.99  $,3,15,Yes,Limit - Maximum Data 3GB
  Albania,EGFBLCKEHSJD,Albania 3GB - 30 Days,4.39  $,8.99  $,3,30,Yes,Limit - Maximum Data 3GB
  Albania,SLP1UDMUEN8Z,Albania 3GB - 5 Days,3.60  $,4.99  $,3,5,Yes,Limit - Maximum Data 3GB
  Albania,O2NWY43Y7EFY,Albania 5GB - 10 Days,5.50  $,6.99  $,5,10,Yes,Limit - Maximum Data 5GB
  Albania,8N1ASMVJLTEE,Albania 5GB - 15 Days,5.80  $,7.99  $,5,15,Yes,Limit - Maximum Data 5GB
  Albania,DUI9QMMRH38B,Albania 5GB - 30 Days,6.04  $,9.99  $,5,30,Yes,Limit - Maximum Data 5GB
  Albania,TG8HPNT2YUTX,Albania 5GB - 5 Days,4.95  $,5.99  $,5,5,Yes,Limit - Maximum Data 5GB
  Albania,BINS33VZXODW,Albania Unlimited LITE - 10 Days,24.01  $,45.99  $,Unlimited,10,Yes,"Daily - 2GB per Day, then 1Mbps"
  Albania,29N7TOD3UWRA,Albania Unlimited LITE - 15 Days,38.10  $,72.99  $,Unlimited,15,Yes,"Daily - 2GB per Day, then 1Mbps"
  Albania,VPUB9Q76Y7K6,Albania Unlimited LITE - 30 Days,54.80  $,104.99  $,Unlimited,30,Yes,"Daily - 2GB per Day, then 1Mbps"
  Albania,EVSEXYZMLVZW,Albania Unlimited LITE - 5 Days,13.04  $,24.99  $,Unlimited,5,Yes,"Daily - 2GB per Day, then 1Mbps"
  Albania,2R80M9IOPGHT,Albania Unlimited MAX - 10 Days,34.14  $,44.99  $,Unlimited,10,Yes,"Daily - 5GB per Day, then 1Mbps"
  Albania,4BBUF05QDXDN,Albania Unlimited MAX - 15 Days,54.80  $,84.99  $,Unlimited,15,Yes,"Daily - 5GB per Day, then 1Mbps"
  Albania,E2RDKMVBHZ4S,Albania Unlimited MAX - 30 Days,84.04  $,109.99  $,Unlimited,30,Yes,"Daily - 5GB per Day, then 1Mbps"
  Albania,UJNBCCTFD4XI,Albania Unlimited MAX - 5 Days,19.31  $,29.99  $,Unlimited,5,Yes,"Daily - 5GB per Day, then 1Mbps"
  Albania,ZSFBRZTXAFYI,Albania Unlimited STANDARD - 10 Days,24.01  $,39.99  $,Unlimited,10,Yes,"Daily - 3GB per Day, then 1Mbps"
  Albania,VMR7W8N18ONC,Albania Unlimited STANDARD - 15 Days,38.10  $,74.99  $,Unlimited,15,Yes,"Daily - 3GB per Day, then 1Mbps"
  Albania,JE54AUESZGBQ,Albania Unlimited STANDARD - 30 Days,85.04  $,99.99  $,Unlimited,30,Yes,"Daily - 3GB per Day, then 1Mbps"
  Albania,YEQQUX3T66T0,Albania Unlimited STANDARD - 5 Days,13.04  $,24.99  $,Unlimited,5,Yes,"Daily - 3GB per Day, then 1Mbps"
  Algeria,XNCHKRJP2GOV,Algeria 10GB - 10 Days,9.42  $,12.99  $,10,10,Yes,Limit - Maximum Data 10GB
  Algeria,CRRIDVGJ7TUG,Algeria 10GB - 15 Days,9.94  $,13.99  $,10,15,Yes,Limit - Maximum Data 10GB
  Algeria,HUZY4REAVXAE,Algeria 10GB - 30 Days,10.36  $,15.99  $,10,30,Yes,Limit - Maximum Data 10GB
  Algeria,EZXE8JT1DABM,Algeria 10GB - 5 Days,8.48  $,11.99  $,10,5,Yes,Limit - Maximum Data 10GB
  Algeria,ZK3HYH6T4XGO,Algeria 1GB - 10 Days,2.50  $,4.99  $,1,10,Yes,Limit - Maximum Data 1GB
  Algeria,X8CY7L4LP3AH,Algeria 1GB - 15 Days,2.64  $,4.99  $,1,15,Yes,Limit - Maximum Data 1GB
  Algeria,L0VSGK1IWOV4,Algeria 1GB - 30 Days,2.75  $,7.99  $,1,30,Yes,Limit - Maximum Data 1GB
  Algeria,R1YNO5YJGTCJ,Algeria 1GB - 5 Days,2.25  $,3.99  $,1,5,Yes,Limit - Maximum Data 1GB
  Algeria,EBZMSD4TYEAY,Algeria 20GB - 10 Days,14.02  $,21.99  $,20,10,Yes,Limit - Maximum Data 20GB
  Algeria,AJD6AJPWCKIW,Algeria 20GB - 15 Days,14.79  $,22.99  $,20,15,Yes,Limit - Maximum Data 20GB
  Algeria,MVTFYJPYOBLG,Algeria 20GB - 30 Days,15.42  $,24.99  $,20,30,Yes,Limit - Maximum Data 20GB
  Algeria,TVJISPYBZ24V,Algeria 20GB - 5 Days,12.62  $,20.99  $,20,5,Yes,Limit - Maximum Data 20GB
  Algeria,9UJCYRMXGZEX,Algeria 3GB - 10 Days,3.93  $,7.99  $,3,10,Yes,Limit - Maximum Data 3GB
  Algeria,Y3EXTHZVRLDA,Algeria 3GB - 15 Days,4.15  $,8.99  $,3,15,Yes,Limit - Maximum Data 3GB
  Algeria,TRJBQDJPXK2G,Algeria 3GB - 30 Days,4.32  $,9.99  $,3,30,Yes,Limit - Maximum Data 3GB
  Algeria,4NIYNOBKSPZT,Algeria 3GB - 5 Days,3.54  $,7.99  $,3,5,Yes,Limit - Maximum Data 3GB
  Algeria,KXF8HXN9R30A,Algeria 5GB - 10 Days,5.63  $,6.99  $,5,10,Yes,Limit - Maximum Data 5GB
  Algeria,HO9WKDNDGE51,Algeria 5GB - 15 Days,5.94  $,7.99  $,5,15,Yes,Limit - Maximum Data 5GB
  Algeria,ICKQXCMHWZHI,Algeria 5GB - 30 Days,6.19  $,9.99  $,5,30,Yes,Limit - Maximum Data 5GB
  Algeria,RPFWEYUNQSTL,Algeria 5GB - 5 Days,5.07  $,5.99  $,5,5,Yes,Limit - Maximum Data 5GB
  Algeria,ZHWMPOVFXCWC,Algeria Unlimited LITE - 10 Days,19.29  $,24.99  $,Unlimited,10,Yes,"Daily - 2GB per Day, then 1Mbps"
  Algeria,LAHJJOIKMSIX,Algeria Unlimited LITE - 15 Days,31.64  $,32.99  $,Unlimited,15,Yes,"Daily - 2GB per Day, then 1Mbps"
  Algeria,QXRQGRTSTAPV,Algeria Unlimited LITE - 30 Days,44.09  $,48.99  $,Unlimited,30,Yes,"Daily - 2GB per Day, then 1Mbps"
  Algeria,FIZDG0VGYITC,Algeria Unlimited LITE - 5 Days,10.28  $,16.99  $,Unlimited,5,Yes,"Daily - 2GB per Day, then 1Mbps"
  Algeria,7CZD6T7CGYV9,Algeria Unlimited MAX - 10 Days,27.08  $,39.99  $,Unlimited,10,Yes,"Daily - 5GB per Day, then 1Mbps"
  Algeria,IGY6ZT0SNACP,Algeria Unlimited MAX - 15 Days,42.97  $,59.99  $,Unlimited,15,Yes,"Daily - 5GB per Day, then 1Mbps"
  Algeria,52BJQVZD8MSU,Algeria Unlimited MAX - 30 Days,58.49  $,59.99  $,Unlimited,30,Yes,"Daily - 5GB per Day, then 1Mbps"
  Algeria,6MDCATGHWBW2,Algeria Unlimited MAX - 5 Days,13.83  $,24.99  $,Unlimited,5,Yes,"Daily - 5GB per Day, then 1Mbps"
  Algeria,M8WYLESGNM1I,Algeria Unlimited STANDARD - 10 Days,19.70  $,34.99  $,Unlimited,10,Yes,"Daily - 3GB per Day, then 1Mbps"
  Algeria,KCSMWVWHQLEJ,Algeria Unlimited STANDARD - 15 Days,31.91  $,49.99  $,Unlimited,15,Yes,"Daily - 3GB per Day, then 1Mbps"
  Algeria,IFSUYUF1SMTH,Algeria Unlimited STANDARD - 30 Days,44.09  $,59.99  $,Unlimited,30,Yes,"Daily - 3GB per Day, then 1Mbps"
  Algeria,FB6XFHZ3NIAX,Algeria Unlimited STANDARD - 5 Days,10.60  $,17.99  $,Unlimited,5,Yes,"Daily - 3GB per Day, then 1Mbps"
  Andorra,JKLL3WETNBGK,Andorra 10GB - 10 Days,19.63  $,41.99  $,10,10,Yes,Limit - Maximum Data 10GB
  Andorra,PVKZTECBQSQH,Andorra 10GB - 15 Days,20.71  $,42.99  $,10,15,Yes,Limit - Maximum Data 10GB
  Andorra,PLWFNG76KBEK,Andorra 10GB - 30 Days,21.59  $,46.99  $,10,30,Yes,Limit - Maximum Data 10GB
  Andorra,ER9AH5REACTD,Andorra 10GB - 5 Days,17.67  $,40.99  $,10,5,Yes,Limit - Maximum Data 10GB
  Andorra,OBTGLZFM28VE,Andorra 1GB - 10 Days,3.59  $,5.99  $,1,10,Yes,Limit - Maximum Data 1GB
  Andorra,TOHLKV2IS3MO,Andorra 1GB - 15 Days,3.79  $,6.99  $,1,15,Yes,Limit - Maximum Data 1GB
  Andorra,GNCZZDGKMOWW,Andorra 1GB - 30 Days,3.95  $,8.99  $,1,30,Yes,Limit - Maximum Data 1GB
  Andorra,TBSRDI7CVUMM,Andorra 1GB - 5 Days,3.23  $,4.99  $,1,5,Yes,Limit - Maximum Data 1GB
  Andorra,U3ZRDGSN18I1,Andorra 20GB - 10 Days,31.50  $,61.99  $,20,10,Yes,Limit - Maximum Data 20GB
  Andorra,QOON0GIUHJ3H,Andorra 20GB - 15 Days,33.23  $,62.99  $,20,15,Yes,Limit - Maximum Data 20GB
  Andorra,NX5PXDRWT26D,Andorra 20GB - 30 Days,34.64  $,66.99  $,20,30,Yes,Limit - Maximum Data 20GB
  Andorra,8IXFQSISJZF0,Andorra 20GB - 5 Days,28.35  $,60.99  $,20,5,Yes,Limit - Maximum Data 20GB
  Andorra,59OXQ6EGLFK0,Andorra 3GB - 10 Days,7.80  $,14.99  $,3,10,Yes,Limit - Maximum Data 3GB
  Andorra,GPOJNH3QCDJA,Andorra 3GB - 15 Days,8.23  $,14.99  $,3,15,Yes,Limit - Maximum Data 3GB
  Andorra,WAR8MXC3I9CB,Andorra 3GB - 30 Days,8.58  $,17.99  $,3,30,Yes,Limit - Maximum Data 3GB
  Andorra,NDCWLYMXMRZ9,Andorra 3GB - 5 Days,7.02  $,13.99  $,3,5,Yes,Limit - Maximum Data 3GB
  Andorra,GNR5FPI31DFD,Andorra 5GB - 10 Days,11.49  $,24.99  $,5,10,Yes,Limit - Maximum Data 5GB
  Andorra,H0OUHLVICART,Andorra 5GB - 15 Days,12.12  $,24.99  $,5,15,Yes,Limit - Maximum Data 5GB
  Andorra,C47CDZXVWIHO,Andorra 5GB - 30 Days,12.64  $,27.99  $,5,30,Yes,Limit - Maximum Data 5GB
  Andorra,17AGCVELNCBT,Andorra 5GB - 5 Days,10.34  $,23.99  $,5,5,Yes,Limit - Maximum Data 5GB
  Anguilla,X4LO5EXLDKGL,Anguilla 10GB - 10 Days,31.12  $,41.99  $,10,10,Yes,Limit - Maximum Data 10GB
  Anguilla,L0JLSP5EQGCR,Anguilla 10GB - 15 Days,32.83  $,42.99  $,10,15,Yes,Limit - Maximum Data 10GB
  Anguilla,9VQEJLUJQB6G,Anguilla 10GB - 30 Days,34.23  $,46.99  $,10,30,Yes,Limit - Maximum Data 10GB
  Anguilla,DXSN1L5STWHJ,Anguilla 10GB - 5 Days,28.01  $,40.99  $,10,5,Yes,Limit - Maximum Data 10GB
  Anguilla,BH9L3XGIJ5AC,Anguilla 1GB - 10 Days,5.39  $,5.99  $,1,10,Yes,Limit - Maximum Data 1GB
  Anguilla,PAOUC1U3SZO6,Anguilla 1GB - 15 Days,5.69  $,6.99  $,1,15,Yes,Limit - Maximum Data 1GB
  Anguilla,SLIMSXXWPDZ4,Anguilla 1GB - 30 Days,5.93  $,8.99  $,1,30,Yes,Limit - Maximum Data 1GB
  Anguilla,MUQ1VZUPR4XT,Anguilla 1GB - 5 Days,4.85  $,4.99  $,1,5,Yes,Limit - Maximum Data 1GB
  Anguilla,KDEPOTQIEFWW,Anguilla 20GB - 10 Days,46.94  $,61.99  $,20,10,Yes,Limit - Maximum Data 20GB
  Anguilla,FVLTRUPPVK3C,Anguilla 20GB - 15 Days,49.52  $,62.99  $,20,15,Yes,Limit - Maximum Data 20GB
  Anguilla,LE1UYDXHIMIK,Anguilla 20GB - 30 Days,51.63  $,66.99  $,20,30,Yes,Limit - Maximum Data 20GB
  Anguilla,KF2JNSZAKHBN,Anguilla 20GB - 5 Days,42.25  $,60.99  $,20,5,Yes,Limit - Maximum Data 20GB
  Anguilla,T4YXHPNDPFBO,Anguilla 3GB - 10 Days,12.16  $,14.99  $,3,10,Yes,Limit - Maximum Data 3GB
  Anguilla,ZZ8JS1BHU4YO,Anguilla 3GB - 15 Days,12.83  $,14.99  $,3,15,Yes,Limit - Maximum Data 3GB
  Anguilla,PW37PS2MN4RH,Anguilla 3GB - 30 Days,13.38  $,17.99  $,3,30,Yes,Limit - Maximum Data 3GB
  Anguilla,C3EPYMCRVIWZ,Anguilla 3GB - 5 Days,10.94  $,13.99  $,3,5,Yes,Limit - Maximum Data 3GB
  Anguilla,KIUFDQPG720U,Anguilla 5GB - 10 Days,18.08  $,24.99  $,5,10,Yes,Limit - Maximum Data 5GB
  Anguilla,VGFTCUWW6QJ2,Anguilla 5GB - 15 Days,19.07  $,24.99  $,5,15,Yes,Limit - Maximum Data 5GB
  Anguilla,ZG9BZG3GR1DB,Anguilla 5GB - 30 Days,19.89  $,27.99  $,5,30,Yes,Limit - Maximum Data 5GB
  Anguilla,Y7I6P1W4XNSM,Anguilla 5GB - 5 Days,16.27  $,23.99  $,5,5,Yes,Limit - Maximum Data 5GB
  Antigua and Barbuda,TUBSYXT0ROBF,Antigua and Barbuda 10GB - 10 Days,27.93  $,41.99  $,10,10,Yes,Limit - Maximum Data 10GB
  Antigua and Barbuda,6MTRJCYZLHRV,Antigua and Barbuda 10GB - 15 Days,29.47  $,42.99  $,10,15,Yes,Limit - Maximum Data 10GB
  Antigua and Barbuda,PDNVDV6PWFVV,Antigua and Barbuda 10GB - 30 Days,30.72  $,46.99  $,10,30,Yes,Limit - Maximum Data 10GB
  Antigua and Barbuda,X5CMQT2RBLOX,Antigua and Barbuda 10GB - 5 Days,25.14  $,40.99  $,10,5,Yes,Limit - Maximum Data 10GB
  Antigua and Barbuda,CZANUQIRW1I9,Antigua and Barbuda 1GB - 10 Days,4.89  $,5.99  $,1,10,Yes,Limit - Maximum Data 1GB
  Antigua and Barbuda,YWNLRMHHHKES,Antigua and Barbuda 1GB - 15 Days,5.16  $,6.99  $,1,15,Yes,Limit - Maximum Data 1GB
  Antigua and Barbuda,VNLYIO0HR9AV,Antigua and Barbuda 1GB - 30 Days,5.38  $,8.99  $,1,30,Yes,Limit - Maximum Data 1GB
  Antigua and Barbuda,7EEJESTOBEVP,Antigua and Barbuda 1GB - 5 Days,4.40  $,4.99  $,1,5,Yes,Limit - Maximum Data 1GB
  Antigua and Barbuda,SVJ3OS2PGZRY,Antigua and Barbuda 20GB - 10 Days,42.10  $,61.99  $,20,10,Yes,Limit - Maximum Data 20GB
  Antigua and Barbuda,MJPHL10LQRI4,Antigua and Barbuda 20GB - 15 Days,44.42  $,62.99  $,20,15,Yes,Limit - Maximum Data 20GB
  Antigua and Barbuda,YREBL5M10KED,Antigua and Barbuda 20GB - 30 Days,46.31  $,66.99  $,20,30,Yes,Limit - Maximum Data 20GB
  Antigua and Barbuda,GR4S6ZE72JO3,Antigua and Barbuda 20GB - 5 Days,37.89  $,60.99  $,20,5,Yes,Limit - Maximum Data 20GB
  Antigua and Barbuda,VFMKO3IXHRUQ,Antigua and Barbuda 3GB - 10 Days,10.95  $,14.99  $,3,10,Yes,Limit - Maximum Data 3GB
  Antigua and Barbuda,BUNPDUZSKLI9,Antigua and Barbuda 3GB - 15 Days,11.55  $,14.99  $,3,15,Yes,Limit - Maximum Data 3GB
  Antigua and Barbuda,XXQR2L7FDHB3,Antigua and Barbuda 3GB - 30 Days,12.05  $,17.99  $,3,30,Yes,Limit - Maximum Data 3GB
  Antigua and Barbuda,YXPVCOHUMC0X,Antigua and Barbuda 3GB - 5 Days,9.86  $,13.99  $,3,5,Yes,Limit - Maximum Data 3GB
  Antigua and Barbuda,MOUGLPLHP8S2,Antigua and Barbuda 5GB - 10 Days,16.25  $,24.99  $,5,10,Yes,Limit - Maximum Data 5GB
  Antigua and Barbuda,O3ZBJFEBVEYK,Antigua and Barbuda 5GB - 15 Days,17.14  $,24.99  $,5,15,Yes,Limit - Maximum Data 5GB
  Antigua and Barbuda,FYIPYMJKNWHZ,Antigua and Barbuda 5GB - 30 Days,17.88  $,27.99  $,5,30,Yes,Limit - Maximum Data 5GB
  Antigua and Barbuda,JPEOYTNR7DRH,Antigua and Barbuda 5GB - 5 Days,14.63  $,23.99  $,5,5,Yes,Limit - Maximum Data 5GB
  Argentina,GTI6ES58T1CU,Argentina 10GB - 10 Days,13.17  $,22.99  $,10,10,Yes,Limit - Maximum Data 10GB
  Argentina,EAWV6SF2R0LZ,Argentina 10GB - 15 Days,13.89  $,23.99  $,10,15,Yes,Limit - Maximum Data 10GB
  Argentina,SEPPZCUBOQSJ,Argentina 10GB - 30 Days,14.49  $,25.99  $,10,30,Yes,Limit - Maximum Data 10GB
  Argentina,RDXZARWSOZYO,Argentina 10GB - 5 Days,11.85  $,21.99  $,10,5,Yes,Limit - Maximum Data 10GB
  Argentina,P7DJBNC15FXW,Argentina 1GB - 10 Days,2.59  $,5.99  $,1,10,Yes,Limit - Maximum Data 1GB
  Argentina,WBCO8IEHXPZF,Argentina 1GB - 15 Days,2.73  $,6.99  $,1,15,Yes,Limit - Maximum Data 1GB
  Argentina,XRFIW5OUGJ0Z,Argentina 1GB - 30 Days,2.85  $,8.99  $,1,30,Yes,Limit - Maximum Data 1GB
  Argentina,AQTPFUEIFXCA,Argentina 1GB - 5 Days,2.33  $,4.99  $,1,5,Yes,Limit - Maximum Data 1GB
  Argentina,J2VNA4BBITLY,Argentina 20GB - 10 Days,23.97  $,41.99  $,20,10,Yes,Limit - Maximum Data 20GB
  Argentina,EQTSRWHJMIUK,Argentina 20GB - 15 Days,25.29  $,42.99  $,20,15,Yes,Limit - Maximum Data 20GB
  Argentina,WO7S0GF1RVPC,Argentina 20GB - 30 Days,26.37  $,46.99  $,20,30,Yes,Limit - Maximum Data 20GB
  Argentina,TLPJYIWRCPIH,Argentina 20GB - 5 Days,21.57  $,40.99  $,20,5,Yes,Limit - Maximum Data 20GB
  Argentina,W9HBTDSNHDLN,Argentina 3GB - 10 Days,5.24  $,9.99  $,3,10,Yes,Limit - Maximum Data 3GB
  Argentina,DKHAEQOOIOYT,Argentina 3GB - 15 Days,5.53  $,9.99  $,3,15,Yes,Limit - Maximum Data 3GB
  Argentina,Z2O3UC7WHKRK,Argentina 3GB - 30 Days,5.76  $,12.99  $,3,30,Yes,Limit - Maximum Data 3GB
  Argentina,JKJLWUXNX16C,Argentina 3GB - 5 Days,4.72  $,8.99  $,3,5,Yes,Limit - Maximum Data 3GB
  Argentina,C67U2JNYE4JQ,Argentina 5GB - 10 Days,8.18  $,12.99  $,5,10,Yes,Limit - Maximum Data 5GB
  Argentina,W3XAGTRK63BS,Argentina 5GB - 15 Days,8.63  $,13.99  $,5,15,Yes,Limit - Maximum Data 5GB
  Argentina,ZKXBFI85NSBC,Argentina 5GB - 30 Days,9.00  $,15.99  $,5,30,Yes,Limit - Maximum Data 5GB
  Argentina,FT1GVRUWHODN,Argentina 5GB - 5 Days,7.36  $,11.99  $,5,5,Yes,Limit - Maximum Data 5GB
  Argentina,EPCK286EOBDT,Argentina Unlimited MAX - 10 Days,28.99  $,44.99  $,Unlimited,10,Yes,"Daily - 5GB per Day, then 1Mbps"
  Argentina,KTHQZ3NFBMHD,Argentina Unlimited MAX - 15 Days,40.59  $,69.99  $,Unlimited,15,Yes,"Daily - 5GB per Day, then 1Mbps"
  Argentina,5S7UH1ZYAJBJ,Argentina Unlimited MAX - 30 Days,52.19  $,99.99  $,Unlimited,30,Yes,"Daily - 5GB per Day, then 1Mbps"
  Argentina,VJA4HO8UXPBX,Argentina Unlimited MAX - 5 Days,17.39  $,29.99  $,Unlimited,5,Yes,"Daily - 5GB per Day, then 1Mbps"
  Argentina,6LOWEOLWI4NU,Argentina Unlimited STANDARD - 10 Days,35.99  $,39.99  $,Unlimited,10,Yes,"Daily - 3GB per Day, then 1Mbps"
  Argentina,JT7VGL9VLU0X,Argentina Unlimited STANDARD - 15 Days,31.31  $,59.99  $,Unlimited,15,Yes,"Daily - 3GB per Day, then 1Mbps"
  Argentina,JTZGVIPC6THN,Argentina Unlimited STANDARD - 30 Days,46.97  $,89.99  $,Unlimited,30,Yes,"Daily - 3GB per Day, then 1Mbps"
  Argentina,HTKF36PRVARS,Argentina Unlimited STANDARD - 5 Days,13.04  $,24.99  $,Unlimited,5,Yes,"Daily - 3GB per Day, then 1Mbps"
  Armenia,176JLSQTRJNX,Armenia 10GB - 10 Days,10.39  $,13.99  $,10,10,Yes,Limit - Maximum Data 10GB
  Armenia,WTX4BMCURU1R,Armenia 10GB - 15 Days,10.96  $,14.99  $,10,15,Yes,Limit - Maximum Data 10GB
  Armenia,RXZ120RANXCL,Armenia 10GB - 30 Days,11.43  $,16.99  $,10,30,Yes,Limit - Maximum Data 10GB
  Armenia,4BMRWZ39GO5A,Armenia 10GB - 5 Days,9.35  $,12.99  $,10,5,Yes,Limit - Maximum Data 10GB
  Armenia,OMPAOMVV1KX4,Armenia 1GB - 10 Days,2.24  $,4.99  $,1,10,Yes,Limit - Maximum Data 1GB
  Armenia,XLT4FUT18WDT,Armenia 1GB - 15 Days,2.36  $,4.99  $,1,15,Yes,Limit - Maximum Data 1GB
  Armenia,792FKBAX6HT4,Armenia 1GB - 30 Days,2.46  $,7.99  $,1,30,Yes,Limit - Maximum Data 1GB
  Armenia,E1HKUCQPJG3V,Armenia 1GB - 5 Days,2.02  $,3.99  $,1,5,Yes,Limit - Maximum Data 1GB
  Armenia,TIF0MANU9QZU,Armenia 20GB - 10 Days,15.95  $,24.99  $,20,10,Yes,Limit - Maximum Data 20GB
  Armenia,UCFNVSEIJ4CY,Armenia 20GB - 15 Days,16.83  $,24.99  $,20,15,Yes,Limit - Maximum Data 20GB
  Armenia,U14M5DMI1TRE,Armenia 20GB - 30 Days,17.55  $,27.99  $,20,30,Yes,Limit - Maximum Data 20GB
  Armenia,4TARMGMQE4U7,Armenia 20GB - 5 Days,14.36  $,23.99  $,20,5,Yes,Limit - Maximum Data 20GB
  Armenia,UO3PHBWGZ72Y,Armenia 3GB - 10 Days,4.41  $,8.99  $,3,10,Yes,Limit - Maximum Data 3GB
  Armenia,WSYMF9O2DPCA,Armenia 3GB - 15 Days,4.65  $,9.99  $,3,15,Yes,Limit - Maximum Data 3GB
  Armenia,MI4YORQGJX52,Armenia 3GB - 30 Days,4.85  $,9.99  $,3,30,Yes,Limit - Maximum Data 3GB
  Armenia,BUS8WKR4CGVB,Armenia 3GB - 5 Days,3.97  $,7.99  $,3,5,Yes,Limit - Maximum Data 3GB
  Armenia,Q7TFVRY4HZRV,Armenia 5GB - 10 Days,6.37  $,6.99  $,5,10,Yes,Limit - Maximum Data 5GB
  Armenia,H6ALN2SUY1DZ,Armenia 5GB - 15 Days,6.72  $,7.99  $,5,15,Yes,Limit - Maximum Data 5GB
  Armenia,TCQFEDQ77PTH,Armenia 5GB - 30 Days,7.01  $,9.99  $,5,30,Yes,Limit - Maximum Data 5GB
  Armenia,OGPINSUXNLQW,Armenia 5GB - 5 Days,5.73  $,5.99  $,5,5,Yes,Limit - Maximum Data 5GB
  Armenia,QIP5U2PRV3MD,Armenia Unlimited LITE - 10 Days,21.97  $,24.99  $,Unlimited,10,Yes,"Daily - 2GB per Day, then 1Mbps"
  Armenia,BZYUYMVXMXW7,Armenia Unlimited LITE - 15 Days,36.08  $,36.99  $,Unlimited,15,Yes,"Daily - 2GB per Day, then 1Mbps"
  Armenia,JYWP409T2NG7,Armenia Unlimited LITE - 30 Days,44.09  $,48.99  $,Unlimited,30,Yes,"Daily - 2GB per Day, then 1Mbps"
  Armenia,0AGT5EH3GXT4,Armenia Unlimited LITE - 5 Days,11.12  $,16.99  $,Unlimited,5,Yes,"Daily - 2GB per Day, then 1Mbps"
  Armenia,NYRJ4KGXV1MV,Armenia Unlimited MAX - 10 Days,30.87  $,34.99  $,Unlimited,10,Yes,"Daily - 5GB per Day, then 1Mbps"
  Armenia,CMVWU9MY7HPN,Armenia Unlimited MAX - 15 Days,49.03  $,49.99  $,Unlimited,15,Yes,"Daily - 5GB per Day, then 1Mbps"
  Armenia,XTWEH6YIVFPV,Armenia Unlimited MAX - 30 Days,81.89  $,79.99  $,Unlimited,30,Yes,"Daily - 5GB per Day, then 1Mbps"
  Armenia,1RQLZLSP5YFA,Armenia Unlimited MAX - 5 Days,15.73  $,24.99  $,Unlimited,5,Yes,"Daily - 5GB per Day, then 1Mbps"
  Armenia,YUHCKW1MKRG9,Armenia Unlimited STANDARD - 10 Days,22.44  $,29.99  $,Unlimited,10,Yes,"Daily - 3GB per Day, then 1Mbps"
  Armenia,E3AIMCAG4D1V,Armenia Unlimited STANDARD - 15 Days,33.29  $,39.99  $,Unlimited,15,Yes,"Daily - 3GB per Day, then 1Mbps"
  Armenia,KBTTECPH6JW4,Armenia Unlimited STANDARD - 30 Days,44.09  $,49.99  $,Unlimited,30,Yes,"Daily - 3GB per Day, then 1Mbps"
  Armenia,IBSNYXXAKBFE,Armenia Unlimited STANDARD - 5 Days,12.04  $,17.99  $,Unlimited,5,Yes,"Daily - 3GB per Day, then 1Mbps"
  Aruba,BCIFZ2HH9AT3,Aruba 10GB - 10 Days,60.92  $,41.99  $,10,10,Yes,Limit - Maximum Data 10GB
  Aruba,WENIPGZLCPWY,Aruba 10GB - 15 Days,64.27  $,42.99  $,10,15,Yes,Limit - Maximum Data 10GB
  Aruba,QXULTU7RVFWW,Aruba 10GB - 30 Days,67.01  $,46.99  $,10,30,Yes,Limit - Maximum Data 10GB
  Aruba,TSHBSAL5MWHQ,Aruba 10GB - 5 Days,54.83  $,40.99  $,10,5,Yes,Limit - Maximum Data 10GB
  Aruba,CSBMAF6PJR4X,Aruba 1GB - 10 Days,10.04  $,5.99  $,1,10,Yes,Limit - Maximum Data 1GB
  Aruba,YXB3XYHJEQUT,Aruba 1GB - 15 Days,10.59  $,6.99  $,1,15,Yes,Limit - Maximum Data 1GB
  Aruba,UVTSJ6WLR4AL,Aruba 1GB - 30 Days,11.04  $,8.99  $,1,30,Yes,Limit - Maximum Data 1GB
  Aruba,SQBE3ZZA3PIK,Aruba 1GB - 5 Days,9.04  $,4.99  $,1,5,Yes,Limit - Maximum Data 1GB
  Aruba,ECVBGBNZRWHG,Aruba 20GB - 10 Days,92.17  $,61.99  $,20,10,Yes,Limit - Maximum Data 20GB
  Aruba,DB0IOTTXABHK,Aruba 20GB - 15 Days,97.24  $,62.99  $,20,15,Yes,Limit - Maximum Data 20GB
  Aruba,27QD4SEGHBNL,Aruba 20GB - 30 Days,101.39  $,66.99  $,20,30,Yes,Limit - Maximum Data 20GB
  Aruba,M1TPCSMFFU4P,Aruba 20GB - 5 Days,82.95  $,60.99  $,20,5,Yes,Limit - Maximum Data 20GB
  Aruba,WPPNB4YUWKE2,Aruba 3GB - 10 Days,23.48  $,14.99  $,3,10,Yes,Limit - Maximum Data 3GB
  Aruba,NYIBMCUP9N1Y,Aruba 3GB - 15 Days,24.77  $,14.99  $,3,15,Yes,Limit - Maximum Data 3GB
  Aruba,1AS8QCYWGV2L,Aruba 3GB - 30 Days,25.83  $,17.99  $,3,30,Yes,Limit - Maximum Data 3GB
  Aruba,RLBIHJSWC3DC,Aruba 3GB - 5 Days,21.13  $,13.99  $,3,5,Yes,Limit - Maximum Data 3GB
  Aruba,RQORTKMCYPKX,Aruba 5GB - 10 Days,35.18  $,24.99  $,5,10,Yes,Limit - Maximum Data 5GB
  Aruba,MQLJSV9X6TX4,Aruba 5GB - 15 Days,37.11  $,24.99  $,5,15,Yes,Limit - Maximum Data 5GB
  Aruba,9DQTPRU3AQWB,Aruba 5GB - 30 Days,38.70  $,27.99  $,5,30,Yes,Limit - Maximum Data 5GB
  Aruba,T7THBTOPULPN,Aruba 5GB - 5 Days,31.66  $,23.99  $,5,5,Yes,Limit - Maximum Data 5GB
  Australia,RL1RU6PUKFOO,Australia 10GB - 10 Days,11.51  $,13.99  $,10,10,Yes,Limit - Maximum Data 10GB
  Australia,FTGCAXMKAQ4A,Australia 10GB - 15 Days,12.14  $,14.99  $,10,15,Yes,Limit - Maximum Data 10GB
  Australia,7R4LVKVDLNX4,Australia 10GB - 30 Days,12.66  $,16.99  $,10,30,Yes,Limit - Maximum Data 10GB
  Australia,CSWTQJCGHJUT,Australia 10GB - 5 Days,10.36  $,12.99  $,10,5,Yes,Limit - Maximum Data 10GB
  Australia,EPIQJJOB9KXD,Australia 1GB - 10 Days,2.50  $,4.99  $,1,10,Yes,Limit - Maximum Data 1GB
  Australia,RFLHHO1YHB7Q,Australia 1GB - 15 Days,2.63  $,4.99  $,1,15,Yes,Limit - Maximum Data 1GB
  Australia,2YZGSDKJEJNH,Australia 1GB - 30 Days,2.74  $,7.99  $,1,30,Yes,Limit - Maximum Data 1GB
  Australia,5Q6430ZM4BKI,Australia 1GB - 5 Days,2.25  $,3.99  $,1,5,Yes,Limit - Maximum Data 1GB
  Australia,XJI5CJ3F23BT,Australia 20GB - 10 Days,19.60  $,24.99  $,20,10,Yes,Limit - Maximum Data 20GB
  Australia,QZFTIVMHCIA2,Australia 20GB - 15 Days,20.68  $,24.99  $,20,15,Yes,Limit - Maximum Data 20GB
  Australia,F1NGP7TYBX0O,Australia 20GB - 30 Days,21.56  $,27.99  $,20,30,Yes,Limit - Maximum Data 20GB
  Australia,BD4WQJRZJWKQ,Australia 20GB - 5 Days,17.64  $,23.99  $,20,5,Yes,Limit - Maximum Data 20GB
  Australia,LZ7YHFZGIBBJ,Australia 3GB - 10 Days,3.87  $,5.99  $,3,10,Yes,Limit - Maximum Data 3GB
  Australia,P0KCX5JCX8MF,Australia 3GB - 15 Days,4.08  $,6.99  $,3,15,Yes,Limit - Maximum Data 3GB
  Australia,JSGPUUNROOYH,Australia 3GB - 30 Days,4.26  $,8.99  $,3,30,Yes,Limit - Maximum Data 3GB
  Australia,2BOQWY6LSGAS,Australia 3GB - 5 Days,3.48  $,4.99  $,3,5,Yes,Limit - Maximum Data 3GB
  Australia,TPI7AYAMQ6UZ,Australia 5GB - 10 Days,6.29  $,6.99  $,5,10,Yes,Limit - Maximum Data 5GB
  Australia,A0DXRDK2NELM,Australia 5GB - 15 Days,6.64  $,7.99  $,5,15,Yes,Limit - Maximum Data 5GB
  Australia,F9I5SUBP8L2H,Australia 5GB - 30 Days,6.92  $,9.99  $,5,30,Yes,Limit - Maximum Data 5GB
  Australia,PCGTGV988XFH,Australia 5GB - 5 Days,5.66  $,5.99  $,5,5,Yes,Limit - Maximum Data 5GB
  Austria,JYBZAV4LNDZL,Austria 10GB - 10 Days,6.50  $,9.99  $,10,10,Yes,Limit - Maximum Data 10GB
  Austria,RZ8BNLXRYFS5,Austria 10GB - 15 Days,6.85  $,9.99  $,10,15,Yes,Limit - Maximum Data 10GB
  Austria,TYVLIRSXTGDC,Austria 10GB - 30 Days,7.14  $,12.99  $,10,30,Yes,Limit - Maximum Data 10GB
  Austria,SQXOJNZJC61C,Austria 10GB - 5 Days,5.85  $,8.99  $,10,5,Yes,Limit - Maximum Data 10GB
  Austria,NMREVRFEKHT9,Austria 1GB - 10 Days,2.00  $,3.99  $,1,10,Yes,Limit - Maximum Data 1GB
  Austria,UHMLBG0YDWMF,Austria 1GB - 15 Days,2.11  $,4.99  $,1,15,Yes,Limit - Maximum Data 1GB
  Austria,QILEN76WFBQM,Austria 1GB - 30 Days,2.20  $,6.99  $,1,30,Yes,Limit - Maximum Data 1GB
  Austria,6VNJ4EHSFBVR,Austria 1GB - 5 Days,1.80  $,2.99  $,1,5,Yes,Limit - Maximum Data 1GB
  Austria,YS02NIHOVGBI,Austria 20GB - 10 Days,9.50  $,18.99  $,20,10,Yes,Limit - Maximum Data 20GB
  Austria,M3EDXP0ADQYO,Austria 20GB - 15 Days,10.02  $,19.99  $,20,15,Yes,Limit - Maximum Data 20GB
  Austria,TPNWSFJMVF1K,Austria 20GB - 30 Days,10.44  $,21.99  $,20,30,Yes,Limit - Maximum Data 20GB
  Austria,6TK4AFUCH13S,Austria 20GB - 5 Days,8.55  $,17.99  $,20,5,Yes,Limit - Maximum Data 20GB
  Austria,HYEP786QXGDA,Austria 3GB - 10 Days,3.00  $,7.99  $,3,10,Yes,Limit - Maximum Data 3GB
  Austria,VB4IR1EAQHM6,Austria 3GB - 15 Days,3.16  $,8.99  $,3,15,Yes,Limit - Maximum Data 3GB
  Austria,YUD81U9DUNCG,Austria 3GB - 30 Days,3.29  $,9.99  $,3,30,Yes,Limit - Maximum Data 3GB
  Austria,HP53EHYLF4DE,Austria 3GB - 5 Days,2.70  $,7.99  $,3,5,Yes,Limit - Maximum Data 3GB
  Austria,X3ZOFTGRMCT4,Austria 5GB - 10 Days,4.00  $,5.99  $,5,10,Yes,Limit - Maximum Data 5GB
  Austria,ZDL3XTKPSUQZ,Austria 5GB - 15 Days,4.21  $,6.99  $,5,15,Yes,Limit - Maximum Data 5GB
  Austria,AAQUORPONLIT,Austria 5GB - 30 Days,4.39  $,8.99  $,5,30,Yes,Limit - Maximum Data 5GB
  Austria,5Y3T6HXSNTCZ,Austria 5GB - 5 Days,3.60  $,4.99  $,5,5,Yes,Limit - Maximum Data 5GB
  Austria,DRAT4ZF8OG5W,Austria Unlimited LITE - 10 Days,14.49  $,24.99  $,Unlimited,10,Yes,"Daily - 2GB per Day, then 1Mbps"
  Austria,MGK8PXJRA32E,Austria Unlimited LITE - 15 Days,22.52  $,32.99  $,Unlimited,15,Yes,"Daily - 2GB per Day, then 1Mbps"
  Austria,Z6I3NKUAEF8M,Austria Unlimited LITE - 30 Days,38.53  $,40.99  $,Unlimited,30,Yes,"Daily - 2GB per Day, then 1Mbps"
  Austria,JRC85XQVIG2D,Austria Unlimited LITE - 5 Days,9.85  $,16.99  $,Unlimited,5,Yes,"Daily - 2GB per Day, then 1Mbps"
  Austria,DT2UOLCXHB9Y,Austria Unlimited MAX - 10 Days,22.44  $,29.99  $,Unlimited,10,Yes,"Daily - 5GB per Day, then 1Mbps"
  Austria,SCIZOLHOW6ID,Austria Unlimited MAX - 15 Days,47.69  $,49.99  $,Unlimited,15,Yes,"Daily - 5GB per Day, then 1Mbps"
  Austria,WLXUGONWOP1V,Austria Unlimited MAX - 30 Days,58.49  $,59.99  $,Unlimited,30,Yes,"Daily - 5GB per Day, then 1Mbps"
  Austria,LRLNTNI8OZNA,Austria Unlimited MAX - 5 Days,12.52  $,24.99  $,Unlimited,5,Yes,"Daily - 5GB per Day, then 1Mbps"
  Austria,FJQTCPKP1I4D,Austria Unlimited STANDARD - 10 Days,14.49  $,24.99  $,Unlimited,10,Yes,"Daily - 3GB per Day, then 1Mbps"
  Austria,TM3BRV1FYID9,Austria Unlimited STANDARD - 15 Days,20.87  $,39.99  $,Unlimited,15,Yes,"Daily - 3GB per Day, then 1Mbps"
  Austria,JALMEX7LVCCA,Austria Unlimited STANDARD - 30 Days,36.89  $,49.99  $,Unlimited,30,Yes,"Daily - 3GB per Day, then 1Mbps"
  Austria,MWFUF6SLHTEE,Austria Unlimited STANDARD - 5 Days,9.85  $,14.99  $,Unlimited,5,Yes,"Daily - 3GB per Day, then 1Mbps"
  Azerbaijan,E0GAG3EU68HV,Azerbaijan 10GB - 10 Days,17.85  $,22.99  $,10,10,Yes,Limit - Maximum Data 10GB
  Azerbaijan,BPEC9GWJ4TVU,Azerbaijan 10GB - 15 Days,18.83  $,23.99  $,10,15,Yes,Limit - Maximum Data 10GB
  Azerbaijan,I4RASWBANNJ7,Azerbaijan 10GB - 30 Days,19.64  $,25.99  $,10,30,Yes,Limit - Maximum Data 10GB
  Azerbaijan,ABEVSGVR0DIY,Azerbaijan 10GB - 5 Days,16.07  $,21.99  $,10,5,Yes,Limit - Maximum Data 10GB
  Azerbaijan,YGVWRN6CFTEF,Azerbaijan 1GB - 10 Days,3.37  $,5.99  $,1,10,Yes,Limit - Maximum Data 1GB
  Azerbaijan,1MLTSVOSZPCO,Azerbaijan 1GB - 15 Days,3.56  $,6.99  $,1,15,Yes,Limit - Maximum Data 1GB
  Azerbaijan,PY0NMS8RDMYG,Azerbaijan 1GB - 30 Days,3.71  $,8.99  $,1,30,Yes,Limit - Maximum Data 1GB
  Azerbaijan,LRP4JBKMUF7T,Azerbaijan 1GB - 5 Days,3.03  $,4.99  $,1,5,Yes,Limit - Maximum Data 1GB
  Azerbaijan,FJDMG15IFR9Y,Azerbaijan 20GB - 10 Days,31.50  $,41.99  $,20,10,Yes,Limit - Maximum Data 20GB
  Azerbaijan,JPHGB0KXUX1B,Azerbaijan 20GB - 15 Days,33.23  $,42.99  $,20,15,Yes,Limit - Maximum Data 20GB
  Azerbaijan,MWXM3ATP0B4E,Azerbaijan 20GB - 30 Days,34.64  $,46.99  $,20,30,Yes,Limit - Maximum Data 20GB
  Azerbaijan,OKDZ9PATMS0W,Azerbaijan 20GB - 5 Days,28.35  $,40.99  $,20,5,Yes,Limit - Maximum Data 20GB
  Azerbaijan,HTKLWLE6BGKR,Azerbaijan 3GB - 10 Days,7.08  $,9.99  $,3,10,Yes,Limit - Maximum Data 3GB
  Azerbaijan,JH5UWYPNZ6GD,Azerbaijan 3GB - 15 Days,7.47  $,9.99  $,3,15,Yes,Limit - Maximum Data 3GB
  Azerbaijan,6TF84AGLI7DF,Azerbaijan 3GB - 30 Days,7.79  $,12.99  $,3,30,Yes,Limit - Maximum Data 3GB
  Azerbaijan,HO0MXZ8V15G7,Azerbaijan 3GB - 5 Days,6.37  $,8.99  $,3,5,Yes,Limit - Maximum Data 3GB
  Azerbaijan,886DUCKW372X,Azerbaijan 5GB - 10 Days,10.39  $,12.99  $,5,10,Yes,Limit - Maximum Data 5GB
  Azerbaijan,1V6W6G49YERF,Azerbaijan 5GB - 15 Days,10.96  $,13.99  $,5,15,Yes,Limit - Maximum Data 5GB
  Azerbaijan,38RQ3AS7IJMK,Azerbaijan 5GB - 30 Days,11.43  $,15.99  $,5,30,Yes,Limit - Maximum Data 5GB
  Azerbaijan,YMSIIHW0X6IE,Azerbaijan 5GB - 5 Days,9.35  $,11.99  $,5,5,Yes,Limit - Maximum Data 5GB
  Azerbaijan,WZQFW0TGJKQX,Azerbaijan Unlimited LITE - 10 Days,36.71  $,55.99  $,Unlimited,10,Yes,"Daily - 2GB per Day, then 1Mbps"
  Azerbaijan,DWYCVTVG06CP,Azerbaijan Unlimited LITE - 15 Days,60.51  $,88.99  $,Unlimited,15,Yes,"Daily - 2GB per Day, then 1Mbps"
  Azerbaijan,Y0URRT5BYGTY,Azerbaijan Unlimited LITE - 30 Days,106.28  $,128.99  $,Unlimited,30,Yes,"Daily - 2GB per Day, then 1Mbps"
  Azerbaijan,CHQFWXD7AD2B,Azerbaijan Unlimited LITE - 5 Days,18.40  $,28.99  $,Unlimited,5,Yes,"Daily - 2GB per Day, then 1Mbps"
  Azerbaijan,S4YKAXGHRH6L,Azerbaijan Unlimited MAX - 10 Days,51.71  $,54.99  $,Unlimited,10,Yes,"Daily - 5GB per Day, then 1Mbps"
  Azerbaijan,ROSUE0GFG5OL,Azerbaijan Unlimited MAX - 15 Days,82.37  $,99.99  $,Unlimited,15,Yes,"Daily - 5GB per Day, then 1Mbps"
  Azerbaijan,OOQXCQBJLDBM,Azerbaijan Unlimited MAX - 30 Days,146.24  $,139.99  $,Unlimited,30,Yes,"Daily - 5GB per Day, then 1Mbps"
  Azerbaijan,H9DBQ3PS4BUS,Azerbaijan Unlimited MAX - 5 Days,26.17  $,29.99  $,Unlimited,5,Yes,"Daily - 5GB per Day, then 1Mbps"
  Azerbaijan,AGYEBGHRWKF7,Azerbaijan Unlimited STANDARD - 10 Days,37.49  $,49.99  $,Unlimited,10,Yes,"Daily - 3GB per Day, then 1Mbps"
  Azerbaijan,AM6PJNJE3I3V,Azerbaijan Unlimited STANDARD - 15 Days,61.04  $,89.99  $,Unlimited,15,Yes,"Daily - 3GB per Day, then 1Mbps"
  Azerbaijan,UMQ942OZPQH7,Azerbaijan Unlimited STANDARD - 30 Days,116.11  $,129.99  $,Unlimited,30,Yes,"Daily - 3GB per Day, then 1Mbps"
  Azerbaijan,BOADFKRTKWHZ,Azerbaijan Unlimited STANDARD - 5 Days,19.95  $,24.99  $,Unlimited,5,Yes,"Daily - 3GB per Day, then 1Mbps"
  Bahamas,4Q3ZNNXDZOUR,Bahamas 10GB - 10 Days,27.93  $,41.99  $,10,10,Yes,Limit - Maximum Data 10GB
  Bahamas,XNRYTDEOW9K6,Bahamas 10GB - 15 Days,29.47  $,42.99  $,10,15,Yes,Limit - Maximum Data 10GB
  Bahamas,6N7TTIQC5VKY,Bahamas 10GB - 30 Days,30.72  $,46.99  $,10,30,Yes,Limit - Maximum Data 10GB
  Bahamas,UM9DLT2HRUNN,Bahamas 10GB - 5 Days,25.14  $,40.99  $,10,5,Yes,Limit - Maximum Data 10GB
  Bahamas,IUY51HEP6ZAD,Bahamas 1GB - 10 Days,4.89  $,5.99  $,1,10,Yes,Limit - Maximum Data 1GB
  Bahamas,TT8PKZWO6GHL,Bahamas 1GB - 15 Days,5.16  $,6.99  $,1,15,Yes,Limit - Maximum Data 1GB
  Bahamas,5KGNQQJFXUMO,Bahamas 1GB - 30 Days,5.38  $,8.99  $,1,30,Yes,Limit - Maximum Data 1GB
  Bahamas,JQUWKFUKXXMI,Bahamas 1GB - 5 Days,4.40  $,4.99  $,1,5,Yes,Limit - Maximum Data 1GB
  Bahamas,2HGSXOALD42T,Bahamas 20GB - 10 Days,42.10  $,61.99  $,20,10,Yes,Limit - Maximum Data 20GB
  Bahamas,KXA6HY50QF2W,Bahamas 20GB - 15 Days,44.42  $,62.99  $,20,15,Yes,Limit - Maximum Data 20GB
  Bahamas,KTC2U0DYPC6V,Bahamas 20GB - 30 Days,46.31  $,66.99  $,20,30,Yes,Limit - Maximum Data 20GB
  Bahamas,RXKQTMUWQTHQ,Bahamas 20GB - 5 Days,37.89  $,60.99  $,20,5,Yes,Limit - Maximum Data 20GB
  Bahamas,O2JBQNHLR2YG,Bahamas 3GB - 10 Days,10.95  $,14.99  $,3,10,Yes,Limit - Maximum Data 3GB
  Bahamas,IZ73HO08PMUL,Bahamas 3GB - 15 Days,11.55  $,14.99  $,3,15,Yes,Limit - Maximum Data 3GB
  Bahamas,IVIBF2D9ZHTF,Bahamas 3GB - 30 Days,12.05  $,17.99  $,3,30,Yes,Limit - Maximum Data 3GB
  Bahamas,BNEYHULJYIUP,Bahamas 3GB - 5 Days,9.86  $,13.99  $,3,5,Yes,Limit - Maximum Data 3GB
  Bahamas,KGLUCE5MNCOX,Bahamas 5GB - 10 Days,16.25  $,24.99  $,5,10,Yes,Limit - Maximum Data 5GB
  Bahamas,CSALFKLLH3CR,Bahamas 5GB - 15 Days,17.14  $,24.99  $,5,15,Yes,Limit - Maximum Data 5GB
  Bahamas,PVTAV5TZ2W6O,Bahamas 5GB - 30 Days,17.88  $,27.99  $,5,30,Yes,Limit - Maximum Data 5GB
  Bahamas,B6N2QOWUM8SQ,Bahamas 5GB - 5 Days,14.63  $,23.99  $,5,5,Yes,Limit - Maximum Data 5GB
  Bahrain,YZ78GNMCJRVF,Bahrain 10GB - 10 Days,26.01  $,15.99  $,10,10,Yes,Limit - Maximum Data 10GB
  Bahrain,EJAZEG3NHRWS,Bahrain 10GB - 15 Days,27.44  $,16.99  $,10,15,Yes,Limit - Maximum Data 10GB
  Bahrain,ZYLZVVICBOHX,Bahrain 10GB - 30 Days,28.61  $,18.99  $,10,30,Yes,Limit - Maximum Data 10GB
  Bahrain,MZ1UDFZKAGWL,Bahrain 10GB - 5 Days,23.41  $,14.99  $,10,5,Yes,Limit - Maximum Data 10GB
  Bahrain,IJJYX85GK1JR,Bahrain 1GB - 10 Days,4.59  $,4.99  $,1,10,Yes,Limit - Maximum Data 1GB
  Bahrain,G6E1YMCT3SOQ,Bahrain 1GB - 15 Days,4.84  $,4.99  $,1,15,Yes,Limit - Maximum Data 1GB
  Bahrain,8ELXIMDINA0J,Bahrain 1GB - 30 Days,5.05  $,7.99  $,1,30,Yes,Limit - Maximum Data 1GB
  Bahrain,WELFMLIKBBIE,Bahrain 1GB - 5 Days,4.13  $,3.99  $,1,5,Yes,Limit - Maximum Data 1GB
  Bahrain,R6MVUDMLPFEJ,Bahrain 20GB - 10 Days,39.20  $,25.99  $,20,10,Yes,Limit - Maximum Data 20GB
  Bahrain,JMJPZKLMR1YJ,Bahrain 20GB - 15 Days,41.36  $,26.99  $,20,15,Yes,Limit - Maximum Data 20GB
  Bahrain,AN5LOISDJBXW,Bahrain 20GB - 30 Days,43.12  $,28.99  $,20,30,Yes,Limit - Maximum Data 20GB
  Bahrain,F9BYNPGW28AR,Bahrain 20GB - 5 Days,35.28  $,24.99  $,20,5,Yes,Limit - Maximum Data 20GB
  Bahrain,HXAUAS1CVXUK,Bahrain 3GB - 10 Days,10.23  $,14.99  $,3,10,Yes,Limit - Maximum Data 3GB
  Bahrain,IA9J6KHV5QH4,Bahrain 3GB - 15 Days,10.79  $,14.99  $,3,15,Yes,Limit - Maximum Data 3GB
  Bahrain,HF0YODKPC7YZ,Bahrain 3GB - 30 Days,11.25  $,17.99  $,3,30,Yes,Limit - Maximum Data 3GB
  Bahrain,RGFDK6DJPACB,Bahrain 3GB - 5 Days,9.21  $,13.99  $,3,5,Yes,Limit - Maximum Data 3GB
  Bahrain,G18JECZL7BWK,Bahrain 5GB - 10 Days,15.15  $,8.99  $,5,10,Yes,Limit - Maximum Data 5GB
  Bahrain,MFYU2L28RW0E,Bahrain 5GB - 15 Days,15.98  $,9.99  $,5,15,Yes,Limit - Maximum Data 5GB
  Bahrain,AMLGPI1IRBOC,Bahrain 5GB - 30 Days,16.67  $,11.99  $,5,30,Yes,Limit - Maximum Data 5GB
  Bahrain,UWBRFYUGDNKD,Bahrain 5GB - 5 Days,13.64  $,7.99  $,5,5,Yes,Limit - Maximum Data 5GB
  Bangladesh,XCKJMZTGUOEW,Bangladesh 10GB - 10 Days,17.50  $,13.99  $,10,10,Yes,Limit - Maximum Data 10GB
  Bangladesh,MXWFNEXJG1MJ,Bangladesh 10GB - 15 Days,18.46  $,14.99  $,10,15,Yes,Limit - Maximum Data 10GB
  Bangladesh,HIWP2THLZTPV,Bangladesh 10GB - 30 Days,19.24  $,16.99  $,10,30,Yes,Limit - Maximum Data 10GB
  Bangladesh,VVHUPWCUUMU5,Bangladesh 10GB - 5 Days,15.75  $,12.99  $,10,5,Yes,Limit - Maximum Data 10GB
  Bangladesh,FYDJIN7ZUEBN,Bangladesh 1GB - 10 Days,3.09  $,4.99  $,1,10,Yes,Limit - Maximum Data 1GB
  Bangladesh,7U4ACSO9RWER,Bangladesh 1GB - 15 Days,3.26  $,4.99  $,1,15,Yes,Limit - Maximum Data 1GB
  Bangladesh,TDJHWUX9EIIT,Bangladesh 1GB - 30 Days,3.40  $,7.99  $,1,30,Yes,Limit - Maximum Data 1GB
  Bangladesh,MIPAZOLBVCBX,Bangladesh 1GB - 5 Days,2.78  $,3.99  $,1,5,Yes,Limit - Maximum Data 1GB
  Bangladesh,1ASPXBSL5KWT,Bangladesh 20GB - 10 Days,31.50  $,24.99  $,20,10,Yes,Limit - Maximum Data 20GB
  Bangladesh,VOTGA0B7F5K1,Bangladesh 20GB - 15 Days,33.23  $,24.99  $,20,15,Yes,Limit - Maximum Data 20GB
  Bangladesh,OMVURSIYPLU5,Bangladesh 20GB - 30 Days,34.64  $,27.99  $,20,30,Yes,Limit - Maximum Data 20GB
  Bangladesh,4LVX6EI9ACHP,Bangladesh 20GB - 5 Days,28.35  $,23.99  $,20,5,Yes,Limit - Maximum Data 20GB
  Bangladesh,ZJWBT7COOEEJ,Bangladesh 3GB - 10 Days,6.59  $,5.99  $,3,10,Yes,Limit - Maximum Data 3GB
  Bangladesh,0Y9JF2DMVG9M,Bangladesh 3GB - 15 Days,6.95  $,6.99  $,3,15,Yes,Limit - Maximum Data 3GB
  Bangladesh,CSGTDW8V9OUR,Bangladesh 3GB - 30 Days,7.25  $,8.99  $,3,30,Yes,Limit - Maximum Data 3GB
  Bangladesh,8MPXW2NNKUVP,Bangladesh 3GB - 5 Days,5.93  $,4.99  $,3,5,Yes,Limit - Maximum Data 3GB
  Bangladesh,DF7E52JFIB9B,Bangladesh 5GB - 10 Days,9.66  $,6.99  $,5,10,Yes,Limit - Maximum Data 5GB
  Bangladesh,NEQV7U7FLIDC,Bangladesh 5GB - 15 Days,10.19  $,7.99  $,5,15,Yes,Limit - Maximum Data 5GB
  Bangladesh,CHTK4E3JYLCP,Bangladesh 5GB - 30 Days,10.63  $,9.99  $,5,30,Yes,Limit - Maximum Data 5GB
  Bangladesh,TPSYCODXMETO,Bangladesh 5GB - 5 Days,8.69  $,5.99  $,5,5,Yes,Limit - Maximum Data 5GB
  Barbados,0XYSLGET6URF,Barbados 10GB - 10 Days,28.86  $,41.99  $,10,10,Yes,Limit - Maximum Data 10GB
  Barbados,SOZWQQJIL5N7,Barbados 10GB - 15 Days,30.45  $,42.99  $,10,15,Yes,Limit - Maximum Data 10GB
  Barbados,PJ2P007KGIU6,Barbados 10GB - 30 Days,31.75  $,46.99  $,10,30,Yes,Limit - Maximum Data 10GB
  Barbados,LXUYBLPDDQI4,Barbados 10GB - 5 Days,25.97  $,40.99  $,10,5,Yes,Limit - Maximum Data 10GB
  Barbados,EWEDRVHNWXUT,Barbados 1GB - 10 Days,4.98  $,5.99  $,1,10,Yes,Limit - Maximum Data 1GB
  Barbados,N0BFLZV0Z5JM,Barbados 1GB - 15 Days,5.25  $,6.99  $,1,15,Yes,Limit - Maximum Data 1GB
  Barbados,QC9YBUV0FHQ6,Barbados 1GB - 30 Days,5.48  $,8.99  $,1,30,Yes,Limit - Maximum Data 1GB
  Barbados,HAX87CWKE4HO,Barbados 1GB - 5 Days,4.48  $,4.99  $,1,5,Yes,Limit - Maximum Data 1GB
  Barbados,ZTYNMR0HSI9B,Barbados 20GB - 10 Days,43.81  $,61.99  $,20,10,Yes,Limit - Maximum Data 20GB
  Barbados,JTVB5PLFBKZA,Barbados 20GB - 15 Days,46.22  $,62.99  $,20,15,Yes,Limit - Maximum Data 20GB
  Barbados,Q2FP7SN6JQU3,Barbados 20GB - 30 Days,48.19  $,66.99  $,20,30,Yes,Limit - Maximum Data 20GB
  Barbados,3OJX5UBRE6ZV,Barbados 20GB - 5 Days,39.43  $,60.99  $,20,5,Yes,Limit - Maximum Data 20GB
  Barbados,AXSIAK5L0F1P,Barbados 3GB - 10 Days,11.40  $,14.99  $,3,10,Yes,Limit - Maximum Data 3GB
  Barbados,3QH1U34A6CPU,Barbados 3GB - 15 Days,12.03  $,14.99  $,3,15,Yes,Limit - Maximum Data 3GB
  Barbados,KTD0WCJUBFJQ,Barbados 3GB - 30 Days,12.54  $,17.99  $,3,30,Yes,Limit - Maximum Data 3GB
  Barbados,QWEDYVLAXNAZ,Barbados 3GB - 5 Days,10.26  $,13.99  $,3,5,Yes,Limit - Maximum Data 3GB
  Barbados,ASG1R96XPCVX,Barbados 5GB - 10 Days,16.82  $,24.99  $,5,10,Yes,Limit - Maximum Data 5GB
  Barbados,NUMDCKO5Z79S,Barbados 5GB - 15 Days,17.75  $,24.99  $,5,15,Yes,Limit - Maximum Data 5GB
  Barbados,QUZZVLFGI8O2,Barbados 5GB - 30 Days,18.50  $,27.99  $,5,30,Yes,Limit - Maximum Data 5GB
  Barbados,WO056AECISK9,Barbados 5GB - 5 Days,15.14  $,23.99  $,5,5,Yes,Limit - Maximum Data 5GB
  Belgium,MJTNIUTGVIZM,Belgium 10GB - 10 Days,6.00  $,9.99  $,10,10,Yes,Limit - Maximum Data 10GB
  Belgium,B6LMOQSHXRJZ,Belgium 10GB - 15 Days,6.32  $,9.99  $,10,15,Yes,Limit - Maximum Data 10GB
  Belgium,RA1P6FEA9YVL,Belgium 10GB - 30 Days,6.59  $,12.99  $,10,30,Yes,Limit - Maximum Data 10GB
  Belgium,LUOOU25IWS01,Belgium 10GB - 5 Days,5.40  $,8.99  $,10,5,Yes,Limit - Maximum Data 10GB
  Belgium,J6TMZ0CKQ4OP,Belgium 1GB - 10 Days,2.00  $,3.99  $,1,10,Yes,Limit - Maximum Data 1GB
  Belgium,HEIXX48KURRP,Belgium 1GB - 15 Days,2.11  $,4.99  $,1,15,Yes,Limit - Maximum Data 1GB
  Belgium,1HX0U3CZOGRE,Belgium 1GB - 30 Days,2.20  $,6.99  $,1,30,Yes,Limit - Maximum Data 1GB
  Belgium,RCWUVXNWJTGY,Belgium 1GB - 5 Days,1.80  $,2.99  $,1,5,Yes,Limit - Maximum Data 1GB
  Belgium,PPKIFMD3BX3J,Belgium 20GB - 10 Days,9.96  $,18.99  $,20,10,Yes,Limit - Maximum Data 20GB
  Belgium,SRTWG4VH4O2Q,Belgium 20GB - 15 Days,10.51  $,19.99  $,20,15,Yes,Limit - Maximum Data 20GB
  Belgium,SFI7IM2QCOU2,Belgium 20GB - 30 Days,10.96  $,21.99  $,20,30,Yes,Limit - Maximum Data 20GB
  Belgium,UU6AZXEKTD5P,Belgium 20GB - 5 Days,8.96  $,17.99  $,20,5,Yes,Limit - Maximum Data 20GB
  Belgium,KNJV2TJMDZWK,Belgium 3GB - 10 Days,3.00  $,7.99  $,3,10,Yes,Limit - Maximum Data 3GB
  Belgium,MWJFEPLY2T9V,Belgium 3GB - 15 Days,3.16  $,8.99  $,3,15,Yes,Limit - Maximum Data 3GB
  Belgium,IQ3ZPJYTW6A3,Belgium 3GB - 30 Days,3.29  $,9.99  $,3,30,Yes,Limit - Maximum Data 3GB
  Belgium,GKXKNSFJA7JY,Belgium 3GB - 5 Days,2.70  $,7.99  $,3,5,Yes,Limit - Maximum Data 3GB
  Belgium,LZEG8EYL780B,Belgium 5GB - 10 Days,4.00  $,5.99  $,5,10,Yes,Limit - Maximum Data 5GB
  Belgium,OQECE3Q5QUAU,Belgium 5GB - 15 Days,4.21  $,6.99  $,5,15,Yes,Limit - Maximum Data 5GB
  Belgium,NVFJLTWQ368N,Belgium 5GB - 30 Days,4.39  $,8.99  $,5,30,Yes,Limit - Maximum Data 5GB
  Belgium,ERSZ1JQ9YZUW,Belgium 5GB - 5 Days,3.60  $,4.99  $,5,5,Yes,Limit - Maximum Data 5GB
  Belgium,LNY6KRFZKZAO,Belgium Unlimited LITE - 10 Days,16.09  $,24.99  $,Unlimited,10,Yes,"Daily - 2GB per Day, then 1Mbps"
  Belgium,HL4OPH6JLZUA,Belgium Unlimited LITE - 15 Days,21.51  $,32.99  $,Unlimited,15,Yes,"Daily - 2GB per Day, then 1Mbps"
  Belgium,1SHUQWEAMTCJ,Belgium Unlimited LITE - 30 Days,29.40  $,40.99  $,Unlimited,30,Yes,"Daily - 2GB per Day, then 1Mbps"
  Belgium,NGOTE4EEH8NB,Belgium Unlimited LITE - 5 Days,9.85  $,16.99  $,Unlimited,5,Yes,"Daily - 2GB per Day, then 1Mbps"
  Belgium,VH9WDOV0PR9O,Belgium Unlimited MAX - 10 Days,30.75  $,34.99  $,Unlimited,10,Yes,"Daily - 5GB per Day, then 1Mbps"
  Belgium,SEGENIEYY3BK,Belgium Unlimited MAX - 15 Days,25.57  $,54.99  $,Unlimited,15,Yes,"Daily - 5GB per Day, then 1Mbps"
  Belgium,NES5C4OI0672,Belgium Unlimited MAX - 30 Days,41.27  $,69.99  $,Unlimited,30,Yes,"Daily - 5GB per Day, then 1Mbps"
  Belgium,N9JCEXKF4LW2,Belgium Unlimited MAX - 5 Days,13.04  $,24.99  $,Unlimited,5,Yes,"Daily - 5GB per Day, then 1Mbps"
  Belgium,TMW4MLQ338PI,Belgium Unlimited STANDARD - 10 Days,15.65  $,24.99  $,Unlimited,10,Yes,"Daily - 3GB per Day, then 1Mbps"
  Belgium,EEL4XSGHR9VF,Belgium Unlimited STANDARD - 15 Days,24.98  $,39.99  $,Unlimited,15,Yes,"Daily - 3GB per Day, then 1Mbps"
  Belgium,VBTGYRXSGXTQ,Belgium Unlimited STANDARD - 30 Days,36.89  $,49.99  $,Unlimited,30,Yes,"Daily - 3GB per Day, then 1Mbps"
  Belgium,LS0POGSY9ZKK,Belgium Unlimited STANDARD - 5 Days,9.85  $,14.99  $,Unlimited,5,Yes,"Daily - 3GB per Day, then 1Mbps"
  Belize,G6ZH8EBUDKPP,Belize 1GB - 10 Days,17.99  $,10.99  $,1,10,Yes,Limit - Maximum Data 1GB
  Belize,J8M2CGVMJ2CF,Belize 1GB - 15 Days,18.98  $,11.99  $,1,15,Yes,Limit - Maximum Data 1GB
  Belize,RKCJH6Y7VG00,Belize 1GB - 30 Days,19.79  $,13.99  $,1,30,Yes,Limit - Maximum Data 1GB
  Belize,QNBUN5MCWYHS,Belize 1GB - 5 Days,16.19  $,9.99  $,1,5,Yes,Limit - Maximum Data 1GB
  Belize,DZ60UTMGTL5U,Belize 3GB - 10 Days,44.65  $,29.99  $,3,10,Yes,Limit - Maximum Data 3GB
  Belize,XW9QDOAYK5YJ,Belize 3GB - 15 Days,47.11  $,29.99  $,3,15,Yes,Limit - Maximum Data 3GB
  Belize,DARU8JSJKVOT,Belize 3GB - 30 Days,49.12  $,32.99  $,3,30,Yes,Limit - Maximum Data 3GB
  Belize,DP3GJYKHMZNP,Belize 3GB - 5 Days,40.19  $,28.99  $,3,5,Yes,Limit - Maximum Data 3GB
  Belize,LCFPBPXFE7XF,Belize 5GB - 10 Days,67.18  $,49.99  $,5,10,Yes,Limit - Maximum Data 5GB
  Belize,X6PLGYHZ5JTC,Belize 5GB - 15 Days,70.87  $,49.99  $,5,15,Yes,Limit - Maximum Data 5GB
  Belize,KD99RN8KBASM,Belize 5GB - 30 Days,73.90  $,54.99  $,5,30,Yes,Limit - Maximum Data 5GB
  Belize,KMI0MBJEPPJT,Belize 5GB - 5 Days,60.46  $,48.99  $,5,5,Yes,Limit - Maximum Data 5GB
  Benin,RGKQXHEC24UR,Benin 1GB - 10 Days,35.99  $,9.99  $,1,10,Yes,Limit - Maximum Data 1GB
  Benin,HDOPSC5VZZFC,Benin 1GB - 15 Days,37.97  $,9.99  $,1,15,Yes,Limit - Maximum Data 1GB
  Benin,SL2IHN1VEQJ0,Benin 1GB - 30 Days,39.59  $,12.99  $,1,30,Yes,Limit - Maximum Data 1GB
  Benin,LVDJAX4TUY8E,Benin 1GB - 5 Days,32.39  $,8.99  $,1,5,Yes,Limit - Maximum Data 1GB
  Benin,QWRAV2LTNHBX,Benin 3GB - 10 Days,97.45  $,19.99  $,3,10,Yes,Limit - Maximum Data 3GB
  Benin,MQXRE0D5TJGS,Benin 3GB - 15 Days,102.81  $,19.99  $,3,15,Yes,Limit - Maximum Data 3GB
  Benin,NLSMUBDIRHTA,Benin 3GB - 30 Days,107.20  $,22.99  $,3,30,Yes,Limit - Maximum Data 3GB
  Benin,FVMRTTWBSPBF,Benin 3GB - 5 Days,87.71  $,18.99  $,3,5,Yes,Limit - Maximum Data 3GB
  Benin,WVWXNTODZZKY,Benin 5GB - 10 Days,146.96  $,33.99  $,5,10,Yes,Limit - Maximum Data 5GB
  Benin,GI9KUYDW29PL,Benin 5GB - 15 Days,155.04  $,34.99  $,5,15,Yes,Limit - Maximum Data 5GB
  Benin,PWRDLTROG5SN,Benin 5GB - 30 Days,161.66  $,36.99  $,5,30,Yes,Limit - Maximum Data 5GB
  Benin,FYHOWC4RSDOU,Benin 5GB - 5 Days,132.26  $,32.99  $,5,5,Yes,Limit - Maximum Data 5GB
  Bermuda,7KVGMZ1I9MCN,Bermuda 10GB - 10 Days,52.37  $,41.99  $,10,10,Yes,Limit - Maximum Data 10GB
  Bermuda,TKDMK3R6EFJB,Bermuda 10GB - 15 Days,55.25  $,42.99  $,10,15,Yes,Limit - Maximum Data 10GB
  Bermuda,CU9PYZ3IZAPR,Bermuda 10GB - 30 Days,57.61  $,46.99  $,10,30,Yes,Limit - Maximum Data 10GB
  Bermuda,P4EUV19ACOEO,Bermuda 10GB - 5 Days,47.13  $,40.99  $,10,5,Yes,Limit - Maximum Data 10GB
  Bermuda,X2XAWM8PEHMY,Bermuda 1GB - 10 Days,8.71  $,5.99  $,1,10,Yes,Limit - Maximum Data 1GB
  Bermuda,UXTU7E0M4OIQ,Bermuda 1GB - 15 Days,9.19  $,6.99  $,1,15,Yes,Limit - Maximum Data 1GB
  Bermuda,MCMCXKJNBWGA,Bermuda 1GB - 30 Days,9.58  $,8.99  $,1,30,Yes,Limit - Maximum Data 1GB
  Bermuda,2DLTZ9CQ04XP,Bermuda 1GB - 5 Days,7.84  $,4.99  $,1,5,Yes,Limit - Maximum Data 1GB
  Bermuda,MRNJYBBH3SNK,Bermuda 3GB - 10 Days,20.23  $,14.99  $,3,10,Yes,Limit - Maximum Data 3GB
  Bermuda,X7AZTMZG56UV,Bermuda 3GB - 15 Days,21.34  $,14.99  $,3,15,Yes,Limit - Maximum Data 3GB
  Bermuda,R5HSK2LL83EE,Bermuda 3GB - 30 Days,22.25  $,17.99  $,3,30,Yes,Limit - Maximum Data 3GB
  Bermuda,1BDNVUORYJV8,Bermuda 3GB - 5 Days,18.21  $,13.99  $,3,5,Yes,Limit - Maximum Data 3GB
  Bermuda,3NCHLBRIMJWH,Bermuda 5GB - 10 Days,30.27  $,24.99  $,5,10,Yes,Limit - Maximum Data 5GB
  Bermuda,LPHJ4YNJZIMU,Bermuda 5GB - 15 Days,31.93  $,24.99  $,5,15,Yes,Limit - Maximum Data 5GB
  Bermuda,B23VMCZZYUQD,Bermuda 5GB - 30 Days,33.30  $,27.99  $,5,30,Yes,Limit - Maximum Data 5GB
  Bermuda,IX0IDQB8T7QY,Bermuda 5GB - 5 Days,27.24  $,23.99  $,5,5,Yes,Limit - Maximum Data 5GB
  Bhutan,RKRYYFDO27M6,Bhutan 10GB - 10 Days,79.62  $,79.99  $,10,10,Yes,Limit - Maximum Data 10GB
  Bhutan,HBQZACQLVJY1,Bhutan 10GB - 15 Days,84.00  $,79.99  $,10,15,Yes,Limit - Maximum Data 10GB
  Bhutan,BHFJ70FAJSZJ,Bhutan 10GB - 30 Days,87.58  $,84.99  $,10,30,Yes,Limit - Maximum Data 10GB
  Bhutan,51VCJDJBMNVQ,Bhutan 10GB - 5 Days,71.66  $,78.99  $,10,5,Yes,Limit - Maximum Data 10GB
  Bhutan,4XJOHFNYRPWQ,Bhutan 1GB - 10 Days,12.97  $,10.99  $,1,10,Yes,Limit - Maximum Data 1GB
  Bhutan,KJ0PKDWYFY4H,Bhutan 1GB - 15 Days,13.68  $,11.99  $,1,15,Yes,Limit - Maximum Data 1GB
  Bhutan,EAGRSO9OPT3U,Bhutan 1GB - 30 Days,14.27  $,13.99  $,1,30,Yes,Limit - Maximum Data 1GB
  Bhutan,EVYUQXJMM9X5,Bhutan 1GB - 5 Days,11.67  $,9.99  $,1,5,Yes,Limit - Maximum Data 1GB
  Bhutan,6PKZDUK02KVR,Bhutan 3GB - 10 Days,30.58  $,29.99  $,3,10,Yes,Limit - Maximum Data 3GB
  Bhutan,PJMBTWNZVIKD,Bhutan 3GB - 15 Days,32.26  $,29.99  $,3,15,Yes,Limit - Maximum Data 3GB
  Bhutan,FJXD9RZWIN9N,Bhutan 3GB - 30 Days,33.64  $,32.99  $,3,30,Yes,Limit - Maximum Data 3GB
  Bhutan,1JPOPSNHS7RR,Bhutan 3GB - 5 Days,27.52  $,28.99  $,3,5,Yes,Limit - Maximum Data 3GB
  Bhutan,DAW2K1LSCPXW,Bhutan 5GB - 10 Days,45.91  $,49.99  $,5,10,Yes,Limit - Maximum Data 5GB
  Bhutan,XZVMPE14AK2F,Bhutan 5GB - 15 Days,48.44  $,49.99  $,5,15,Yes,Limit - Maximum Data 5GB
  Bhutan,SSYV4NK9BHAD,Bhutan 5GB - 30 Days,50.50  $,54.99  $,5,30,Yes,Limit - Maximum Data 5GB
  Bhutan,2JHKQAHV3GOT,Bhutan 5GB - 5 Days,41.32  $,48.99  $,5,5,Yes,Limit - Maximum Data 5GB
  Bolivia,CYBIOVTDFO5P,Bolivia 10GB - 10 Days,14.00  $,22.99  $,10,10,Yes,Limit - Maximum Data 10GB
  Bolivia,FUATJPMT2AOT,Bolivia 10GB - 15 Days,14.76  $,23.99  $,10,15,Yes,Limit - Maximum Data 10GB
  Bolivia,V8ABUQAYWZHQ,Bolivia 10GB - 30 Days,15.39  $,25.99  $,10,30,Yes,Limit - Maximum Data 10GB
  Bolivia,HIA4AJCKTPFT,Bolivia 10GB - 5 Days,12.60  $,21.99  $,10,5,Yes,Limit - Maximum Data 10GB
  Bolivia,CL7WFSWNHHGW,Bolivia 1GB - 10 Days,3.00  $,5.99  $,1,10,Yes,Limit - Maximum Data 1GB
  Bolivia,DTFVN41FJNZB,Bolivia 1GB - 15 Days,3.16  $,6.99  $,1,15,Yes,Limit - Maximum Data 1GB
  Bolivia,CHXG9C1WQMEO,Bolivia 1GB - 30 Days,3.29  $,8.99  $,1,30,Yes,Limit - Maximum Data 1GB
  Bolivia,CHWDHRDAR8RM,Bolivia 1GB - 5 Days,2.70  $,4.99  $,1,5,Yes,Limit - Maximum Data 1GB
  Bolivia,IG9RZQKFK8D6,Bolivia 20GB - 10 Days,24.50  $,41.99  $,20,10,Yes,Limit - Maximum Data 20GB
  Bolivia,UZQMD3FTIYA4,Bolivia 20GB - 15 Days,25.84  $,42.99  $,20,15,Yes,Limit - Maximum Data 20GB
  Bolivia,1D3EINP2MTWK,Bolivia 20GB - 30 Days,26.94  $,46.99  $,20,30,Yes,Limit - Maximum Data 20GB
  Bolivia,EMNF4OIBTGVS,Bolivia 20GB - 5 Days,22.05  $,40.99  $,20,5,Yes,Limit - Maximum Data 20GB
  Bolivia,LLR9KR4DINYH,Bolivia 3GB - 10 Days,5.50  $,9.99  $,3,10,Yes,Limit - Maximum Data 3GB
  Bolivia,ZFNCKL9IMWBO,Bolivia 3GB - 15 Days,5.80  $,9.99  $,3,15,Yes,Limit - Maximum Data 3GB
  Bolivia,LCNCRAGJ74V6,Bolivia 3GB - 30 Days,6.04  $,12.99  $,3,30,Yes,Limit - Maximum Data 3GB
  Bolivia,L8V10GMDU6ZB,Bolivia 3GB - 5 Days,4.95  $,8.99  $,3,5,Yes,Limit - Maximum Data 3GB
  Bolivia,J5Y5HRS7IYVX,Bolivia 5GB - 10 Days,8.00  $,12.99  $,5,10,Yes,Limit - Maximum Data 5GB
  Bolivia,NRAZTVK0BZBI,Bolivia 5GB - 15 Days,8.43  $,13.99  $,5,15,Yes,Limit - Maximum Data 5GB
  Bolivia,SPVDGZCQARPY,Bolivia 5GB - 30 Days,8.79  $,15.99  $,5,30,Yes,Limit - Maximum Data 5GB
  Bolivia,AXTMRVCSOHJE,Bolivia 5GB - 5 Days,7.20  $,11.99  $,5,5,Yes,Limit - Maximum Data 5GB
  Bolivia,YDGVSEGFWQIA,Bolivia Unlimited MAX - 10 Days,34.40  $,44.99  $,Unlimited,10,Yes,"Daily - 5GB per Day, then 1Mbps"
  Bolivia,LZHSMC8HQUOF,Bolivia Unlimited MAX - 15 Days,54.69  $,69.99  $,Unlimited,15,Yes,"Daily - 5GB per Day, then 1Mbps"
  Bolivia,S2CZ5LAI4GEL,Bolivia Unlimited MAX - 30 Days,96.96  $,109.99  $,Unlimited,30,Yes,"Daily - 5GB per Day, then 1Mbps"
  Bolivia,OAHY8K1M7DH0,Bolivia Unlimited MAX - 5 Days,17.50  $,24.99  $,Unlimited,5,Yes,"Daily - 5GB per Day, then 1Mbps"
  Bolivia,9YYKZNBGTDSC,Bolivia Unlimited STANDARD - 10 Days,26.09  $,39.99  $,Unlimited,10,Yes,"Daily - 3GB per Day, then 1Mbps"
  Bolivia,O0P86WTUQDJJ,Bolivia Unlimited STANDARD - 15 Days,40.57  $,59.99  $,Unlimited,15,Yes,"Daily - 3GB per Day, then 1Mbps"
  Bolivia,Z9A5KYGSXRSE,Bolivia Unlimited STANDARD - 30 Days,77.01  $,99.99  $,Unlimited,30,Yes,"Daily - 3GB per Day, then 1Mbps"
  Bolivia,5OUUBHFQWHWZ,Bolivia Unlimited STANDARD - 5 Days,13.38  $,19.99  $,Unlimited,5,Yes,"Daily - 3GB per Day, then 1Mbps"
  Bonaire,Z2HHPVC9BMRT,Bonaire 10GB - 10 Days,27.93  $,41.99  $,10,10,Yes,Limit - Maximum Data 10GB
  Bonaire,E3VC2LINKQCH,Bonaire 10GB - 15 Days,29.47  $,42.99  $,10,15,Yes,Limit - Maximum Data 10GB
  Bonaire,R4CRCP152TWC,Bonaire 10GB - 30 Days,30.72  $,46.99  $,10,30,Yes,Limit - Maximum Data 10GB
  Bonaire,4EQCYXWH3ZV5,Bonaire 10GB - 5 Days,25.14  $,40.99  $,10,5,Yes,Limit - Maximum Data 10GB
  Bonaire,TR9BPQZ02SQE,Bonaire 1GB - 10 Days,4.89  $,5.99  $,1,10,Yes,Limit - Maximum Data 1GB
  Bonaire,0Q5BIEFAA0N5,Bonaire 1GB - 15 Days,5.16  $,6.99  $,1,15,Yes,Limit - Maximum Data 1GB
  Bonaire,NU5K0WJBS6KR,Bonaire 1GB - 30 Days,5.38  $,8.99  $,1,30,Yes,Limit - Maximum Data 1GB
  Bonaire,IEPEIHQ4KJ6L,Bonaire 1GB - 5 Days,4.40  $,4.99  $,1,5,Yes,Limit - Maximum Data 1GB
  Bonaire,79WML3FPVDCS,Bonaire 3GB - 10 Days,10.95  $,14.99  $,3,10,Yes,Limit - Maximum Data 3GB
  Bonaire,P3UHCX7YA5OF,Bonaire 3GB - 15 Days,11.55  $,14.99  $,3,15,Yes,Limit - Maximum Data 3GB
  Bonaire,QIE4YTVWAEZ7,Bonaire 3GB - 30 Days,12.05  $,17.99  $,3,30,Yes,Limit - Maximum Data 3GB
  Bonaire,Y8M1BZUQCEO5,Bonaire 3GB - 5 Days,9.86  $,13.99  $,3,5,Yes,Limit - Maximum Data 3GB
  Bonaire,C81O3EPNBFQG,Bonaire 5GB - 10 Days,16.25  $,24.99  $,5,10,Yes,Limit - Maximum Data 5GB
  Bonaire,WCBATEFVMUNP,Bonaire 5GB - 15 Days,17.14  $,24.99  $,5,15,Yes,Limit - Maximum Data 5GB
  Bonaire,YAU2RKFXOQHZ,Bonaire 5GB - 30 Days,17.88  $,27.99  $,5,30,Yes,Limit - Maximum Data 5GB
  Bonaire,L1YG0OPCAJM8,Bonaire 5GB - 5 Days,14.63  $,23.99  $,5,5,Yes,Limit - Maximum Data 5GB
  Bosnia,2UAPIOR0LQ3S,Bosnia 10GB - 10 Days,25.69  $,15.99  $,10,10,Yes,Limit - Maximum Data 10GB
  Bosnia,GS0JDDWL3SOB,Bosnia 10GB - 15 Days,27.10  $,16.99  $,10,15,Yes,Limit - Maximum Data 10GB
  Bosnia,NA6ZZT5AWM0Q,Bosnia 10GB - 30 Days,28.26  $,18.99  $,10,30,Yes,Limit - Maximum Data 10GB
  Bosnia,PS7GQUESRWVP,Bosnia 10GB - 5 Days,23.12  $,14.99  $,10,5,Yes,Limit - Maximum Data 10GB
  Bosnia,9A7PFGVUXAFS,Bosnia 1GB - 10 Days,4.54  $,4.99  $,1,10,Yes,Limit - Maximum Data 1GB
  Bosnia,I6NXQBPIRHHL,Bosnia 1GB - 15 Days,4.79  $,4.99  $,1,15,Yes,Limit - Maximum Data 1GB
  Bosnia,RW1QGKSX07U0,Bosnia 1GB - 30 Days,4.99  $,7.99  $,1,30,Yes,Limit - Maximum Data 1GB
  Bosnia,EMZQXEHUMPXC,Bosnia 1GB - 5 Days,4.09  $,3.99  $,1,5,Yes,Limit - Maximum Data 1GB
  Bosnia,PDYPZ0IWIU8C,Bosnia 20GB - 10 Days,38.71  $,25.99  $,20,10,Yes,Limit - Maximum Data 20GB
  Bosnia,RWVMIQU8JBJY,Bosnia 20GB - 15 Days,40.84  $,26.99  $,20,15,Yes,Limit - Maximum Data 20GB
  Bosnia,NVFUNQWP71KS,Bosnia 20GB - 30 Days,42.58  $,28.99  $,20,30,Yes,Limit - Maximum Data 20GB
  Bosnia,4DSLEC9ETFSM,Bosnia 20GB - 5 Days,34.84  $,24.99  $,20,5,Yes,Limit - Maximum Data 20GB
  Bosnia,0SHHKRMR4DKE,Bosnia 3GB - 10 Days,9.59  $,14.99  $,3,10,Yes,Limit - Maximum Data 3GB
  Bosnia,ADTM36SD7LQQ,Bosnia 3GB - 15 Days,10.12  $,15.99  $,3,15,Yes,Limit - Maximum Data 3GB
  Bosnia,GIWO6LCW2RJF,Bosnia 3GB - 30 Days,10.55  $,16.99  $,3,30,Yes,Limit - Maximum Data 3GB
  Bosnia,PKC3R8X3ZG6L,Bosnia 3GB - 5 Days,8.63  $,13.99  $,3,5,Yes,Limit - Maximum Data 3GB
  Bosnia,6EGR855XRVL7,Bosnia 5GB - 10 Days,14.97  $,8.99  $,5,10,Yes,Limit - Maximum Data 5GB
  Bosnia,KZQDEAONAPCT,Bosnia 5GB - 15 Days,15.79  $,9.99  $,5,15,Yes,Limit - Maximum Data 5GB
  Bosnia,KZVHYAQCNO5W,Bosnia 5GB - 30 Days,16.47  $,11.99  $,5,30,Yes,Limit - Maximum Data 5GB
  Bosnia,S3GMZ95VJ67Z,Bosnia 5GB - 5 Days,13.47  $,7.99  $,5,5,Yes,Limit - Maximum Data 5GB
  Botswana,NRTRCIADLLPG,Botswana 10GB - 10 Days,38.39  $,41.99  $,10,10,Yes,Limit - Maximum Data 10GB
  Botswana,XLTRBNAQPQ1O,Botswana 10GB - 15 Days,40.50  $,42.99  $,10,15,Yes,Limit - Maximum Data 10GB
  Botswana,JHV3Y8PCAVMY,Botswana 10GB - 30 Days,42.23  $,46.99  $,10,30,Yes,Limit - Maximum Data 10GB
  Botswana,2RPUMRLICEUY,Botswana 10GB - 5 Days,34.55  $,40.99  $,10,5,Yes,Limit - Maximum Data 10GB
  Botswana,TSWI9Z4QBJIH,Botswana 1GB - 10 Days,6.77  $,5.99  $,1,10,Yes,Limit - Maximum Data 1GB
  Botswana,SQN6TSZ8BB7X,Botswana 1GB - 15 Days,7.14  $,6.99  $,1,15,Yes,Limit - Maximum Data 1GB
  Botswana,HR8KHBPTTJ39,Botswana 1GB - 30 Days,7.45  $,8.99  $,1,30,Yes,Limit - Maximum Data 1GB
  Botswana,2VVNMBOWMRSN,Botswana 1GB - 5 Days,6.09  $,4.99  $,1,5,Yes,Limit - Maximum Data 1GB
  Botswana,OBUXYNQZWIQ4,Botswana 20GB - 10 Days,55.99  $,61.99  $,20,10,Yes,Limit - Maximum Data 20GB
  Botswana,MAARDPMNLMZO,Botswana 20GB - 15 Days,59.07  $,62.99  $,20,15,Yes,Limit - Maximum Data 20GB
  Botswana,6NGNJ7VSUKNC,Botswana 20GB - 30 Days,61.59  $,66.99  $,20,30,Yes,Limit - Maximum Data 20GB
  Botswana,CKKKOODSLYR8,Botswana 20GB - 5 Days,50.39  $,60.99  $,20,5,Yes,Limit - Maximum Data 20GB
  Botswana,EWSUMAKD5P1F,Botswana 3GB - 10 Days,15.53  $,14.99  $,3,10,Yes,Limit - Maximum Data 3GB
  Botswana,6RTEAOEHAPZ2,Botswana 3GB - 15 Days,16.38  $,14.99  $,3,15,Yes,Limit - Maximum Data 3GB
  Botswana,OXLDEEWKFIJX,Botswana 3GB - 30 Days,17.08  $,17.99  $,3,30,Yes,Limit - Maximum Data 3GB
  Botswana,THYLX2DBDVM5,Botswana 3GB - 5 Days,13.98  $,13.99  $,3,5,Yes,Limit - Maximum Data 3GB
  Botswana,ZBV1JD4W0YU4,Botswana 5GB - 10 Days,23.17  $,24.99  $,5,10,Yes,Limit - Maximum Data 5GB
  Botswana,IRTY8MKLD5RG,Botswana 5GB - 15 Days,24.44  $,24.99  $,5,15,Yes,Limit - Maximum Data 5GB
  Botswana,K4UMW80LEXT5,Botswana 5GB - 30 Days,25.49  $,27.99  $,5,30,Yes,Limit - Maximum Data 5GB
  Botswana,AFZH7NVIZGFW,Botswana 5GB - 5 Days,20.85  $,23.99  $,5,5,Yes,Limit - Maximum Data 5GB
  Brazil,TPU10QQSAKPN,Brazil 10GB - 10 Days,14.88  $,22.99  $,10,10,Yes,Limit - Maximum Data 10GB
  Brazil,AVBFZIML79KD,Brazil 10GB - 15 Days,15.70  $,23.99  $,10,15,Yes,Limit - Maximum Data 10GB
  Brazil,DRCY1V3M2SKG,Brazil 10GB - 30 Days,16.37  $,25.99  $,10,30,Yes,Limit - Maximum Data 10GB
  Brazil,XJPS9RZXR86U,Brazil 10GB - 5 Days,13.39  $,21.99  $,10,5,Yes,Limit - Maximum Data 10GB
  Brazil,Q0L9FRKXNM17,Brazil 1GB - 10 Days,2.75  $,5.99  $,1,10,Yes,Limit - Maximum Data 1GB
  Brazil,PFPKKV8I7BEB,Brazil 1GB - 15 Days,2.90  $,6.99  $,1,15,Yes,Limit - Maximum Data 1GB
  Brazil,DF6YWCLD0DFN,Brazil 1GB - 30 Days,3.03  $,8.99  $,1,30,Yes,Limit - Maximum Data 1GB
  Brazil,PNQJO1JVOSGP,Brazil 1GB - 5 Days,2.48  $,4.99  $,1,5,Yes,Limit - Maximum Data 1GB
  Brazil,KRRZJOJVDMVW,Brazil 20GB - 10 Days,24.32  $,41.99  $,20,10,Yes,Limit - Maximum Data 20GB
  Brazil,JS8OGXOYWR9C,Brazil 20GB - 15 Days,25.66  $,42.99  $,20,15,Yes,Limit - Maximum Data 20GB
  Brazil,8XWDSTAHQH3R,Brazil 20GB - 30 Days,26.75  $,46.99  $,20,30,Yes,Limit - Maximum Data 20GB
  Brazil,IGS0NX9KEDFW,Brazil 20GB - 5 Days,21.89  $,40.99  $,20,5,Yes,Limit - Maximum Data 20GB
  Brazil,5GSNXZ4USGLH,Brazil 3GB - 10 Days,5.62  $,9.99  $,3,10,Yes,Limit - Maximum Data 3GB
  Brazil,DETJKZWQXPGH,Brazil 3GB - 15 Days,5.93  $,9.99  $,3,15,Yes,Limit - Maximum Data 3GB
  Brazil,N1DNWSTYE6RC,Brazil 3GB - 30 Days,6.18  $,12.99  $,3,30,Yes,Limit - Maximum Data 3GB
  Brazil,UA7SA5WAXMJV,Brazil 3GB - 5 Days,5.06  $,8.99  $,3,5,Yes,Limit - Maximum Data 3GB
  Brazil,G5JRJLHGCTMZ,Brazil 5GB - 10 Days,8.71  $,12.99  $,5,10,Yes,Limit - Maximum Data 5GB
  Brazil,DFSCUR4QOOB6,Brazil 5GB - 15 Days,9.19  $,13.99  $,5,15,Yes,Limit - Maximum Data 5GB
  Brazil,JBA2B7USMQD4,Brazil 5GB - 30 Days,9.58  $,15.99  $,5,30,Yes,Limit - Maximum Data 5GB
  Brazil,TGVAH6KBD1JN,Brazil 5GB - 5 Days,7.84  $,11.99  $,5,5,Yes,Limit - Maximum Data 5GB
  British Virgin Islands,XDRJ0CUBGDGT,British Virgin Islands 10GB - 10 Days,27.93  $,41.99  $,10,10,Yes,Limit - Maximum Data 10GB
  British Virgin Islands,CST9EFAKIKFW,British Virgin Islands 10GB - 15 Days,29.47  $,42.99  $,10,15,Yes,Limit - Maximum Data 10GB
  British Virgin Islands,9O38VCKJVBEH,British Virgin Islands 10GB - 30 Days,30.72  $,46.99  $,10,30,Yes,Limit - Maximum Data 10GB
  British Virgin Islands,PI3EW5KQMMNF,British Virgin Islands 10GB - 5 Days,25.14  $,40.99  $,10,5,Yes,Limit - Maximum Data 10GB
  British Virgin Islands,GSAHSXHTELY9,British Virgin Islands 1GB - 10 Days,4.89  $,5.99  $,1,10,Yes,Limit - Maximum Data 1GB
  British Virgin Islands,MFQYQUUO2JAW,British Virgin Islands 1GB - 15 Days,5.16  $,6.99  $,1,15,Yes,Limit - Maximum Data 1GB
  British Virgin Islands,WYEBWFHORNHY,British Virgin Islands 1GB - 30 Days,5.38  $,8.99  $,1,30,Yes,Limit - Maximum Data 1GB
  British Virgin Islands,8UNF6DGT0LJX,British Virgin Islands 1GB - 5 Days,4.40  $,4.99  $,1,5,Yes,Limit - Maximum Data 1GB
  British Virgin Islands,YOVNJXPB1QJ9,British Virgin Islands 20GB - 10 Days,42.10  $,61.99  $,20,10,Yes,Limit - Maximum Data 20GB
  British Virgin Islands,WUEAYRGIGZ8O,British Virgin Islands 20GB - 15 Days,44.42  $,62.99  $,20,15,Yes,Limit - Maximum Data 20GB
  British Virgin Islands,IHSBCVZV8RUF,British Virgin Islands 20GB - 30 Days,46.31  $,66.99  $,20,30,Yes,Limit - Maximum Data 20GB
  British Virgin Islands,YG5BH8IQP59W,British Virgin Islands 20GB - 5 Days,37.89  $,60.99  $,20,5,Yes,Limit - Maximum Data 20GB
  British Virgin Islands,QKI1AVTMRKU5,British Virgin Islands 3GB - 10 Days,10.95  $,14.99  $,3,10,Yes,Limit - Maximum Data 3GB
  British Virgin Islands,A25W9PUTSVSC,British Virgin Islands 3GB - 15 Days,11.55  $,14.99  $,3,15,Yes,Limit - Maximum Data 3GB
  British Virgin Islands,XY9DZM2TUVSA,British Virgin Islands 3GB - 30 Days,12.05  $,17.99  $,3,30,Yes,Limit - Maximum Data 3GB
  British Virgin Islands,7HMO5VMRUUVF,British Virgin Islands 3GB - 5 Days,9.86  $,13.99  $,3,5,Yes,Limit - Maximum Data 3GB
  British Virgin Islands,LO9ZEPGIXNHN,British Virgin Islands 5GB - 10 Days,16.25  $,24.99  $,5,10,Yes,Limit - Maximum Data 5GB
  British Virgin Islands,MHNKSVO7UCN1,British Virgin Islands 5GB - 15 Days,17.14  $,24.99  $,5,15,Yes,Limit - Maximum Data 5GB
  British Virgin Islands,6HGAVJ27MIYB,British Virgin Islands 5GB - 30 Days,17.88  $,27.99  $,5,30,Yes,Limit - Maximum Data 5GB
  British Virgin Islands,WHDASFNKU7CY,British Virgin Islands 5GB - 5 Days,14.63  $,23.99  $,5,5,Yes,Limit - Maximum Data 5GB
  Brunei,JSAB1UANGF0C,Brunei 10GB - 10 Days,16.44  $,34.99  $,10,10,Yes,Limit - Maximum Data 10GB
  Brunei,WG4PB03RLAT5,Brunei 10GB - 15 Days,17.34  $,34.99  $,10,15,Yes,Limit - Maximum Data 10GB
  Brunei,ZUVQD08ETPWF,Brunei 10GB - 30 Days,18.08  $,37.99  $,10,30,Yes,Limit - Maximum Data 10GB
  Brunei,NSJB7N4XURUJ,Brunei 10GB - 5 Days,14.80  $,33.99  $,10,5,Yes,Limit - Maximum Data 10GB
  Brunei,KAVJ0QXDNR3H,Brunei 1GB - 10 Days,3.09  $,5.99  $,1,10,Yes,Limit - Maximum Data 1GB
  Brunei,L7VLQ1OTBLND,Brunei 1GB - 15 Days,3.26  $,6.99  $,1,15,Yes,Limit - Maximum Data 1GB
  Brunei,BRVR7ME7CRDW,Brunei 1GB - 30 Days,3.40  $,8.99  $,1,30,Yes,Limit - Maximum Data 1GB
  Brunei,RPW0V5NGPOEI,Brunei 1GB - 5 Days,2.78  $,4.99  $,1,5,Yes,Limit - Maximum Data 1GB
  Brunei,KVDRGBDGTDC4,Brunei 20GB - 10 Days,25.50  $,53.99  $,20,10,Yes,Limit - Maximum Data 20GB
  Brunei,T0B49OPTYP2N,Brunei 20GB - 15 Days,26.90  $,54.99  $,20,15,Yes,Limit - Maximum Data 20GB
  Brunei,IEVZ08OTCEHR,Brunei 20GB - 30 Days,28.04  $,58.99  $,20,30,Yes,Limit - Maximum Data 20GB
  Brunei,YD1VJHRHRMKA,Brunei 20GB - 5 Days,22.95  $,52.99  $,20,5,Yes,Limit - Maximum Data 20GB
  Brunei,3OC7SIBIUTHG,Brunei 3GB - 10 Days,6.59  $,13.99  $,3,10,Yes,Limit - Maximum Data 3GB
  Brunei,JY27IZ0FHKS5,Brunei 3GB - 15 Days,6.95  $,14.99  $,3,15,Yes,Limit - Maximum Data 3GB
  Brunei,AUJH9KENVMUO,Brunei 3GB - 30 Days,7.25  $,16.99  $,3,30,Yes,Limit - Maximum Data 3GB
  Brunei,PASKSUMMQ21P,Brunei 3GB - 5 Days,5.93  $,12.99  $,3,5,Yes,Limit - Maximum Data 3GB
  Brunei,FGTWGSK1DC2T,Brunei 5GB - 10 Days,9.66  $,19.99  $,5,10,Yes,Limit - Maximum Data 5GB
  Brunei,NXJRKAF0VWBO,Brunei 5GB - 15 Days,10.19  $,19.99  $,5,15,Yes,Limit - Maximum Data 5GB
  Brunei,MVPF5CYHYZTB,Brunei 5GB - 30 Days,10.63  $,22.99  $,5,30,Yes,Limit - Maximum Data 5GB
  Brunei,EQGOP7NODHUB,Brunei 5GB - 5 Days,8.69  $,18.99  $,5,5,Yes,Limit - Maximum Data 5GB
  Bulgaria,DX2SQFLAJRFN,Bulgaria 10GB - 10 Days,6.00  $,9.99  $,10,10,Yes,Limit - Maximum Data 10GB
  Bulgaria,RPQKOFKMCB1J,Bulgaria 10GB - 15 Days,6.32  $,9.99  $,10,15,Yes,Limit - Maximum Data 10GB
  Bulgaria,HNU5DOII8RCE,Bulgaria 10GB - 30 Days,6.59  $,12.99  $,10,30,Yes,Limit - Maximum Data 10GB
  Bulgaria,0GSYQMCO6LHJ,Bulgaria 10GB - 5 Days,5.40  $,8.99  $,10,5,Yes,Limit - Maximum Data 10GB
  Bulgaria,3KGRCZDZYCHW,Bulgaria 1GB - 10 Days,2.00  $,3.99  $,1,10,Yes,Limit - Maximum Data 1GB
  Bulgaria,ZWFSBGCOKC5O,Bulgaria 1GB - 15 Days,2.11  $,4.99  $,1,15,Yes,Limit - Maximum Data 1GB
  Bulgaria,BXJG5IFELAE6,Bulgaria 1GB - 30 Days,2.20  $,6.99  $,1,30,Yes,Limit - Maximum Data 1GB
  Bulgaria,WQC7A4QHSBYV,Bulgaria 1GB - 5 Days,1.80  $,2.99  $,1,5,Yes,Limit - Maximum Data 1GB
  Bulgaria,63EDQZH4RSHQ,Bulgaria 20GB - 10 Days,9.00  $,18.99  $,20,10,Yes,Limit - Maximum Data 20GB
  Bulgaria,CPQYOP4LHAWG,Bulgaria 20GB - 15 Days,9.49  $,19.99  $,20,15,Yes,Limit - Maximum Data 20GB
  Bulgaria,KHZ5U4WP1NTM,Bulgaria 20GB - 30 Days,9.89  $,21.99  $,20,30,Yes,Limit - Maximum Data 20GB
  Bulgaria,BJQ9BWUNGM0M,Bulgaria 20GB - 5 Days,8.10  $,17.99  $,20,5,Yes,Limit - Maximum Data 20GB
  Bulgaria,PHG3FOZ2WBSZ,Bulgaria 3GB - 10 Days,3.00  $,7.99  $,3,10,Yes,Limit - Maximum Data 3GB
  Bulgaria,9Y2SDPFGQMVE,Bulgaria 3GB - 15 Days,3.16  $,8.99  $,3,15,Yes,Limit - Maximum Data 3GB
  Bulgaria,M0LB8NZQMVCQ,Bulgaria 3GB - 30 Days,3.29  $,9.99  $,3,30,Yes,Limit - Maximum Data 3GB
  Bulgaria,VNHLCMVQ0DXG,Bulgaria 3GB - 5 Days,2.70  $,7.99  $,3,5,Yes,Limit - Maximum Data 3GB
  Bulgaria,QJ8YZRXI1WDJ,Bulgaria 5GB - 10 Days,4.00  $,5.99  $,5,10,Yes,Limit - Maximum Data 5GB
  Bulgaria,Q4S3XKLD3M5J,Bulgaria 5GB - 15 Days,4.21  $,6.99  $,5,15,Yes,Limit - Maximum Data 5GB
  Bulgaria,A5QZEAN160WI,Bulgaria 5GB - 30 Days,4.39  $,8.99  $,5,30,Yes,Limit - Maximum Data 5GB
  Bulgaria,5BPE87YPH14V,Bulgaria 5GB - 5 Days,3.60  $,4.99  $,5,5,Yes,Limit - Maximum Data 5GB
  Burkina Faso,LPDFFEEC8LRQ,Burkina Faso 1GB - 10 Days,143.99  $,5.99  $,1,10,Yes,Limit - Maximum Data 1GB
  Burkina Faso,BS7AV0GNIMHO,Burkina Faso 1GB - 15 Days,151.91  $,6.99  $,1,15,Yes,Limit - Maximum Data 1GB
  Burkina Faso,L0OMX3VEAIJ4,Burkina Faso 1GB - 30 Days,158.39  $,8.99  $,1,30,Yes,Limit - Maximum Data 1GB
  Burkina Faso,GWDPNARR4GIN,Burkina Faso 1GB - 5 Days,129.59  $,4.99  $,1,5,Yes,Limit - Maximum Data 1GB
  Burundi,8C7GJZ6WCFU2,Burundi 1GB - 10 Days,116.99  $,159.99  $,1,10,Yes,Limit - Maximum Data 1GB
  Burundi,LOSLB9NPCGVT,Burundi 1GB - 15 Days,123.43  $,159.99  $,1,15,Yes,Limit - Maximum Data 1GB
  Burundi,IWJK3RUGKJTQ,Burundi 1GB - 30 Days,128.69  $,164.99  $,1,30,Yes,Limit - Maximum Data 1GB
  Burundi,VY7PTGJ0WCFK,Burundi 1GB - 5 Days,105.29  $,159.99  $,1,5,Yes,Limit - Maximum Data 1GB
  Cambodia,XMNWSYV3OTV1,Cambodia 10GB - 10 Days,16.44  $,34.99  $,10,10,Yes,Limit - Maximum Data 10GB
  Cambodia,ATMSNOSBQEAK,Cambodia 10GB - 15 Days,17.34  $,34.99  $,10,15,Yes,Limit - Maximum Data 10GB
  Cambodia,16JLUOQY0CBU,Cambodia 10GB - 30 Days,18.08  $,37.99  $,10,30,Yes,Limit - Maximum Data 10GB
  Cambodia,LAAXLCSHK2ET,Cambodia 10GB - 5 Days,14.80  $,33.99  $,10,5,Yes,Limit - Maximum Data 10GB
  Cambodia,AJQW8A56YNEV,Cambodia 1GB - 10 Days,3.16  $,5.99  $,1,10,Yes,Limit - Maximum Data 1GB
  Cambodia,OA7VPWIM1T6V,Cambodia 1GB - 15 Days,3.33  $,6.99  $,1,15,Yes,Limit - Maximum Data 1GB
  Cambodia,1MERFCTB57EE,Cambodia 1GB - 30 Days,3.48  $,8.99  $,1,30,Yes,Limit - Maximum Data 1GB
  Cambodia,WVL9HE7GQIWT,Cambodia 1GB - 5 Days,2.84  $,4.99  $,1,5,Yes,Limit - Maximum Data 1GB
  Cambodia,I2MYFAWDYTHA,Cambodia 20GB - 10 Days,24.67  $,53.99  $,20,10,Yes,Limit - Maximum Data 20GB
  Cambodia,4S153XNHZMXO,Cambodia 20GB - 15 Days,26.03  $,54.99  $,20,15,Yes,Limit - Maximum Data 20GB
  Cambodia,98PLZEMFY3S2,Cambodia 20GB - 30 Days,27.14  $,58.99  $,20,30,Yes,Limit - Maximum Data 20GB
  Cambodia,0PH5AH8EVAZL,Cambodia 20GB - 5 Days,22.20  $,52.99  $,20,5,Yes,Limit - Maximum Data 20GB
  Cambodia,U5WXRJ4URTEM,Cambodia 3GB - 10 Days,7.00  $,13.99  $,3,10,Yes,Limit - Maximum Data 3GB
  Cambodia,SFPOQDWYBUUS,Cambodia 3GB - 15 Days,7.38  $,14.99  $,3,15,Yes,Limit - Maximum Data 3GB
  Cambodia,LK6XJUO9ZKML,Cambodia 3GB - 30 Days,7.69  $,16.99  $,3,30,Yes,Limit - Maximum Data 3GB
  Cambodia,9YQMIW3ACEZA,Cambodia 3GB - 5 Days,6.30  $,12.99  $,3,5,Yes,Limit - Maximum Data 3GB
  Cambodia,NGVL4DWYQBNS,Cambodia 5GB - 10 Days,9.66  $,19.99  $,5,10,Yes,Limit - Maximum Data 5GB
  Cambodia,X5BRM7VIYGKR,Cambodia 5GB - 15 Days,10.19  $,19.99  $,5,15,Yes,Limit - Maximum Data 5GB
  Cambodia,DAORBDKP5IXS,Cambodia 5GB - 30 Days,10.63  $,22.99  $,5,30,Yes,Limit - Maximum Data 5GB
  Cambodia,3PT5GWGFNDHZ,Cambodia 5GB - 5 Days,8.69  $,18.99  $,5,5,Yes,Limit - Maximum Data 5GB
  Cameroon,BYGS3VOM6TEB,Cameroon 10GB - 10 Days,38.39  $,41.99  $,10,10,Yes,Limit - Maximum Data 10GB
  Cameroon,LZAOGAWCXJZV,Cameroon 10GB - 15 Days,40.50  $,42.99  $,10,15,Yes,Limit - Maximum Data 10GB
  Cameroon,GNBCJ02ASCT5,Cameroon 10GB - 30 Days,42.23  $,46.99  $,10,30,Yes,Limit - Maximum Data 10GB
  Cameroon,DMZXHHOTZXO4,Cameroon 10GB - 5 Days,34.55  $,40.99  $,10,5,Yes,Limit - Maximum Data 10GB
  Cameroon,JYWGPFOEXGPK,Cameroon 1GB - 10 Days,6.77  $,5.99  $,1,10,Yes,Limit - Maximum Data 1GB
  Cameroon,Z5WKEP7FHC4I,Cameroon 1GB - 15 Days,7.14  $,6.99  $,1,15,Yes,Limit - Maximum Data 1GB
  Cameroon,UOOWRVCSAQXY,Cameroon 1GB - 30 Days,7.45  $,8.99  $,1,30,Yes,Limit - Maximum Data 1GB
  Cameroon,X4JAETTRK1W3,Cameroon 1GB - 5 Days,6.09  $,4.99  $,1,5,Yes,Limit - Maximum Data 1GB
  Cameroon,FV8TI7KC33K1,Cameroon 20GB - 10 Days,55.99  $,61.99  $,20,10,Yes,Limit - Maximum Data 20GB
  Cameroon,65S3D4EZEPH0,Cameroon 20GB - 15 Days,59.07  $,62.99  $,20,15,Yes,Limit - Maximum Data 20GB
  Cameroon,EOKUUEBG1V5O,Cameroon 20GB - 30 Days,61.59  $,66.99  $,20,30,Yes,Limit - Maximum Data 20GB
  Cameroon,JPZEP1MC9N57,Cameroon 20GB - 5 Days,50.39  $,60.99  $,20,5,Yes,Limit - Maximum Data 20GB
  Cameroon,YAFJGRABPZXP,Cameroon 3GB - 10 Days,15.53  $,14.99  $,3,10,Yes,Limit - Maximum Data 3GB
  Cameroon,EC7OJW3FT8DZ,Cameroon 3GB - 15 Days,16.38  $,14.99  $,3,15,Yes,Limit - Maximum Data 3GB
  Cameroon,K3T8ICSR61IW,Cameroon 3GB - 30 Days,17.08  $,17.99  $,3,30,Yes,Limit - Maximum Data 3GB
  Cameroon,TYHVEPHCDQJJ,Cameroon 3GB - 5 Days,13.98  $,13.99  $,3,5,Yes,Limit - Maximum Data 3GB
  Cameroon,FW4XKZVTSAKK,Cameroon 5GB - 10 Days,23.17  $,24.99  $,5,10,Yes,Limit - Maximum Data 5GB
  Cameroon,ZKXGSOAJBDEG,Cameroon 5GB - 15 Days,24.44  $,24.99  $,5,15,Yes,Limit - Maximum Data 5GB
  Cameroon,B69CEXXLNV4S,Cameroon 5GB - 30 Days,25.49  $,27.99  $,5,30,Yes,Limit - Maximum Data 5GB
  Cameroon,56SWFMX6J4GT,Cameroon 5GB - 5 Days,20.85  $,23.99  $,5,5,Yes,Limit - Maximum Data 5GB
  Canada,NFNOCCTX89D8,Canada 10GB - 10 Days,18.19  $,22.99  $,10,10,Yes,Limit - Maximum Data 10GB
  Canada,CXFXCLLTV4VF,Canada 10GB - 15 Days,19.19  $,23.99  $,10,15,Yes,Limit - Maximum Data 10GB
  Canada,FPXWG00JVM7R,Canada 10GB - 30 Days,20.01  $,25.99  $,10,30,Yes,Limit - Maximum Data 10GB
  Canada,JFP0CRY4NL2X,Canada 10GB - 5 Days,16.37  $,21.99  $,10,5,Yes,Limit - Maximum Data 10GB
  Canada,5VKDTK3BFFZE,Canada 1GB - 10 Days,3.13  $,5.99  $,1,10,Yes,Limit - Maximum Data 1GB
  Canada,WOGHMAXDVRBI,Canada 1GB - 15 Days,3.30  $,6.99  $,1,15,Yes,Limit - Maximum Data 1GB
  Canada,L73ZMXU6XSWY,Canada 1GB - 30 Days,3.44  $,8.99  $,1,30,Yes,Limit - Maximum Data 1GB
  Canada,9NEMYT3L8S0J,Canada 1GB - 5 Days,2.82  $,4.99  $,1,5,Yes,Limit - Maximum Data 1GB
  Canada,SIA5MUVC4QEZ,Canada 20GB - 10 Days,31.00  $,41.99  $,20,10,Yes,Limit - Maximum Data 20GB
  Canada,I7VVXFUOI64W,Canada 20GB - 15 Days,32.70  $,42.99  $,20,15,Yes,Limit - Maximum Data 20GB
  Canada,13MLHV0WSJZC,Canada 20GB - 30 Days,34.09  $,46.99  $,20,30,Yes,Limit - Maximum Data 20GB
  Canada,OU2IW8VESQ0K,Canada 20GB - 5 Days,27.90  $,40.99  $,20,5,Yes,Limit - Maximum Data 20GB
  Canada,OSZ6RYM4HY4I,Canada 3GB - 10 Days,6.58  $,9.99  $,3,10,Yes,Limit - Maximum Data 3GB
  Canada,VY66ODRY9RMQ,Canada 3GB - 15 Days,6.94  $,9.99  $,3,15,Yes,Limit - Maximum Data 3GB
  Canada,TMCCSAROIXN7,Canada 3GB - 30 Days,7.24  $,12.99  $,3,30,Yes,Limit - Maximum Data 3GB
  Canada,38IEQJ17L0X2,Canada 3GB - 5 Days,5.92  $,8.99  $,3,5,Yes,Limit - Maximum Data 3GB
  Canada,WYMSUF5F1SSR,Canada 5GB - 10 Days,10.78  $,12.99  $,5,10,Yes,Limit - Maximum Data 5GB
  Canada,DHD7FWTVN3PT,Canada 5GB - 15 Days,11.37  $,13.99  $,5,15,Yes,Limit - Maximum Data 5GB
  Canada,NCAY3UVTFBEQ,Canada 5GB - 30 Days,11.86  $,15.99  $,5,30,Yes,Limit - Maximum Data 5GB
  Canada,YCJDT2BXNAK6,Canada 5GB - 5 Days,9.70  $,11.99  $,5,5,Yes,Limit - Maximum Data 5GB
  Cape Verde,XGOJDE7ZG9SW,Cape Verde 1GB - 10 Days,17.01  $,10.99  $,1,10,Yes,Limit - Maximum Data 1GB
  Cape Verde,Z8WRCNTJHHXD,Cape Verde 1GB - 15 Days,17.95  $,11.99  $,1,15,Yes,Limit - Maximum Data 1GB
  Cape Verde,WQQWHXJCUMMK,Cape Verde 1GB - 30 Days,18.71  $,13.99  $,1,30,Yes,Limit - Maximum Data 1GB
  Cape Verde,IQ7T4HW36KQU,Cape Verde 1GB - 5 Days,15.31  $,9.99  $,1,5,Yes,Limit - Maximum Data 1GB
  Cape Verde,ET1TC5L20YS3,Cape Verde 3GB - 10 Days,40.41  $,29.99  $,3,10,Yes,Limit - Maximum Data 3GB
  Cape Verde,BSLCPVSEVF5H,Cape Verde 3GB - 15 Days,42.63  $,29.99  $,3,15,Yes,Limit - Maximum Data 3GB
  Cape Verde,HN6C0FIOBEG1,Cape Verde 3GB - 30 Days,44.45  $,32.99  $,3,30,Yes,Limit - Maximum Data 3GB
  Cape Verde,UAAJMCHWV6FD,Cape Verde 3GB - 5 Days,36.37  $,28.99  $,3,5,Yes,Limit - Maximum Data 3GB
  Cape Verde,TIKTXUTBZKMF,Cape Verde 5GB - 10 Days,60.77  $,49.99  $,5,10,Yes,Limit - Maximum Data 5GB
  Cape Verde,YHQKSOLQ8QJA,Cape Verde 5GB - 15 Days,64.11  $,49.99  $,5,15,Yes,Limit - Maximum Data 5GB
  Cape Verde,LGCMX1Y8YLNG,Cape Verde 5GB - 30 Days,66.85  $,54.99  $,5,30,Yes,Limit - Maximum Data 5GB
  Cape Verde,C4N5GD39GJ01,Cape Verde 5GB - 5 Days,54.69  $,48.99  $,5,5,Yes,Limit - Maximum Data 5GB
  Cayman Islands,VEMCLABTJJJD,Cayman Islands 10GB - 10 Days,27.93  $,41.99  $,10,10,Yes,Limit - Maximum Data 10GB
  Cayman Islands,U7NDLLJUTXIG,Cayman Islands 10GB - 15 Days,29.47  $,42.99  $,10,15,Yes,Limit - Maximum Data 10GB
  Cayman Islands,IIVK6DDYAEW3,Cayman Islands 10GB - 30 Days,30.72  $,46.99  $,10,30,Yes,Limit - Maximum Data 10GB
  Cayman Islands,9LDFKZRBMFIH,Cayman Islands 10GB - 5 Days,25.14  $,40.99  $,10,5,Yes,Limit - Maximum Data 10GB
  Cayman Islands,7XWR87FM3MUH,Cayman Islands 1GB - 10 Days,4.89  $,5.99  $,1,10,Yes,Limit - Maximum Data 1GB
  Cayman Islands,MA2VOURM8DIO,Cayman Islands 1GB - 15 Days,5.16  $,6.99  $,1,15,Yes,Limit - Maximum Data 1GB
  Cayman Islands,VNWOM4A3V7KU,Cayman Islands 1GB - 30 Days,5.38  $,8.99  $,1,30,Yes,Limit - Maximum Data 1GB
  Cayman Islands,AST8TEEVVGWF,Cayman Islands 1GB - 5 Days,4.40  $,4.99  $,1,5,Yes,Limit - Maximum Data 1GB
  Cayman Islands,GXDCOKEOMNVL,Cayman Islands 20GB - 10 Days,42.10  $,61.99  $,20,10,Yes,Limit - Maximum Data 20GB
  Cayman Islands,RSZMFEDBVE3A,Cayman Islands 20GB - 15 Days,44.42  $,62.99  $,20,15,Yes,Limit - Maximum Data 20GB
  Cayman Islands,T7RBSJVODDZS,Cayman Islands 20GB - 30 Days,46.31  $,66.99  $,20,30,Yes,Limit - Maximum Data 20GB
  Cayman Islands,AJSQ1KYXWLHI,Cayman Islands 20GB - 5 Days,37.89  $,60.99  $,20,5,Yes,Limit - Maximum Data 20GB
  Cayman Islands,PJCJWTK4AHSO,Cayman Islands 3GB - 10 Days,10.95  $,14.99  $,3,10,Yes,Limit - Maximum Data 3GB
  Cayman Islands,HFOAZKVLP59Q,Cayman Islands 3GB - 15 Days,11.55  $,14.99  $,3,15,Yes,Limit - Maximum Data 3GB
  Cayman Islands,HQDMRBLUKTKV,Cayman Islands 3GB - 30 Days,12.05  $,17.99  $,3,30,Yes,Limit - Maximum Data 3GB
  Cayman Islands,UDWVCIQNA2BO,Cayman Islands 3GB - 5 Days,9.86  $,13.99  $,3,5,Yes,Limit - Maximum Data 3GB
  Cayman Islands,LUGGAZHJRKD5,Cayman Islands 5GB - 10 Days,16.25  $,24.99  $,5,10,Yes,Limit - Maximum Data 5GB
  Cayman Islands,5JTHZPS0GHFD,Cayman Islands 5GB - 15 Days,17.14  $,24.99  $,5,15,Yes,Limit - Maximum Data 5GB
  Cayman Islands,Y5P2PMX8UYVW,Cayman Islands 5GB - 30 Days,17.88  $,27.99  $,5,30,Yes,Limit - Maximum Data 5GB
  Cayman Islands,7HR18IJ0CSIF,Cayman Islands 5GB - 5 Days,14.63  $,23.99  $,5,5,Yes,Limit - Maximum Data 5GB
  Chad,AKGE0MBZUVKK,Chad 10GB - 10 Days,31.76  $,43.99  $,10,10,Yes,Limit - Maximum Data 10GB
  Chad,R3HTS8CFPGT5,Chad 10GB - 15 Days,33.51  $,44.99  $,10,15,Yes,Limit - Maximum Data 10GB
  Chad,3PJWRQYZNHC6,Chad 10GB - 30 Days,34.94  $,48.99  $,10,30,Yes,Limit - Maximum Data 10GB
  Chad,6Y6ZFJUVGUII,Chad 10GB - 5 Days,28.58  $,42.99  $,10,5,Yes,Limit - Maximum Data 10GB
  Chad,D8XOJR7KXAO8,Chad 1GB - 10 Days,5.49  $,5.99  $,1,10,Yes,Limit - Maximum Data 1GB
  Chad,WVGSALGA062D,Chad 1GB - 15 Days,5.79  $,6.99  $,1,15,Yes,Limit - Maximum Data 1GB
  Chad,XGXYKFAZDUFZ,Chad 1GB - 30 Days,6.04  $,8.99  $,1,30,Yes,Limit - Maximum Data 1GB
  Chad,R8OANDFIAY16,Chad 1GB - 5 Days,4.94  $,4.99  $,1,5,Yes,Limit - Maximum Data 1GB
  Chad,GCSYBH7I3NJQ,Chad 20GB - 10 Days,47.91  $,73.99  $,20,10,Yes,Limit - Maximum Data 20GB
  Chad,KENX6RXK1XFH,Chad 20GB - 15 Days,50.55  $,74.99  $,20,15,Yes,Limit - Maximum Data 20GB
  Chad,ERWIIWTN7SZE,Chad 20GB - 30 Days,52.70  $,78.99  $,20,30,Yes,Limit - Maximum Data 20GB
  Chad,4QCUDYIRROBH,Chad 20GB - 5 Days,43.12  $,72.99  $,20,5,Yes,Limit - Maximum Data 20GB
  Chad,ASXNS2KKWFXY,Chad 3GB - 10 Days,12.41  $,14.99  $,3,10,Yes,Limit - Maximum Data 3GB
  Chad,WGBXKZEP2TS1,Chad 3GB - 15 Days,13.09  $,14.99  $,3,15,Yes,Limit - Maximum Data 3GB
  Chad,3HBU5DFTV8SC,Chad 3GB - 30 Days,13.65  $,17.99  $,3,30,Yes,Limit - Maximum Data 3GB
  Chad,1K5N6I0WBMHS,Chad 3GB - 5 Days,11.17  $,13.99  $,3,5,Yes,Limit - Maximum Data 3GB
  Chad,CNK3UAMGIOE8,Chad 5GB - 10 Days,18.45  $,24.99  $,5,10,Yes,Limit - Maximum Data 5GB
  Chad,K1A5ZYGOF3JH,Chad 5GB - 15 Days,19.46  $,24.99  $,5,15,Yes,Limit - Maximum Data 5GB
  Chad,LXHLZKDIUXBR,Chad 5GB - 30 Days,20.30  $,27.99  $,5,30,Yes,Limit - Maximum Data 5GB
  Chad,R9MEQ3ZY0VJO,Chad 5GB - 5 Days,16.61  $,23.99  $,5,5,Yes,Limit - Maximum Data 5GB
  Chile,MDNSZT0MCOS8,Chile 10GB - 10 Days,14.05  $,22.99  $,10,10,Yes,Limit - Maximum Data 10GB
  Chile,NQZ07BPFIDZ2,Chile 10GB - 15 Days,14.82  $,23.99  $,10,15,Yes,Limit - Maximum Data 10GB
  Chile,K7IEDTPFKJIL,Chile 10GB - 30 Days,15.46  $,25.99  $,10,30,Yes,Limit - Maximum Data 10GB
  Chile,ZADX6E7ZMS4M,Chile 10GB - 5 Days,12.65  $,21.99  $,10,5,Yes,Limit - Maximum Data 10GB
  Chile,MLWDFTL18IBC,Chile 1GB - 10 Days,2.65  $,5.99  $,1,10,Yes,Limit - Maximum Data 1GB
  Chile,MDGL28JOFVAF,Chile 1GB - 15 Days,2.80  $,6.99  $,1,15,Yes,Limit - Maximum Data 1GB
  Chile,FE4NB6Y2Q7UO,Chile 1GB - 30 Days,2.92  $,8.99  $,1,30,Yes,Limit - Maximum Data 1GB
  Chile,TXXG4IXOCEPJ,Chile 1GB - 5 Days,2.39  $,4.99  $,1,5,Yes,Limit - Maximum Data 1GB
  Chile,CERZXNHTIKOK,Chile 20GB - 10 Days,20.63  $,41.99  $,20,10,Yes,Limit - Maximum Data 20GB
  Chile,CFPER6XVTDGB,Chile 20GB - 15 Days,21.76  $,42.99  $,20,15,Yes,Limit - Maximum Data 20GB
  Chile,JGGWQ1ZLBOHC,Chile 20GB - 30 Days,22.69  $,46.99  $,20,30,Yes,Limit - Maximum Data 20GB
  Chile,ZEDHLPIDGHJK,Chile 20GB - 5 Days,18.57  $,40.99  $,20,5,Yes,Limit - Maximum Data 20GB
  Chile,5VRY2MQLFZUX,Chile 3GB - 10 Days,5.19  $,9.99  $,3,10,Yes,Limit - Maximum Data 3GB
  Chile,D3683YQBGFKH,Chile 3GB - 15 Days,5.48  $,9.99  $,3,15,Yes,Limit - Maximum Data 3GB
  Chile,TG4UP8LGSAIR,Chile 3GB - 30 Days,5.71  $,12.99  $,3,30,Yes,Limit - Maximum Data 3GB
  Chile,S64JF2U5IMVV,Chile 3GB - 5 Days,4.67  $,8.99  $,3,5,Yes,Limit - Maximum Data 3GB
  Chile,PYCMII4E1DTX,Chile 5GB - 10 Days,8.11  $,12.99  $,5,10,Yes,Limit - Maximum Data 5GB
  Chile,HRPMSN6QKBGR,Chile 5GB - 15 Days,8.56  $,13.99  $,5,15,Yes,Limit - Maximum Data 5GB
  Chile,EZNQ2VQT6ZAC,Chile 5GB - 30 Days,8.92  $,15.99  $,5,30,Yes,Limit - Maximum Data 5GB
  Chile,KBTRLYB1FNDK,Chile 5GB - 5 Days,7.30  $,11.99  $,5,5,Yes,Limit - Maximum Data 5GB
  Chile,HBT31IBZZLDG,Chile Unlimited MAX - 10 Days,26.09  $,44.99  $,Unlimited,10,Yes,"Daily - 5GB per Day, then 1Mbps"
  Chile,ZQNFBXK0H4YI,Chile Unlimited MAX - 15 Days,48.22  $,69.99  $,Unlimited,15,Yes,"Daily - 5GB per Day, then 1Mbps"
  Chile,QJJ03DPVRWO6,Chile Unlimited MAX - 30 Days,52.19  $,99.99  $,Unlimited,30,Yes,"Daily - 5GB per Day, then 1Mbps"
  Chile,WUXAJDIYT3NI,Chile Unlimited MAX - 5 Days,26.99  $,29.99  $,Unlimited,5,Yes,"Daily - 5GB per Day, then 1Mbps"
  Chile,V6TRFVWZJBS4,Chile Unlimited STANDARD - 10 Days,32.98  $,39.99  $,Unlimited,10,Yes,"Daily - 3GB per Day, then 1Mbps"
  Chile,WF3MRYR3E8YS,Chile Unlimited STANDARD - 15 Days,34.79  $,59.99  $,Unlimited,15,Yes,"Daily - 3GB per Day, then 1Mbps"
  Chile,TBDLV7AMYLJZ,Chile Unlimited STANDARD - 30 Days,46.97  $,89.99  $,Unlimited,30,Yes,"Daily - 3GB per Day, then 1Mbps"
  Chile,WNG40PISI2B6,Chile Unlimited STANDARD - 5 Days,15.84  $,24.99  $,Unlimited,5,Yes,"Daily - 3GB per Day, then 1Mbps"
  China,XVQRRZXISBM5,China 10GB - 10 Days,12.51  $,13.99  $,10,10,Yes,Limit - Maximum Data 10GB
  China,G2WH3WZR1SNL,China 10GB - 15 Days,13.20  $,14.99  $,10,15,Yes,Limit - Maximum Data 10GB
  China,V6CDMUMP0A4T,China 10GB - 30 Days,13.76  $,16.99  $,10,30,Yes,Limit - Maximum Data 10GB
  China,J5ZQQVAXC8US,China 10GB - 5 Days,11.26  $,12.99  $,10,5,Yes,Limit - Maximum Data 10GB
  China,JL4GRN82VYXH,China 1GB - 10 Days,3.00  $,4.99  $,1,10,Yes,Limit - Maximum Data 1GB
  China,OGL9FUNNCUTU,China 1GB - 15 Days,3.16  $,4.99  $,1,15,Yes,Limit - Maximum Data 1GB
  China,08UHW27LKCHE,China 1GB - 30 Days,3.29  $,7.99  $,1,30,Yes,Limit - Maximum Data 1GB
  China,7WA6PZHWLV50,China 1GB - 5 Days,2.70  $,3.99  $,1,5,Yes,Limit - Maximum Data 1GB
  China,H2V3N9XXP57T,China 20GB - 10 Days,21.59  $,24.99  $,20,10,Yes,Limit - Maximum Data 20GB
  China,5YQXE1PKGDSF,China 20GB - 15 Days,22.78  $,24.99  $,20,15,Yes,Limit - Maximum Data 20GB
  China,BRQVP5FILW7B,China 20GB - 30 Days,23.75  $,27.99  $,20,30,Yes,Limit - Maximum Data 20GB
  China,A1D2ZZUVAVOB,China 20GB - 5 Days,19.43  $,23.99  $,20,5,Yes,Limit - Maximum Data 20GB
  China,7QDKSMPHONBB,China 3GB - 10 Days,4.50  $,5.99  $,3,10,Yes,Limit - Maximum Data 3GB
  China,GRNVV107ASAG,China 3GB - 15 Days,4.74  $,6.99  $,3,15,Yes,Limit - Maximum Data 3GB
  China,SUDZWGEJTQKX,China 3GB - 30 Days,4.94  $,8.99  $,3,30,Yes,Limit - Maximum Data 3GB
  China,VCAJMNDSRYEU,China 3GB - 5 Days,4.05  $,4.99  $,3,5,Yes,Limit - Maximum Data 3GB
  China,UTBKQORJRKP2,China 5GB - 10 Days,6.79  $,6.99  $,5,10,Yes,Limit - Maximum Data 5GB
  China,KFRTRS5QCU5B,China 5GB - 15 Days,7.16  $,7.99  $,5,15,Yes,Limit - Maximum Data 5GB
  China,4I0XIWWX2VES,China 5GB - 30 Days,7.47  $,9.99  $,5,30,Yes,Limit - Maximum Data 5GB
  China,KZ3H2DA8OKFK,China 5GB - 5 Days,6.11  $,5.99  $,5,5,Yes,Limit - Maximum Data 5GB
  China,USM3BQHUDSTZ,China Unlimited LITE - 10 Days,24.94  $,41.99  $,Unlimited,10,Yes,"Daily - 2GB per Day, then 1Mbps"
  China,4QIY8E3AJIAG,China Unlimited LITE - 15 Days,47.68  $,58.99  $,Unlimited,15,Yes,"Daily - 2GB per Day, then 1Mbps"
  China,40UDIOEXQE8W,China Unlimited LITE - 30 Days,55.36  $,81.99  $,Unlimited,30,Yes,"Daily - 2GB per Day, then 1Mbps"
  China,KQCTLUY1GWV8,China Unlimited LITE - 5 Days,13.71  $,24.99  $,Unlimited,5,Yes,"Daily - 2GB per Day, then 1Mbps"
  China,8FLH1ZNMO6ZW,China Unlimited MAX - 10 Days,41.30  $,44.99  $,Unlimited,10,Yes,"Daily - 5GB per Day, then 1Mbps"
  China,FCKVURSBOEMC,China Unlimited MAX - 15 Days,52.19  $,69.99  $,Unlimited,15,Yes,"Daily - 5GB per Day, then 1Mbps"
  China,UB95K1IWU6KR,China Unlimited MAX - 30 Days,122.39  $,94.99  $,Unlimited,30,Yes,"Daily - 5GB per Day, then 1Mbps"
  China,HJKBWEZMEZ3V,China Unlimited MAX - 5 Days,24.43  $,29.99  $,Unlimited,5,Yes,"Daily - 5GB per Day, then 1Mbps"
  China,4JFN2LZLZNSZ,China Unlimited STANDARD - 10 Days,23.48  $,39.99  $,Unlimited,10,Yes,"Daily - 3GB per Day, then 1Mbps"
  China,T9M2M8NIDROU,China Unlimited STANDARD - 15 Days,48.19  $,59.99  $,Unlimited,15,Yes,"Daily - 3GB per Day, then 1Mbps"
  China,MOXRLP3C7C60,China Unlimited STANDARD - 30 Days,63.39  $,84.99  $,Unlimited,30,Yes,"Daily - 3GB per Day, then 1Mbps"
  China,MDCI0TUFS2JH,China Unlimited STANDARD - 5 Days,13.04  $,24.99  $,Unlimited,5,Yes,"Daily - 3GB per Day, then 1Mbps"
  Colombia,ZXWIYK1LQMUC,Colombia 10GB - 10 Days,22.31  $,34.99  $,10,10,Yes,Limit - Maximum Data 10GB
  Colombia,02XWKCATFWMN,Colombia 10GB - 15 Days,23.54  $,34.99  $,10,15,Yes,Limit - Maximum Data 10GB
  Colombia,I8MNQQIG5EO6,Colombia 10GB - 30 Days,24.54  $,37.99  $,10,30,Yes,Limit - Maximum Data 10GB
  Colombia,NJCHJI7PRIVO,Colombia 10GB - 5 Days,20.08  $,33.99  $,10,5,Yes,Limit - Maximum Data 10GB
  Colombia,XYFWTAP46HV5,Colombia 1GB - 10 Days,3.85  $,5.99  $,1,10,Yes,Limit - Maximum Data 1GB
  Colombia,TRQ8ZFU3NN0A,Colombia 1GB - 15 Days,4.06  $,6.99  $,1,15,Yes,Limit - Maximum Data 1GB
  Colombia,FJCIJNTR2HYT,Colombia 1GB - 30 Days,4.24  $,8.99  $,1,30,Yes,Limit - Maximum Data 1GB
  Colombia,NIXTOVTZ4HEM,Colombia 1GB - 5 Days,3.47  $,4.99  $,1,5,Yes,Limit - Maximum Data 1GB
  Colombia,JHTWRBNR3I8O,Colombia 20GB - 10 Days,33.02  $,53.99  $,20,10,Yes,Limit - Maximum Data 20GB
  Colombia,GOSPJREONAFB,Colombia 20GB - 15 Days,34.84  $,54.99  $,20,15,Yes,Limit - Maximum Data 20GB
  Colombia,DMNEOCPH8WU3,Colombia 20GB - 30 Days,36.32  $,58.99  $,20,30,Yes,Limit - Maximum Data 20GB
  Colombia,DQTSO9B4ITFT,Colombia 20GB - 5 Days,29.72  $,52.99  $,20,5,Yes,Limit - Maximum Data 20GB
  Colombia,JFTZSWHKQENA,Colombia 3GB - 10 Days,8.42  $,13.99  $,3,10,Yes,Limit - Maximum Data 3GB
  Colombia,FWKU1UJ5SSGK,Colombia 3GB - 15 Days,8.88  $,14.99  $,3,15,Yes,Limit - Maximum Data 3GB
  Colombia,NEZDKX8P73QT,Colombia 3GB - 30 Days,9.26  $,16.99  $,3,30,Yes,Limit - Maximum Data 3GB
  Colombia,IXKPMSYHSL84,Colombia 3GB - 5 Days,7.58  $,12.99  $,3,5,Yes,Limit - Maximum Data 3GB
  Colombia,9EUQJVMTKK1B,Colombia 5GB - 10 Days,12.79  $,19.99  $,5,10,Yes,Limit - Maximum Data 5GB
  Colombia,ZG0F7ZQDXP2X,Colombia 5GB - 15 Days,13.50  $,19.99  $,5,15,Yes,Limit - Maximum Data 5GB
  Colombia,RVXZVJONDHWF,Colombia 5GB - 30 Days,14.07  $,22.99  $,5,30,Yes,Limit - Maximum Data 5GB
  Colombia,0OKVOSPPJYCG,Colombia 5GB - 5 Days,11.51  $,18.99  $,5,5,Yes,Limit - Maximum Data 5GB
  Colombia,0NOXZLYURJDY,Colombia Unlimited MAX - 10 Days,31.31  $,49.99  $,Unlimited,10,Yes,"Daily - 5GB per Day, then 1Mbps"
  Colombia,6YMAUBY5YPBH,Colombia Unlimited MAX - 15 Days,36.53  $,69.99  $,Unlimited,15,Yes,"Daily - 5GB per Day, then 1Mbps"
  Colombia,AXEFGSEZT1KC,Colombia Unlimited MAX - 30 Days,62.63  $,109.99  $,Unlimited,30,Yes,"Daily - 5GB per Day, then 1Mbps"
  Colombia,7G3TNBLQQP6A,Colombia Unlimited MAX - 5 Days,18.64  $,29.99  $,Unlimited,5,Yes,"Daily - 5GB per Day, then 1Mbps"
  Colombia,ETPEO3DHA4PC,Colombia Unlimited STANDARD - 10 Days,26.09  $,44.99  $,Unlimited,10,Yes,"Daily - 3GB per Day, then 1Mbps"
  Colombia,JFYXEVCFHU0M,Colombia Unlimited STANDARD - 15 Days,31.31  $,59.99  $,Unlimited,15,Yes,"Daily - 3GB per Day, then 1Mbps"
  Colombia,OTXGTGFJ0L18,Colombia Unlimited STANDARD - 30 Days,57.99  $,99.99  $,Unlimited,30,Yes,"Daily - 3GB per Day, then 1Mbps"
  Colombia,QWLEHJIHAJK3,Colombia Unlimited STANDARD - 5 Days,14.49  $,24.99  $,Unlimited,5,Yes,"Daily - 3GB per Day, then 1Mbps"
  Costa Rica,ZUCRHMLEMBKG,Costa Rica 10GB - 10 Days,25.59  $,41.99  $,10,10,Yes,Limit - Maximum Data 10GB
  Costa Rica,HS9NUN3ZJJBD,Costa Rica 10GB - 15 Days,27.00  $,42.99  $,10,15,Yes,Limit - Maximum Data 10GB
  Costa Rica,GROXWRGWNRVA,Costa Rica 10GB - 30 Days,28.15  $,46.99  $,10,30,Yes,Limit - Maximum Data 10GB
  Costa Rica,BCDNKNUSGUUL,Costa Rica 10GB - 5 Days,23.03  $,40.99  $,10,5,Yes,Limit - Maximum Data 10GB
  Costa Rica,CG0EZB4EOPM8,Costa Rica 1GB - 10 Days,4.79  $,5.99  $,1,10,Yes,Limit - Maximum Data 1GB
  Costa Rica,TFAJRF6HJ8GD,Costa Rica 1GB - 15 Days,5.06  $,6.99  $,1,15,Yes,Limit - Maximum Data 1GB
  Costa Rica,3YHKLEQEAI9X,Costa Rica 1GB - 30 Days,5.27  $,8.99  $,1,30,Yes,Limit - Maximum Data 1GB
  Costa Rica,4DZGRYVKW6JG,Costa Rica 1GB - 5 Days,4.31  $,4.99  $,1,5,Yes,Limit - Maximum Data 1GB
  Costa Rica,6ZNSA94YSP6I,Costa Rica 20GB - 10 Days,38.87  $,61.99  $,20,10,Yes,Limit - Maximum Data 20GB
  Costa Rica,VNR2NUEB0WD3,Costa Rica 20GB - 15 Days,41.01  $,62.99  $,20,15,Yes,Limit - Maximum Data 20GB
  Costa Rica,O7RAYUGFM7RD,Costa Rica 20GB - 30 Days,42.76  $,66.99  $,20,30,Yes,Limit - Maximum Data 20GB
  Costa Rica,UHPEVYVDH2YQ,Costa Rica 20GB - 5 Days,34.99  $,60.99  $,20,5,Yes,Limit - Maximum Data 20GB
  Costa Rica,X9NDJCPZGIG3,Costa Rica 3GB - 10 Days,10.22  $,14.99  $,3,10,Yes,Limit - Maximum Data 3GB
  Costa Rica,BOVRFJVZSSGM,Costa Rica 3GB - 15 Days,10.78  $,14.99  $,3,15,Yes,Limit - Maximum Data 3GB
  Costa Rica,CTW3ITDZYZAP,Costa Rica 3GB - 30 Days,11.24  $,17.99  $,3,30,Yes,Limit - Maximum Data 3GB
  Costa Rica,LSZH0PNPEKJR,Costa Rica 3GB - 5 Days,9.20  $,13.99  $,3,5,Yes,Limit - Maximum Data 3GB
  Costa Rica,ECGIYBKWVGPO,Costa Rica 5GB - 10 Days,14.39  $,24.99  $,5,10,Yes,Limit - Maximum Data 5GB
  Costa Rica,TVF2DDWSXLA3,Costa Rica 5GB - 15 Days,15.18  $,24.99  $,5,15,Yes,Limit - Maximum Data 5GB
  Costa Rica,JKB4C0WR47IZ,Costa Rica 5GB - 30 Days,15.83  $,27.99  $,5,30,Yes,Limit - Maximum Data 5GB
  Costa Rica,A8EHL35YOF7O,Costa Rica 5GB - 5 Days,12.95  $,23.99  $,5,5,Yes,Limit - Maximum Data 5GB
  Costa Rica,PFIHTEMYMXNU,Costa Rica Unlimited MAX - 10 Days,62.99  $,64.99  $,Unlimited,10,Yes,"Daily - 5GB per Day, then 1Mbps"
  Costa Rica,MLS7LCMZWXXZ,Costa Rica Unlimited MAX - 15 Days,46.97  $,94.99  $,Unlimited,15,Yes,"Daily - 5GB per Day, then 1Mbps"
  Costa Rica,KNMWUPEJ9YRX,Costa Rica Unlimited MAX - 30 Days,69.59  $,119.99  $,Unlimited,30,Yes,"Daily - 5GB per Day, then 1Mbps"
  Costa Rica,N6V4OLPSYY5O,Costa Rica Unlimited MAX - 5 Days,35.99  $,34.99  $,Unlimited,5,Yes,"Daily - 5GB per Day, then 1Mbps"
  Costa Rica,GRDSHLU2UWM2,Costa Rica Unlimited STANDARD - 10 Days,31.31  $,54.99  $,Unlimited,10,Yes,"Daily - 3GB per Day, then 1Mbps"
  Costa Rica,LBEZ7HJK6UKA,Costa Rica Unlimited STANDARD - 15 Days,46.07  $,79.99  $,Unlimited,15,Yes,"Daily - 3GB per Day, then 1Mbps"
  Costa Rica,GDQAYHFW3MHE,Costa Rica Unlimited STANDARD - 30 Days,52.19  $,99.99  $,Unlimited,30,Yes,"Daily - 3GB per Day, then 1Mbps"
  Costa Rica,ANLQ2TWRXCPX,Costa Rica Unlimited STANDARD - 5 Days,16.74  $,24.99  $,Unlimited,5,Yes,"Daily - 3GB per Day, then 1Mbps"
  Croatia,DR12QNIBGMUS,Croatia 10GB - 10 Days,6.00  $,9.99  $,10,10,Yes,Limit - Maximum Data 10GB
  Croatia,WLRY16L9KPGC,Croatia 10GB - 15 Days,6.32  $,9.99  $,10,15,Yes,Limit - Maximum Data 10GB
  Croatia,Z0GKHXEOTE8V,Croatia 10GB - 30 Days,6.59  $,12.99  $,10,30,Yes,Limit - Maximum Data 10GB
  Croatia,ZTSHYPPHXTMA,Croatia 10GB - 5 Days,5.40  $,8.99  $,10,5,Yes,Limit - Maximum Data 10GB
  Croatia,YZEA8SQ7QKG9,Croatia 1GB - 10 Days,2.00  $,3.99  $,1,10,Yes,Limit - Maximum Data 1GB
  Croatia,AJA7EUAIS92W,Croatia 1GB - 15 Days,2.11  $,4.99  $,1,15,Yes,Limit - Maximum Data 1GB
  Croatia,PYZEFIZUVGLH,Croatia 1GB - 30 Days,2.20  $,6.99  $,1,30,Yes,Limit - Maximum Data 1GB
  Croatia,NPWCI5FDKXCG,Croatia 1GB - 5 Days,1.80  $,2.99  $,1,5,Yes,Limit - Maximum Data 1GB
  Croatia,LVMOBO9QPGAP,Croatia 20GB - 10 Days,9.00  $,18.99  $,20,10,Yes,Limit - Maximum Data 20GB
  Croatia,3TFVRHODE6SG,Croatia 20GB - 15 Days,9.49  $,19.99  $,20,15,Yes,Limit - Maximum Data 20GB
  Croatia,ZXOASOSN8QSH,Croatia 20GB - 30 Days,9.89  $,21.99  $,20,30,Yes,Limit - Maximum Data 20GB
  Croatia,ACKCP6ILMKQP,Croatia 20GB - 5 Days,8.10  $,17.99  $,20,5,Yes,Limit - Maximum Data 20GB
  Croatia,MQWAWQ2MQABA,Croatia 3GB - 10 Days,3.00  $,7.99  $,3,10,Yes,Limit - Maximum Data 3GB
  Croatia,JYNC7IBXUJOQ,Croatia 3GB - 15 Days,3.16  $,8.99  $,3,15,Yes,Limit - Maximum Data 3GB
  Croatia,PBKHQLSCIOF8,Croatia 3GB - 30 Days,3.29  $,9.99  $,3,30,Yes,Limit - Maximum Data 3GB
  Croatia,VANICD4D3WLP,Croatia 3GB - 5 Days,2.70  $,7.99  $,3,5,Yes,Limit - Maximum Data 3GB
  Croatia,DNUZRTEWGXYE,Croatia 5GB - 10 Days,4.00  $,5.99  $,5,10,Yes,Limit - Maximum Data 5GB
  Croatia,HNO9S8SVKBG4,Croatia 5GB - 15 Days,4.21  $,6.99  $,5,15,Yes,Limit - Maximum Data 5GB
  Croatia,PGUDOIIKP86C,Croatia 5GB - 30 Days,4.39  $,8.99  $,5,30,Yes,Limit - Maximum Data 5GB
  Croatia,07IKSM2IJDFZ,Croatia 5GB - 5 Days,3.60  $,4.99  $,5,5,Yes,Limit - Maximum Data 5GB
  Croatia,1FPUGCLRKKTD,Croatia Unlimited LITE - 10 Days,14.49  $,24.99  $,Unlimited,10,Yes,"Daily - 2GB per Day, then 1Mbps"
  Croatia,J2CEDVQYL9EQ,Croatia Unlimited LITE - 15 Days,19.13  $,32.99  $,Unlimited,15,Yes,"Daily - 2GB per Day, then 1Mbps"
  Croatia,9V0OXVFX3NDC,Croatia Unlimited LITE - 30 Days,27.96  $,40.99  $,Unlimited,30,Yes,"Daily - 2GB per Day, then 1Mbps"
  Croatia,LSEDE0W33QXR,Croatia Unlimited LITE - 5 Days,9.85  $,16.99  $,Unlimited,5,Yes,"Daily - 2GB per Day, then 1Mbps"
  Croatia,CQHUNN6RISYG,Croatia Unlimited MAX - 10 Days,22.44  $,29.99  $,Unlimited,10,Yes,"Daily - 5GB per Day, then 1Mbps"
  Croatia,QOSNBI0U5CEA,Croatia Unlimited MAX - 15 Days,27.66  $,49.99  $,Unlimited,15,Yes,"Daily - 5GB per Day, then 1Mbps"
  Croatia,0QRCOFEJUXU3,Croatia Unlimited MAX - 30 Days,38.32  $,59.99  $,Unlimited,30,Yes,"Daily - 5GB per Day, then 1Mbps"
  Croatia,41P398ZBIWZ2,Croatia Unlimited MAX - 5 Days,12.52  $,24.99  $,Unlimited,5,Yes,"Daily - 5GB per Day, then 1Mbps"
  Croatia,JLMALBBS1MOC,Croatia Unlimited STANDARD - 10 Days,14.49  $,24.99  $,Unlimited,10,Yes,"Daily - 3GB per Day, then 1Mbps"
  Croatia,EEWEIXQDGPLS,Croatia Unlimited STANDARD - 15 Days,19.13  $,39.99  $,Unlimited,15,Yes,"Daily - 3GB per Day, then 1Mbps"
  Croatia,A9SVXJLRWUIF,Croatia Unlimited STANDARD - 30 Days,30.50  $,49.99  $,Unlimited,30,Yes,"Daily - 3GB per Day, then 1Mbps"
  Croatia,DLTNAGORIMUA,Croatia Unlimited STANDARD - 5 Days,9.85  $,14.99  $,Unlimited,5,Yes,"Daily - 3GB per Day, then 1Mbps"
  Curacao,5SKDOHRYX0AU,Curacao 10GB - 10 Days,34.00  $,41.99  $,10,10,Yes,Limit - Maximum Data 10GB
  Curacao,7B4PVYDLUW5C,Curacao 10GB - 15 Days,35.87  $,42.99  $,10,15,Yes,Limit - Maximum Data 10GB
  Curacao,BGFEWCVWYVEH,Curacao 10GB - 30 Days,37.40  $,46.99  $,10,30,Yes,Limit - Maximum Data 10GB
  Curacao,IOW7GCPYRRW1,Curacao 10GB - 5 Days,30.60  $,40.99  $,10,5,Yes,Limit - Maximum Data 10GB
  Curacao,CS04J5XTNQXT,Curacao 1GB - 10 Days,5.34  $,5.99  $,1,10,Yes,Limit - Maximum Data 1GB
  Curacao,LFMFVZIBZ3EX,Curacao 1GB - 15 Days,5.63  $,6.99  $,1,15,Yes,Limit - Maximum Data 1GB
  Curacao,MEZQTTOKW3YH,Curacao 1GB - 30 Days,5.87  $,8.99  $,1,30,Yes,Limit - Maximum Data 1GB
  Curacao,ZXSPS6KHVV79,Curacao 1GB - 5 Days,4.81  $,4.99  $,1,5,Yes,Limit - Maximum Data 1GB
  Curacao,L8NASX3Y5NV7,Curacao 3GB - 10 Days,12.37  $,14.99  $,3,10,Yes,Limit - Maximum Data 3GB
  Curacao,YIG6L5FR8DLT,Curacao 3GB - 15 Days,13.05  $,14.99  $,3,15,Yes,Limit - Maximum Data 3GB
  Curacao,SWUPK6FQAR1S,Curacao 3GB - 30 Days,13.61  $,17.99  $,3,30,Yes,Limit - Maximum Data 3GB
  Curacao,2WBB00TPZEIL,Curacao 3GB - 5 Days,11.13  $,13.99  $,3,5,Yes,Limit - Maximum Data 3GB
  Curacao,ASWCE4WV1J24,Curacao 5GB - 10 Days,19.42  $,24.99  $,5,10,Yes,Limit - Maximum Data 5GB
  Curacao,AHEINPYO18CB,Curacao 5GB - 15 Days,20.49  $,24.99  $,5,15,Yes,Limit - Maximum Data 5GB
  Curacao,OJ9P0LSMBUIN,Curacao 5GB - 30 Days,21.36  $,27.99  $,5,30,Yes,Limit - Maximum Data 5GB
  Curacao,29JHMKBQT5OT,Curacao 5GB - 5 Days,17.48  $,23.99  $,5,5,Yes,Limit - Maximum Data 5GB
  Cyprus,W4KW9ONCSMOR,Cyprus 10GB - 10 Days,6.00  $,9.99  $,10,10,Yes,Limit - Maximum Data 10GB
  Cyprus,MKLZVCB3OFNJ,Cyprus 10GB - 15 Days,6.32  $,9.99  $,10,15,Yes,Limit - Maximum Data 10GB
  Cyprus,PRSVVHJPYMKC,Cyprus 10GB - 30 Days,6.59  $,12.99  $,10,30,Yes,Limit - Maximum Data 10GB
  Cyprus,NIXUMSJBN6DB,Cyprus 10GB - 5 Days,5.40  $,8.99  $,10,5,Yes,Limit - Maximum Data 10GB
  Cyprus,EGW2T54ALHL0,Cyprus 1GB - 10 Days,2.00  $,3.99  $,1,10,Yes,Limit - Maximum Data 1GB
  Cyprus,HSLOLTVLBBOV,Cyprus 1GB - 15 Days,2.11  $,4.99  $,1,15,Yes,Limit - Maximum Data 1GB
  Cyprus,VURFT8WGR1AG,Cyprus 1GB - 30 Days,2.20  $,6.99  $,1,30,Yes,Limit - Maximum Data 1GB
  Cyprus,K3KVBPFAG397,Cyprus 1GB - 5 Days,1.80  $,2.99  $,1,5,Yes,Limit - Maximum Data 1GB
  Cyprus,EQ1SMK2EVLR1,Cyprus 20GB - 10 Days,9.00  $,18.99  $,20,10,Yes,Limit - Maximum Data 20GB
  Cyprus,QD8EZMWB5CRH,Cyprus 20GB - 15 Days,9.49  $,19.99  $,20,15,Yes,Limit - Maximum Data 20GB
  Cyprus,IR1TC6WE5MIQ,Cyprus 20GB - 30 Days,9.89  $,21.99  $,20,30,Yes,Limit - Maximum Data 20GB
  Cyprus,5IW2RLEYW8AM,Cyprus 20GB - 5 Days,8.10  $,17.99  $,20,5,Yes,Limit - Maximum Data 20GB
  Cyprus,WXRQUONICXDN,Cyprus 3GB - 10 Days,3.00  $,6.99  $,3,10,Yes,Limit - Maximum Data 3GB
  Cyprus,Q5ZS1QQQ0AVE,Cyprus 3GB - 15 Days,3.16  $,7.99  $,3,15,Yes,Limit - Maximum Data 3GB
  Cyprus,6RMZ7CTOWQ2Y,Cyprus 3GB - 30 Days,3.29  $,8.99  $,3,30,Yes,Limit - Maximum Data 3GB
  Cyprus,IEWRCOZK22YY,Cyprus 3GB - 5 Days,2.70  $,6.99  $,3,5,Yes,Limit - Maximum Data 3GB
  Cyprus,MBFG3HHHBINO,Cyprus 5GB - 10 Days,4.00  $,5.99  $,5,10,Yes,Limit - Maximum Data 5GB
  Cyprus,YCG3FSBUOO1X,Cyprus 5GB - 15 Days,4.21  $,6.99  $,5,15,Yes,Limit - Maximum Data 5GB
  Cyprus,SRL23BJRAU0O,Cyprus 5GB - 30 Days,4.39  $,8.99  $,5,30,Yes,Limit - Maximum Data 5GB
  Cyprus,K8PHTYMTDWGW,Cyprus 5GB - 5 Days,3.60  $,4.99  $,5,5,Yes,Limit - Maximum Data 5GB
  Cyprus,98TX87BIQHCU,Cyprus Unlimited LITE - 10 Days,13.04  $,24.99  $,Unlimited,10,Yes,"Daily - 2GB per Day, then 1Mbps"
  Cyprus,2XQSKZSDYWB5,Cyprus Unlimited LITE - 15 Days,17.22  $,32.99  $,Unlimited,15,Yes,"Daily - 2GB per Day, then 1Mbps"
  Cyprus,OKIYOTGCLP4X,Cyprus Unlimited LITE - 30 Days,21.40  $,40.99  $,Unlimited,30,Yes,"Daily - 2GB per Day, then 1Mbps"
  Cyprus,L7LNGPV0ZZJO,Cyprus Unlimited LITE - 5 Days,8.87  $,16.99  $,Unlimited,5,Yes,"Daily - 2GB per Day, then 1Mbps"
  Cyprus,7MQX6QWFI8ZT,Cyprus Unlimited MAX - 10 Days,21.40  $,29.99  $,Unlimited,10,Yes,"Daily - 5GB per Day, then 1Mbps"
  Cyprus,2LXGYSZ6HSMW,Cyprus Unlimited MAX - 15 Days,25.57  $,39.99  $,Unlimited,15,Yes,"Daily - 5GB per Day, then 1Mbps"
  Cyprus,T2UAC5UDPOFI,Cyprus Unlimited MAX - 30 Days,29.75  $,49.99  $,Unlimited,30,Yes,"Daily - 5GB per Day, then 1Mbps"
  Cyprus,I10C6WYN8M3F,Cyprus Unlimited MAX - 5 Days,13.04  $,24.99  $,Unlimited,5,Yes,"Daily - 5GB per Day, then 1Mbps"
  Cyprus,0XIZBTDX2JK4,Cyprus Unlimited STANDARD - 10 Days,13.04  $,19.99  $,Unlimited,10,Yes,"Daily - 3GB per Day, then 1Mbps"
  Cyprus,ZTVL5VKBCW1A,Cyprus Unlimited STANDARD - 15 Days,17.22  $,29.99  $,Unlimited,15,Yes,"Daily - 3GB per Day, then 1Mbps"
  Cyprus,B0PIFVJDPF2O,Cyprus Unlimited STANDARD - 30 Days,21.40  $,39.99  $,Unlimited,30,Yes,"Daily - 3GB per Day, then 1Mbps"
  Cyprus,DCN7IK908ODW,Cyprus Unlimited STANDARD - 5 Days,8.87  $,14.99  $,Unlimited,5,Yes,"Daily - 3GB per Day, then 1Mbps"
  Czech Republic,ZEVMH7CCL2UB,Czech Republic 10GB - 10 Days,6.50  $,9.99  $,10,10,Yes,Limit - Maximum Data 10GB
  Czech Republic,EOEINFHG8J3S,Czech Republic 10GB - 15 Days,6.85  $,9.99  $,10,15,Yes,Limit - Maximum Data 10GB
  Czech Republic,ZM9FUOIU6E1L,Czech Republic 10GB - 30 Days,7.14  $,12.99  $,10,30,Yes,Limit - Maximum Data 10GB
  Czech Republic,QZ2IIFUVRMJ1,Czech Republic 10GB - 5 Days,5.85  $,8.99  $,10,5,Yes,Limit - Maximum Data 10GB
  Czech Republic,GN7VYQU9TO3I,Czech Republic 1GB - 10 Days,2.00  $,3.99  $,1,10,Yes,Limit - Maximum Data 1GB
  Czech Republic,QQWSCYQC4O8U,Czech Republic 1GB - 15 Days,2.11  $,4.99  $,1,15,Yes,Limit - Maximum Data 1GB
  Czech Republic,TSNUVVI1HIJQ,Czech Republic 1GB - 30 Days,2.20  $,6.99  $,1,30,Yes,Limit - Maximum Data 1GB
  Czech Republic,CSB9XY0IMJFS,Czech Republic 1GB - 5 Days,1.80  $,2.99  $,1,5,Yes,Limit - Maximum Data 1GB
  Czech Republic,R0AZESABKU9C,Czech Republic 20GB - 10 Days,9.50  $,18.99  $,20,10,Yes,Limit - Maximum Data 20GB
  Czech Republic,CX0ZTYDB5DRV,Czech Republic 20GB - 15 Days,10.02  $,19.99  $,20,15,Yes,Limit - Maximum Data 20GB
  Czech Republic,DA0JWX7FASWO,Czech Republic 20GB - 30 Days,10.44  $,21.99  $,20,30,Yes,Limit - Maximum Data 20GB
  Czech Republic,BNZ9DQFFESOS,Czech Republic 20GB - 5 Days,8.55  $,17.99  $,20,5,Yes,Limit - Maximum Data 20GB
  Czech Republic,UYGZEXL7JKLQ,Czech Republic 3GB - 10 Days,3.00  $,7.99  $,3,10,Yes,Limit - Maximum Data 3GB
  Czech Republic,UXM0ORW1ELD5,Czech Republic 3GB - 15 Days,3.16  $,8.99  $,3,15,Yes,Limit - Maximum Data 3GB
  Czech Republic,CSDNLJZHWTMK,Czech Republic 3GB - 30 Days,3.29  $,9.99  $,3,30,Yes,Limit - Maximum Data 3GB
  Czech Republic,IE76H0IKXA5S,Czech Republic 3GB - 5 Days,2.70  $,7.99  $,3,5,Yes,Limit - Maximum Data 3GB
  Czech Republic,PG1LVPEERUFB,Czech Republic 5GB - 10 Days,4.00  $,5.99  $,5,10,Yes,Limit - Maximum Data 5GB
  Czech Republic,LKHEFWYPLTGS,Czech Republic 5GB - 15 Days,4.21  $,6.99  $,5,15,Yes,Limit - Maximum Data 5GB
  Czech Republic,5IOO1XZ3UM81,Czech Republic 5GB - 30 Days,4.39  $,8.99  $,5,30,Yes,Limit - Maximum Data 5GB
  Czech Republic,GDA5SWBDSVJX,Czech Republic 5GB - 5 Days,3.60  $,4.99  $,5,5,Yes,Limit - Maximum Data 5GB
  Czech Republic,HYUBCDGTNI90,Czech Republic Unlimited LITE - 10 Days,14.49  $,24.99  $,Unlimited,10,Yes,"Daily - 2GB per Day, then 1Mbps"
  Czech Republic,ZPANXTJTFVTE,Czech Republic Unlimited LITE - 15 Days,19.13  $,32.99  $,Unlimited,15,Yes,"Daily - 2GB per Day, then 1Mbps"
  Czech Republic,36Z3PLBZWD4G,Czech Republic Unlimited LITE - 30 Days,27.69  $,40.99  $,Unlimited,30,Yes,"Daily - 2GB per Day, then 1Mbps"
  Czech Republic,ORC6AGBX8WTC,Czech Republic Unlimited LITE - 5 Days,9.85  $,16.99  $,Unlimited,5,Yes,"Daily - 2GB per Day, then 1Mbps"
  Czech Republic,GGOEK6DSRQC5,Czech Republic Unlimited MAX - 10 Days,22.44  $,29.99  $,Unlimited,10,Yes,"Daily - 5GB per Day, then 1Mbps"
  Czech Republic,5EETWGCHXAKU,Czech Republic Unlimited MAX - 15 Days,40.36  $,49.99  $,Unlimited,15,Yes,"Daily - 5GB per Day, then 1Mbps"
  Czech Republic,VLOUBJVKMYCV,Czech Republic Unlimited MAX - 30 Days,58.49  $,59.99  $,Unlimited,30,Yes,"Daily - 5GB per Day, then 1Mbps"
  Czech Republic,ZLHCQ4NLGKOI,Czech Republic Unlimited MAX - 5 Days,12.52  $,24.99  $,Unlimited,5,Yes,"Daily - 5GB per Day, then 1Mbps"
  Czech Republic,M0IJ1T3TJ75A,Czech Republic Unlimited STANDARD - 10 Days,14.49  $,24.99  $,Unlimited,10,Yes,"Daily - 3GB per Day, then 1Mbps"
  Czech Republic,DXTQ7PYNF6AI,Czech Republic Unlimited STANDARD - 15 Days,19.27  $,39.99  $,Unlimited,15,Yes,"Daily - 3GB per Day, then 1Mbps"
  Czech Republic,CB3R2YDD4WPV,Czech Republic Unlimited STANDARD - 30 Days,28.24  $,49.99  $,Unlimited,30,Yes,"Daily - 3GB per Day, then 1Mbps"
  Czech Republic,YJKIBJ9D90WH,Czech Republic Unlimited STANDARD - 5 Days,9.85  $,14.99  $,Unlimited,5,Yes,"Daily - 3GB per Day, then 1Mbps"
  Democratic Republic of the Congo,POOJU3TZGFM6,Democratic Republic of the Congo 10GB - 10 Days,31.76  $,41.99  $,10,10,Yes,Limit - Maximum Data 10GB
  Democratic Republic of the Congo,EAATBJWZCCIW,Democratic Republic of the Congo 10GB - 15 Days,33.51  $,42.99  $,10,15,Yes,Limit - Maximum Data 10GB
  Democratic Republic of the Congo,3C42HUXCDULM,Democratic Republic of the Congo 10GB - 30 Days,34.94  $,46.99  $,10,30,Yes,Limit - Maximum Data 10GB
  Democratic Republic of the Congo,XFNVIUARSOTK,Democratic Republic of the Congo 10GB - 5 Days,28.58  $,40.99  $,10,5,Yes,Limit - Maximum Data 10GB
  Democratic Republic of the Congo,GVIRAYLCOTWX,Democratic Republic of the Congo 1GB - 10 Days,5.49  $,5.99  $,1,10,Yes,Limit - Maximum Data 1GB
  Democratic Republic of the Congo,ZYWKMHT2XGBE,Democratic Republic of the Congo 1GB - 15 Days,5.79  $,6.99  $,1,15,Yes,Limit - Maximum Data 1GB
  Democratic Republic of the Congo,VSZHJTKISNNF,Democratic Republic of the Congo 1GB - 30 Days,6.04  $,8.99  $,1,30,Yes,Limit - Maximum Data 1GB
  Democratic Republic of the Congo,MCIXDLNKSRG7,Democratic Republic of the Congo 1GB - 5 Days,4.94  $,4.99  $,1,5,Yes,Limit - Maximum Data 1GB
  Democratic Republic of the Congo,5WYQTYDL8EC2,Democratic Republic of the Congo 20GB - 10 Days,47.91  $,61.99  $,20,10,Yes,Limit - Maximum Data 20GB
  Democratic Republic of the Congo,1V6TIH5XAC4K,Democratic Republic of the Congo 20GB - 15 Days,50.55  $,62.99  $,20,15,Yes,Limit - Maximum Data 20GB
  Democratic Republic of the Congo,HWRUMHEGZYVK,Democratic Republic of the Congo 20GB - 30 Days,52.70  $,66.99  $,20,30,Yes,Limit - Maximum Data 20GB
  Democratic Republic of the Congo,TEWX7FBWLLDZ,Democratic Republic of the Congo 20GB - 5 Days,43.12  $,60.99  $,20,5,Yes,Limit - Maximum Data 20GB
  Democratic Republic of the Congo,UY4G6YPDR1QV,Democratic Republic of the Congo 3GB - 10 Days,12.41  $,14.99  $,3,10,Yes,Limit - Maximum Data 3GB
  Democratic Republic of the Congo,GRVOEU59HBAJ,Democratic Republic of the Congo 3GB - 15 Days,13.09  $,14.99  $,3,15,Yes,Limit - Maximum Data 3GB
  Democratic Republic of the Congo,SGR3B57ONCCF,Democratic Republic of the Congo 3GB - 30 Days,13.65  $,17.99  $,3,30,Yes,Limit - Maximum Data 3GB
  Democratic Republic of the Congo,8QJEK7ETF5IE,Democratic Republic of the Congo 3GB - 5 Days,11.17  $,13.99  $,3,5,Yes,Limit - Maximum Data 3GB
  Democratic Republic of the Congo,PSM9RGMKRJ6M,Democratic Republic of the Congo 5GB - 10 Days,18.45  $,24.99  $,5,10,Yes,Limit - Maximum Data 5GB
  Democratic Republic of the Congo,VSHJ5TOVEXI7,Democratic Republic of the Congo 5GB - 15 Days,19.46  $,24.99  $,5,15,Yes,Limit - Maximum Data 5GB
  Democratic Republic of the Congo,6I1SNMACGKV5,Democratic Republic of the Congo 5GB - 30 Days,20.30  $,27.99  $,5,30,Yes,Limit - Maximum Data 5GB
  Democratic Republic of the Congo,QTDVA5PFQQGM,Democratic Republic of the Congo 5GB - 5 Days,16.61  $,23.99  $,5,5,Yes,Limit - Maximum Data 5GB
  Denmark,IZQWVTDKD7B0,Denmark 10GB - 10 Days,6.50  $,12.99  $,10,10,Yes,Limit - Maximum Data 10GB
  Denmark,I5KSM6BLXLP8,Denmark 10GB - 15 Days,6.85  $,13.99  $,10,15,Yes,Limit - Maximum Data 10GB
  Denmark,QOXLJIYQSFP1,Denmark 10GB - 30 Days,7.14  $,15.99  $,10,30,Yes,Limit - Maximum Data 10GB
  Denmark,ZUNHIFQUP0WK,Denmark 10GB - 5 Days,5.85  $,11.99  $,10,5,Yes,Limit - Maximum Data 10GB
  Denmark,ORA7EDANMKLL,Denmark 1GB - 10 Days,2.00  $,4.99  $,1,10,Yes,Limit - Maximum Data 1GB
  Denmark,CBWLBAMJBQQK,Denmark 1GB - 15 Days,2.11  $,4.99  $,1,15,Yes,Limit - Maximum Data 1GB
  Denmark,Z9KUCOEVAJEW,Denmark 1GB - 30 Days,2.20  $,7.99  $,1,30,Yes,Limit - Maximum Data 1GB
  Denmark,OECNLXVIR6Q8,Denmark 1GB - 5 Days,1.80  $,3.99  $,1,5,Yes,Limit - Maximum Data 1GB
  Denmark,FCMN7FLLWHTF,Denmark 20GB - 10 Days,9.50  $,21.99  $,20,10,Yes,Limit - Maximum Data 20GB
  Denmark,0UQGRWUTQYNF,Denmark 20GB - 15 Days,10.02  $,22.99  $,20,15,Yes,Limit - Maximum Data 20GB
  Denmark,RSBA0O6YGL2Z,Denmark 20GB - 30 Days,10.44  $,24.99  $,20,30,Yes,Limit - Maximum Data 20GB
  Denmark,ZTWEZJ3K6OYI,Denmark 20GB - 5 Days,8.55  $,20.99  $,20,5,Yes,Limit - Maximum Data 20GB
  Denmark,6XSWZNYEI4QR,Denmark 3GB - 10 Days,3.00  $,7.99  $,3,10,Yes,Limit - Maximum Data 3GB
  Denmark,OJKKQN54LRP7,Denmark 3GB - 15 Days,3.16  $,8.99  $,3,15,Yes,Limit - Maximum Data 3GB
  Denmark,NFGWIRSA1JOQ,Denmark 3GB - 30 Days,3.29  $,9.99  $,3,30,Yes,Limit - Maximum Data 3GB
  Denmark,DTYA2VHHQCEQ,Denmark 3GB - 5 Days,2.70  $,7.99  $,3,5,Yes,Limit - Maximum Data 3GB
  Denmark,0AWYPTRCESMX,Denmark 5GB - 10 Days,4.00  $,6.99  $,5,10,Yes,Limit - Maximum Data 5GB
  Denmark,HIIHY7DHSLDX,Denmark 5GB - 15 Days,4.21  $,7.99  $,5,15,Yes,Limit - Maximum Data 5GB
  Denmark,ZBEKQLNNAK0Y,Denmark 5GB - 30 Days,4.39  $,9.99  $,5,30,Yes,Limit - Maximum Data 5GB
  Denmark,ITROWBLBPLDR,Denmark 5GB - 5 Days,3.60  $,5.99  $,5,5,Yes,Limit - Maximum Data 5GB
  Denmark,PFNUY3IYHP2R,Denmark Unlimited LITE - 10 Days,14.49  $,24.99  $,Unlimited,10,Yes,"Daily - 2GB per Day, then 1Mbps"
  Denmark,AHTQRWJH403R,Denmark Unlimited LITE - 15 Days,19.13  $,32.99  $,Unlimited,15,Yes,"Daily - 2GB per Day, then 1Mbps"
  Denmark,NQDF0MOD4LUB,Denmark Unlimited LITE - 30 Days,27.96  $,40.99  $,Unlimited,30,Yes,"Daily - 2GB per Day, then 1Mbps"
  Denmark,TRRQ97EBNLMJ,Denmark Unlimited LITE - 5 Days,9.85  $,16.99  $,Unlimited,5,Yes,"Daily - 2GB per Day, then 1Mbps"
  Denmark,TQAJHMP9WMYT,Denmark Unlimited MAX - 10 Days,22.44  $,29.99  $,Unlimited,10,Yes,"Daily - 5GB per Day, then 1Mbps"
  Denmark,4OJVLKKBAMGC,Denmark Unlimited MAX - 15 Days,27.66  $,49.99  $,Unlimited,15,Yes,"Daily - 5GB per Day, then 1Mbps"
  Denmark,QYNTYCNO48SS,Denmark Unlimited MAX - 30 Days,38.32  $,59.99  $,Unlimited,30,Yes,"Daily - 5GB per Day, then 1Mbps"
  Denmark,UDMCKDJTWZQZ,Denmark Unlimited MAX - 5 Days,12.52  $,24.99  $,Unlimited,5,Yes,"Daily - 5GB per Day, then 1Mbps"
  Denmark,X8TVKEMMPYJH,Denmark Unlimited STANDARD - 10 Days,14.49  $,24.99  $,Unlimited,10,Yes,"Daily - 3GB per Day, then 1Mbps"
  Denmark,4YOUIF4WHNIC,Denmark Unlimited STANDARD - 15 Days,19.13  $,39.99  $,Unlimited,15,Yes,"Daily - 3GB per Day, then 1Mbps"
  Denmark,MPAIL54TZOKG,Denmark Unlimited STANDARD - 30 Days,30.50  $,49.99  $,Unlimited,30,Yes,"Daily - 3GB per Day, then 1Mbps"
  Denmark,EGC7CXNYVIRM,Denmark Unlimited STANDARD - 5 Days,9.85  $,14.99  $,Unlimited,5,Yes,"Daily - 3GB per Day, then 1Mbps"
  Dominica,VRCZFZMQ0Z5L,Dominica 10GB - 10 Days,27.93  $,41.99  $,10,10,Yes,Limit - Maximum Data 10GB
  Dominica,HK2TX3KRIXNO,Dominica 10GB - 15 Days,29.47  $,42.99  $,10,15,Yes,Limit - Maximum Data 10GB
  Dominica,JEN505L126IR,Dominica 10GB - 30 Days,30.72  $,46.99  $,10,30,Yes,Limit - Maximum Data 10GB
  Dominica,NS6QWG9NA7TW,Dominica 10GB - 5 Days,25.14  $,40.99  $,10,5,Yes,Limit - Maximum Data 10GB
  Dominica,CVMYQK3RZGBY,Dominica 1GB - 10 Days,4.89  $,5.99  $,1,10,Yes,Limit - Maximum Data 1GB
  Dominica,NWYHHMUPTXBA,Dominica 1GB - 15 Days,5.16  $,6.99  $,1,15,Yes,Limit - Maximum Data 1GB
  Dominica,L0P19KI4DSNY,Dominica 1GB - 30 Days,5.38  $,8.99  $,1,30,Yes,Limit - Maximum Data 1GB
  Dominica,T5A6JBOCLEFD,Dominica 1GB - 5 Days,4.40  $,4.99  $,1,5,Yes,Limit - Maximum Data 1GB
  Dominica,B6XZKDOXJUU0,Dominica 20GB - 10 Days,42.10  $,61.99  $,20,10,Yes,Limit - Maximum Data 20GB
  Dominica,2LXPVI0JHGHP,Dominica 20GB - 15 Days,44.42  $,62.99  $,20,15,Yes,Limit - Maximum Data 20GB
  Dominica,E7TMGHOYR6HM,Dominica 20GB - 30 Days,46.31  $,66.99  $,20,30,Yes,Limit - Maximum Data 20GB
  Dominica,OCL8BXADABMC,Dominica 20GB - 5 Days,37.89  $,60.99  $,20,5,Yes,Limit - Maximum Data 20GB
  Dominica,GTNUNL32JRLZ,Dominica 3GB - 10 Days,10.95  $,14.99  $,3,10,Yes,Limit - Maximum Data 3GB
  Dominica,IWBFYXPIL4EU,Dominica 3GB - 15 Days,11.55  $,14.99  $,3,15,Yes,Limit - Maximum Data 3GB
  Dominica,DUPN3569TK6S,Dominica 3GB - 30 Days,12.05  $,17.99  $,3,30,Yes,Limit - Maximum Data 3GB
  Dominica,DT23UKJAY21Y,Dominica 3GB - 5 Days,9.86  $,13.99  $,3,5,Yes,Limit - Maximum Data 3GB
  Dominica,ZXY8QZIIUBJO,Dominica 5GB - 10 Days,16.25  $,24.99  $,5,10,Yes,Limit - Maximum Data 5GB
  Dominica,M7BTZU8QHTYQ,Dominica 5GB - 15 Days,17.14  $,24.99  $,5,15,Yes,Limit - Maximum Data 5GB
  Dominica,S3ZLADGEFIJX,Dominica 5GB - 30 Days,17.88  $,27.99  $,5,30,Yes,Limit - Maximum Data 5GB
  Dominica,4JRWC3TPWBJO,Dominica 5GB - 5 Days,14.63  $,23.99  $,5,5,Yes,Limit - Maximum Data 5GB
  Dominican Republic,C8TDJ3RGLVY7,Dominican Republic 10GB - 10 Days,31.21  $,41.99  $,10,10,Yes,Limit - Maximum Data 10GB
  Dominican Republic,L9WBXF1GJXKE,Dominican Republic 10GB - 15 Days,32.93  $,42.99  $,10,15,Yes,Limit - Maximum Data 10GB
  Dominican Republic,EGTSWTUKRHOK,Dominican Republic 10GB - 30 Days,34.33  $,46.99  $,10,30,Yes,Limit - Maximum Data 10GB
  Dominican Republic,PHIJWHTXU1BG,Dominican Republic 10GB - 5 Days,28.09  $,40.99  $,10,5,Yes,Limit - Maximum Data 10GB
  Dominican Republic,TVIUJYNCYCOZ,Dominican Republic 1GB - 10 Days,5.30  $,5.99  $,1,10,Yes,Limit - Maximum Data 1GB
  Dominican Republic,UU8BLSOXFJMW,Dominican Republic 1GB - 15 Days,5.59  $,6.99  $,1,15,Yes,Limit - Maximum Data 1GB
  Dominican Republic,OEQFXTSG0MCR,Dominican Republic 1GB - 30 Days,5.83  $,8.99  $,1,30,Yes,Limit - Maximum Data 1GB
  Dominican Republic,SPR8CZNPY3R2,Dominican Republic 1GB - 5 Days,4.77  $,4.99  $,1,5,Yes,Limit - Maximum Data 1GB
  Dominican Republic,PQYSEJB0UVN7,Dominican Republic 20GB - 10 Days,39.50  $,61.99  $,20,10,Yes,Limit - Maximum Data 20GB
  Dominican Republic,VZAG2NDZF37F,Dominican Republic 20GB - 15 Days,41.67  $,62.99  $,20,15,Yes,Limit - Maximum Data 20GB
  Dominican Republic,Q9EHMB3TAEK0,Dominican Republic 20GB - 30 Days,43.44  $,66.99  $,20,30,Yes,Limit - Maximum Data 20GB
  Dominican Republic,VSYBIEC5XMXJ,Dominican Republic 20GB - 5 Days,35.55  $,60.99  $,20,5,Yes,Limit - Maximum Data 20GB
  Dominican Republic,D0TVHQJ2SJW6,Dominican Republic 3GB - 10 Days,11.99  $,14.99  $,3,10,Yes,Limit - Maximum Data 3GB
  Dominican Republic,4FLIARFMUHB1,Dominican Republic 3GB - 15 Days,12.65  $,14.99  $,3,15,Yes,Limit - Maximum Data 3GB
  Dominican Republic,PUA3RO0L9GV8,Dominican Republic 3GB - 30 Days,13.19  $,17.99  $,3,30,Yes,Limit - Maximum Data 3GB
  Dominican Republic,JRYISJOHNPAL,Dominican Republic 3GB - 5 Days,10.79  $,13.99  $,3,5,Yes,Limit - Maximum Data 3GB
  Dominican Republic,BDEJWRLAKCSI,Dominican Republic 5GB - 10 Days,19.45  $,24.99  $,5,10,Yes,Limit - Maximum Data 5GB
  Dominican Republic,LJCDKGTYX3YO,Dominican Republic 5GB - 15 Days,20.52  $,24.99  $,5,15,Yes,Limit - Maximum Data 5GB
  Dominican Republic,OE7F9XWLYBTB,Dominican Republic 5GB - 30 Days,21.40  $,27.99  $,5,30,Yes,Limit - Maximum Data 5GB
  Dominican Republic,QDPLPACME0AW,Dominican Republic 5GB - 5 Days,17.51  $,23.99  $,5,5,Yes,Limit - Maximum Data 5GB
  Ecuador,IKM8NCCTFQMY,Ecuador 10GB - 10 Days,12.50  $,22.99  $,10,10,Yes,Limit - Maximum Data 10GB
  Ecuador,TC9RNZNGTPBD,Ecuador 10GB - 15 Days,13.18  $,23.99  $,10,15,Yes,Limit - Maximum Data 10GB
  Ecuador,9PXETAQMDO07,Ecuador 10GB - 30 Days,13.74  $,25.99  $,10,30,Yes,Limit - Maximum Data 10GB
  Ecuador,NBBESQEWKIKH,Ecuador 10GB - 5 Days,11.25  $,21.99  $,10,5,Yes,Limit - Maximum Data 10GB
  Ecuador,FVVTJPBNCPYW,Ecuador 1GB - 10 Days,2.50  $,5.99  $,1,10,Yes,Limit - Maximum Data 1GB
  Ecuador,XSBADNLF6BHU,Ecuador 1GB - 15 Days,2.63  $,6.99  $,1,15,Yes,Limit - Maximum Data 1GB
  Ecuador,C3SHCNPAQJBP,Ecuador 1GB - 30 Days,2.74  $,8.99  $,1,30,Yes,Limit - Maximum Data 1GB
  Ecuador,CT7JUF5K6D8A,Ecuador 1GB - 5 Days,2.25  $,4.99  $,1,5,Yes,Limit - Maximum Data 1GB
  Ecuador,C7J3TIZOFKB4,Ecuador 20GB - 10 Days,20.00  $,41.99  $,20,10,Yes,Limit - Maximum Data 20GB
  Ecuador,KQWDLXRAUSEH,Ecuador 20GB - 15 Days,21.09  $,42.99  $,20,15,Yes,Limit - Maximum Data 20GB
  Ecuador,QBYOFKAK42UB,Ecuador 20GB - 30 Days,21.99  $,46.99  $,20,30,Yes,Limit - Maximum Data 20GB
  Ecuador,5UBHQOZ8JVZR,Ecuador 20GB - 5 Days,18.00  $,40.99  $,20,5,Yes,Limit - Maximum Data 20GB
  Ecuador,V4UNU6FRZKM4,Ecuador 3GB - 10 Days,5.00  $,9.99  $,3,10,Yes,Limit - Maximum Data 3GB
  Ecuador,GW5DLWNMAUU5,Ecuador 3GB - 15 Days,5.27  $,9.99  $,3,15,Yes,Limit - Maximum Data 3GB
  Ecuador,UXSF4GOYP3KB,Ecuador 3GB - 30 Days,5.49  $,12.99  $,3,30,Yes,Limit - Maximum Data 3GB
  Ecuador,XH98Y3YCTCBS,Ecuador 3GB - 5 Days,4.50  $,8.99  $,3,5,Yes,Limit - Maximum Data 3GB
  Ecuador,1RXJDIBMOISU,Ecuador 5GB - 10 Days,7.50  $,12.99  $,5,10,Yes,Limit - Maximum Data 5GB
  Ecuador,R5EJTC26QVZS,Ecuador 5GB - 15 Days,7.91  $,13.99  $,5,15,Yes,Limit - Maximum Data 5GB
  Ecuador,K7SGRQP4I1JE,Ecuador 5GB - 30 Days,8.24  $,15.99  $,5,30,Yes,Limit - Maximum Data 5GB
  Ecuador,E5OBZRU2QTP3,Ecuador 5GB - 5 Days,6.75  $,11.99  $,5,5,Yes,Limit - Maximum Data 5GB
  Ecuador,A6KAPT6YZD1V,Ecuador Unlimited LITE - 10 Days,21.04  $,55.99  $,Unlimited,10,Yes,"Daily - 2GB per Day, then 1Mbps"
  Ecuador,DAMSFGNVCY63,Ecuador Unlimited LITE - 15 Days,34.79  $,88.99  $,Unlimited,15,Yes,"Daily - 2GB per Day, then 1Mbps"
  Ecuador,HUNWIMMA2PL6,Ecuador Unlimited LITE - 30 Days,60.07  $,128.99  $,Unlimited,30,Yes,"Daily - 2GB per Day, then 1Mbps"
  Ecuador,BGEFMZSFIART,Ecuador Unlimited LITE - 5 Days,13.04  $,28.99  $,Unlimited,5,Yes,"Daily - 2GB per Day, then 1Mbps"
  Ecuador,4BQ7SIFCPA2R,Ecuador Unlimited MAX - 10 Days,29.35  $,39.99  $,Unlimited,10,Yes,"Daily - 5GB per Day, then 1Mbps"
  Ecuador,LATFUVIFWGT1,Ecuador Unlimited MAX - 15 Days,46.61  $,69.99  $,Unlimited,15,Yes,"Daily - 5GB per Day, then 1Mbps"
  Ecuador,VSUPDKYYBDPS,Ecuador Unlimited MAX - 30 Days,82.57  $,99.99  $,Unlimited,30,Yes,"Daily - 5GB per Day, then 1Mbps"
  Ecuador,FCBKO0PENQEI,Ecuador Unlimited MAX - 5 Days,15.65  $,24.99  $,Unlimited,5,Yes,"Daily - 5GB per Day, then 1Mbps"
  Ecuador,ZOQDM4TBDRHG,Ecuador Unlimited STANDARD - 10 Days,21.35  $,34.99  $,Unlimited,10,Yes,"Daily - 3GB per Day, then 1Mbps"
  Ecuador,BRTBHNV2GIXW,Ecuador Unlimited STANDARD - 15 Days,34.60  $,59.99  $,Unlimited,15,Yes,"Daily - 3GB per Day, then 1Mbps"
  Ecuador,AS9R59ST1VCI,Ecuador Unlimited STANDARD - 30 Days,65.60  $,89.99  $,Unlimited,30,Yes,"Daily - 3GB per Day, then 1Mbps"
  Ecuador,SVHSQNG2EZDW,Ecuador Unlimited STANDARD - 5 Days,13.04  $,19.99  $,Unlimited,5,Yes,"Daily - 3GB per Day, then 1Mbps"
  Egypt,SUQLAVXKLEKE,Egypt 10GB - 10 Days,15.71  $,12.99  $,10,10,Yes,Limit - Maximum Data 10GB
  Egypt,ELJYCDV5IUDV,Egypt 10GB - 15 Days,16.57  $,13.99  $,10,15,Yes,Limit - Maximum Data 10GB
  Egypt,LS2VDOYBXRIA,Egypt 10GB - 30 Days,17.28  $,15.99  $,10,30,Yes,Limit - Maximum Data 10GB
  Egypt,NHK1FRGVNV0Z,Egypt 10GB - 5 Days,14.14  $,11.99  $,10,5,Yes,Limit - Maximum Data 10GB
  Egypt,CXCNKS8FBHUK,Egypt 1GB - 10 Days,3.00  $,4.99  $,1,10,Yes,Limit - Maximum Data 1GB
  Egypt,PJYWLMC6JG1A,Egypt 1GB - 15 Days,3.16  $,4.99  $,1,15,Yes,Limit - Maximum Data 1GB
  Egypt,Q740QKIJO7RQ,Egypt 1GB - 30 Days,3.29  $,7.99  $,1,30,Yes,Limit - Maximum Data 1GB
  Egypt,N5FEZHYYHMIR,Egypt 1GB - 5 Days,2.70  $,3.99  $,1,5,Yes,Limit - Maximum Data 1GB
  Egypt,KAEOMDEO37ZV,Egypt 20GB - 10 Days,24.24  $,21.99  $,20,10,Yes,Limit - Maximum Data 20GB
  Egypt,XGVFPSOUFUGJ,Egypt 20GB - 15 Days,25.57  $,22.99  $,20,15,Yes,Limit - Maximum Data 20GB
  Egypt,EKZWTY2FIYIN,Egypt 20GB - 30 Days,26.66  $,24.99  $,20,30,Yes,Limit - Maximum Data 20GB
  Egypt,95JO5L7ZEGSM,Egypt 20GB - 5 Days,21.82  $,20.99  $,20,5,Yes,Limit - Maximum Data 20GB
  Egypt,NEXAPK0VUR4N,Egypt 3GB - 10 Days,6.00  $,5.99  $,3,10,Yes,Limit - Maximum Data 3GB
  Egypt,JW0FMHGTFQZR,Egypt 3GB - 15 Days,6.32  $,6.99  $,3,15,Yes,Limit - Maximum Data 3GB
  Egypt,XSASTD5J5EO4,Egypt 3GB - 30 Days,6.59  $,8.99  $,3,30,Yes,Limit - Maximum Data 3GB
  Egypt,XUMRP5V8LNBV,Egypt 3GB - 5 Days,5.40  $,4.99  $,3,5,Yes,Limit - Maximum Data 3GB
  Egypt,RT2UZFH1ULPD,Egypt 5GB - 10 Days,8.65  $,6.99  $,5,10,Yes,Limit - Maximum Data 5GB
  Egypt,C4R5CYZWQX9K,Egypt 5GB - 15 Days,9.13  $,7.99  $,5,15,Yes,Limit - Maximum Data 5GB
  Egypt,0DD25A6OQB8P,Egypt 5GB - 30 Days,9.52  $,9.99  $,5,30,Yes,Limit - Maximum Data 5GB
  Egypt,IZJNJSO28VS8,Egypt 5GB - 5 Days,7.79  $,5.99  $,5,5,Yes,Limit - Maximum Data 5GB
  El Salvador,5FJ8QBAXGCWF,El Salvador 10GB - 10 Days,20.27  $,41.99  $,10,10,Yes,Limit - Maximum Data 10GB
  El Salvador,59VO2BZ8VITR,El Salvador 10GB - 15 Days,21.38  $,42.99  $,10,15,Yes,Limit - Maximum Data 10GB
  El Salvador,VWBNMWAPVNE1,El Salvador 10GB - 30 Days,22.30  $,46.99  $,10,30,Yes,Limit - Maximum Data 10GB
  El Salvador,WMQ3JKM7ELCS,El Salvador 10GB - 5 Days,18.24  $,40.99  $,10,5,Yes,Limit - Maximum Data 10GB
  El Salvador,SEMO0QSMH8D0,El Salvador 1GB - 10 Days,3.69  $,5.99  $,1,10,Yes,Limit - Maximum Data 1GB
  El Salvador,YDTTA2FFGPCM,El Salvador 1GB - 15 Days,3.89  $,6.99  $,1,15,Yes,Limit - Maximum Data 1GB
  El Salvador,PRSZIAZUJJZC,El Salvador 1GB - 30 Days,4.06  $,8.99  $,1,30,Yes,Limit - Maximum Data 1GB
  El Salvador,QT6M57CTZUMQ,El Salvador 1GB - 5 Days,3.32  $,4.99  $,1,5,Yes,Limit - Maximum Data 1GB
  El Salvador,ZFG9NDWBCJOA,El Salvador 20GB - 10 Days,30.48  $,61.99  $,20,10,Yes,Limit - Maximum Data 20GB
  El Salvador,6MCAZHMG7F5D,El Salvador 20GB - 15 Days,32.16  $,62.99  $,20,15,Yes,Limit - Maximum Data 20GB
  El Salvador,DQQMXV53IFGW,El Salvador 20GB - 30 Days,33.53  $,66.99  $,20,30,Yes,Limit - Maximum Data 20GB
  El Salvador,YPFBJ1Y6T42Y,El Salvador 20GB - 5 Days,27.43  $,60.99  $,20,5,Yes,Limit - Maximum Data 20GB
  El Salvador,OKUDZAY1HP5F,El Salvador 3GB - 10 Days,8.05  $,14.99  $,3,10,Yes,Limit - Maximum Data 3GB
  El Salvador,LROPBFWEIU6E,El Salvador 3GB - 15 Days,8.49  $,14.99  $,3,15,Yes,Limit - Maximum Data 3GB
  El Salvador,2IU4PDFLCABH,El Salvador 3GB - 30 Days,8.86  $,17.99  $,3,30,Yes,Limit - Maximum Data 3GB
  El Salvador,IHOBI4GAVMDG,El Salvador 3GB - 5 Days,7.25  $,13.99  $,3,5,Yes,Limit - Maximum Data 3GB
  El Salvador,CLZQARMFY2AY,El Salvador 5GB - 10 Days,11.86  $,24.99  $,5,10,Yes,Limit - Maximum Data 5GB
  El Salvador,PJSHO2U7RQHU,El Salvador 5GB - 15 Days,12.51  $,24.99  $,5,15,Yes,Limit - Maximum Data 5GB
  El Salvador,ROFN9LRCBK0N,El Salvador 5GB - 30 Days,13.05  $,27.99  $,5,30,Yes,Limit - Maximum Data 5GB
  El Salvador,WIZJTMY2CSML,El Salvador 5GB - 5 Days,10.67  $,23.99  $,5,5,Yes,Limit - Maximum Data 5GB
  El Salvador,AS8GUZ2R7MKH,El Salvador Unlimited MAX - 10 Days,59.29  $,59.99  $,Unlimited,10,Yes,"Daily - 5GB per Day, then 1Mbps"
  El Salvador,C3EPMSBONI3A,El Salvador Unlimited MAX - 15 Days,80.99  $,89.99  $,Unlimited,15,Yes,"Daily - 5GB per Day, then 1Mbps"
  El Salvador,NQRYPGJJSDH7,El Salvador Unlimited MAX - 30 Days,107.99  $,109.99  $,Unlimited,30,Yes,"Daily - 5GB per Day, then 1Mbps"
  El Salvador,ROYHAEP2RSOH,El Salvador Unlimited MAX - 5 Days,29.96  $,29.99  $,Unlimited,5,Yes,"Daily - 5GB per Day, then 1Mbps"
  El Salvador,SA5VLTK3BG0M,El Salvador Unlimited STANDARD - 10 Days,42.97  $,54.99  $,Unlimited,10,Yes,"Daily - 3GB per Day, then 1Mbps"
  El Salvador,V60XHSSPLRHW,El Salvador Unlimited STANDARD - 15 Days,70.00  $,79.99  $,Unlimited,15,Yes,"Daily - 3GB per Day, then 1Mbps"
  El Salvador,G4KF5JARVALR,El Salvador Unlimited STANDARD - 30 Days,89.99  $,99.99  $,Unlimited,30,Yes,"Daily - 3GB per Day, then 1Mbps"
  El Salvador,MBMX7CQJZQHP,El Salvador Unlimited STANDARD - 5 Days,22.82  $,24.99  $,Unlimited,5,Yes,"Daily - 3GB per Day, then 1Mbps"
  Estonia,IHJC9SLQUVYR,Estonia 10GB - 10 Days,6.50  $,9.99  $,10,10,Yes,Limit - Maximum Data 10GB
  Estonia,HG0P1UETZFXN,Estonia 10GB - 15 Days,6.85  $,9.99  $,10,15,Yes,Limit - Maximum Data 10GB
  Estonia,GULSBTDHVJRG,Estonia 10GB - 30 Days,7.14  $,12.99  $,10,30,Yes,Limit - Maximum Data 10GB
  Estonia,QD74PEQSBGHJ,Estonia 10GB - 5 Days,5.85  $,8.99  $,10,5,Yes,Limit - Maximum Data 10GB
  Estonia,CVTWC6FJHHPV,Estonia 1GB - 10 Days,2.00  $,3.99  $,1,10,Yes,Limit - Maximum Data 1GB
  Estonia,TKLCWX0HZEF1,Estonia 1GB - 15 Days,2.11  $,4.99  $,1,15,Yes,Limit - Maximum Data 1GB
  Estonia,ZOCEQNW1JVNZ,Estonia 1GB - 30 Days,2.20  $,6.99  $,1,30,Yes,Limit - Maximum Data 1GB
  Estonia,QRCA7VP5FJY2,Estonia 1GB - 5 Days,1.80  $,2.99  $,1,5,Yes,Limit - Maximum Data 1GB
  Estonia,5XOICID6THWR,Estonia 20GB - 10 Days,9.50  $,18.99  $,20,10,Yes,Limit - Maximum Data 20GB
  Estonia,8DOEPX9OWRCU,Estonia 20GB - 15 Days,10.02  $,19.99  $,20,15,Yes,Limit - Maximum Data 20GB
  Estonia,YGF2E2XKNIUQ,Estonia 20GB - 30 Days,10.44  $,21.99  $,20,30,Yes,Limit - Maximum Data 20GB
  Estonia,RYKHCIAR6HYI,Estonia 20GB - 5 Days,8.55  $,17.99  $,20,5,Yes,Limit - Maximum Data 20GB
  Estonia,DRMGCBLIE1XT,Estonia 3GB - 10 Days,3.00  $,6.99  $,3,10,Yes,Limit - Maximum Data 3GB
  Estonia,A5FTMMUXBIKI,Estonia 3GB - 15 Days,3.16  $,7.99  $,3,15,Yes,Limit - Maximum Data 3GB
  Estonia,ENVZ5W1ROFYU,Estonia 3GB - 30 Days,3.29  $,8.99  $,3,30,Yes,Limit - Maximum Data 3GB
  Estonia,OPNOAZ5W2CRQ,Estonia 3GB - 5 Days,2.70  $,6.99  $,3,5,Yes,Limit - Maximum Data 3GB
  Estonia,VFVJ1TUHQBKW,Estonia 5GB - 10 Days,4.00  $,5.99  $,5,10,Yes,Limit - Maximum Data 5GB
  Estonia,VQMAWEN9FO2U,Estonia 5GB - 15 Days,4.21  $,6.99  $,5,15,Yes,Limit - Maximum Data 5GB
  Estonia,2O3YDADXVAR9,Estonia 5GB - 30 Days,4.39  $,8.99  $,5,30,Yes,Limit - Maximum Data 5GB
  Estonia,R7SGPWHJWSUB,Estonia 5GB - 5 Days,3.60  $,4.99  $,5,5,Yes,Limit - Maximum Data 5GB
  Estonia,MWE6YFTA7PBA,Estonia Unlimited LITE - 10 Days,14.49  $,24.99  $,Unlimited,10,Yes,"Daily - 2GB per Day, then 1Mbps"
  Estonia,QCN7VF9II3YK,Estonia Unlimited LITE - 15 Days,19.13  $,32.99  $,Unlimited,15,Yes,"Daily - 2GB per Day, then 1Mbps"
  Estonia,IVDBRVLQU8R8,Estonia Unlimited LITE - 30 Days,27.96  $,40.99  $,Unlimited,30,Yes,"Daily - 2GB per Day, then 1Mbps"
  Estonia,OEH3XCG6CE1X,Estonia Unlimited LITE - 5 Days,9.85  $,16.99  $,Unlimited,5,Yes,"Daily - 2GB per Day, then 1Mbps"
  Estonia,CL6UZVPTYHQ4,Estonia Unlimited MAX - 10 Days,24.93  $,29.99  $,Unlimited,10,Yes,"Daily - 5GB per Day, then 1Mbps"
  Estonia,RIGKTPTCA7JL,Estonia Unlimited MAX - 15 Days,30.73  $,39.99  $,Unlimited,15,Yes,"Daily - 5GB per Day, then 1Mbps"
  Estonia,R8BQQFTDEMLS,Estonia Unlimited MAX - 30 Days,38.32  $,49.99  $,Unlimited,30,Yes,"Daily - 5GB per Day, then 1Mbps"
  Estonia,G4YTM0UIAA7Q,Estonia Unlimited MAX - 5 Days,13.91  $,24.99  $,Unlimited,5,Yes,"Daily - 5GB per Day, then 1Mbps"
  Estonia,Y8RNV97GDMR9,Estonia Unlimited STANDARD - 10 Days,14.49  $,19.99  $,Unlimited,10,Yes,"Daily - 3GB per Day, then 1Mbps"
  Estonia,US8UH0BWOF54,Estonia Unlimited STANDARD - 15 Days,19.13  $,29.99  $,Unlimited,15,Yes,"Daily - 3GB per Day, then 1Mbps"
  Estonia,CABCYOKMZBYN,Estonia Unlimited STANDARD - 30 Days,30.50  $,39.99  $,Unlimited,30,Yes,"Daily - 3GB per Day, then 1Mbps"
  Estonia,A43UAGPBL2AP,Estonia Unlimited STANDARD - 5 Days,9.85  $,14.99  $,Unlimited,5,Yes,"Daily - 3GB per Day, then 1Mbps"
  Ethiopia,EQPDP5XIFZX7,Ethiopia 1GB - 10 Days,53.99  $,14.99  $,1,10,Yes,Limit - Maximum Data 1GB
  Ethiopia,6LTXBPZOKWDQ,Ethiopia 1GB - 15 Days,56.96  $,14.99  $,1,15,Yes,Limit - Maximum Data 1GB
  Ethiopia,4NIXYJYQQWLS,Ethiopia 1GB - 30 Days,59.39  $,17.99  $,1,30,Yes,Limit - Maximum Data 1GB
  Ethiopia,GSX7B0YYZ4KO,Ethiopia 1GB - 5 Days,48.59  $,13.99  $,1,5,Yes,Limit - Maximum Data 1GB
  Ethiopia,ROIQO1L1AJIN,Ethiopia 3GB - 10 Days,145.42  $,40.99  $,3,10,Yes,Limit - Maximum Data 3GB
  Ethiopia,EO3NDD0OHXSI,Ethiopia 3GB - 15 Days,153.42  $,41.99  $,3,15,Yes,Limit - Maximum Data 3GB
  Ethiopia,RNDHRT0FANAB,Ethiopia 3GB - 30 Days,159.96  $,45.99  $,3,30,Yes,Limit - Maximum Data 3GB
  Ethiopia,PDUQFK9OAV0Y,Ethiopia 3GB - 5 Days,130.88  $,39.99  $,3,5,Yes,Limit - Maximum Data 3GB
  Ethiopia,SIVKLN4BPXDN,Ethiopia 5GB - 10 Days,219.46  $,67.99  $,5,10,Yes,Limit - Maximum Data 5GB
  Ethiopia,AIQOLEEF3V85,Ethiopia 5GB - 15 Days,231.53  $,68.99  $,5,15,Yes,Limit - Maximum Data 5GB
  Ethiopia,QJUIVLCEKP0F,Ethiopia 5GB - 30 Days,241.41  $,72.99  $,5,30,Yes,Limit - Maximum Data 5GB
  Ethiopia,MY37YJE6NQOW,Ethiopia 5GB - 5 Days,197.51  $,66.99  $,5,5,Yes,Limit - Maximum Data 5GB
  Falkland Islands,LNVPYSYJC9UK,Falkland Islands 1GB - 10 Days,53.99  $,70.99  $,1,10,Yes,Limit - Maximum Data 1GB
  Falkland Islands,7L6CEYJPW8VE,Falkland Islands 1GB - 15 Days,56.96  $,71.99  $,1,15,Yes,Limit - Maximum Data 1GB
  Falkland Islands,ZD95JGGLEKSO,Falkland Islands 1GB - 30 Days,59.39  $,75.99  $,1,30,Yes,Limit - Maximum Data 1GB
  Falkland Islands,RKOMMBNAWP37,Falkland Islands 1GB - 5 Days,48.59  $,69.99  $,1,5,Yes,Limit - Maximum Data 1GB
  Falkland Islands,PVTAK8HYAW7R,Falkland Islands 3GB - 10 Days,140.79  $,189.99  $,3,10,Yes,Limit - Maximum Data 3GB
  Falkland Islands,TAX56EHWIHSQ,Falkland Islands 3GB - 15 Days,148.53  $,194.99  $,3,15,Yes,Limit - Maximum Data 3GB
  Falkland Islands,ISNP1E2RH4TA,Falkland Islands 3GB - 30 Days,154.87  $,199.99  $,3,30,Yes,Limit - Maximum Data 3GB
  Falkland Islands,0EDL8H8JFHMC,Falkland Islands 3GB - 5 Days,126.71  $,189.99  $,3,5,Yes,Limit - Maximum Data 3GB
  Falkland Islands,0BPI9PGNQMID,Falkland Islands 5GB - 10 Days,212.46  $,319.99  $,5,10,Yes,Limit - Maximum Data 5GB
  Falkland Islands,QPMR2HMEGRKE,Falkland Islands 5GB - 15 Days,224.15  $,319.99  $,5,15,Yes,Limit - Maximum Data 5GB
  Falkland Islands,IQK1MSPJR221,Falkland Islands 5GB - 30 Days,233.71  $,324.99  $,5,30,Yes,Limit - Maximum Data 5GB
  Falkland Islands,QKNM7VWOI4EX,Falkland Islands 5GB - 5 Days,191.21  $,319.99  $,5,5,Yes,"Daily - 500MB per Day, then 500Kbps"
  Faroe Islands,CBXITUYMS4WT,Faroe Islands 10GB - 10 Days,9.42  $,22.99  $,10,10,Yes,Limit - Maximum Data 10GB
  Faroe Islands,BJVNFKOERLCS,Faroe Islands 10GB - 15 Days,9.94  $,23.99  $,10,15,Yes,Limit - Maximum Data 10GB
  Faroe Islands,7LWGCV2FK32G,Faroe Islands 10GB - 30 Days,10.36  $,25.99  $,10,30,Yes,Limit - Maximum Data 10GB
  Faroe Islands,V41S54XRG7DO,Faroe Islands 10GB - 5 Days,8.48  $,21.99  $,10,5,Yes,Limit - Maximum Data 10GB
  Faroe Islands,HAD1SNS3VERX,Faroe Islands 1GB - 10 Days,2.50  $,5.99  $,1,10,Yes,Limit - Maximum Data 1GB
  Faroe Islands,EKNULSO0MGVN,Faroe Islands 1GB - 15 Days,2.64  $,6.99  $,1,15,Yes,Limit - Maximum Data 1GB
  Faroe Islands,ZEOPNOW2SGBD,Faroe Islands 1GB - 30 Days,2.75  $,8.99  $,1,30,Yes,Limit - Maximum Data 1GB
  Faroe Islands,HTQHFKB3LOOI,Faroe Islands 1GB - 5 Days,2.25  $,4.99  $,1,5,Yes,Limit - Maximum Data 1GB
  Faroe Islands,80PKVLPPDGHI,Faroe Islands 20GB - 10 Days,14.02  $,41.99  $,20,10,Yes,Limit - Maximum Data 20GB
  Faroe Islands,QZQ7STBXVWEK,Faroe Islands 20GB - 15 Days,14.79  $,42.99  $,20,15,Yes,Limit - Maximum Data 20GB
  Faroe Islands,FMCGYI6PBXWP,Faroe Islands 20GB - 30 Days,15.42  $,46.99  $,20,30,Yes,Limit - Maximum Data 20GB
  Faroe Islands,VTJIXI6PLDQC,Faroe Islands 20GB - 5 Days,12.62  $,40.99  $,20,5,Yes,Limit - Maximum Data 20GB
  Faroe Islands,KHF3PLPNTHH1,Faroe Islands 3GB - 10 Days,3.93  $,9.99  $,3,10,Yes,Limit - Maximum Data 3GB
  Faroe Islands,NJ7A6FN4SVKV,Faroe Islands 3GB - 15 Days,4.15  $,9.99  $,3,15,Yes,Limit - Maximum Data 3GB
  Faroe Islands,WRGSO0XY6RVI,Faroe Islands 3GB - 30 Days,4.32  $,12.99  $,3,30,Yes,Limit - Maximum Data 3GB
  Faroe Islands,OG8R3NTOHO1G,Faroe Islands 3GB - 5 Days,3.54  $,8.99  $,3,5,Yes,Limit - Maximum Data 3GB
  Faroe Islands,7OQ9CEUYLANA,Faroe Islands 5GB - 10 Days,5.63  $,12.99  $,5,10,Yes,Limit - Maximum Data 5GB
  Faroe Islands,V8DCDL427LFX,Faroe Islands 5GB - 15 Days,5.94  $,13.99  $,5,15,Yes,Limit - Maximum Data 5GB
  Faroe Islands,81A3QVU4HNXC,Faroe Islands 5GB - 30 Days,6.19  $,15.99  $,5,30,Yes,Limit - Maximum Data 5GB
  Faroe Islands,YWPCT0F7S1WE,Faroe Islands 5GB - 5 Days,5.07  $,11.99  $,5,5,Yes,Limit - Maximum Data 5GB
  Fiji,TME1UXLQYATH,Fiji 10GB - 10 Days,40.05  $,41.99  $,10,10,Yes,Limit - Maximum Data 10GB
  Fiji,HTDFXA32DGQQ,Fiji 10GB - 15 Days,42.25  $,42.99  $,10,15,Yes,Limit - Maximum Data 10GB
  Fiji,ZTPTM9MFO6VC,Fiji 10GB - 30 Days,44.06  $,46.99  $,10,30,Yes,Limit - Maximum Data 10GB
  Fiji,ONIXYX871COR,Fiji 10GB - 5 Days,36.05  $,40.99  $,10,5,Yes,Limit - Maximum Data 10GB
  Fiji,0IK8MHPAAHCZ,Fiji 1GB - 10 Days,6.78  $,5.99  $,1,10,Yes,Limit - Maximum Data 1GB
  Fiji,GHQDTUPZKR87,Fiji 1GB - 15 Days,7.15  $,6.99  $,1,15,Yes,Limit - Maximum Data 1GB
  Fiji,BNGVSBH8MWKS,Fiji 1GB - 30 Days,7.46  $,8.99  $,1,30,Yes,Limit - Maximum Data 1GB
  Fiji,6LAXXGHDWKWU,Fiji 1GB - 5 Days,6.10  $,4.99  $,1,5,Yes,Limit - Maximum Data 1GB
  Fiji,ALLTKJVGV0XU,Fiji 20GB - 10 Days,65.50  $,61.99  $,20,10,Yes,Limit - Maximum Data 20GB
  Fiji,U1QULB427BRF,Fiji 20GB - 15 Days,69.10  $,62.99  $,20,15,Yes,Limit - Maximum Data 20GB
  Fiji,ZTEFFCGV3EWB,Fiji 20GB - 30 Days,72.04  $,66.99  $,20,30,Yes,Limit - Maximum Data 20GB
  Fiji,C4YVFKDT2H5E,Fiji 20GB - 5 Days,58.95  $,60.99  $,20,5,Yes,Limit - Maximum Data 20GB
  Fiji,DF9V3GLM2QSJ,Fiji 3GB - 10 Days,15.56  $,14.99  $,3,10,Yes,Limit - Maximum Data 3GB
  Fiji,H2J0FZ8OWJAV,Fiji 3GB - 15 Days,16.42  $,14.99  $,3,15,Yes,Limit - Maximum Data 3GB
  Fiji,3ATPV8Q6JE4A,Fiji 3GB - 30 Days,17.12  $,17.99  $,3,30,Yes,Limit - Maximum Data 3GB
  Fiji,GVYAA5CZK01V,Fiji 3GB - 5 Days,14.00  $,13.99  $,3,5,Yes,Limit - Maximum Data 3GB
  Fiji,IC7WJOQWHI54,Fiji 5GB - 10 Days,23.21  $,24.99  $,5,10,Yes,Limit - Maximum Data 5GB
  Fiji,EADVJ6NTL24V,Fiji 5GB - 15 Days,24.49  $,24.99  $,5,15,Yes,Limit - Maximum Data 5GB
  Fiji,G1TGZ84OSEH9,Fiji 5GB - 30 Days,25.53  $,27.99  $,5,30,Yes,Limit - Maximum Data 5GB
  Fiji,5QTT0ORVKLVB,Fiji 5GB - 5 Days,20.89  $,23.99  $,5,5,Yes,Limit - Maximum Data 5GB
  Finland,AJYYQUT7LSUX,Finland 10GB - 10 Days,6.50  $,9.99  $,10,10,Yes,Limit - Maximum Data 10GB
  Finland,JBVUB0U436BA,Finland 10GB - 15 Days,6.85  $,9.99  $,10,15,Yes,Limit - Maximum Data 10GB
  Finland,VMW8PD1BOCKO,Finland 10GB - 30 Days,7.14  $,12.99  $,10,30,Yes,Limit - Maximum Data 10GB
  Finland,9WH12GC0XL2O,Finland 10GB - 5 Days,5.85  $,8.99  $,10,5,Yes,Limit - Maximum Data 10GB
  Finland,2Z8YI1NWWZE7,Finland 1GB - 10 Days,2.00  $,3.99  $,1,10,Yes,Limit - Maximum Data 1GB
  Finland,DBAXO8ZVNMPE,Finland 1GB - 15 Days,2.11  $,4.99  $,1,15,Yes,Limit - Maximum Data 1GB
  Finland,1VUUBFLJPVEK,Finland 1GB - 30 Days,2.20  $,6.99  $,1,30,Yes,Limit - Maximum Data 1GB
  Finland,S6QTNKS2HNBE,Finland 1GB - 5 Days,1.80  $,2.99  $,1,5,Yes,Limit - Maximum Data 1GB
  Finland,3U9MT0KFFVPB,Finland 20GB - 10 Days,9.50  $,18.99  $,20,10,Yes,Limit - Maximum Data 20GB
  Finland,GHTHKSABCBME,Finland 20GB - 15 Days,10.02  $,19.99  $,20,15,Yes,Limit - Maximum Data 20GB
  Finland,HTDRIJQG6UJZ,Finland 20GB - 30 Days,10.44  $,21.99  $,20,30,Yes,Limit - Maximum Data 20GB
  Finland,7FBWCZ6WCXYO,Finland 20GB - 5 Days,8.55  $,17.99  $,20,5,Yes,Limit - Maximum Data 20GB
  Finland,HTUAN2BORVJQ,Finland 3GB - 10 Days,3.00  $,7.99  $,3,10,Yes,Limit - Maximum Data 3GB
  Finland,3FCKSOUZ9KPQ,Finland 3GB - 15 Days,3.16  $,8.99  $,3,15,Yes,Limit - Maximum Data 3GB
  Finland,SQ3QXVOYLL0D,Finland 3GB - 30 Days,3.29  $,9.99  $,3,30,Yes,Limit - Maximum Data 3GB
  Finland,TRZSURNWMLLZ,Finland 3GB - 5 Days,2.70  $,7.99  $,3,5,Yes,Limit - Maximum Data 3GB
  Finland,5VQNROI5U9TP,Finland 5GB - 10 Days,4.00  $,5.99  $,5,10,Yes,Limit - Maximum Data 5GB
  Finland,ZKDBQPUGSHA7,Finland 5GB - 15 Days,4.21  $,6.99  $,5,15,Yes,Limit - Maximum Data 5GB
  Finland,VQI1CFHYHAHU,Finland 5GB - 30 Days,4.39  $,8.99  $,5,30,Yes,Limit - Maximum Data 5GB
  Finland,OSDNE83FWZOU,Finland 5GB - 5 Days,3.60  $,4.99  $,5,5,Yes,Limit - Maximum Data 5GB
  Finland,X3XPRZF71JMM,Finland Unlimited LITE - 10 Days,14.49  $,24.99  $,Unlimited,10,Yes,"Daily - 2GB per Day, then 1Mbps"
  Finland,EX3CDBADVCGN,Finland Unlimited LITE - 15 Days,19.13  $,32.99  $,Unlimited,15,Yes,"Daily - 2GB per Day, then 1Mbps"
  Finland,OE4CW2TJKYPW,Finland Unlimited LITE - 30 Days,27.96  $,40.99  $,Unlimited,30,Yes,"Daily - 2GB per Day, then 1Mbps"
  Finland,358F5SZBR7DC,Finland Unlimited LITE - 5 Days,9.85  $,16.99  $,Unlimited,5,Yes,"Daily - 2GB per Day, then 1Mbps"
  Finland,UWFIEUORPRN1,Finland Unlimited MAX - 10 Days,22.44  $,29.99  $,Unlimited,10,Yes,"Daily - 5GB per Day, then 1Mbps"
  Finland,JM2F61SPWNKP,Finland Unlimited MAX - 15 Days,27.66  $,49.99  $,Unlimited,15,Yes,"Daily - 5GB per Day, then 1Mbps"
  Finland,4M2LBN8UINQF,Finland Unlimited MAX - 30 Days,38.32  $,59.99  $,Unlimited,30,Yes,"Daily - 5GB per Day, then 1Mbps"
  Finland,YGHECNKJVH6F,Finland Unlimited MAX - 5 Days,12.52  $,24.99  $,Unlimited,5,Yes,"Daily - 5GB per Day, then 1Mbps"
  Finland,1U7OSHFQPL9R,Finland Unlimited STANDARD - 10 Days,14.49  $,24.99  $,Unlimited,10,Yes,"Daily - 3GB per Day, then 1Mbps"
  Finland,MH3U3P7YVXX1,Finland Unlimited STANDARD - 15 Days,19.13  $,39.99  $,Unlimited,15,Yes,"Daily - 3GB per Day, then 1Mbps"
  Finland,WLCBFLTM2R1E,Finland Unlimited STANDARD - 30 Days,30.50  $,49.99  $,Unlimited,30,Yes,"Daily - 3GB per Day, then 1Mbps"
  Finland,QPFPZT9FW8OT,Finland Unlimited STANDARD - 5 Days,9.85  $,14.99  $,Unlimited,5,Yes,"Daily - 3GB per Day, then 1Mbps"
  France,MLP5EHKZRSEK,France 10GB - 10 Days,6.00  $,9.99  $,10,10,Yes,Limit - Maximum Data 10GB
  France,QNMJQEQSULQP,France 10GB - 15 Days,6.32  $,9.99  $,10,15,Yes,Limit - Maximum Data 10GB
  France,MXYTA7T35IFV,France 10GB - 30 Days,6.59  $,12.99  $,10,30,Yes,Limit - Maximum Data 10GB
  France,6Z5HIQR738KP,France 10GB - 5 Days,5.40  $,8.99  $,10,5,Yes,Limit - Maximum Data 10GB
  France,OULSWWZE2GH1,France 1GB - 10 Days,2.00  $,3.99  $,1,10,Yes,Limit - Maximum Data 1GB
  France,LQTPO0TZ5CJU,France 1GB - 15 Days,2.11  $,4.99  $,1,15,Yes,Limit - Maximum Data 1GB
  France,SUL8JJTKGLJF,France 1GB - 30 Days,2.20  $,6.99  $,1,30,Yes,Limit - Maximum Data 1GB
  France,M6FAIAFCNCZ7,France 1GB - 5 Days,1.80  $,2.99  $,1,5,Yes,Limit - Maximum Data 1GB
  France,LOQUMLQ2AD0N,France 20GB - 10 Days,9.00  $,18.99  $,20,10,Yes,Limit - Maximum Data 20GB
  France,RNNZGHYN7Q7C,France 20GB - 15 Days,9.49  $,19.99  $,20,15,Yes,Limit - Maximum Data 20GB
  France,XYDAVHP4W19Z,France 20GB - 30 Days,9.89  $,21.99  $,20,30,Yes,Limit - Maximum Data 20GB
  France,CGJTXPVHKY9R,France 20GB - 5 Days,8.10  $,17.99  $,20,5,Yes,Limit - Maximum Data 20GB
  France,MY2UGTSIEEOD,France 3GB - 10 Days,3.00  $,7.99  $,3,10,Yes,Limit - Maximum Data 3GB
  France,ZV5OFXJ2SN8C,France 3GB - 15 Days,3.16  $,8.99  $,3,15,Yes,Limit - Maximum Data 3GB
  France,RSR5Z0B0LV4C,France 3GB - 30 Days,3.29  $,9.99  $,3,30,Yes,Limit - Maximum Data 3GB
  France,P1RRIDGCNVCF,France 3GB - 5 Days,2.70  $,7.99  $,3,5,Yes,Limit - Maximum Data 3GB
  France,KOEC8UYAFR6B,France 5GB - 10 Days,4.00  $,5.99  $,5,10,Yes,Limit - Maximum Data 5GB
  France,UXFOIVSM9HRP,France 5GB - 15 Days,4.21  $,6.99  $,5,15,Yes,Limit - Maximum Data 5GB
  France,CCEGPRVRZTN3,France 5GB - 30 Days,4.39  $,8.99  $,5,30,Yes,Limit - Maximum Data 5GB
  France,YYBPUN1O90N6,France 5GB - 5 Days,3.60  $,4.99  $,5,5,Yes,Limit - Maximum Data 5GB
  France,1QALSNTZCFY0,France Unlimited LITE - 10 Days,14.49  $,24.99  $,Unlimited,10,Yes,"Daily - 2GB per Day, then 1Mbps"
  France,2YMWDHYV8JHC,France Unlimited LITE - 15 Days,20.76  $,32.99  $,Unlimited,15,Yes,"Daily - 2GB per Day, then 1Mbps"
  France,P9M4QO7LAIR4,France Unlimited LITE - 30 Days,28.34  $,40.99  $,Unlimited,30,Yes,"Daily - 2GB per Day, then 1Mbps"
  France,OXDCQGYOQASY,France Unlimited LITE - 5 Days,9.85  $,16.99  $,Unlimited,5,Yes,"Daily - 2GB per Day, then 1Mbps"
  France,4Q4DCDESW7WT,France Unlimited MAX - 10 Days,21.40  $,34.99  $,Unlimited,10,Yes,"Daily - 5GB per Day, then 1Mbps"
  France,I0TRPPDW0VXN,France Unlimited MAX - 15 Days,25.57  $,54.99  $,Unlimited,15,Yes,"Daily - 5GB per Day, then 1Mbps"
  France,CZNBBQIFTIVS,France Unlimited MAX - 30 Days,46.00  $,69.99  $,Unlimited,30,Yes,"Daily - 5GB per Day, then 1Mbps"
  France,MDJOXBE0NGXY,France Unlimited MAX - 5 Days,13.04  $,24.99  $,Unlimited,5,Yes,"Daily - 5GB per Day, then 1Mbps"
  France,W4N3LJDOZQGJ,France Unlimited STANDARD - 10 Days,14.49  $,24.99  $,Unlimited,10,Yes,"Daily - 3GB per Day, then 1Mbps"
  France,VDDUN1RZWBIP,France Unlimited STANDARD - 15 Days,19.13  $,39.99  $,Unlimited,15,Yes,"Daily - 3GB per Day, then 1Mbps"
  France,6YPGVKYRE9PY,France Unlimited STANDARD - 30 Days,39.78  $,49.99  $,Unlimited,30,Yes,"Daily - 3GB per Day, then 1Mbps"
  France,UFXX9AKX2P33,France Unlimited STANDARD - 5 Days,9.85  $,14.99  $,Unlimited,5,Yes,"Daily - 3GB per Day, then 1Mbps"
  French Guiana,XBNG7RI1Y6UE,French Guiana 10GB - 10 Days,20.91  $,9.99  $,10,10,Yes,Limit - Maximum Data 10GB
  French Guiana,CERZTWV1AYLG,French Guiana 10GB - 15 Days,22.06  $,9.99  $,10,15,Yes,Limit - Maximum Data 10GB
  French Guiana,S5PPMX2JTYAO,French Guiana 10GB - 30 Days,23.00  $,12.99  $,10,30,Yes,Limit - Maximum Data 10GB
  French Guiana,QC9GWZI79BES,French Guiana 10GB - 5 Days,18.82  $,8.99  $,10,5,Yes,Limit - Maximum Data 10GB
  French Guiana,0EVAPOXTRXMZ,French Guiana 1GB - 10 Days,3.79  $,3.99  $,1,10,Yes,Limit - Maximum Data 1GB
  French Guiana,E2STSIWBOVMJ,French Guiana 1GB - 15 Days,4.00  $,4.99  $,1,15,Yes,Limit - Maximum Data 1GB
  French Guiana,TCQZWL6ZW9XJ,French Guiana 1GB - 30 Days,4.17  $,6.99  $,1,30,Yes,Limit - Maximum Data 1GB
  French Guiana,EKGKR5NF5XGO,French Guiana 1GB - 5 Days,3.41  $,2.99  $,1,5,Yes,Limit - Maximum Data 1GB
  French Guiana,TJVPEIRX04MC,French Guiana 20GB - 10 Days,31.50  $,18.99  $,20,10,Yes,Limit - Maximum Data 20GB
  French Guiana,RJXA8TGBHIEX,French Guiana 20GB - 15 Days,33.23  $,19.99  $,20,15,Yes,Limit - Maximum Data 20GB
  French Guiana,VXJQBDQNEPZT,French Guiana 20GB - 30 Days,34.64  $,21.99  $,20,30,Yes,Limit - Maximum Data 20GB
  French Guiana,LPRLV7IAXLCW,French Guiana 20GB - 5 Days,28.35  $,17.99  $,20,5,Yes,Limit - Maximum Data 20GB
  French Guiana,IZOXBXAUCFQG,French Guiana 3GB - 10 Days,8.29  $,12.99  $,3,10,Yes,Limit - Maximum Data 3GB
  French Guiana,2T9GGDDTF6RG,French Guiana 3GB - 15 Days,8.75  $,13.99  $,3,15,Yes,Limit - Maximum Data 3GB
  French Guiana,ABSO5YVGGE2G,French Guiana 3GB - 30 Days,9.12  $,14.99  $,3,30,Yes,Limit - Maximum Data 3GB
  French Guiana,G18QNHZCGBSD,French Guiana 3GB - 5 Days,7.46  $,11.99  $,3,5,Yes,Limit - Maximum Data 3GB
  French Guiana,SLK9M7UQKNOA,French Guiana 5GB - 10 Days,12.22  $,5.99  $,5,10,Yes,Limit - Maximum Data 5GB
  French Guiana,3JZLY6CE5WHF,French Guiana 5GB - 15 Days,12.89  $,6.99  $,5,15,Yes,Limit - Maximum Data 5GB
  French Guiana,MQ2ZUXOD6RLS,French Guiana 5GB - 30 Days,13.44  $,8.99  $,5,30,Yes,Limit - Maximum Data 5GB
  French Guiana,CF1OASHTPELP,French Guiana 5GB - 5 Days,11.00  $,4.99  $,5,5,Yes,Limit - Maximum Data 5GB
  French Polynesia,QYI6OELDM0XF,French Polynesia 1GB - 10 Days,44.99  $,12.99  $,1,10,Yes,Limit - Maximum Data 1GB
  French Polynesia,FXPOZNKGLJAT,French Polynesia 1GB - 15 Days,47.47  $,13.99  $,1,15,Yes,Limit - Maximum Data 1GB
  French Polynesia,4NKDCNIA8GSL,French Polynesia 1GB - 30 Days,49.49  $,15.99  $,1,30,Yes,Limit - Maximum Data 1GB
  French Polynesia,5P30WJLUDWAI,French Polynesia 1GB - 5 Days,40.49  $,11.99  $,1,5,Yes,Limit - Maximum Data 1GB
  French Polynesia,KQMVXNSM7PEH,French Polynesia 3GB - 10 Days,125.99  $,35.99  $,3,10,Yes,Limit - Maximum Data 3GB
  French Polynesia,W34EWHKSTKP9,French Polynesia 3GB - 15 Days,132.92  $,36.99  $,3,15,Yes,Limit - Maximum Data 3GB
  French Polynesia,XER3JTIRWJSE,French Polynesia 3GB - 30 Days,138.59  $,38.99  $,3,30,Yes,Limit - Maximum Data 3GB
  French Polynesia,TXUNVSP84EMM,French Polynesia 3GB - 5 Days,113.39  $,34.99  $,3,5,Yes,Limit - Maximum Data 3GB
  French Polynesia,JMNAOOF6ZEIX,French Polynesia 5GB - 10 Days,198.22  $,58.99  $,5,10,Yes,Limit - Maximum Data 5GB
  French Polynesia,COPYVOLF1ACW,French Polynesia 5GB - 15 Days,209.12  $,59.99  $,5,15,Yes,Limit - Maximum Data 5GB
  French Polynesia,HUDVXQCWOIHB,French Polynesia 5GB - 30 Days,218.04  $,63.99  $,5,30,Yes,Limit - Maximum Data 5GB
  French Polynesia,YU93PDVS3NOQ,French Polynesia 5GB - 5 Days,178.40  $,57.99  $,5,5,Yes,Limit - Maximum Data 5GB
  Gabon,RNDN1LGYCQFO,Gabon 10GB - 10 Days,80.20  $,41.99  $,10,10,Yes,Limit - Maximum Data 10GB
  Gabon,KUMCLUQBMV3J,Gabon 10GB - 15 Days,84.61  $,42.99  $,10,15,Yes,Limit - Maximum Data 10GB
  Gabon,P7EMHEOX3K2C,Gabon 10GB - 30 Days,88.22  $,46.99  $,10,30,Yes,Limit - Maximum Data 10GB
  Gabon,DGYX6DD3LZWW,Gabon 10GB - 5 Days,72.18  $,40.99  $,10,5,Yes,Limit - Maximum Data 10GB
  Gabon,NJZTZRQ1HF9L,Gabon 1GB - 10 Days,13.06  $,5.99  $,1,10,Yes,Limit - Maximum Data 1GB
  Gabon,TMRTRWJHNSPN,Gabon 1GB - 15 Days,13.78  $,6.99  $,1,15,Yes,Limit - Maximum Data 1GB
  Gabon,SYAQ0BUF5QN7,Gabon 1GB - 30 Days,14.37  $,8.99  $,1,30,Yes,Limit - Maximum Data 1GB
  Gabon,T1AX1MVQ2CBE,Gabon 1GB - 5 Days,11.75  $,4.99  $,1,5,Yes,Limit - Maximum Data 1GB
  Gabon,XCFQLSSING3U,Gabon 3GB - 10 Days,30.80  $,14.99  $,3,10,Yes,Limit - Maximum Data 3GB
  Gabon,MVHMROEX6KZU,Gabon 3GB - 15 Days,32.49  $,14.99  $,3,15,Yes,Limit - Maximum Data 3GB
  Gabon,PKV6VRUHSERF,Gabon 3GB - 30 Days,33.88  $,17.99  $,3,30,Yes,Limit - Maximum Data 3GB
  Gabon,J6HGW6WEX8ZY,Gabon 3GB - 5 Days,27.72  $,13.99  $,3,5,Yes,Limit - Maximum Data 3GB
  Gabon,ZPJGV2KNTV89,Gabon 5GB - 10 Days,46.24  $,24.99  $,5,10,Yes,Limit - Maximum Data 5GB
  Gabon,YJAETHNMKUDV,Gabon 5GB - 15 Days,48.78  $,24.99  $,5,15,Yes,Limit - Maximum Data 5GB
  Gabon,JGNAL4DTHOZ3,Gabon 5GB - 30 Days,50.86  $,27.99  $,5,30,Yes,Limit - Maximum Data 5GB
  Gabon,PAVDU7BDPZ4Z,Gabon 5GB - 5 Days,41.62  $,23.99  $,5,5,Yes,Limit - Maximum Data 5GB
  Gambia,YLFPMJXI2WNR,Gambia 1GB - 10 Days,22.49  $,29.99  $,1,10,Yes,Limit - Maximum Data 1GB
  Gambia,CF02NQBMM6YP,Gambia 1GB - 15 Days,23.73  $,29.99  $,1,15,Yes,Limit - Maximum Data 1GB
  Gambia,STHEFKRX1UZL,Gambia 1GB - 30 Days,24.74  $,32.99  $,1,30,Yes,Limit - Maximum Data 1GB
  Gambia,SBZRWNRMZUVA,Gambia 1GB - 5 Days,20.24  $,28.99  $,1,5,Yes,Limit - Maximum Data 1GB
  Gambia,KQO6XWVHWXRT,Gambia 3GB - 10 Days,58.68  $,80.99  $,3,10,Yes,Limit - Maximum Data 3GB
  Gambia,QMO4QIEPR5J0,Gambia 3GB - 15 Days,61.91  $,81.99  $,3,15,Yes,Limit - Maximum Data 3GB
  Gambia,J1RXUOX0RJ4N,Gambia 3GB - 30 Days,64.55  $,85.99  $,3,30,Yes,Limit - Maximum Data 3GB
  Gambia,UCTL7WZL1TDO,Gambia 3GB - 5 Days,52.81  $,79.99  $,3,5,Yes,Limit - Maximum Data 3GB
  Gambia,Q1AXW08P4IFL,Gambia 5GB - 10 Days,88.38  $,134.99  $,5,10,Yes,Limit - Maximum Data 5GB
  Gambia,G6A8CEQIKBXY,Gambia 5GB - 15 Days,93.24  $,134.99  $,5,15,Yes,Limit - Maximum Data 5GB
  Gambia,XFGODQO3V5X0,Gambia 5GB - 30 Days,97.22  $,139.99  $,5,30,Yes,Limit - Maximum Data 5GB
  Gambia,HY0PWCO8NRWK,Gambia 5GB - 5 Days,79.54  $,134.99  $,5,5,Yes,Limit - Maximum Data 5GB
  Georgia,WIBCLSQVMEJD,Georgia 10GB - 10 Days,7.27  $,13.99  $,10,10,Yes,Limit - Maximum Data 10GB
  Georgia,UUZVNEJRGOQW,Georgia 10GB - 15 Days,7.67  $,14.99  $,10,15,Yes,Limit - Maximum Data 10GB
  Georgia,OSOQOGLIHYBC,Georgia 10GB - 30 Days,8.00  $,16.99  $,10,30,Yes,Limit - Maximum Data 10GB
  Georgia,B4YQZY9F6HIW,Georgia 10GB - 5 Days,6.54  $,12.99  $,10,5,Yes,Limit - Maximum Data 10GB
  Georgia,XXGAO3HZGQ7E,Georgia 1GB - 10 Days,1.77  $,4.99  $,1,10,Yes,Limit - Maximum Data 1GB
  Georgia,WPX0NJ8WNMYL,Georgia 1GB - 15 Days,1.87  $,4.99  $,1,15,Yes,Limit - Maximum Data 1GB
  Georgia,GNHNCZIRCAND,Georgia 1GB - 30 Days,1.95  $,7.99  $,1,30,Yes,Limit - Maximum Data 1GB
  Georgia,TF5QC8XBW1IP,Georgia 1GB - 5 Days,1.59  $,3.99  $,1,5,Yes,Limit - Maximum Data 1GB
  Georgia,ZELISUZTHEEN,Georgia 20GB - 10 Days,13.00  $,24.99  $,20,10,Yes,Limit - Maximum Data 20GB
  Georgia,3UE1TKJRXOJF,Georgia 20GB - 15 Days,13.71  $,24.99  $,20,15,Yes,Limit - Maximum Data 20GB
  Georgia,L2QLUVPWJ8HE,Georgia 20GB - 30 Days,14.29  $,27.99  $,20,30,Yes,Limit - Maximum Data 20GB
  Georgia,Y2OWRPRMNJDF,Georgia 20GB - 5 Days,11.70  $,23.99  $,20,5,Yes,Limit - Maximum Data 20GB
  Georgia,VFXWPZ1Z9DN3,Georgia 3GB - 10 Days,3.50  $,5.99  $,3,10,Yes,Limit - Maximum Data 3GB
  Georgia,Q6H2EZARC9AG,Georgia 3GB - 15 Days,3.69  $,6.99  $,3,15,Yes,Limit - Maximum Data 3GB
  Georgia,IORZUVVPBRYF,Georgia 3GB - 30 Days,3.84  $,8.99  $,3,30,Yes,Limit - Maximum Data 3GB
  Georgia,K7EZOXVKESD3,Georgia 3GB - 5 Days,3.15  $,4.99  $,3,5,Yes,Limit - Maximum Data 3GB
  Georgia,DTFEVMN5LTX1,Georgia 5GB - 10 Days,4.72  $,6.99  $,5,10,Yes,Limit - Maximum Data 5GB
  Georgia,UXNGWFM8N6KI,Georgia 5GB - 15 Days,4.98  $,7.99  $,5,15,Yes,Limit - Maximum Data 5GB
  Georgia,HVSCYLZH6AQ5,Georgia 5GB - 30 Days,5.19  $,9.99  $,5,30,Yes,Limit - Maximum Data 5GB
  Georgia,YSEJKIXW4CHQ,Georgia 5GB - 5 Days,4.25  $,5.99  $,5,5,Yes,Limit - Maximum Data 5GB
  Georgia,2XRDD6MUAWXT,Georgia Unlimited LITE - 10 Days,15.65  $,32.99  $,Unlimited,10,Yes,"Daily - 2GB per Day, then 1Mbps"
  Georgia,6T7NNBXQRQEI,Georgia Unlimited LITE - 15 Days,20.87  $,48.99  $,Unlimited,15,Yes,"Daily - 2GB per Day, then 1Mbps"
  Georgia,42NP1PXKQMNI,Georgia Unlimited LITE - 30 Days,26.09  $,60.99  $,Unlimited,30,Yes,"Daily - 2GB per Day, then 1Mbps"
  Georgia,VKQWXJYORRFV,Georgia Unlimited LITE - 5 Days,9.85  $,16.99  $,Unlimited,5,Yes,"Daily - 2GB per Day, then 1Mbps"
  Georgia,JAVQ2AFY1IRO,Georgia Unlimited MAX - 10 Days,23.19  $,29.99  $,Unlimited,10,Yes,"Daily - 5GB per Day, then 1Mbps"
  Georgia,AZSJGPVLMFWO,Georgia Unlimited MAX - 15 Days,31.84  $,49.99  $,Unlimited,15,Yes,"Daily - 5GB per Day, then 1Mbps"
  Georgia,1HKJMPE9NXIE,Georgia Unlimited MAX - 30 Days,47.50  $,59.99  $,Unlimited,30,Yes,"Daily - 5GB per Day, then 1Mbps"
  Georgia,D6KY6WQMSP0X,Georgia Unlimited MAX - 5 Days,14.09  $,24.99  $,Unlimited,5,Yes,"Daily - 5GB per Day, then 1Mbps"
  Georgia,ALNEYPNLQIJG,Georgia Unlimited STANDARD - 10 Days,15.65  $,24.99  $,Unlimited,10,Yes,"Daily - 3GB per Day, then 1Mbps"
  Georgia,WWSAUJA9EDTO,Georgia Unlimited STANDARD - 15 Days,20.87  $,39.99  $,Unlimited,15,Yes,"Daily - 3GB per Day, then 1Mbps"
  Georgia,B5SVMUATXPXD,Georgia Unlimited STANDARD - 30 Days,26.09  $,49.99  $,Unlimited,30,Yes,"Daily - 3GB per Day, then 1Mbps"
  Georgia,APJB3LY9EMIT,Georgia Unlimited STANDARD - 5 Days,9.85  $,14.99  $,Unlimited,5,Yes,"Daily - 3GB per Day, then 1Mbps"
  Germany,LL0KRF6MQ3VB,Germany 10GB - 10 Days,6.50  $,9.99  $,10,10,Yes,Limit - Maximum Data 10GB
  Germany,ERQ13IB3BBSV,Germany 10GB - 15 Days,6.85  $,9.99  $,10,15,Yes,Limit - Maximum Data 10GB
  Germany,KK0LCNAT1ENS,Germany 10GB - 30 Days,7.14  $,12.99  $,10,30,Yes,Limit - Maximum Data 10GB
  Germany,L9FLBJLARRHL,Germany 10GB - 5 Days,5.85  $,8.99  $,10,5,Yes,Limit - Maximum Data 10GB
  Germany,LQX9KUZG8O45,Germany 1GB - 10 Days,2.00  $,3.99  $,1,10,Yes,Limit - Maximum Data 1GB
  Germany,LIAADHNJZBEQ,Germany 1GB - 15 Days,2.11  $,4.99  $,1,15,Yes,Limit - Maximum Data 1GB
  Germany,YJNYKMICAF0I,Germany 1GB - 30 Days,2.20  $,6.99  $,1,30,Yes,Limit - Maximum Data 1GB
  Germany,H1FKTYOD8PSL,Germany 1GB - 5 Days,1.80  $,2.99  $,1,5,Yes,Limit - Maximum Data 1GB
  Germany,B7YDHWKBAFPB,Germany 20GB - 10 Days,9.72  $,18.99  $,20,10,Yes,Limit - Maximum Data 20GB
  Germany,EZQ5VL8NAEOP,Germany 20GB - 15 Days,10.25  $,19.99  $,20,15,Yes,Limit - Maximum Data 20GB
  Germany,1EDJUXYKLYE2,Germany 20GB - 30 Days,10.69  $,21.99  $,20,30,Yes,Limit - Maximum Data 20GB
  Germany,76SEVE1DIBSQ,Germany 20GB - 5 Days,8.75  $,17.99  $,20,5,Yes,Limit - Maximum Data 20GB
  Germany,6WOUPRJAGZPN,Germany 3GB - 10 Days,3.00  $,7.99  $,3,10,Yes,Limit - Maximum Data 3GB
  Germany,Q8KHO4XCJB3P,Germany 3GB - 15 Days,3.16  $,8.99  $,3,15,Yes,Limit - Maximum Data 3GB
  Germany,JPZSSBWV0DO1,Germany 3GB - 30 Days,3.29  $,9.99  $,3,30,Yes,Limit - Maximum Data 3GB
  Germany,CJGUSEQB9KJ3,Germany 3GB - 5 Days,2.70  $,7.99  $,3,5,Yes,Limit - Maximum Data 3GB
  Germany,0D4EYTTMWHN5,Germany 5GB - 10 Days,4.00  $,5.99  $,5,10,Yes,Limit - Maximum Data 5GB
  Germany,RPKCISTW2NFE,Germany 5GB - 15 Days,4.21  $,6.99  $,5,15,Yes,Limit - Maximum Data 5GB
  Germany,HB4ZKED2PDOA,Germany 5GB - 30 Days,4.39  $,8.99  $,5,30,Yes,Limit - Maximum Data 5GB
  Germany,LRZZF9FY6IFV,Germany 5GB - 5 Days,3.60  $,4.99  $,5,5,Yes,Limit - Maximum Data 5GB
  Germany,98ETLOQWMB9M,Germany Unlimited LITE - 10 Days,14.49  $,24.99  $,Unlimited,10,Yes,"Daily - 2GB per Day, then 1Mbps"
  Germany,R8JZF4Q0NOQ1,Germany Unlimited LITE - 15 Days,21.62  $,32.99  $,Unlimited,15,Yes,"Daily - 2GB per Day, then 1Mbps"
  Germany,TCEH5CPFYAII,Germany Unlimited LITE - 30 Days,36.89  $,40.99  $,Unlimited,30,Yes,"Daily - 2GB per Day, then 1Mbps"
  Germany,JSNCEUTYQRAV,Germany Unlimited LITE - 5 Days,9.85  $,16.99  $,Unlimited,5,Yes,"Daily - 2GB per Day, then 1Mbps"
  Germany,YAKKR8SIBYW3,Germany Unlimited MAX - 10 Days,22.44  $,39.99  $,Unlimited,10,Yes,"Daily - 5GB per Day, then 1Mbps"
  Germany,NIF59OE3JTL3,Germany Unlimited MAX - 15 Days,35.74  $,54.99  $,Unlimited,15,Yes,"Daily - 5GB per Day, then 1Mbps"
  Germany,QUW40XSE97C8,Germany Unlimited MAX - 30 Days,54.56  $,69.99  $,Unlimited,30,Yes,"Daily - 5GB per Day, then 1Mbps"
  Germany,HM4XG0WVNNPC,Germany Unlimited MAX - 5 Days,12.52  $,24.99  $,Unlimited,5,Yes,"Daily - 5GB per Day, then 1Mbps"
  Germany,MTGXJ5F6BYER,Germany Unlimited STANDARD - 10 Days,14.49  $,29.99  $,Unlimited,10,Yes,"Daily - 3GB per Day, then 1Mbps"
  Germany,YQ0LYQXCX5ZL,Germany Unlimited STANDARD - 15 Days,19.35  $,39.99  $,Unlimited,15,Yes,"Daily - 3GB per Day, then 1Mbps"
  Germany,KLXRSOZPWCZY,Germany Unlimited STANDARD - 30 Days,36.89  $,49.99  $,Unlimited,30,Yes,"Daily - 3GB per Day, then 1Mbps"
  Germany,ATFNXRMAAEZN,Germany Unlimited STANDARD - 5 Days,9.85  $,17.99  $,Unlimited,5,Yes,"Daily - 3GB per Day, then 1Mbps"
  Ghana,DKUHKMXRWON4,Ghana 10GB - 10 Days,14.63  $,22.99  $,10,10,Yes,Limit - Maximum Data 10GB
  Ghana,1GYRESLOB5W9,Ghana 10GB - 15 Days,15.43  $,23.99  $,10,15,Yes,Limit - Maximum Data 10GB
  Ghana,GENWJZBC6LUB,Ghana 10GB - 30 Days,16.09  $,25.99  $,10,30,Yes,Limit - Maximum Data 10GB
  Ghana,TASWPRC2O0IB,Ghana 10GB - 5 Days,13.17  $,21.99  $,10,5,Yes,Limit - Maximum Data 10GB
  Ghana,MAXN1JWQMASC,Ghana 1GB - 10 Days,3.00  $,5.99  $,1,10,Yes,Limit - Maximum Data 1GB
  Ghana,A4EWDCYFPOJW,Ghana 1GB - 15 Days,3.16  $,6.99  $,1,15,Yes,Limit - Maximum Data 1GB
  Ghana,Z8X7ON4D6X9H,Ghana 1GB - 30 Days,3.29  $,8.99  $,1,30,Yes,Limit - Maximum Data 1GB
  Ghana,U4NAMXVYXZXC,Ghana 1GB - 5 Days,2.70  $,4.99  $,1,5,Yes,Limit - Maximum Data 1GB
  Ghana,2EE0WZBZ6KLA,Ghana 20GB - 10 Days,25.00  $,41.99  $,20,10,Yes,Limit - Maximum Data 20GB
  Ghana,D5Q0QFZFRXJN,Ghana 20GB - 15 Days,26.37  $,42.99  $,20,15,Yes,Limit - Maximum Data 20GB
  Ghana,IXVLMO5IFRIF,Ghana 20GB - 30 Days,27.49  $,46.99  $,20,30,Yes,Limit - Maximum Data 20GB
  Ghana,MYGEXJG6BDZI,Ghana 20GB - 5 Days,22.50  $,40.99  $,20,5,Yes,Limit - Maximum Data 20GB
  Ghana,YEVP07HM1SJW,Ghana 3GB - 10 Days,5.87  $,9.99  $,3,10,Yes,Limit - Maximum Data 3GB
  Ghana,VBZZ6NFFYWAX,Ghana 3GB - 15 Days,6.19  $,9.99  $,3,15,Yes,Limit - Maximum Data 3GB
  Ghana,YOMJTCYH9YGM,Ghana 3GB - 30 Days,6.46  $,12.99  $,3,30,Yes,Limit - Maximum Data 3GB
  Ghana,XXCJVKOJZA6Q,Ghana 3GB - 5 Days,5.28  $,8.99  $,3,5,Yes,Limit - Maximum Data 3GB
  Ghana,OPYA7O2RWN29,Ghana 5GB - 10 Days,8.63  $,12.99  $,5,10,Yes,Limit - Maximum Data 5GB
  Ghana,2LJL4HUYMJYU,Ghana 5GB - 15 Days,9.10  $,13.99  $,5,15,Yes,Limit - Maximum Data 5GB
  Ghana,STNDEAU2UQJF,Ghana 5GB - 30 Days,9.49  $,15.99  $,5,30,Yes,Limit - Maximum Data 5GB
  Ghana,PHFYRDOZYEJP,Ghana 5GB - 5 Days,7.77  $,11.99  $,5,5,Yes,Limit - Maximum Data 5GB
  Ghana,BFXHGZVARXVG,Ghana Unlimited LITE - 10 Days,30.21  $,55.99  $,Unlimited,10,Yes,"Daily - 2GB per Day, then 1Mbps"
  Ghana,YVEH5JHLM9FM,Ghana Unlimited LITE - 15 Days,51.61  $,88.99  $,Unlimited,15,Yes,"Daily - 2GB per Day, then 1Mbps"
  Ghana,BJTI3FKKAQOW,Ghana Unlimited LITE - 30 Days,86.70  $,128.99  $,Unlimited,30,Yes,"Daily - 2GB per Day, then 1Mbps"
  Ghana,GSYLQIE4UQEJ,Ghana Unlimited LITE - 5 Days,15.13  $,28.99  $,Unlimited,5,Yes,"Daily - 2GB per Day, then 1Mbps"
  Ghana,QPGCYH0UONR8,Ghana Unlimited MAX - 10 Days,42.24  $,54.99  $,Unlimited,10,Yes,"Daily - 5GB per Day, then 1Mbps"
  Ghana,LGAOXYJIZCQW,Ghana Unlimited MAX - 15 Days,67.33  $,99.99  $,Unlimited,15,Yes,"Daily - 5GB per Day, then 1Mbps"
  Ghana,AQS0O6R9J0TH,Ghana Unlimited MAX - 30 Days,119.26  $,139.99  $,Unlimited,30,Yes,"Daily - 5GB per Day, then 1Mbps"
  Ghana,QZVSCJHHOUTY,Ghana Unlimited MAX - 5 Days,23.48  $,29.99  $,Unlimited,5,Yes,"Daily - 5GB per Day, then 1Mbps"
  Ghana,JXNNJWUIDODK,Ghana Unlimited STANDARD - 10 Days,30.65  $,49.99  $,Unlimited,10,Yes,"Daily - 3GB per Day, then 1Mbps"
  Ghana,19KORJHWXLEV,Ghana Unlimited STANDARD - 15 Days,49.84  $,89.99  $,Unlimited,15,Yes,"Daily - 3GB per Day, then 1Mbps"
  Ghana,PTS7GIR30HQW,Ghana Unlimited STANDARD - 30 Days,94.71  $,129.99  $,Unlimited,30,Yes,"Daily - 3GB per Day, then 1Mbps"
  Ghana,EHSYVUMTECOT,Ghana Unlimited STANDARD - 5 Days,16.35  $,24.99  $,Unlimited,5,Yes,"Daily - 3GB per Day, then 1Mbps"
  Gibraltar,GSLMUEXGO9HV,Gibraltar 10GB - 10 Days,17.00  $,34.99  $,10,10,Yes,Limit - Maximum Data 10GB
  Gibraltar,5KYAPFNVDE4A,Gibraltar 10GB - 15 Days,17.93  $,34.99  $,10,15,Yes,Limit - Maximum Data 10GB
  Gibraltar,XP9OBYIQVUFV,Gibraltar 10GB - 30 Days,18.69  $,37.99  $,10,30,Yes,Limit - Maximum Data 10GB
  Gibraltar,HJPOSMEIEFBG,Gibraltar 10GB - 5 Days,15.30  $,33.99  $,10,5,Yes,Limit - Maximum Data 10GB
  Gibraltar,ZJAU4G2BWGYC,Gibraltar 1GB - 10 Days,3.00  $,5.99  $,1,10,Yes,Limit - Maximum Data 1GB
  Gibraltar,OPQIXXQ5B1YE,Gibraltar 1GB - 15 Days,3.16  $,6.99  $,1,15,Yes,Limit - Maximum Data 1GB
  Gibraltar,2ZSUWZYCSGE0,Gibraltar 1GB - 30 Days,3.29  $,8.99  $,1,30,Yes,Limit - Maximum Data 1GB
  Gibraltar,MVCRX6JDSOYE,Gibraltar 1GB - 5 Days,2.70  $,4.99  $,1,5,Yes,Limit - Maximum Data 1GB
  Gibraltar,Z19VBSOLIWRM,Gibraltar 20GB - 10 Days,31.00  $,53.99  $,20,10,Yes,Limit - Maximum Data 20GB
  Gibraltar,YU8RDTNAJBCL,Gibraltar 20GB - 15 Days,32.70  $,54.99  $,20,15,Yes,Limit - Maximum Data 20GB
  Gibraltar,EJWBKHUES5J0,Gibraltar 20GB - 30 Days,34.09  $,58.99  $,20,30,Yes,Limit - Maximum Data 20GB
  Gibraltar,XXJKDCG3RAXD,Gibraltar 20GB - 5 Days,27.90  $,52.99  $,20,5,Yes,Limit - Maximum Data 20GB
  Gibraltar,RLXMBYW3E9E8,Gibraltar 3GB - 10 Days,6.35  $,13.99  $,3,10,Yes,Limit - Maximum Data 3GB
  Gibraltar,21NS3QQGKSJB,Gibraltar 3GB - 15 Days,6.70  $,14.99  $,3,15,Yes,Limit - Maximum Data 3GB
  Gibraltar,A60I1AZVM20K,Gibraltar 3GB - 30 Days,6.99  $,16.99  $,3,30,Yes,Limit - Maximum Data 3GB
  Gibraltar,LAERX7LMN2IV,Gibraltar 3GB - 5 Days,5.72  $,12.99  $,3,5,Yes,Limit - Maximum Data 3GB
  Gibraltar,15WKYZPLXQSV,Gibraltar 5GB - 10 Days,9.29  $,19.99  $,5,10,Yes,Limit - Maximum Data 5GB
  Gibraltar,ZGAQJYHLKBV4,Gibraltar 5GB - 15 Days,9.80  $,19.99  $,5,15,Yes,Limit - Maximum Data 5GB
  Gibraltar,D0LZN7B1DXPY,Gibraltar 5GB - 30 Days,10.22  $,22.99  $,5,30,Yes,Limit - Maximum Data 5GB
  Gibraltar,IID7OO0FAW4M,Gibraltar 5GB - 5 Days,8.36  $,18.99  $,5,5,Yes,Limit - Maximum Data 5GB
  Greece,WUYA1KODKVVY,Greece 10GB - 10 Days,6.00  $,9.99  $,10,10,Yes,Limit - Maximum Data 10GB
  Greece,3LIPP7FE1AW7,Greece 10GB - 15 Days,6.32  $,9.99  $,10,15,Yes,Limit - Maximum Data 10GB
  Greece,GXNLTNWFG6FA,Greece 10GB - 30 Days,6.59  $,12.99  $,10,30,Yes,Limit - Maximum Data 10GB
  Greece,WWX94YCUP772,Greece 10GB - 5 Days,5.40  $,8.99  $,10,5,Yes,Limit - Maximum Data 10GB
  Greece,MSCLKIRALO9W,Greece 1GB - 10 Days,2.50  $,3.99  $,1,10,Yes,Limit - Maximum Data 1GB
  Greece,FLJKWSGHTXHR,Greece 1GB - 15 Days,2.64  $,4.99  $,1,15,Yes,Limit - Maximum Data 1GB
  Greece,K9GXOXGNIMCL,Greece 1GB - 30 Days,2.75  $,6.99  $,1,30,Yes,Limit - Maximum Data 1GB
  Greece,OGMYPYD5ZGNX,Greece 1GB - 5 Days,2.25  $,2.99  $,1,5,Yes,Limit - Maximum Data 1GB
  Greece,NRFBJ3LMZ3GK,Greece 20GB - 10 Days,9.00  $,18.99  $,20,10,Yes,Limit - Maximum Data 20GB
  Greece,NREL7WXO5PL4,Greece 20GB - 15 Days,9.49  $,19.99  $,20,15,Yes,Limit - Maximum Data 20GB
  Greece,Q7EPEGKBFQME,Greece 20GB - 30 Days,9.89  $,21.99  $,20,30,Yes,Limit - Maximum Data 20GB
  Greece,8FOCY6PDPMR7,Greece 20GB - 5 Days,8.10  $,17.99  $,20,5,Yes,Limit - Maximum Data 20GB
  Greece,ZF108QEJE3CK,Greece 3GB - 10 Days,3.00  $,7.99  $,3,10,Yes,Limit - Maximum Data 3GB
  Greece,HQARRXXYU3XO,Greece 3GB - 15 Days,3.16  $,8.99  $,3,15,Yes,Limit - Maximum Data 3GB
  Greece,6U5TPARQ2RO1,Greece 3GB - 30 Days,3.29  $,9.99  $,3,30,Yes,Limit - Maximum Data 3GB
  Greece,WD8JKZXR9C52,Greece 3GB - 5 Days,2.70  $,7.99  $,3,5,Yes,Limit - Maximum Data 3GB
  Greece,9AUYXVQVFSX6,Greece 5GB - 10 Days,4.00  $,5.99  $,5,10,Yes,Limit - Maximum Data 5GB
  Greece,WVCSUCN0EQHA,Greece 5GB - 15 Days,4.21  $,6.99  $,5,15,Yes,Limit - Maximum Data 5GB
  Greece,A7BIRWRBE6IN,Greece 5GB - 30 Days,4.39  $,8.99  $,5,30,Yes,Limit - Maximum Data 5GB
  Greece,ASQ0RODHSMMG,Greece 5GB - 5 Days,3.60  $,4.99  $,5,5,Yes,Limit - Maximum Data 5GB
  Greece,7YBMQ8YWTWSE,Greece Unlimited LITE - 10 Days,14.49  $,24.99  $,Unlimited,10,Yes,"Daily - 2GB per Day, then 1Mbps"
  Greece,RIGEK4LW2TQJ,Greece Unlimited LITE - 15 Days,19.13  $,32.99  $,Unlimited,15,Yes,"Daily - 2GB per Day, then 1Mbps"
  Greece,D8WFD7Q9C45D,Greece Unlimited LITE - 30 Days,29.45  $,40.99  $,Unlimited,30,Yes,"Daily - 2GB per Day, then 1Mbps"
  Greece,NJ92D3C5MC3W,Greece Unlimited LITE - 5 Days,9.85  $,16.99  $,Unlimited,5,Yes,"Daily - 2GB per Day, then 1Mbps"
  Greece,SPL6JFM28RPI,Greece Unlimited MAX - 10 Days,21.40  $,29.99  $,Unlimited,10,Yes,"Daily - 5GB per Day, then 1Mbps"
  Greece,7RHR7SKNAVQO,Greece Unlimited MAX - 15 Days,25.57  $,49.99  $,Unlimited,15,Yes,"Daily - 5GB per Day, then 1Mbps"
  Greece,VWBN4GLC9U6B,Greece Unlimited MAX - 30 Days,29.95  $,59.99  $,Unlimited,30,Yes,"Daily - 5GB per Day, then 1Mbps"
  Greece,WG21C4O9AN4W,Greece Unlimited MAX - 5 Days,13.04  $,24.99  $,Unlimited,5,Yes,"Daily - 5GB per Day, then 1Mbps"
  Greece,DGP2NRDBJK2C,Greece Unlimited STANDARD - 10 Days,14.49  $,24.99  $,Unlimited,10,Yes,"Daily - 3GB per Day, then 1Mbps"
  Greece,NPFQ0Z3NPKUV,Greece Unlimited STANDARD - 15 Days,24.74  $,39.99  $,Unlimited,15,Yes,"Daily - 3GB per Day, then 1Mbps"
  Greece,KEPBCR84ZYFK,Greece Unlimited STANDARD - 30 Days,38.50  $,49.99  $,Unlimited,30,Yes,"Daily - 3GB per Day, then 1Mbps"
  Greece,GFTZY2EM4WSC,Greece Unlimited STANDARD - 5 Days,9.85  $,14.99  $,Unlimited,5,Yes,"Daily - 3GB per Day, then 1Mbps"
  Greenland,YM0WMWIKDCS1,Greenland 10GB - 10 Days,62.50  $,79.99  $,10,10,Yes,Limit - Maximum Data 10GB
  Greenland,J2LKKSRWP2WU,Greenland 10GB - 15 Days,65.93  $,79.99  $,10,15,Yes,Limit - Maximum Data 10GB
  Greenland,APO52EWJYHJ9,Greenland 10GB - 30 Days,68.74  $,84.99  $,10,30,Yes,Limit - Maximum Data 10GB
  Greenland,V3L20YB5I30T,Greenland 10GB - 5 Days,56.25  $,78.99  $,10,5,Yes,Limit - Maximum Data 10GB
  Greenland,QS9AD6OAFP1I,Greenland 1GB - 10 Days,9.35  $,10.99  $,1,10,Yes,Limit - Maximum Data 1GB
  Greenland,ZH3OWKGSB6SL,Greenland 1GB - 15 Days,9.86  $,11.99  $,1,15,Yes,Limit - Maximum Data 1GB
  Greenland,YARL8TNCJAES,Greenland 1GB - 30 Days,10.29  $,13.99  $,1,30,Yes,Limit - Maximum Data 1GB
  Greenland,WULA7XHIQVTZ,Greenland 1GB - 5 Days,8.42  $,9.99  $,1,5,Yes,Limit - Maximum Data 1GB
  Greenland,Y4NVRH1WQTMB,Greenland 3GB - 10 Days,23.00  $,29.99  $,3,10,Yes,Limit - Maximum Data 3GB
  Greenland,YKJKMIVLQ4JT,Greenland 3GB - 15 Days,24.26  $,29.99  $,3,15,Yes,Limit - Maximum Data 3GB
  Greenland,N2NVRV5NQPKS,Greenland 3GB - 30 Days,25.29  $,32.99  $,3,30,Yes,Limit - Maximum Data 3GB
  Greenland,1DNI3K4GTJBB,Greenland 3GB - 5 Days,20.70  $,28.99  $,3,5,Yes,Limit - Maximum Data 3GB
  Greenland,PDAAL0BUFQKT,Greenland 5GB - 10 Days,34.00  $,49.99  $,5,10,Yes,Limit - Maximum Data 5GB
  Greenland,NK3HBFGEDHKM,Greenland 5GB - 15 Days,35.86  $,49.99  $,5,15,Yes,Limit - Maximum Data 5GB
  Greenland,IMJOE8GBNEHN,Greenland 5GB - 30 Days,37.39  $,54.99  $,5,30,Yes,Limit - Maximum Data 5GB
  Greenland,AC3UFMHVFSEX,Greenland 5GB - 5 Days,30.60  $,48.99  $,5,5,Yes,Limit - Maximum Data 5GB
  Grenada,ZMSBD4P6V0YX,Grenada 10GB - 10 Days,27.93  $,41.99  $,10,10,Yes,Limit - Maximum Data 10GB
  Grenada,OSMJ710RQFYL,Grenada 10GB - 15 Days,29.47  $,42.99  $,10,15,Yes,Limit - Maximum Data 10GB
  Grenada,P5GCWFZCQ5NM,Grenada 10GB - 30 Days,30.72  $,46.99  $,10,30,Yes,Limit - Maximum Data 10GB
  Grenada,4W96PRXHX5E5,Grenada 10GB - 5 Days,25.14  $,40.99  $,10,5,Yes,Limit - Maximum Data 10GB
  Grenada,ZLWBIQGZMA4G,Grenada 1GB - 10 Days,4.89  $,5.99  $,1,10,Yes,Limit - Maximum Data 1GB
  Grenada,LVU0MGD7KSRM,Grenada 1GB - 15 Days,5.16  $,6.99  $,1,15,Yes,Limit - Maximum Data 1GB
  Grenada,UJRNALVOEGM6,Grenada 1GB - 30 Days,5.38  $,8.99  $,1,30,Yes,Limit - Maximum Data 1GB
  Grenada,II7G0VZRYBN5,Grenada 1GB - 5 Days,4.40  $,4.99  $,1,5,Yes,Limit - Maximum Data 1GB
  Grenada,J5HYPYRIM07A,Grenada 20GB - 10 Days,42.10  $,61.99  $,20,10,Yes,Limit - Maximum Data 20GB
  Grenada,RA6JFXQVJDLY,Grenada 20GB - 15 Days,44.42  $,62.99  $,20,15,Yes,Limit - Maximum Data 20GB
  Grenada,MWZ15FISPJUZ,Grenada 20GB - 30 Days,46.31  $,66.99  $,20,30,Yes,Limit - Maximum Data 20GB
  Grenada,SSPOQVOJH6GV,Grenada 20GB - 5 Days,37.89  $,60.99  $,20,5,Yes,Limit - Maximum Data 20GB
  Grenada,AATBGOOYCIDX,Grenada 3GB - 10 Days,10.95  $,14.99  $,3,10,Yes,Limit - Maximum Data 3GB
  Grenada,OEMFUUVCPSVW,Grenada 3GB - 15 Days,11.55  $,14.99  $,3,15,Yes,Limit - Maximum Data 3GB
  Grenada,NMPJ35ZHZVVG,Grenada 3GB - 30 Days,12.05  $,17.99  $,3,30,Yes,Limit - Maximum Data 3GB
  Grenada,0XCTF4LMIYTW,Grenada 3GB - 5 Days,9.86  $,13.99  $,3,5,Yes,Limit - Maximum Data 3GB
  Grenada,COPOXXGS0NDU,Grenada 5GB - 10 Days,16.25  $,24.99  $,5,10,Yes,Limit - Maximum Data 5GB
  Grenada,EW8B7AXLUGWN,Grenada 5GB - 15 Days,17.14  $,24.99  $,5,15,Yes,Limit - Maximum Data 5GB
  Grenada,CJTNY9CLOVYQ,Grenada 5GB - 30 Days,17.88  $,27.99  $,5,30,Yes,Limit - Maximum Data 5GB
  Grenada,9IDJVL5UHYNE,Grenada 5GB - 5 Days,14.63  $,23.99  $,5,5,Yes,Limit - Maximum Data 5GB
  Guadeloupe,E26WKWDTWQOD,Guadeloupe 10GB - 10 Days,8.78  $,9.99  $,10,10,Yes,Limit - Maximum Data 10GB
  Guadeloupe,GFNEFV3TMPAQ,Guadeloupe 10GB - 15 Days,9.26  $,9.99  $,10,15,Yes,Limit - Maximum Data 10GB
  Guadeloupe,NA0KNBJWELLJ,Guadeloupe 10GB - 30 Days,9.66  $,12.99  $,10,30,Yes,Limit - Maximum Data 10GB
  Guadeloupe,YY1A0KBLKJTF,Guadeloupe 10GB - 5 Days,7.90  $,8.99  $,10,5,Yes,Limit - Maximum Data 10GB
  Guadeloupe,GA1LT4GNM9RJ,Guadeloupe 1GB - 10 Days,3.00  $,3.99  $,1,10,Yes,Limit - Maximum Data 1GB
  Guadeloupe,89A4GLGQVFXP,Guadeloupe 1GB - 15 Days,3.17  $,4.99  $,1,15,Yes,Limit - Maximum Data 1GB
  Guadeloupe,WOHMKRWELDNA,Guadeloupe 1GB - 30 Days,3.30  $,6.99  $,1,30,Yes,Limit - Maximum Data 1GB
  Guadeloupe,AWCVLMECDQ32,Guadeloupe 1GB - 5 Days,2.70  $,2.99  $,1,5,Yes,Limit - Maximum Data 1GB
  Guadeloupe,XHH9AOBL0D07,Guadeloupe 20GB - 10 Days,13.05  $,18.99  $,20,10,Yes,Limit - Maximum Data 20GB
  Guadeloupe,Q0RYJZT8GFGX,Guadeloupe 20GB - 15 Days,13.77  $,19.99  $,20,15,Yes,Limit - Maximum Data 20GB
  Guadeloupe,YQ9IILVXYFNN,Guadeloupe 20GB - 30 Days,14.36  $,21.99  $,20,30,Yes,Limit - Maximum Data 20GB
  Guadeloupe,ZVSK8B3ZLQ5C,Guadeloupe 20GB - 5 Days,11.75  $,17.99  $,20,5,Yes,Limit - Maximum Data 20GB
  Guadeloupe,YJTYJBDUAUF6,Guadeloupe 3GB - 10 Days,3.68  $,5.99  $,3,10,Yes,Limit - Maximum Data 3GB
  Guadeloupe,VLZDIC7U5JAT,Guadeloupe 3GB - 15 Days,3.88  $,6.99  $,3,15,Yes,Limit - Maximum Data 3GB
  Guadeloupe,CPSGUQEKRKPP,Guadeloupe 3GB - 30 Days,4.05  $,8.99  $,3,30,Yes,Limit - Maximum Data 3GB
  Guadeloupe,FCNMYRBHJGGB,Guadeloupe 3GB - 5 Days,3.31  $,4.99  $,3,5,Yes,Limit - Maximum Data 3GB
  Guadeloupe,UHLLBM8AIYO7,Guadeloupe 5GB - 10 Days,5.27  $,5.99  $,5,10,Yes,Limit - Maximum Data 5GB
  Guadeloupe,N3XRYQXHTXBN,Guadeloupe 5GB - 15 Days,5.56  $,6.99  $,5,15,Yes,Limit - Maximum Data 5GB
  Guadeloupe,U3NYDSKBY9XP,Guadeloupe 5GB - 30 Days,5.80  $,8.99  $,5,30,Yes,Limit - Maximum Data 5GB
  Guadeloupe,XBQVFPYSP2CA,Guadeloupe 5GB - 5 Days,4.74  $,4.99  $,5,5,Yes,Limit - Maximum Data 5GB
  Guadeloupe,RG9POKIDQ1KJ,Guadeloupe Unlimited LITE - 10 Days,17.96  $,28.99  $,Unlimited,10,Yes,"Daily - 2GB per Day, then 1Mbps"
  Guadeloupe,JYBYEGKICA58,Guadeloupe Unlimited LITE - 15 Days,29.41  $,43.99  $,Unlimited,15,Yes,"Daily - 2GB per Day, then 1Mbps"
  Guadeloupe,ONPEYV2HG3YR,Guadeloupe Unlimited LITE - 30 Days,51.45  $,58.99  $,Unlimited,30,Yes,"Daily - 2GB per Day, then 1Mbps"
  Guadeloupe,HZ4JAIPYY60A,Guadeloupe Unlimited LITE - 5 Days,11.01  $,18.99  $,Unlimited,5,Yes,"Daily - 2GB per Day, then 1Mbps"
  Guadeloupe,M4CTBH6CJEGV,Guadeloupe Unlimited MAX - 10 Days,30.15  $,29.99  $,Unlimited,10,Yes,"Daily - 5GB per Day, then 1Mbps"
  Guadeloupe,8TGWCZFOE7FG,Guadeloupe Unlimited MAX - 15 Days,39.94  $,54.99  $,Unlimited,15,Yes,"Daily - 5GB per Day, then 1Mbps"
  Guadeloupe,RS4QNDZA8UIR,Guadeloupe Unlimited MAX - 30 Days,70.69  $,44.99  $,Unlimited,30,Yes,"Daily - 5GB per Day, then 1Mbps"
  Guadeloupe,NRVWDVQSKYWL,Guadeloupe Unlimited MAX - 5 Days,16.23  $,24.99  $,Unlimited,5,Yes,"Daily - 5GB per Day, then 1Mbps"
  Guadeloupe,0IAQLGJ2Y9NH,Guadeloupe Unlimited STANDARD - 10 Days,18.33  $,24.99  $,Unlimited,10,Yes,"Daily - 3GB per Day, then 1Mbps"
  Guadeloupe,Q8ZKBCQAWPOS,Guadeloupe Unlimited STANDARD - 15 Days,29.67  $,44.99  $,Unlimited,15,Yes,"Daily - 3GB per Day, then 1Mbps"
  Guadeloupe,0C54H7XS09FU,Guadeloupe Unlimited STANDARD - 30 Days,53.09  $,59.99  $,Unlimited,30,Yes,"Daily - 3GB per Day, then 1Mbps"
  Guadeloupe,2UKNC6XQPCAR,Guadeloupe Unlimited STANDARD - 5 Days,11.01  $,17.99  $,Unlimited,5,Yes,"Daily - 3GB per Day, then 1Mbps"
  Guam,FUQJ6FWN26LF,Guam 10GB - 10 Days,79.62  $,79.99  $,10,10,Yes,Limit - Maximum Data 10GB
  Guam,PNW1IDEO0L4E,Guam 10GB - 15 Days,84.00  $,79.99  $,10,15,Yes,Limit - Maximum Data 10GB
  Guam,CUQOE5HWDAUA,Guam 10GB - 30 Days,87.58  $,84.99  $,10,30,Yes,Limit - Maximum Data 10GB
  Guam,JNEMGNV0KIZT,Guam 10GB - 5 Days,71.66  $,78.99  $,10,5,Yes,Limit - Maximum Data 10GB
  Guam,SNG5E407UAKJ,Guam 1GB - 10 Days,12.97  $,10.99  $,1,10,Yes,Limit - Maximum Data 1GB
  Guam,EHWNITBLUNRO,Guam 1GB - 15 Days,13.68  $,11.99  $,1,15,Yes,Limit - Maximum Data 1GB
  Guam,NUVJ7UX0SOKV,Guam 1GB - 30 Days,14.27  $,13.99  $,1,30,Yes,Limit - Maximum Data 1GB
  Guam,UEJKIBZSYWLN,Guam 1GB - 5 Days,11.67  $,9.99  $,1,5,Yes,Limit - Maximum Data 1GB
  Guam,ZLNYINHWV01G,Guam 3GB - 10 Days,30.58  $,29.99  $,3,10,Yes,Limit - Maximum Data 3GB
  Guam,CYUQIUBKN0Z6,Guam 3GB - 15 Days,32.26  $,29.99  $,3,15,Yes,Limit - Maximum Data 3GB
  Guam,XIEQBNI4MJP5,Guam 3GB - 30 Days,33.64  $,32.99  $,3,30,Yes,Limit - Maximum Data 3GB
  Guam,KPT54Q2BJSHW,Guam 3GB - 5 Days,27.52  $,28.99  $,3,5,Yes,Limit - Maximum Data 3GB
  Guam,HSO9IWWXEDUV,Guam 5GB - 10 Days,45.91  $,49.99  $,5,10,Yes,Limit - Maximum Data 5GB
  Guam,LY5CBIS6RSWI,Guam 5GB - 15 Days,48.44  $,49.99  $,5,15,Yes,Limit - Maximum Data 5GB
  Guam,NSC3BUL05OTF,Guam 5GB - 30 Days,50.50  $,54.99  $,5,30,Yes,Limit - Maximum Data 5GB
  Guam,7O9QERRAO1CI,Guam 5GB - 5 Days,41.32  $,48.99  $,5,5,Yes,Limit - Maximum Data 5GB
  Guatemala,EMWOV6KRMIDG,Guatemala 10GB - 10 Days,22.31  $,41.99  $,10,10,Yes,Limit - Maximum Data 10GB
  Guatemala,RQYNNE8RDSWY,Guatemala 10GB - 15 Days,23.54  $,42.99  $,10,15,Yes,Limit - Maximum Data 10GB
  Guatemala,00GQNZHYLSZD,Guatemala 10GB - 30 Days,24.54  $,46.99  $,10,30,Yes,Limit - Maximum Data 10GB
  Guatemala,6LHNBRA50Y7P,Guatemala 10GB - 5 Days,20.08  $,40.99  $,10,5,Yes,Limit - Maximum Data 10GB
  Guatemala,8JQAW7YCRYS4,Guatemala 1GB - 10 Days,3.89  $,5.99  $,1,10,Yes,Limit - Maximum Data 1GB
  Guatemala,GQXNX3FTKWTB,Guatemala 1GB - 15 Days,4.10  $,6.99  $,1,15,Yes,Limit - Maximum Data 1GB
  Guatemala,695BM3VCHXHG,Guatemala 1GB - 30 Days,4.28  $,8.99  $,1,30,Yes,Limit - Maximum Data 1GB
  Guatemala,J3RNP8TSV5G9,Guatemala 1GB - 5 Days,3.50  $,4.99  $,1,5,Yes,Limit - Maximum Data 1GB
  Guatemala,ZPMZATQQ8VFL,Guatemala 20GB - 10 Days,38.87  $,61.99  $,20,10,Yes,Limit - Maximum Data 20GB
  Guatemala,0LFAFIMQV4ET,Guatemala 20GB - 15 Days,41.01  $,62.99  $,20,15,Yes,Limit - Maximum Data 20GB
  Guatemala,8WKUQVXCUR9N,Guatemala 20GB - 30 Days,42.76  $,66.99  $,20,30,Yes,Limit - Maximum Data 20GB
  Guatemala,ZXCDHVAD3FRW,Guatemala 20GB - 5 Days,34.99  $,60.99  $,20,5,Yes,Limit - Maximum Data 20GB
  Guatemala,TWCWLDWQM3LY,Guatemala 3GB - 10 Days,8.79  $,14.99  $,3,10,Yes,Limit - Maximum Data 3GB
  Guatemala,VFXP5ZWSBNEW,Guatemala 3GB - 15 Days,9.28  $,14.99  $,3,15,Yes,Limit - Maximum Data 3GB
  Guatemala,NCL4ZDKTYOHR,Guatemala 3GB - 30 Days,9.67  $,17.99  $,3,30,Yes,Limit - Maximum Data 3GB
  Guatemala,WSVKYSPER1LT,Guatemala 3GB - 5 Days,7.91  $,13.99  $,3,5,Yes,Limit - Maximum Data 3GB
  Guatemala,Z1NPNH8JJ8YZ,Guatemala 5GB - 10 Days,12.79  $,24.99  $,5,10,Yes,Limit - Maximum Data 5GB
  Guatemala,9X2R53LHR05X,Guatemala 5GB - 15 Days,13.50  $,24.99  $,5,15,Yes,Limit - Maximum Data 5GB
  Guatemala,QJ2EUMAXT45A,Guatemala 5GB - 30 Days,14.07  $,27.99  $,5,30,Yes,Limit - Maximum Data 5GB
  Guatemala,S9ZARXP9EUMY,Guatemala 5GB - 5 Days,11.51  $,23.99  $,5,5,Yes,Limit - Maximum Data 5GB
  Guernsey,XBOQFTZMFVWF,Guernsey 10GB - 10 Days,17.08  $,41.99  $,10,10,Yes,Limit - Maximum Data 10GB
  Guernsey,A5L9D6SSNLV3,Guernsey 10GB - 15 Days,18.02  $,42.99  $,10,15,Yes,Limit - Maximum Data 10GB
  Guernsey,TFP01LMLZB5Q,Guernsey 10GB - 30 Days,18.79  $,46.99  $,10,30,Yes,Limit - Maximum Data 10GB
  Guernsey,HMDYE4N50PLY,Guernsey 10GB - 5 Days,15.37  $,40.99  $,10,5,Yes,Limit - Maximum Data 10GB
  Guernsey,7G1WBPOV6THQ,Guernsey 1GB - 10 Days,3.19  $,5.99  $,1,10,Yes,Limit - Maximum Data 1GB
  Guernsey,48I6WZLU775O,Guernsey 1GB - 15 Days,3.37  $,6.99  $,1,15,Yes,Limit - Maximum Data 1GB
  Guernsey,U7BRLDXDC0HR,Guernsey 1GB - 30 Days,3.51  $,8.99  $,1,30,Yes,Limit - Maximum Data 1GB
  Guernsey,ONPMYVTJX7LU,Guernsey 1GB - 5 Days,2.87  $,4.99  $,1,5,Yes,Limit - Maximum Data 1GB
  Guernsey,QJ6CUHPAMG5P,Guernsey 20GB - 10 Days,31.50  $,61.99  $,20,10,Yes,Limit - Maximum Data 20GB
  Guernsey,JX4QNEIO5HPQ,Guernsey 20GB - 15 Days,33.23  $,62.99  $,20,15,Yes,Limit - Maximum Data 20GB
  Guernsey,BV5M3OYCSI25,Guernsey 20GB - 30 Days,34.64  $,66.99  $,20,30,Yes,Limit - Maximum Data 20GB
  Guernsey,ETP3J7DGXBIS,Guernsey 20GB - 5 Days,28.35  $,60.99  $,20,5,Yes,Limit - Maximum Data 20GB
  Guernsey,SZA9SWUA3FPJ,Guernsey 3GB - 10 Days,6.83  $,14.99  $,3,10,Yes,Limit - Maximum Data 3GB
  Guernsey,Y4ONWLXEUKPG,Guernsey 3GB - 15 Days,7.21  $,14.99  $,3,15,Yes,Limit - Maximum Data 3GB
  Guernsey,V34DMTQEXZSU,Guernsey 3GB - 30 Days,7.51  $,17.99  $,3,30,Yes,Limit - Maximum Data 3GB
  Guernsey,FPTWQUJEI1QN,Guernsey 3GB - 5 Days,6.15  $,13.99  $,3,5,Yes,Limit - Maximum Data 3GB
  Guernsey,BGMBGIFU4ETU,Guernsey 5GB - 10 Days,10.03  $,24.99  $,5,10,Yes,Limit - Maximum Data 5GB
  Guernsey,CQH9SN2MK6VY,Guernsey 5GB - 15 Days,10.58  $,24.99  $,5,15,Yes,Limit - Maximum Data 5GB
  Guernsey,ECTKO7JFDYUQ,Guernsey 5GB - 30 Days,11.03  $,27.99  $,5,30,Yes,Limit - Maximum Data 5GB
  Guernsey,KOAC4QYX8CEO,Guernsey 5GB - 5 Days,9.03  $,23.99  $,5,5,Yes,Limit - Maximum Data 5GB
  Guernsey,KQDGTYSSAKOP,Guernsey Unlimited LITE - 10 Days,35.37  $,44.99  $,Unlimited,10,Yes,"Daily - 2GB per Day, then 1Mbps"
  Guernsey,QKWEA0CNCXJI,Guernsey Unlimited LITE - 15 Days,58.29  $,63.99  $,Unlimited,15,Yes,"Daily - 2GB per Day, then 1Mbps"
  Guernsey,F55FPQRH2L8Y,Guernsey Unlimited LITE - 30 Days,80.09  $,88.99  $,Unlimited,30,Yes,"Daily - 2GB per Day, then 1Mbps"
  Guernsey,JBVHSD7MO1IJ,Guernsey Unlimited LITE - 5 Days,17.73  $,25.99  $,Unlimited,5,Yes,"Daily - 2GB per Day, then 1Mbps"
  Guernsey,M1BVYHQJSVFY,Guernsey Unlimited MAX - 10 Days,49.82  $,44.99  $,Unlimited,10,Yes,"Daily - 5GB per Day, then 1Mbps"
  Guernsey,RNZU0UB0IICS,Guernsey Unlimited MAX - 15 Days,79.34  $,74.99  $,Unlimited,15,Yes,"Daily - 5GB per Day, then 1Mbps"
  Guernsey,YIPADEXPY4V9,Guernsey Unlimited MAX - 30 Days,134.09  $,99.99  $,Unlimited,30,Yes,"Daily - 5GB per Day, then 1Mbps"
  Guernsey,IXW0NDRAOS7B,Guernsey Unlimited MAX - 5 Days,25.51  $,24.99  $,Unlimited,5,Yes,"Daily - 5GB per Day, then 1Mbps"
  Guernsey,HCIM24SYKJNF,Guernsey Unlimited STANDARD - 10 Days,36.13  $,39.99  $,Unlimited,10,Yes,"Daily - 3GB per Day, then 1Mbps"
  Guernsey,L98HPV8FGFNL,Guernsey Unlimited STANDARD - 15 Days,58.80  $,64.99  $,Unlimited,15,Yes,"Daily - 3GB per Day, then 1Mbps"
  Guernsey,MQ3UGCCYNFOZ,Guernsey Unlimited STANDARD - 30 Days,80.09  $,89.99  $,Unlimited,30,Yes,"Daily - 3GB per Day, then 1Mbps"
  Guernsey,NJZWJBMLIXAF,Guernsey Unlimited STANDARD - 5 Days,19.23  $,19.99  $,Unlimited,5,Yes,"Daily - 3GB per Day, then 1Mbps"
  Guinea,GLWAI950XLOG,Guinea 10GB - 10 Days,38.39  $,41.99  $,10,10,Yes,Limit - Maximum Data 10GB
  Guinea,VDY1WKXRNNZX,Guinea 10GB - 15 Days,40.50  $,42.99  $,10,15,Yes,Limit - Maximum Data 10GB
  Guinea,EZ792VIE8RZM,Guinea 10GB - 30 Days,42.23  $,46.99  $,10,30,Yes,Limit - Maximum Data 10GB
  Guinea,WEACHJRYBJKP,Guinea 10GB - 5 Days,34.55  $,40.99  $,10,5,Yes,Limit - Maximum Data 10GB
  Guinea,FLS608XEKXQD,Guinea 1GB - 10 Days,6.77  $,5.99  $,1,10,Yes,Limit - Maximum Data 1GB
  Guinea,T5BDH0K8GWRD,Guinea 1GB - 15 Days,7.14  $,6.99  $,1,15,Yes,Limit - Maximum Data 1GB
  Guinea,BG0NLVAJLK9U,Guinea 1GB - 30 Days,7.45  $,8.99  $,1,30,Yes,Limit - Maximum Data 1GB
  Guinea,GTDVLHJRE6SJ,Guinea 1GB - 5 Days,6.09  $,4.99  $,1,5,Yes,Limit - Maximum Data 1GB
  Guinea,031WKUSDTQFL,Guinea 20GB - 10 Days,55.99  $,61.99  $,20,10,Yes,Limit - Maximum Data 20GB
  Guinea,LXRNW8GZUD3P,Guinea 20GB - 15 Days,59.07  $,62.99  $,20,15,Yes,Limit - Maximum Data 20GB
  Guinea,WNRSJZCBXMEH,Guinea 20GB - 30 Days,61.59  $,66.99  $,20,30,Yes,Limit - Maximum Data 20GB
  Guinea,1ZRE5WGL3T7B,Guinea 20GB - 5 Days,50.39  $,60.99  $,20,5,Yes,Limit - Maximum Data 20GB
  Guinea,ZPYW661EKK9I,Guinea 3GB - 10 Days,15.53  $,14.99  $,3,10,Yes,Limit - Maximum Data 3GB
  Guinea,TUKF0EWTIF6K,Guinea 3GB - 15 Days,16.38  $,14.99  $,3,15,Yes,Limit - Maximum Data 3GB
  Guinea,9C7ESDAXOWB0,Guinea 3GB - 30 Days,17.08  $,17.99  $,3,30,Yes,Limit - Maximum Data 3GB
  Guinea,PXNMCU3JKBXA,Guinea 3GB - 5 Days,13.98  $,13.99  $,3,5,Yes,Limit - Maximum Data 3GB
  Guinea,N79NESNYCOUZ,Guinea 5GB - 10 Days,23.17  $,24.99  $,5,10,Yes,Limit - Maximum Data 5GB
  Guinea,MCWHWGADOQ6H,Guinea 5GB - 15 Days,24.44  $,24.99  $,5,15,Yes,Limit - Maximum Data 5GB
  Guinea,OTO6XZ1VX9T7,Guinea 5GB - 30 Days,25.49  $,27.99  $,5,30,Yes,Limit - Maximum Data 5GB
  Guinea,3UEIIBVCNIYC,Guinea 5GB - 5 Days,20.85  $,23.99  $,5,5,Yes,Limit - Maximum Data 5GB
  Guinea-Bissau,ZXTSQEMNPUZY,Guinea-Bissau 10GB - 10 Days,38.39  $,41.99  $,10,10,Yes,Limit - Maximum Data 10GB
  Guinea-Bissau,1ONUPSJRJ3CQ,Guinea-Bissau 10GB - 15 Days,40.50  $,42.99  $,10,15,Yes,Limit - Maximum Data 10GB
  Guinea-Bissau,32ELEM8ZWRHY,Guinea-Bissau 10GB - 30 Days,42.23  $,46.99  $,10,30,Yes,Limit - Maximum Data 10GB
  Guinea-Bissau,HSDQ5MNCG8VP,Guinea-Bissau 10GB - 5 Days,34.55  $,40.99  $,10,5,Yes,Limit - Maximum Data 10GB
  Guinea-Bissau,PR2MZQG5CIFH,Guinea-Bissau 1GB - 10 Days,6.77  $,5.99  $,1,10,Yes,Limit - Maximum Data 1GB
  Guinea-Bissau,DE9MEVHRXTNT,Guinea-Bissau 1GB - 15 Days,7.14  $,6.99  $,1,15,Yes,Limit - Maximum Data 1GB
  Guinea-Bissau,VP6YJTYJC0DF,Guinea-Bissau 1GB - 30 Days,7.45  $,8.99  $,1,30,Yes,Limit - Maximum Data 1GB
  Guinea-Bissau,8PKJ7KWJGSFT,Guinea-Bissau 1GB - 5 Days,6.09  $,4.99  $,1,5,Yes,Limit - Maximum Data 1GB
  Guinea-Bissau,FIZQXB08GUJU,Guinea-Bissau 20GB - 10 Days,55.99  $,61.99  $,20,10,Yes,Limit - Maximum Data 20GB
  Guinea-Bissau,RSI5HLJDWQTS,Guinea-Bissau 20GB - 15 Days,59.07  $,62.99  $,20,15,Yes,Limit - Maximum Data 20GB
  Guinea-Bissau,SZSVDIF3ELLB,Guinea-Bissau 20GB - 30 Days,61.59  $,66.99  $,20,30,Yes,Limit - Maximum Data 20GB
  Guinea-Bissau,EWW1WTDHELPI,Guinea-Bissau 20GB - 5 Days,50.39  $,60.99  $,20,5,Yes,Limit - Maximum Data 20GB
  Guinea-Bissau,HZCIE3BJ46AQ,Guinea-Bissau 3GB - 10 Days,15.53  $,14.99  $,3,10,Yes,Limit - Maximum Data 3GB
  Guinea-Bissau,6UMYGTRDZCON,Guinea-Bissau 3GB - 15 Days,16.38  $,14.99  $,3,15,Yes,Limit - Maximum Data 3GB
  Guinea-Bissau,ZBRYY9CNC0AX,Guinea-Bissau 3GB - 30 Days,17.08  $,17.99  $,3,30,Yes,Limit - Maximum Data 3GB
  Guinea-Bissau,TNIHBKJRHHE0,Guinea-Bissau 3GB - 5 Days,13.98  $,13.99  $,3,5,Yes,Limit - Maximum Data 3GB
  Guinea-Bissau,N6Y4OAWFJEDS,Guinea-Bissau 5GB - 10 Days,23.17  $,24.99  $,5,10,Yes,Limit - Maximum Data 5GB
  Guinea-Bissau,FKCIEGHUFKIP,Guinea-Bissau 5GB - 15 Days,24.44  $,24.99  $,5,15,Yes,Limit - Maximum Data 5GB
  Guinea-Bissau,KUX94O5BDK2Y,Guinea-Bissau 5GB - 30 Days,25.49  $,27.99  $,5,30,Yes,Limit - Maximum Data 5GB
  Guinea-Bissau,OOGG6RE3ZH7X,Guinea-Bissau 5GB - 5 Days,20.85  $,23.99  $,5,5,Yes,Limit - Maximum Data 5GB
  Guyana,KQIBUCSX1M95,Guyana 10GB - 10 Days,47.20  $,53.99  $,10,10,Yes,Limit - Maximum Data 10GB
  Guyana,LXIREV3PT2Y0,Guyana 10GB - 15 Days,49.80  $,54.99  $,10,15,Yes,Limit - Maximum Data 10GB
  Guyana,IRSXOAKYUF0T,Guyana 10GB - 30 Days,51.92  $,58.99  $,10,30,Yes,Limit - Maximum Data 10GB
  Guyana,UKF6442ZOIUY,Guyana 10GB - 5 Days,42.48  $,52.99  $,10,5,Yes,Limit - Maximum Data 10GB
  Guyana,XTWGYLGDDQDY,Guyana 1GB - 10 Days,7.90  $,9.99  $,1,10,Yes,Limit - Maximum Data 1GB
  Guyana,8LUEHDQ1KK3Q,Guyana 1GB - 15 Days,8.33  $,9.99  $,1,15,Yes,Limit - Maximum Data 1GB
  Guyana,J6IZDPALET3Z,Guyana 1GB - 30 Days,8.69  $,12.99  $,1,30,Yes,Limit - Maximum Data 1GB
  Guyana,RHUAZWHQIJDH,Guyana 1GB - 5 Days,7.11  $,8.99  $,1,5,Yes,Limit - Maximum Data 1GB
  Guyana,BF5CMQI5J8SG,Guyana 3GB - 10 Days,18.27  $,19.99  $,3,10,Yes,Limit - Maximum Data 3GB
  Guyana,NOXAMZJPK7UJ,Guyana 3GB - 15 Days,19.27  $,19.99  $,3,15,Yes,Limit - Maximum Data 3GB
  Guyana,VBDYDTRVRS8F,Guyana 3GB - 30 Days,20.10  $,22.99  $,3,30,Yes,Limit - Maximum Data 3GB
  Guyana,I9WEEWV30NI6,Guyana 3GB - 5 Days,16.44  $,18.99  $,3,5,Yes,Limit - Maximum Data 3GB
  Guyana,PMDJBECFP2PY,Guyana 5GB - 10 Days,27.31  $,33.99  $,5,10,Yes,Limit - Maximum Data 5GB
  Guyana,WVTDXH5NW2MS,Guyana 5GB - 15 Days,28.81  $,34.99  $,5,15,Yes,Limit - Maximum Data 5GB
  Guyana,XDIIEQXF4SLA,Guyana 5GB - 30 Days,30.04  $,36.99  $,5,30,Yes,Limit - Maximum Data 5GB
  Guyana,XJCWLQ3P9GXO,Guyana 5GB - 5 Days,24.58  $,32.99  $,5,5,Yes,Limit - Maximum Data 5GB
  Haiti,CXPFYBKMBT1N,Haiti 1GB - 10 Days,26.99  $,9.99  $,1,10,Yes,Limit - Maximum Data 1GB
  Haiti,8NSYGXPWDAQY,Haiti 1GB - 15 Days,28.48  $,9.99  $,1,15,Yes,Limit - Maximum Data 1GB
  Haiti,OUDTLQ0QG52F,Haiti 1GB - 30 Days,29.69  $,12.99  $,1,30,Yes,Limit - Maximum Data 1GB
  Haiti,TV4M95LZETZO,Haiti 1GB - 5 Days,24.29  $,8.99  $,1,5,Yes,Limit - Maximum Data 1GB
  Haiti,Z8IJQEMQVQIR,Haiti 3GB - 10 Days,73.22  $,19.99  $,3,10,Yes,Limit - Maximum Data 3GB
  Haiti,POMIPTILEN0S,Haiti 3GB - 15 Days,77.25  $,19.99  $,3,15,Yes,Limit - Maximum Data 3GB
  Haiti,MNWFO9E3LQCH,Haiti 3GB - 30 Days,80.54  $,22.99  $,3,30,Yes,Limit - Maximum Data 3GB
  Haiti,RBRYD0FJJQQM,Haiti 3GB - 5 Days,65.90  $,18.99  $,3,5,Yes,Limit - Maximum Data 3GB
  Haiti,6ISJODCZHLQV,Haiti 5GB - 10 Days,110.35  $,33.99  $,5,10,Yes,Limit - Maximum Data 5GB
  Haiti,PHITN4RPZTKM,Haiti 5GB - 15 Days,116.42  $,34.99  $,5,15,Yes,Limit - Maximum Data 5GB
  Haiti,KE8TG3UPBXYC,Haiti 5GB - 30 Days,121.39  $,36.99  $,5,30,Yes,Limit - Maximum Data 5GB
  Haiti,RUSWGRFUOYTB,Haiti 5GB - 5 Days,99.32  $,32.99  $,5,5,Yes,Limit - Maximum Data 5GB
  Honduras,MNB7KYMHVUV8,Honduras 10GB - 10 Days,23.39  $,41.99  $,10,10,Yes,Limit - Maximum Data 10GB
  Honduras,W2AGIIV0DT8L,Honduras 10GB - 15 Days,24.68  $,42.99  $,10,15,Yes,Limit - Maximum Data 10GB
  Honduras,KDPFCJTJIMAY,Honduras 10GB - 30 Days,25.73  $,46.99  $,10,30,Yes,Limit - Maximum Data 10GB
  Honduras,AUUYMLPGX2VG,Honduras 10GB - 5 Days,21.05  $,40.99  $,10,5,Yes,Limit - Maximum Data 10GB
  Honduras,LFAYTX69DDUC,Honduras 1GB - 10 Days,4.18  $,5.99  $,1,10,Yes,Limit - Maximum Data 1GB
  Honduras,M3TE1GLUZCYS,Honduras 1GB - 15 Days,4.41  $,6.99  $,1,15,Yes,Limit - Maximum Data 1GB
  Honduras,4WHLO9KEE0PI,Honduras 1GB - 30 Days,4.60  $,8.99  $,1,30,Yes,Limit - Maximum Data 1GB
  Honduras,AXW9YMVIBU5R,Honduras 1GB - 5 Days,3.76  $,4.99  $,1,5,Yes,Limit - Maximum Data 1GB
  Honduras,ZSO8MPJQXWN2,Honduras 20GB - 10 Days,35.23  $,61.99  $,20,10,Yes,Limit - Maximum Data 20GB
  Honduras,80MCHPBONY2U,Honduras 20GB - 15 Days,37.17  $,62.99  $,20,15,Yes,Limit - Maximum Data 20GB
  Honduras,DW6RZGPXIC2P,Honduras 20GB - 30 Days,38.75  $,66.99  $,20,30,Yes,Limit - Maximum Data 20GB
  Honduras,J9V28QLLKAUS,Honduras 20GB - 5 Days,31.71  $,60.99  $,20,5,Yes,Limit - Maximum Data 20GB
  Honduras,QAAVGNEIYTYP,Honduras 3GB - 10 Days,9.23  $,14.99  $,3,10,Yes,Limit - Maximum Data 3GB
  Honduras,HNX7BG6UO9JU,Honduras 3GB - 15 Days,9.74  $,14.99  $,3,15,Yes,Limit - Maximum Data 3GB
  Honduras,QYICLRHGDMHW,Honduras 3GB - 30 Days,10.15  $,17.99  $,3,30,Yes,Limit - Maximum Data 3GB
  Honduras,TKJ913DCLZNY,Honduras 3GB - 5 Days,8.31  $,13.99  $,3,5,Yes,Limit - Maximum Data 3GB
  Honduras,NH2PXEIGZET3,Honduras 5GB - 10 Days,13.65  $,24.99  $,5,10,Yes,Limit - Maximum Data 5GB
  Honduras,8KU4JYEKXWJO,Honduras 5GB - 15 Days,14.40  $,24.99  $,5,15,Yes,Limit - Maximum Data 5GB
  Honduras,0YLKTAHGJAGT,Honduras 5GB - 30 Days,15.02  $,27.99  $,5,30,Yes,Limit - Maximum Data 5GB
  Honduras,FDXPTOWTDZX6,Honduras 5GB - 5 Days,12.29  $,23.99  $,5,5,Yes,Limit - Maximum Data 5GB
  Hong Kong,3EHURTPIVRN6,Hong Kong 10GB - 10 Days,11.09  $,13.99  $,10,10,Yes,Limit - Maximum Data 10GB
  Hong Kong,GNY7RPKA5TZK,Hong Kong 10GB - 15 Days,11.70  $,14.99  $,10,15,Yes,Limit - Maximum Data 10GB
  Hong Kong,WHEQJ0TPM8TF,Hong Kong 10GB - 30 Days,12.20  $,16.99  $,10,30,Yes,Limit - Maximum Data 10GB
  Hong Kong,GBVMBK8IGYWO,Hong Kong 10GB - 5 Days,9.98  $,12.99  $,10,5,Yes,Limit - Maximum Data 10GB
  Hong Kong,VYUBEFYRZCBT,Hong Kong 1GB - 10 Days,2.27  $,4.99  $,1,10,Yes,Limit - Maximum Data 1GB
  Hong Kong,6AEKFBR9DRWZ,Hong Kong 1GB - 15 Days,2.39  $,4.99  $,1,15,Yes,Limit - Maximum Data 1GB
  Hong Kong,EYBPJWDVKCWN,Hong Kong 1GB - 30 Days,2.50  $,7.99  $,1,30,Yes,Limit - Maximum Data 1GB
  Hong Kong,LLUXFL37TFON,Hong Kong 1GB - 5 Days,2.04  $,3.99  $,1,5,Yes,Limit - Maximum Data 1GB
  Hong Kong,GIYKBOOCTLZJ,Hong Kong 20GB - 10 Days,17.86  $,24.99  $,20,10,Yes,Limit - Maximum Data 20GB
  Hong Kong,GHIWL4OYDN8H,Hong Kong 20GB - 15 Days,18.84  $,24.99  $,20,15,Yes,Limit - Maximum Data 20GB
  Hong Kong,NILLPIZG2PAJ,Hong Kong 20GB - 30 Days,19.65  $,27.99  $,20,30,Yes,Limit - Maximum Data 20GB
  Hong Kong,RSJUUIVQENKK,Hong Kong 20GB - 5 Days,16.07  $,23.99  $,20,5,Yes,Limit - Maximum Data 20GB
  Hong Kong,NPKFHRF3ZOJE,Hong Kong 3GB - 10 Days,4.19  $,5.99  $,3,10,Yes,Limit - Maximum Data 3GB
  Hong Kong,0OF3CJENAIDH,Hong Kong 3GB - 15 Days,4.42  $,6.99  $,3,15,Yes,Limit - Maximum Data 3GB
  Hong Kong,TMEATJHI7QRZ,Hong Kong 3GB - 30 Days,4.61  $,8.99  $,3,30,Yes,Limit - Maximum Data 3GB
  Hong Kong,LJ2WLWLVBWYP,Hong Kong 3GB - 5 Days,3.77  $,4.99  $,3,5,Yes,Limit - Maximum Data 3GB
  Hong Kong,WQMI1EXMLWCS,Hong Kong 5GB - 10 Days,6.74  $,6.99  $,5,10,Yes,Limit - Maximum Data 5GB
  Hong Kong,0JMLMEXRCST5,Hong Kong 5GB - 15 Days,7.11  $,7.99  $,5,15,Yes,Limit - Maximum Data 5GB
  Hong Kong,7Z9BTDFDIWIG,Hong Kong 5GB - 30 Days,7.41  $,9.99  $,5,30,Yes,Limit - Maximum Data 5GB
  Hong Kong,GCBNS3TI9QM4,Hong Kong 5GB - 5 Days,6.07  $,5.99  $,5,5,Yes,Limit - Maximum Data 5GB
  Hungary,CBMQHEVBFN3I,Hungary 10GB - 10 Days,6.00  $,12.99  $,10,10,Yes,Limit - Maximum Data 10GB
  Hungary,RJXO0S5LIVQI,Hungary 10GB - 15 Days,6.32  $,13.99  $,10,15,Yes,Limit - Maximum Data 10GB
  Hungary,ZXLKHWZXPMHY,Hungary 10GB - 30 Days,6.59  $,15.99  $,10,30,Yes,Limit - Maximum Data 10GB
  Hungary,1Z4OCPE6FKII,Hungary 10GB - 5 Days,5.40  $,11.99  $,10,5,Yes,Limit - Maximum Data 10GB
  Hungary,VOUGXLVNJXTQ,Hungary 1GB - 10 Days,2.00  $,4.99  $,1,10,Yes,Limit - Maximum Data 1GB
  Hungary,0YGRNEEBYM5I,Hungary 1GB - 15 Days,2.11  $,4.99  $,1,15,Yes,Limit - Maximum Data 1GB
  Hungary,MJ3LERNSM8XQ,Hungary 1GB - 30 Days,2.20  $,7.99  $,1,30,Yes,Limit - Maximum Data 1GB
  Hungary,0LDFHR3PFNA1,Hungary 1GB - 5 Days,1.80  $,3.99  $,1,5,Yes,Limit - Maximum Data 1GB
  Hungary,SJJHYPKVKL9J,Hungary 20GB - 10 Days,9.00  $,21.99  $,20,10,Yes,Limit - Maximum Data 20GB
  Hungary,WSK0FWRUG9JK,Hungary 20GB - 15 Days,9.49  $,22.99  $,20,15,Yes,Limit - Maximum Data 20GB
  Hungary,HQHXZUL90KMM,Hungary 20GB - 30 Days,9.89  $,24.99  $,20,30,Yes,Limit - Maximum Data 20GB
  Hungary,ZDIQR4FZD7OW,Hungary 20GB - 5 Days,8.10  $,20.99  $,20,5,Yes,Limit - Maximum Data 20GB
  Hungary,ITPCWUMGZ4E6,Hungary 3GB - 10 Days,3.00  $,7.99  $,3,10,Yes,Limit - Maximum Data 3GB
  Hungary,Z1NOEXAUYNHD,Hungary 3GB - 15 Days,3.16  $,8.99  $,3,15,Yes,Limit - Maximum Data 3GB
  Hungary,MAU851JIYEUV,Hungary 3GB - 30 Days,3.29  $,9.99  $,3,30,Yes,Limit - Maximum Data 3GB
  Hungary,CNOAVERB68W3,Hungary 3GB - 5 Days,2.70  $,7.99  $,3,5,Yes,Limit - Maximum Data 3GB
  Hungary,0DY45ABM5OVO,Hungary 5GB - 10 Days,4.00  $,6.99  $,5,10,Yes,Limit - Maximum Data 5GB
  Hungary,Q72CBKBIPEEG,Hungary 5GB - 15 Days,4.21  $,7.99  $,5,15,Yes,Limit - Maximum Data 5GB
  Hungary,1C6TWVAOXEIZ,Hungary 5GB - 30 Days,4.39  $,9.99  $,5,30,Yes,Limit - Maximum Data 5GB
  Hungary,76CKDAEXROGR,Hungary 5GB - 5 Days,3.60  $,5.99  $,5,5,Yes,Limit - Maximum Data 5GB
  Hungary,FWVY9L3L4MEQ,Hungary Unlimited LITE - 10 Days,14.49  $,24.99  $,Unlimited,10,Yes,"Daily - 2GB per Day, then 1Mbps"
  Hungary,7N8ANFVCWJVS,Hungary Unlimited LITE - 15 Days,19.13  $,32.99  $,Unlimited,15,Yes,"Daily - 2GB per Day, then 1Mbps"
  Hungary,45SW4WA5QZCK,Hungary Unlimited LITE - 30 Days,32.59  $,40.99  $,Unlimited,30,Yes,"Daily - 2GB per Day, then 1Mbps"
  Hungary,G74SCFCQLC7L,Hungary Unlimited LITE - 5 Days,9.85  $,16.99  $,Unlimited,5,Yes,"Daily - 2GB per Day, then 1Mbps"
  Hungary,ICDESPHMDI0E,Hungary Unlimited MAX - 10 Days,22.44  $,29.99  $,Unlimited,10,Yes,"Daily - 5GB per Day, then 1Mbps"
  Hungary,RBIT68Y2LG39,Hungary Unlimited MAX - 15 Days,27.66  $,49.99  $,Unlimited,15,Yes,"Daily - 5GB per Day, then 1Mbps"
  Hungary,3YXQJAYQSQF4,Hungary Unlimited MAX - 30 Days,58.49  $,59.99  $,Unlimited,30,Yes,"Daily - 5GB per Day, then 1Mbps"
  Hungary,UXT67CK6QEER,Hungary Unlimited MAX - 5 Days,12.52  $,24.99  $,Unlimited,5,Yes,"Daily - 5GB per Day, then 1Mbps"
  Hungary,QWMG0QZOLFZ5,Hungary Unlimited STANDARD - 10 Days,14.49  $,24.99  $,Unlimited,10,Yes,"Daily - 3GB per Day, then 1Mbps"
  Hungary,X1O5KM8WZQGD,Hungary Unlimited STANDARD - 15 Days,19.13  $,39.99  $,Unlimited,15,Yes,"Daily - 3GB per Day, then 1Mbps"
  Hungary,FIUPUS3MDBAA,Hungary Unlimited STANDARD - 30 Days,36.89  $,49.99  $,Unlimited,30,Yes,"Daily - 3GB per Day, then 1Mbps"
  Hungary,OVQ30G638BUO,Hungary Unlimited STANDARD - 5 Days,9.85  $,14.99  $,Unlimited,5,Yes,"Daily - 3GB per Day, then 1Mbps"
  Iceland,E2SIFSKKRA7C,Iceland 10GB - 10 Days,6.00  $,9.99  $,10,10,Yes,Limit - Maximum Data 10GB
  Iceland,SHMYZCUTQEQL,Iceland 10GB - 15 Days,6.32  $,9.99  $,10,15,Yes,Limit - Maximum Data 10GB
  Iceland,NV0455ATSFPQ,Iceland 10GB - 30 Days,6.59  $,12.99  $,10,30,Yes,Limit - Maximum Data 10GB
  Iceland,SVX9JTWBOHGF,Iceland 10GB - 5 Days,5.40  $,8.99  $,10,5,Yes,Limit - Maximum Data 10GB
  Iceland,UO9SHSGQBGZJ,Iceland 1GB - 10 Days,2.50  $,3.99  $,1,10,Yes,Limit - Maximum Data 1GB
  Iceland,SYX1Q2GIVJ8G,Iceland 1GB - 15 Days,2.64  $,4.99  $,1,15,Yes,Limit - Maximum Data 1GB
  Iceland,NRWZFC2MV2RG,Iceland 1GB - 30 Days,2.75  $,6.99  $,1,30,Yes,Limit - Maximum Data 1GB
  Iceland,JPMXFDMFWH8V,Iceland 1GB - 5 Days,2.25  $,2.99  $,1,5,Yes,Limit - Maximum Data 1GB
  Iceland,U8LGFFSXKVAP,Iceland 20GB - 10 Days,9.00  $,18.99  $,20,10,Yes,Limit - Maximum Data 20GB
  Iceland,OWR9KWWHPZOT,Iceland 20GB - 15 Days,9.49  $,19.99  $,20,15,Yes,Limit - Maximum Data 20GB
  Iceland,7EPGJMFSUA4H,Iceland 20GB - 30 Days,9.89  $,21.99  $,20,30,Yes,Limit - Maximum Data 20GB
  Iceland,C4E3TDQUGL0Q,Iceland 20GB - 5 Days,8.10  $,17.99  $,20,5,Yes,Limit - Maximum Data 20GB
  Iceland,KLMTTATBIZA9,Iceland 3GB - 10 Days,3.00  $,7.99  $,3,10,Yes,Limit - Maximum Data 3GB
  Iceland,FDAH9NJQURDL,Iceland 3GB - 15 Days,3.16  $,8.99  $,3,15,Yes,Limit - Maximum Data 3GB
  Iceland,IB0WB3L5SHRL,Iceland 3GB - 30 Days,3.29  $,9.99  $,3,30,Yes,Limit - Maximum Data 3GB
  Iceland,THHTU4I4UASP,Iceland 3GB - 5 Days,2.70  $,7.99  $,3,5,Yes,Limit - Maximum Data 3GB
  Iceland,AD5PTFXPXROY,Iceland 5GB - 10 Days,4.00  $,5.99  $,5,10,Yes,Limit - Maximum Data 5GB
  Iceland,CT1D4T9GGSHZ,Iceland 5GB - 15 Days,4.21  $,6.99  $,5,15,Yes,Limit - Maximum Data 5GB
  Iceland,W5IHRGCEEQL8,Iceland 5GB - 30 Days,4.39  $,8.99  $,5,30,Yes,Limit - Maximum Data 5GB
  Iceland,KWTF7XHRDBDQ,Iceland 5GB - 5 Days,3.60  $,4.99  $,5,5,Yes,Limit - Maximum Data 5GB
  Iceland,Y4O8ZXFD9R2T,Iceland Unlimited LITE - 10 Days,14.49  $,24.99  $,Unlimited,10,Yes,"Daily - 2GB per Day, then 1Mbps"
  Iceland,0Z2LOH6DSVUJ,Iceland Unlimited LITE - 15 Days,20.87  $,32.99  $,Unlimited,15,Yes,"Daily - 2GB per Day, then 1Mbps"
  Iceland,BWJL3JVYZ6F4,Iceland Unlimited LITE - 30 Days,26.09  $,40.99  $,Unlimited,30,Yes,"Daily - 2GB per Day, then 1Mbps"
  Iceland,RHDUWZDANE8K,Iceland Unlimited LITE - 5 Days,9.85  $,16.99  $,Unlimited,5,Yes,"Daily - 2GB per Day, then 1Mbps"
  Iceland,JEWNI1U3RLNN,Iceland Unlimited MAX - 10 Days,22.44  $,29.99  $,Unlimited,10,Yes,"Daily - 5GB per Day, then 1Mbps"
  Iceland,3KOS3PDBRAIC,Iceland Unlimited MAX - 15 Days,27.66  $,49.99  $,Unlimited,15,Yes,"Daily - 5GB per Day, then 1Mbps"
  Iceland,FWTMJZCADZMV,Iceland Unlimited MAX - 30 Days,33.92  $,59.99  $,Unlimited,30,Yes,"Daily - 5GB per Day, then 1Mbps"
  Iceland,BCOBHCMXPSWI,Iceland Unlimited MAX - 5 Days,12.52  $,24.99  $,Unlimited,5,Yes,"Daily - 5GB per Day, then 1Mbps"
  Iceland,TBZHOBHRENG1,Iceland Unlimited STANDARD - 10 Days,14.49  $,24.99  $,Unlimited,10,Yes,"Daily - 3GB per Day, then 1Mbps"
  Iceland,LXPXCQTHAGSI,Iceland Unlimited STANDARD - 15 Days,27.01  $,39.99  $,Unlimited,15,Yes,"Daily - 3GB per Day, then 1Mbps"
  Iceland,SMJHAUTHIYNB,Iceland Unlimited STANDARD - 30 Days,23.77  $,49.99  $,Unlimited,30,Yes,"Daily - 3GB per Day, then 1Mbps"
  Iceland,YC41SJDLMBX7,Iceland Unlimited STANDARD - 5 Days,9.85  $,14.99  $,Unlimited,5,Yes,"Daily - 3GB per Day, then 1Mbps"
  India,7Z9BKL5LT9QB,India 10GB - 10 Days,13.42  $,15.99  $,10,10,Yes,Limit - Maximum Data 10GB
  India,SO4HZX1INUYW,India 10GB - 15 Days,14.16  $,16.99  $,10,15,Yes,Limit - Maximum Data 10GB
  India,5JWUG7X7VJRF,India 10GB - 30 Days,14.76  $,18.99  $,10,30,Yes,Limit - Maximum Data 10GB
  India,F6BYZZAUAIMH,India 10GB - 5 Days,12.08  $,14.99  $,10,5,Yes,Limit - Maximum Data 10GB
  India,IEJVT8SPS7V4,India 1GB - 10 Days,2.63  $,4.99  $,1,10,Yes,Limit - Maximum Data 1GB
  India,FGDUKBSRQQBU,India 1GB - 15 Days,2.77  $,4.99  $,1,15,Yes,Limit - Maximum Data 1GB
  India,I5J7ZBG62YVF,India 1GB - 30 Days,2.89  $,7.99  $,1,30,Yes,Limit - Maximum Data 1GB
  India,TAYDCMOLLXV2,India 1GB - 5 Days,2.37  $,3.99  $,1,5,Yes,Limit - Maximum Data 1GB
  India,G4NMWX2EIFIJ,India 20GB - 10 Days,22.17  $,25.99  $,20,10,Yes,Limit - Maximum Data 20GB
  India,A6VMLZHLHRTR,India 20GB - 15 Days,23.39  $,26.99  $,20,15,Yes,Limit - Maximum Data 20GB
  India,IQWNHNYOCBNF,India 20GB - 30 Days,24.39  $,28.99  $,20,30,Yes,Limit - Maximum Data 20GB
  India,I0K5QVYJGIJR,India 20GB - 5 Days,19.95  $,24.99  $,20,5,Yes,Limit - Maximum Data 20GB
  India,AOXGWLXRQZUG,India 3GB - 10 Days,5.13  $,5.99  $,3,10,Yes,Limit - Maximum Data 3GB
  India,YV7DGU4AV4TC,India 3GB - 15 Days,5.41  $,6.99  $,3,15,Yes,Limit - Maximum Data 3GB
  India,9ANYIXDKSPEJ,India 3GB - 30 Days,5.64  $,8.99  $,3,30,Yes,Limit - Maximum Data 3GB
  India,3TQPWB2VVF5Y,India 3GB - 5 Days,4.62  $,4.99  $,3,5,Yes,Limit - Maximum Data 3GB
  India,K478BGTDVGUH,India 40GB - 10 Days,36.91  $,74.99  $,40,10,Yes,
  India,GW1LXBFQCT9U,India 40GB - 15 Days,38.94  $,74.99  $,40,15,Yes,
  India,00D5PUIQSG8X,India 40GB - 30 Days,40.60  $,79.99  $,40,30,Yes,
  India,MAVKSIUAUAN5,India 40GB - 5 Days,33.22  $,74.99  $,40,5,Yes,
  India,YYHR4EYD1THQ,India 5GB - 10 Days,8.00  $,8.99  $,5,10,Yes,Limit - Maximum Data 5GB
  India,PXUMI0W8BNVI,India 5GB - 15 Days,8.43  $,9.99  $,5,15,Yes,Limit - Maximum Data 5GB
  India,KCAGT0GJE8XR,India 5GB - 30 Days,8.79  $,11.99  $,5,30,Yes,Limit - Maximum Data 5GB
  India,Z0DWTPJZAZSG,India 5GB - 5 Days,7.20  $,7.99  $,5,5,Yes,Limit - Maximum Data 5GB
  India,OCO7QSHKBKJA,India Unlimited LITE - 10 Days,20.87  $,28.99  $,Unlimited,10,Yes,"Daily - 2GB per Day, then 1Mbps"
  India,CFXMJHDNFZZN,India Unlimited LITE - 15 Days,31.59  $,44.99  $,Unlimited,15,Yes,"Daily - 2GB per Day, then 1Mbps"
  India,CAXWEKGCVINW,India Unlimited LITE - 30 Days,46.97  $,58.99  $,Unlimited,30,Yes,"Daily - 2GB per Day, then 1Mbps"
  India,UDWZ21BO03ZY,India Unlimited LITE - 5 Days,15.65  $,21.99  $,Unlimited,5,Yes,"Daily - 2GB per Day, then 1Mbps"
  India,H9Q2KJIWA6RM,India Unlimited MAX - 10 Days,28.28  $,49.99  $,Unlimited,10,Yes,"Daily - 5GB per Day, then 1Mbps"
  India,Z7XNPWWNIFLU,India Unlimited MAX - 15 Days,40.47  $,59.99  $,Unlimited,15,Yes,"Daily - 5GB per Day, then 1Mbps"
  India,6ZHF6Y8YLB8D,India Unlimited MAX - 30 Days,65.70  $,89.99  $,Unlimited,30,Yes,"Daily - 5GB per Day, then 1Mbps"
  India,MBZZDQKX7RKQ,India Unlimited MAX - 5 Days,18.26  $,29.99  $,Unlimited,5,Yes,"Daily - 5GB per Day, then 1Mbps"
  India,IIEMXGLW29YD,India Unlimited STANDARD - 10 Days,21.63  $,44.99  $,Unlimited,10,Yes,"Daily - 3GB per Day, then 1Mbps"
  India,GIPSIPX90DQH,India Unlimited STANDARD - 15 Days,39.75  $,49.99  $,Unlimited,15,Yes,"Daily - 3GB per Day, then 1Mbps"
  India,GSFKMPN0UBGO,India Unlimited STANDARD - 30 Days,57.78  $,79.99  $,Unlimited,30,Yes,"Daily - 3GB per Day, then 1Mbps"
  India,IKGSJZUDE1VZ,India Unlimited STANDARD - 5 Days,15.65  $,24.99  $,Unlimited,5,Yes,"Daily - 3GB per Day, then 1Mbps"
  Indonesia,B3VATNZUPPE5,Indonesia 10GB - 10 Days,7.21  $,13.99  $,10,10,Yes,Limit - Maximum Data 10GB
  Indonesia,JGFDIEI6T07Z,Indonesia 10GB - 15 Days,7.61  $,14.99  $,10,15,Yes,Limit - Maximum Data 10GB
  Indonesia,EGRXFD3ZYOCT,Indonesia 10GB - 30 Days,7.93  $,16.99  $,10,30,Yes,Limit - Maximum Data 10GB
  Indonesia,EODPNQWNWTZL,Indonesia 10GB - 5 Days,6.49  $,12.99  $,10,5,Yes,Limit - Maximum Data 10GB
  Indonesia,CIUIVAW7RHPG,Indonesia 1GB - 10 Days,2.00  $,4.99  $,1,10,Yes,Limit - Maximum Data 1GB
  Indonesia,PDKRQG5ZN0LY,Indonesia 1GB - 15 Days,2.11  $,4.99  $,1,15,Yes,Limit - Maximum Data 1GB
  Indonesia,BV0MW7KY96HQ,Indonesia 1GB - 30 Days,2.20  $,7.99  $,1,30,Yes,Limit - Maximum Data 1GB
  Indonesia,2FBQBYQJXTRW,Indonesia 1GB - 5 Days,1.80  $,3.99  $,1,5,Yes,Limit - Maximum Data 1GB
  Indonesia,EVY4HHZ3LMTT,Indonesia 20GB - 10 Days,11.70  $,24.99  $,20,10,Yes,Limit - Maximum Data 20GB
  Indonesia,QYHMLXGUEZOD,Indonesia 20GB - 15 Days,12.34  $,24.99  $,20,15,Yes,Limit - Maximum Data 20GB
  Indonesia,08GVQS8R7ULI,Indonesia 20GB - 30 Days,12.87  $,27.99  $,20,30,Yes,Limit - Maximum Data 20GB
  Indonesia,NBYKGPWG8W70,Indonesia 20GB - 5 Days,10.53  $,23.99  $,20,5,Yes,Limit - Maximum Data 20GB
  Indonesia,PQFSDSKYLVBJ,Indonesia 3GB - 10 Days,3.10  $,6.99  $,3,10,Yes,Limit - Maximum Data 3GB
  Indonesia,SJFW7OU9R5FR,Indonesia 3GB - 15 Days,3.27  $,7.99  $,3,15,Yes,Limit - Maximum Data 3GB
  Indonesia,SLU3GJ3IC2C5,Indonesia 3GB - 30 Days,3.41  $,8.99  $,3,30,Yes,Limit - Maximum Data 3GB
  Indonesia,S4AMWXKQ87ZP,Indonesia 3GB - 5 Days,2.79  $,6.99  $,3,5,Yes,Limit - Maximum Data 3GB
  Indonesia,VKEQE9CG63DV,Indonesia 5GB - 10 Days,4.20  $,6.99  $,5,10,Yes,Limit - Maximum Data 5GB
  Indonesia,MZJWRC7IC28W,Indonesia 5GB - 15 Days,4.43  $,7.99  $,5,15,Yes,Limit - Maximum Data 5GB
  Indonesia,TLLWDHNCK9RJ,Indonesia 5GB - 30 Days,4.62  $,9.99  $,5,30,Yes,Limit - Maximum Data 5GB
  Indonesia,YFCZOU9OY3TB,Indonesia 5GB - 5 Days,3.78  $,5.99  $,5,5,Yes,Limit - Maximum Data 5GB
  Indonesia,3C750BRYJ2OH,Indonesia Unlimited LITE - 10 Days,15.13  $,28.99  $,Unlimited,10,Yes,"Daily - 2GB per Day, then 1Mbps"
  Indonesia,DXPUVUZTNBQ6,Indonesia Unlimited LITE - 15 Days,20.35  $,38.99  $,Unlimited,15,Yes,"Daily - 2GB per Day, then 1Mbps"
  Indonesia,B56UOEOWJNCR,Indonesia Unlimited LITE - 30 Days,34.80  $,48.99  $,Unlimited,30,Yes,"Daily - 2GB per Day, then 1Mbps"
  Indonesia,YOCF8TV3ZFQI,Indonesia Unlimited LITE - 5 Days,9.91  $,18.99  $,Unlimited,5,Yes,"Daily - 2GB per Day, then 1Mbps"
  Indonesia,SW6BT4OTIBAN,Indonesia Unlimited MAX - 10 Days,25.57  $,29.99  $,Unlimited,10,Yes,"Daily - 5GB per Day, then 1Mbps"
  Indonesia,ZTKNWDCC09VG,Indonesia Unlimited MAX - 15 Days,30.79  $,49.99  $,Unlimited,15,Yes,"Daily - 5GB per Day, then 1Mbps"
  Indonesia,KSYPBIEMKSZ4,Indonesia Unlimited MAX - 30 Days,38.04  $,59.99  $,Unlimited,30,Yes,"Daily - 5GB per Day, then 1Mbps"
  Indonesia,6DE62SP7NMHE,Indonesia Unlimited MAX - 5 Days,15.13  $,24.99  $,Unlimited,5,Yes,"Daily - 5GB per Day, then 1Mbps"
  Indonesia,8BFXNKWXLDIK,Indonesia Unlimited STANDARD - 10 Days,15.13  $,24.99  $,Unlimited,10,Yes,"Daily - 3GB per Day, then 1Mbps"
  Indonesia,TWSFHZPL6C10,Indonesia Unlimited STANDARD - 15 Days,20.35  $,39.99  $,Unlimited,15,Yes,"Daily - 3GB per Day, then 1Mbps"
  Indonesia,SZD0K9IAOSTB,Indonesia Unlimited STANDARD - 30 Days,32.85  $,49.99  $,Unlimited,30,Yes,"Daily - 3GB per Day, then 1Mbps"
  Indonesia,IRUC5CG789WU,Indonesia Unlimited STANDARD - 5 Days,9.91  $,14.99  $,Unlimited,5,Yes,"Daily - 3GB per Day, then 1Mbps"
  Iraq,31X5Z1PMOIBV,Iraq 10GB - 10 Days,18.35  $,34.99  $,10,10,Yes,Limit - Maximum Data 10GB
  Iraq,TM2T4BUGD9TI,Iraq 10GB - 15 Days,19.36  $,34.99  $,10,15,Yes,Limit - Maximum Data 10GB
  Iraq,NDFVAKXSWA4Y,Iraq 10GB - 30 Days,20.19  $,37.99  $,10,30,Yes,Limit - Maximum Data 10GB
  Iraq,03O9VQCFXIJI,Iraq 10GB - 5 Days,16.52  $,33.99  $,10,5,Yes,Limit - Maximum Data 10GB
  Iraq,ILMPRSUEHGNW,Iraq 1GB - 10 Days,3.39  $,5.99  $,1,10,Yes,Limit - Maximum Data 1GB
  Iraq,GWMBCYMGAZTC,Iraq 1GB - 15 Days,3.58  $,6.99  $,1,15,Yes,Limit - Maximum Data 1GB
  Iraq,GQKQPRZ14DHV,Iraq 1GB - 30 Days,3.73  $,8.99  $,1,30,Yes,Limit - Maximum Data 1GB
  Iraq,743KINZ4YYZA,Iraq 1GB - 5 Days,3.05  $,4.99  $,1,5,Yes,Limit - Maximum Data 1GB
  Iraq,FBRLPQY5H7VU,Iraq 20GB - 10 Days,27.57  $,53.99  $,20,10,Yes,Limit - Maximum Data 20GB
  Iraq,WVX7HOUONISY,Iraq 20GB - 15 Days,29.09  $,54.99  $,20,15,Yes,Limit - Maximum Data 20GB
  Iraq,PCWIPZFM2GTL,Iraq 20GB - 30 Days,30.33  $,58.99  $,20,30,Yes,Limit - Maximum Data 20GB
  Iraq,IMZB4T9WLZDH,Iraq 20GB - 5 Days,24.81  $,52.99  $,20,5,Yes,Limit - Maximum Data 20GB
  Iraq,F82CDHJVZZUD,Iraq 3GB - 10 Days,7.32  $,13.99  $,3,10,Yes,Limit - Maximum Data 3GB
  Iraq,KOU3XWCRYU57,Iraq 3GB - 15 Days,7.72  $,14.99  $,3,15,Yes,Limit - Maximum Data 3GB
  Iraq,QAXFIHOZNJKO,Iraq 3GB - 30 Days,8.05  $,16.99  $,3,30,Yes,Limit - Maximum Data 3GB
  Iraq,V6OVSPIZEWJF,Iraq 3GB - 5 Days,6.59  $,12.99  $,3,5,Yes,Limit - Maximum Data 3GB
  Iraq,QO7T19RP2WCB,Iraq 5GB - 10 Days,10.76  $,19.99  $,5,10,Yes,Limit - Maximum Data 5GB
  Iraq,60CHIJKDY9W1,Iraq 5GB - 15 Days,11.35  $,19.99  $,5,15,Yes,Limit - Maximum Data 5GB
  Iraq,VMJPF5O86JOB,Iraq 5GB - 30 Days,11.84  $,22.99  $,5,30,Yes,Limit - Maximum Data 5GB
  Iraq,AUAMQYD5JKNS,Iraq 5GB - 5 Days,9.68  $,18.99  $,5,5,Yes,Limit - Maximum Data 5GB
  Iraq,ABRQTPHZNHJG,Iraq Unlimited LITE - 10 Days,38.05  $,42.99  $,Unlimited,10,Yes,"Daily - 2GB per Day, then 1Mbps"
  Iraq,KZ9KCZBFTJD2,Iraq Unlimited LITE - 15 Days,58.49  $,64.99  $,Unlimited,15,Yes,"Daily - 2GB per Day, then 1Mbps"
  Iraq,HRIAP7J83JKF,Iraq Unlimited LITE - 30 Days,72.89  $,80.99  $,Unlimited,30,Yes,"Daily - 2GB per Day, then 1Mbps"
  Iraq,TOJMKOABDSYV,Iraq Unlimited LITE - 5 Days,19.06  $,21.99  $,Unlimited,5,Yes,"Daily - 2GB per Day, then 1Mbps"
  Iraq,FUJ2X1LHNZL4,Iraq Unlimited MAX - 10 Days,47.69  $,39.99  $,Unlimited,10,Yes,"Daily - 5GB per Day, then 1Mbps"
  Iraq,9CFNFKTXXPWJ,Iraq Unlimited MAX - 15 Days,72.89  $,74.99  $,Unlimited,15,Yes,"Daily - 5GB per Day, then 1Mbps"
  Iraq,DEB6XDHN5IXP,Iraq Unlimited MAX - 30 Days,108.89  $,89.99  $,Unlimited,30,Yes,"Daily - 5GB per Day, then 1Mbps"
  Iraq,FORVMMOFX3JS,Iraq Unlimited MAX - 5 Days,27.12  $,24.99  $,Unlimited,5,Yes,"Daily - 5GB per Day, then 1Mbps"
  Iraq,OUAE12M3KLQV,Iraq Unlimited STANDARD - 10 Days,38.86  $,34.99  $,Unlimited,10,Yes,"Daily - 3GB per Day, then 1Mbps"
  Iraq,TJDOK8CFR5FO,Iraq Unlimited STANDARD - 15 Days,58.49  $,64.99  $,Unlimited,15,Yes,"Daily - 3GB per Day, then 1Mbps"
  Iraq,26CFLPREKWAG,Iraq Unlimited STANDARD - 30 Days,72.89  $,79.99  $,Unlimited,30,Yes,"Daily - 3GB per Day, then 1Mbps"
  Iraq,EDTHLFVSJR0N,Iraq Unlimited STANDARD - 5 Days,20.67  $,17.99  $,Unlimited,5,Yes,"Daily - 3GB per Day, then 1Mbps"
  Ireland,FKB3TJX9MURT,Ireland 10GB - 10 Days,6.00  $,9.99  $,10,10,Yes,Limit - Maximum Data 10GB
  Ireland,MDTMOZEXPQZF,Ireland 10GB - 15 Days,6.32  $,9.99  $,10,15,Yes,Limit - Maximum Data 10GB
  Ireland,24ZLWQIFHRGS,Ireland 10GB - 30 Days,6.59  $,12.99  $,10,30,Yes,Limit - Maximum Data 10GB
  Ireland,DPEIHJTQS7UQ,Ireland 10GB - 5 Days,5.40  $,8.99  $,10,5,Yes,Limit - Maximum Data 10GB
  Ireland,0C5KQ3IAAEU1,Ireland 1GB - 10 Days,2.00  $,3.99  $,1,10,Yes,Limit - Maximum Data 1GB
  Ireland,LPFJKH7VIVOP,Ireland 1GB - 15 Days,2.11  $,4.99  $,1,15,Yes,Limit - Maximum Data 1GB
  Ireland,FKNARHDLLT8M,Ireland 1GB - 30 Days,2.20  $,6.99  $,1,30,Yes,Limit - Maximum Data 1GB
  Ireland,DVDY5EILYOYT,Ireland 1GB - 5 Days,1.80  $,2.99  $,1,5,Yes,Limit - Maximum Data 1GB
  Ireland,94K7PLVOW2ZI,Ireland 20GB - 10 Days,9.00  $,18.99  $,20,10,Yes,Limit - Maximum Data 20GB
  Ireland,UMODU9O2ERWW,Ireland 20GB - 15 Days,9.49  $,19.99  $,20,15,Yes,Limit - Maximum Data 20GB
  Ireland,3UXWQFOGMHAY,Ireland 20GB - 30 Days,9.89  $,21.99  $,20,30,Yes,Limit - Maximum Data 20GB
  Ireland,FLUCAERI5ATV,Ireland 20GB - 5 Days,8.10  $,17.99  $,20,5,Yes,Limit - Maximum Data 20GB
  Ireland,6TNKBSO34XYU,Ireland 3GB - 10 Days,3.00  $,7.99  $,3,10,Yes,Limit - Maximum Data 3GB
  Ireland,WQY98CV74QQE,Ireland 3GB - 15 Days,3.16  $,8.99  $,3,15,Yes,Limit - Maximum Data 3GB
  Ireland,NLJXGOD4R4KH,Ireland 3GB - 30 Days,3.29  $,9.99  $,3,30,Yes,Limit - Maximum Data 3GB
  Ireland,7WPRAUMCVQQQ,Ireland 3GB - 5 Days,2.70  $,7.99  $,3,5,Yes,Limit - Maximum Data 3GB
  Ireland,FHXVD6589PZF,Ireland 5GB - 10 Days,4.00  $,5.99  $,5,10,Yes,Limit - Maximum Data 5GB
  Ireland,DTBSAAYLRDXQ,Ireland 5GB - 15 Days,4.21  $,6.99  $,5,15,Yes,Limit - Maximum Data 5GB
  Ireland,DXP9DXB75RIU,Ireland 5GB - 30 Days,4.39  $,8.99  $,5,30,Yes,Limit - Maximum Data 5GB
  Ireland,UBTMES8VPRIT,Ireland 5GB - 5 Days,3.60  $,4.99  $,5,5,Yes,Limit - Maximum Data 5GB
  Ireland,LP6N4UJVK0BW,Ireland Unlimited LITE - 10 Days,14.49  $,24.99  $,Unlimited,10,Yes,"Daily - 2GB per Day, then 1Mbps"
  Ireland,LBOI3LZQKNDZ,Ireland Unlimited LITE - 15 Days,19.13  $,32.99  $,Unlimited,15,Yes,"Daily - 2GB per Day, then 1Mbps"
  Ireland,NWRFXSUTHOLV,Ireland Unlimited LITE - 30 Days,36.89  $,40.99  $,Unlimited,30,Yes,"Daily - 2GB per Day, then 1Mbps"
  Ireland,ZKMHVT1LARRJ,Ireland Unlimited LITE - 5 Days,9.85  $,16.99  $,Unlimited,5,Yes,"Daily - 2GB per Day, then 1Mbps"
  Ireland,TJRQMGGSYP8N,Ireland Unlimited MAX - 10 Days,22.44  $,29.99  $,Unlimited,10,Yes,"Daily - 5GB per Day, then 1Mbps"
  Ireland,HCEGQPNF4S6J,Ireland Unlimited MAX - 15 Days,35.01  $,49.99  $,Unlimited,15,Yes,"Daily - 5GB per Day, then 1Mbps"
  Ireland,LNMPOJVRU7FJ,Ireland Unlimited MAX - 30 Days,49.55  $,59.99  $,Unlimited,30,Yes,"Daily - 5GB per Day, then 1Mbps"
  Ireland,7OM2NITECLJN,Ireland Unlimited MAX - 5 Days,12.52  $,24.99  $,Unlimited,5,Yes,"Daily - 5GB per Day, then 1Mbps"
  Ireland,RGR2BY8DWBHN,Ireland Unlimited STANDARD - 10 Days,14.49  $,24.99  $,Unlimited,10,Yes,"Daily - 3GB per Day, then 1Mbps"
  Ireland,WCYG3SLZGFUQ,Ireland Unlimited STANDARD - 15 Days,19.13  $,39.99  $,Unlimited,15,Yes,"Daily - 3GB per Day, then 1Mbps"
  Ireland,Z2ISDSKNRB0Z,Ireland Unlimited STANDARD - 30 Days,26.09  $,49.99  $,Unlimited,30,Yes,"Daily - 3GB per Day, then 1Mbps"
  Ireland,T1XFMGHUEDG8,Ireland Unlimited STANDARD - 5 Days,9.85  $,14.99  $,Unlimited,5,Yes,"Daily - 3GB per Day, then 1Mbps"
  Isle of Man,GIHHDS4NOJLJ,Isle of Man 10GB - 10 Days,26.39  $,43.99  $,10,10,Yes,Limit - Maximum Data 10GB
  Isle of Man,SEWDXGB27UQI,Isle of Man 10GB - 15 Days,27.84  $,44.99  $,10,15,Yes,Limit - Maximum Data 10GB
  Isle of Man,XRR9WVEGPJQM,Isle of Man 10GB - 30 Days,29.03  $,48.99  $,10,30,Yes,Limit - Maximum Data 10GB
  Isle of Man,IC25PNQY8NKR,Isle of Man 10GB - 5 Days,23.75  $,42.99  $,10,5,Yes,Limit - Maximum Data 10GB
  Isle of Man,PH21FPMYPDEJ,Isle of Man 1GB - 10 Days,4.79  $,5.99  $,1,10,Yes,Limit - Maximum Data 1GB
  Isle of Man,2HPCJ38ZACBT,Isle of Man 1GB - 15 Days,5.06  $,6.99  $,1,15,Yes,Limit - Maximum Data 1GB
  Isle of Man,XD8SRZNOEYKN,Isle of Man 1GB - 30 Days,5.27  $,8.99  $,1,30,Yes,Limit - Maximum Data 1GB
  Isle of Man,PM1GLOWFU7DT,Isle of Man 1GB - 5 Days,4.31  $,4.99  $,1,5,Yes,Limit - Maximum Data 1GB
  Isle of Man,JRLC6OLDER34,Isle of Man 20GB - 10 Days,44.04  $,73.99  $,20,10,Yes,Limit - Maximum Data 20GB
  Isle of Man,WDBO8X3JL2BN,Isle of Man 20GB - 15 Days,46.46  $,74.99  $,20,15,Yes,Limit - Maximum Data 20GB
  Isle of Man,YKITA2ZSP0BQ,Isle of Man 20GB - 30 Days,48.44  $,78.99  $,20,30,Yes,Limit - Maximum Data 20GB
  Isle of Man,IPAR3AWJQFKZ,Isle of Man 20GB - 5 Days,39.64  $,72.99  $,20,5,Yes,Limit - Maximum Data 20GB
  Isle of Man,ESIHSHLZ1VPN,Isle of Man 3GB - 10 Days,10.39  $,14.99  $,3,10,Yes,Limit - Maximum Data 3GB
  Isle of Man,VVIOW6YB5EUJ,Isle of Man 3GB - 15 Days,10.96  $,14.99  $,3,15,Yes,Limit - Maximum Data 3GB
  Isle of Man,QSYP99JCTTSJ,Isle of Man 3GB - 30 Days,11.43  $,17.99  $,3,30,Yes,Limit - Maximum Data 3GB
  Isle of Man,RBEEOYKQ4QUN,Isle of Man 3GB - 5 Days,9.35  $,13.99  $,3,5,Yes,Limit - Maximum Data 3GB
  Isle of Man,7RKNGDT6QYKS,Isle of Man 5GB - 10 Days,14.39  $,24.99  $,5,10,Yes,Limit - Maximum Data 5GB
  Isle of Man,VZFWJM3KAO1I,Isle of Man 5GB - 15 Days,15.18  $,24.99  $,5,15,Yes,Limit - Maximum Data 5GB
  Isle of Man,XOU9FJGYQYDG,Isle of Man 5GB - 30 Days,15.83  $,27.99  $,5,30,Yes,Limit - Maximum Data 5GB
  Isle of Man,E2IW8LRUYCMP,Isle of Man 5GB - 5 Days,12.95  $,23.99  $,5,5,Yes,Limit - Maximum Data 5GB
  Israel,MRYDYA5I194P,Israel 10GB - 10 Days,8.06  $,15.99  $,10,10,Yes,Limit - Maximum Data 10GB
  Israel,3FLEYB7KOLH1,Israel 10GB - 15 Days,8.50  $,16.99  $,10,15,Yes,Limit - Maximum Data 10GB
  Israel,UKBAJVJLDMTH,Israel 10GB - 30 Days,8.87  $,18.99  $,10,30,Yes,Limit - Maximum Data 10GB
  Israel,VKTQPWGZCSVU,Israel 10GB - 5 Days,7.25  $,14.99  $,10,5,Yes,Limit - Maximum Data 10GB
  Israel,IJOTZ16C8KAR,Israel 1GB - 10 Days,2.50  $,4.99  $,1,10,Yes,Limit - Maximum Data 1GB
  Israel,FMLZITMEIDFN,Israel 1GB - 15 Days,2.63  $,4.99  $,1,15,Yes,Limit - Maximum Data 1GB
  Israel,O6MQIEHUUOMD,Israel 1GB - 30 Days,2.74  $,7.99  $,1,30,Yes,Limit - Maximum Data 1GB
  Israel,RCP5SML5ZQGU,Israel 1GB - 5 Days,2.25  $,3.99  $,1,5,Yes,Limit - Maximum Data 1GB
  Israel,S6UVKF4LSZ46,Israel 20GB - 10 Days,13.59  $,25.99  $,20,10,Yes,Limit - Maximum Data 20GB
  Israel,9LKUJA5WQIG1,Israel 20GB - 15 Days,14.34  $,26.99  $,20,15,Yes,Limit - Maximum Data 20GB
  Israel,1FCB04NIUXYL,Israel 20GB - 30 Days,14.95  $,28.99  $,20,30,Yes,Limit - Maximum Data 20GB
  Israel,26LPLC0WEDBG,Israel 20GB - 5 Days,12.23  $,24.99  $,20,5,Yes,Limit - Maximum Data 20GB
  Israel,LML5BD3HIEHL,Israel 3GB - 10 Days,3.50  $,5.99  $,3,10,Yes,Limit - Maximum Data 3GB
  Israel,X5GNJPWCGB7L,Israel 3GB - 15 Days,3.69  $,6.99  $,3,15,Yes,Limit - Maximum Data 3GB
  Israel,PVIRGBOGXGYA,Israel 3GB - 30 Days,3.84  $,8.99  $,3,30,Yes,Limit - Maximum Data 3GB
  Israel,95NYTU9ZJKSG,Israel 3GB - 5 Days,3.15  $,4.99  $,3,5,Yes,Limit - Maximum Data 3GB
  Israel,LNYKGVCD97TI,Israel 40GB - 10 Days,21.62  $,36.99  $,40,10,Yes,
  Israel,1BGTMWQ7PQV5,Israel 40GB - 15 Days,22.81  $,37.99  $,40,15,Yes,
  Israel,UGEX25ASMOTZ,Israel 40GB - 30 Days,23.78  $,38.99  $,40,30,Yes,
  Israel,GZL1SWEYURB7,Israel 40GB - 5 Days,19.46  $,34.99  $,40,5,Yes,
  Israel,F8QCFZUMKEC7,Israel 5GB - 10 Days,5.09  $,8.99  $,5,10,Yes,Limit - Maximum Data 5GB
  Israel,JOCZVLJPMPD4,Israel 5GB - 15 Days,5.37  $,9.99  $,5,15,Yes,Limit - Maximum Data 5GB
  Israel,8JCDYTHQLX6U,Israel 5GB - 30 Days,5.60  $,11.99  $,5,30,Yes,Limit - Maximum Data 5GB
  Israel,ZHWJRMQMXCHR,Israel 5GB - 5 Days,4.58  $,7.99  $,5,5,Yes,Limit - Maximum Data 5GB
  Israel,CKBZ6J5HRFDL,Israel Unlimited LITE - 10 Days,14.49  $,29.99  $,Unlimited,10,Yes,"Daily - 2GB per Day, then 1Mbps"
  Israel,RRMNDLQGJ4AQ,Israel Unlimited LITE - 15 Days,20.87  $,39.99  $,Unlimited,15,Yes,"Daily - 2GB per Day, then 1Mbps"
  Israel,NJM2XGWJ92WE,Israel Unlimited LITE - 30 Days,39.66  $,58.99  $,Unlimited,30,Yes,"Daily - 2GB per Day, then 1Mbps"
  Israel,89JIA7H0GBAW,Israel Unlimited LITE - 5 Days,10.43  $,18.99  $,Unlimited,5,Yes,"Daily - 2GB per Day, then 1Mbps"
  Israel,VGHGIZT2ASXW,Israel Unlimited MAX - 10 Days,15.65  $,34.99  $,Unlimited,10,Yes,"Daily - 5GB per Day, then 1Mbps"
  Israel,JU4NRGLCWYHZ,Israel Unlimited MAX - 15 Days,28.99  $,54.99  $,Unlimited,15,Yes,"Daily - 5GB per Day, then 1Mbps"
  Israel,JPUEQD7QR9IU,Israel Unlimited MAX - 30 Days,59.94  $,79.99  $,Unlimited,30,Yes,"Daily - 5GB per Day, then 1Mbps"
  Israel,TRRN1H3C4CLU,Israel Unlimited MAX - 5 Days,13.04  $,24.99  $,Unlimited,5,Yes,"Daily - 5GB per Day, then 1Mbps"
  Israel,BF41QUOUKYEZ,Israel Unlimited STANDARD - 10 Days,14.26  $,24.99  $,Unlimited,10,Yes,"Daily - 3GB per Day, then 1Mbps"
  Israel,H0MHAIYJ3YFN,Israel Unlimited STANDARD - 15 Days,22.56  $,39.99  $,Unlimited,15,Yes,"Daily - 3GB per Day, then 1Mbps"
  Israel,I2SFWVGPHOB5,Israel Unlimited STANDARD - 30 Days,53.99  $,59.99  $,Unlimited,30,Yes,"Daily - 3GB per Day, then 1Mbps"
  Israel,FMYLVQX273AE,Israel Unlimited STANDARD - 5 Days,10.43  $,17.99  $,Unlimited,5,Yes,"Daily - 3GB per Day, then 1Mbps"
  Italy,2NWJBYOS08OZ,Italy 10GB - 10 Days,6.00  $,12.99  $,10,10,Yes,Limit - Maximum Data 10GB
  Italy,CAF3HUGKY196,Italy 10GB - 15 Days,6.32  $,13.99  $,10,15,Yes,Limit - Maximum Data 10GB
  Italy,MERZEDCQGX47,Italy 10GB - 30 Days,6.59  $,15.99  $,10,30,Yes,Limit - Maximum Data 10GB
  Italy,QJPDTDOT3M42,Italy 10GB - 5 Days,5.40  $,11.99  $,10,5,Yes,Limit - Maximum Data 10GB
  Italy,EQ5NCYBPUW0Z,Italy 1GB - 10 Days,2.00  $,4.99  $,1,10,Yes,Limit - Maximum Data 1GB
  Italy,7GIWMHOUGI6B,Italy 1GB - 15 Days,2.11  $,4.99  $,1,15,Yes,Limit - Maximum Data 1GB
  Italy,6IKVFLQJ3EUM,Italy 1GB - 30 Days,2.20  $,7.99  $,1,30,Yes,Limit - Maximum Data 1GB
  Italy,BHNZFN138CM5,Italy 1GB - 5 Days,1.80  $,3.99  $,1,5,Yes,Limit - Maximum Data 1GB
  Italy,8Q0NJP7HOXQ5,Italy 20GB - 10 Days,9.00  $,21.99  $,20,10,Yes,Limit - Maximum Data 20GB
  Italy,ZEQ0MGJ8AAVD,Italy 20GB - 15 Days,9.49  $,22.99  $,20,15,Yes,Limit - Maximum Data 20GB
  Italy,QHRZVVYKIXPM,Italy 20GB - 30 Days,9.89  $,24.99  $,20,30,Yes,Limit - Maximum Data 20GB
  Italy,QNVYVKHXTZWF,Italy 20GB - 5 Days,8.10  $,20.99  $,20,5,Yes,Limit - Maximum Data 20GB
  Italy,2998EXTANFX8,Italy 3GB - 10 Days,3.00  $,7.99  $,3,10,Yes,Limit - Maximum Data 3GB
  Italy,MBGS4YELKY31,Italy 3GB - 15 Days,3.16  $,8.99  $,3,15,Yes,Limit - Maximum Data 3GB
  Italy,ZGNI8RLAZHDE,Italy 3GB - 30 Days,3.29  $,9.99  $,3,30,Yes,Limit - Maximum Data 3GB
  Italy,J3PKBWWX1404,Italy 3GB - 5 Days,2.70  $,7.99  $,3,5,Yes,Limit - Maximum Data 3GB
  Italy,MNEBIJIA9LY0,Italy 5GB - 10 Days,4.00  $,6.99  $,5,10,Yes,Limit - Maximum Data 5GB
  Italy,MBDGWKEWDASZ,Italy 5GB - 15 Days,4.21  $,7.99  $,5,15,Yes,Limit - Maximum Data 5GB
  Italy,BT08XDRGPOP5,Italy 5GB - 30 Days,4.39  $,9.99  $,5,30,Yes,Limit - Maximum Data 5GB
  Italy,NUHAOT6GJQ5W,Italy 5GB - 5 Days,3.60  $,5.99  $,5,5,Yes,Limit - Maximum Data 5GB
  Italy,R2AX94OBVQ8D,Italy Unlimited LITE - 10 Days,14.49  $,24.99  $,Unlimited,10,Yes,"Daily - 2GB per Day, then 1Mbps"
  Italy,TKBUDBAWNHMS,Italy Unlimited LITE - 15 Days,19.13  $,32.99  $,Unlimited,15,Yes,"Daily - 2GB per Day, then 1Mbps"
  Italy,NOUDJPQXHC08,Italy Unlimited LITE - 30 Days,35.02  $,40.99  $,Unlimited,30,Yes,"Daily - 2GB per Day, then 1Mbps"
  Italy,TTLWWCJFBGSV,Italy Unlimited LITE - 5 Days,9.85  $,16.99  $,Unlimited,5,Yes,"Daily - 2GB per Day, then 1Mbps"
  Italy,MKODCH24T3EF,Italy Unlimited MAX - 10 Days,21.40  $,29.99  $,Unlimited,10,Yes,"Daily - 5GB per Day, then 1Mbps"
  Italy,XL5EUSVE8W0S,Italy Unlimited MAX - 15 Days,28.41  $,49.99  $,Unlimited,15,Yes,"Daily - 5GB per Day, then 1Mbps"
  Italy,QCGYHJIVESAR,Italy Unlimited MAX - 30 Days,51.29  $,59.99  $,Unlimited,30,Yes,"Daily - 5GB per Day, then 1Mbps"
  Italy,SPOFZL1FW95H,Italy Unlimited MAX - 5 Days,13.04  $,24.99  $,Unlimited,5,Yes,"Daily - 5GB per Day, then 1Mbps"
  Italy,JCBJC2QGPQUK,Italy Unlimited STANDARD - 10 Days,14.49  $,24.99  $,Unlimited,10,Yes,"Daily - 3GB per Day, then 1Mbps"
  Italy,ZCQ80BYMZEIP,Italy Unlimited STANDARD - 15 Days,19.13  $,39.99  $,Unlimited,15,Yes,"Daily - 3GB per Day, then 1Mbps"
  Italy,WESLNUBNQ5JY,Italy Unlimited STANDARD - 30 Days,36.89  $,49.99  $,Unlimited,30,Yes,"Daily - 3GB per Day, then 1Mbps"
  Italy,8IPY9NEPSUCR,Italy Unlimited STANDARD - 5 Days,9.85  $,14.99  $,Unlimited,5,Yes,"Daily - 3GB per Day, then 1Mbps"
  Ivory Coast,0EE6NFPHAKKD,Ivory Coast 10GB - 10 Days,38.39  $,41.99  $,10,10,Yes,Limit - Maximum Data 10GB
  Ivory Coast,4FMJ6TG5QRVX,Ivory Coast 10GB - 15 Days,40.50  $,42.99  $,10,15,Yes,Limit - Maximum Data 10GB
  Ivory Coast,NYAWQ2BFY9MP,Ivory Coast 10GB - 30 Days,42.23  $,46.99  $,10,30,Yes,Limit - Maximum Data 10GB
  Ivory Coast,IOUQVHCWYHG5,Ivory Coast 10GB - 5 Days,34.55  $,40.99  $,10,5,Yes,Limit - Maximum Data 10GB
  Ivory Coast,NQNYHZGZGXYW,Ivory Coast 1GB - 10 Days,6.77  $,5.99  $,1,10,Yes,Limit - Maximum Data 1GB
  Ivory Coast,8E4VF47I6XW3,Ivory Coast 1GB - 15 Days,7.14  $,6.99  $,1,15,Yes,Limit - Maximum Data 1GB
  Ivory Coast,I48TAVALSFYQ,Ivory Coast 1GB - 30 Days,7.45  $,8.99  $,1,30,Yes,Limit - Maximum Data 1GB
  Ivory Coast,0X6ZQIX1CBKN,Ivory Coast 1GB - 5 Days,6.09  $,4.99  $,1,5,Yes,Limit - Maximum Data 1GB
  Ivory Coast,C7TOW6INNZHQ,Ivory Coast 20GB - 10 Days,55.99  $,61.99  $,20,10,Yes,Limit - Maximum Data 20GB
  Ivory Coast,HEAPDYZE7VF2,Ivory Coast 20GB - 15 Days,59.07  $,62.99  $,20,15,Yes,Limit - Maximum Data 20GB
  Ivory Coast,8JA9DYVQH4PW,Ivory Coast 20GB - 30 Days,61.59  $,66.99  $,20,30,Yes,Limit - Maximum Data 20GB
  Ivory Coast,BKZTGIXNUAML,Ivory Coast 20GB - 5 Days,50.39  $,60.99  $,20,5,Yes,Limit - Maximum Data 20GB
  Ivory Coast,O5T2YZLEFZO8,Ivory Coast 3GB - 10 Days,15.53  $,14.99  $,3,10,Yes,Limit - Maximum Data 3GB
  Ivory Coast,ISXCLOZV1NYF,Ivory Coast 3GB - 15 Days,16.38  $,14.99  $,3,15,Yes,Limit - Maximum Data 3GB
  Ivory Coast,ITIPU0F5VAHV,Ivory Coast 3GB - 30 Days,17.08  $,17.99  $,3,30,Yes,Limit - Maximum Data 3GB
  Ivory Coast,U8ZJETIARY5F,Ivory Coast 3GB - 5 Days,13.98  $,13.99  $,3,5,Yes,Limit - Maximum Data 3GB
  Ivory Coast,CTU0OEMKNPHW,Ivory Coast 5GB - 10 Days,23.17  $,24.99  $,5,10,Yes,Limit - Maximum Data 5GB
  Ivory Coast,HTUV83CYK3E7,Ivory Coast 5GB - 15 Days,24.44  $,24.99  $,5,15,Yes,Limit - Maximum Data 5GB
  Ivory Coast,CBIVFDKFPOJR,Ivory Coast 5GB - 30 Days,25.49  $,27.99  $,5,30,Yes,Limit - Maximum Data 5GB
  Ivory Coast,S2P9FL7NROYA,Ivory Coast 5GB - 5 Days,20.85  $,23.99  $,5,5,Yes,Limit - Maximum Data 5GB
  Jamaica,R3GN97MJCERH,Jamaica 10GB - 10 Days,28.96  $,41.99  $,10,10,Yes,Limit - Maximum Data 10GB
  Jamaica,Z2JHGQKN9ALB,Jamaica 10GB - 15 Days,30.55  $,42.99  $,10,15,Yes,Limit - Maximum Data 10GB
  Jamaica,AIT7DKFSAQVY,Jamaica 10GB - 30 Days,31.86  $,46.99  $,10,30,Yes,Limit - Maximum Data 10GB
  Jamaica,BRJ6K9LMMJCS,Jamaica 10GB - 5 Days,26.06  $,40.99  $,10,5,Yes,Limit - Maximum Data 10GB
  Jamaica,RNYXL1MA6S7M,Jamaica 1GB - 10 Days,5.15  $,5.99  $,1,10,Yes,Limit - Maximum Data 1GB
  Jamaica,DZ7AUCEZFVOJ,Jamaica 1GB - 15 Days,5.43  $,6.99  $,1,15,Yes,Limit - Maximum Data 1GB
  Jamaica,SACTRO9NYUTX,Jamaica 1GB - 30 Days,5.67  $,8.99  $,1,30,Yes,Limit - Maximum Data 1GB
  Jamaica,7Q2ZYWKOLNDM,Jamaica 1GB - 5 Days,4.64  $,4.99  $,1,5,Yes,Limit - Maximum Data 1GB
  Jamaica,I0FRY59NDMXC,Jamaica 20GB - 10 Days,49.53  $,61.99  $,20,10,Yes,Limit - Maximum Data 20GB
  Jamaica,BX2YW1DWXCNE,Jamaica 20GB - 15 Days,52.25  $,62.99  $,20,15,Yes,Limit - Maximum Data 20GB
  Jamaica,BTQV8FAVKOMS,Jamaica 20GB - 30 Days,54.48  $,66.99  $,20,30,Yes,Limit - Maximum Data 20GB
  Jamaica,ODLZAORTQVED,Jamaica 20GB - 5 Days,44.58  $,60.99  $,20,5,Yes,Limit - Maximum Data 20GB
  Jamaica,TF3GI64AQCZ5,Jamaica 3GB - 10 Days,11.71  $,14.99  $,3,10,Yes,Limit - Maximum Data 3GB
  Jamaica,AMCODLGZV4AG,Jamaica 3GB - 15 Days,12.35  $,14.99  $,3,15,Yes,Limit - Maximum Data 3GB
  Jamaica,NHIMJOJCFDZF,Jamaica 3GB - 30 Days,12.88  $,17.99  $,3,30,Yes,Limit - Maximum Data 3GB
  Jamaica,Q2B81WTABYVI,Jamaica 3GB - 5 Days,10.54  $,13.99  $,3,5,Yes,Limit - Maximum Data 3GB
  Jamaica,FQUEVWMS0HPI,Jamaica 5GB - 10 Days,17.52  $,24.99  $,5,10,Yes,Limit - Maximum Data 5GB
  Jamaica,WAA1QQGMSIBZ,Jamaica 5GB - 15 Days,18.48  $,24.99  $,5,15,Yes,Limit - Maximum Data 5GB
  Jamaica,QZ1LAZAC3TKZ,Jamaica 5GB - 30 Days,19.27  $,27.99  $,5,30,Yes,Limit - Maximum Data 5GB
  Jamaica,NN3ROGS1P5QP,Jamaica 5GB - 5 Days,15.77  $,23.99  $,5,5,Yes,Limit - Maximum Data 5GB
  Japan,WSB9SE6UL7BQ,Japan 10GB - 10 Days,9.93  $,15.99  $,10,10,Yes,Limit - Maximum Data 10GB
  Japan,7NK1CQIMYR6N,Japan 10GB - 15 Days,10.48  $,16.99  $,10,15,Yes,Limit - Maximum Data 10GB
  Japan,92JD6TEBYEIK,Japan 10GB - 30 Days,10.92  $,18.99  $,10,30,Yes,Limit - Maximum Data 10GB
  Japan,LKKAS4ULY2EI,Japan 10GB - 5 Days,8.94  $,14.99  $,10,5,Yes,Limit - Maximum Data 10GB
  Japan,OT31YSEYJKT8,Japan 1GB - 10 Days,2.00  $,4.99  $,1,10,Yes,Limit - Maximum Data 1GB
  Japan,AQUAJPMX6TZG,Japan 1GB - 15 Days,2.11  $,4.99  $,1,15,Yes,Limit - Maximum Data 1GB
  Japan,BCRBCUE23PTY,Japan 1GB - 30 Days,2.20  $,7.99  $,1,30,Yes,Limit - Maximum Data 1GB
  Japan,MQWL9WNXET15,Japan 1GB - 5 Days,1.80  $,3.99  $,1,5,Yes,Limit - Maximum Data 1GB
  Japan,W3LVEIX9TZQM,Japan 20GB - 10 Days,16.86  $,25.99  $,20,10,Yes,Limit - Maximum Data 20GB
  Japan,XAC6Z6Y8WX42,Japan 20GB - 15 Days,17.79  $,26.99  $,20,15,Yes,Limit - Maximum Data 20GB
  Japan,PPSNBWJBEV0O,Japan 20GB - 30 Days,18.55  $,28.99  $,20,30,Yes,Limit - Maximum Data 20GB
  Japan,VMIANEITXJCH,Japan 20GB - 5 Days,15.17  $,24.99  $,20,5,Yes,Limit - Maximum Data 20GB
  Japan,VE1WUK8XNHEJ,Japan 3GB - 10 Days,3.59  $,5.99  $,3,10,Yes,Limit - Maximum Data 3GB
  Japan,64NPUDV8E9JZ,Japan 3GB - 15 Days,3.79  $,6.99  $,3,15,Yes,Limit - Maximum Data 3GB
  Japan,WKW9MUVQ6WC8,Japan 3GB - 30 Days,3.95  $,8.99  $,3,30,Yes,Limit - Maximum Data 3GB
  Japan,K9AODYPDP4XT,Japan 3GB - 5 Days,3.23  $,4.99  $,3,5,Yes,Limit - Maximum Data 3GB
  Japan,OUEZQSRYGK24,Japan 5GB - 10 Days,5.92  $,8.99  $,5,10,Yes,Limit - Maximum Data 5GB
  Japan,5K8WRC2UFO3P,Japan 5GB - 15 Days,6.25  $,9.99  $,5,15,Yes,Limit - Maximum Data 5GB
  Japan,IKTSWWVZZ5VW,Japan 5GB - 30 Days,6.51  $,11.99  $,5,30,Yes,Limit - Maximum Data 5GB
  Japan,SVQUQKKFUVS7,Japan 5GB - 5 Days,5.33  $,7.99  $,5,5,Yes,Limit - Maximum Data 5GB
  Japan,EWOD2JK2FH9R,Japan Unlimited LITE - 10 Days,17.26  $,28.99  $,Unlimited,10,Yes,"Daily - 2GB per Day, then 1Mbps"
  Japan,CGGDT2OER7JC,Japan Unlimited LITE - 15 Days,30.36  $,38.99  $,Unlimited,15,Yes,"Daily - 2GB per Day, then 1Mbps"
  Japan,0WD96JBR1QES,Japan Unlimited LITE - 30 Days,44.09  $,48.99  $,Unlimited,30,Yes,"Daily - 2GB per Day, then 1Mbps"
  Japan,PMKOTUI3YN9E,Japan Unlimited LITE - 5 Days,10.08  $,18.99  $,Unlimited,5,Yes,"Daily - 2GB per Day, then 1Mbps"
  Japan,NZFKFJL7FD52,Japan Unlimited MAX - 10 Days,25.57  $,29.99  $,Unlimited,10,Yes,"Daily - 5GB per Day, then 1Mbps"
  Japan,F3QCHPQLAA4O,Japan Unlimited MAX - 15 Days,34.21  $,49.99  $,Unlimited,15,Yes,"Daily - 5GB per Day, then 1Mbps"
  Japan,ZTOKISWZ5FPI,Japan Unlimited MAX - 30 Days,62.09  $,59.99  $,Unlimited,30,Yes,"Daily - 5GB per Day, then 1Mbps"
  Japan,3E2PAG9ON2CX,Japan Unlimited MAX - 5 Days,15.13  $,24.99  $,Unlimited,5,Yes,"Daily - 5GB per Day, then 1Mbps"
  Japan,NAPRLJ7FQNOF,Japan Unlimited STANDARD - 10 Days,18.31  $,24.99  $,Unlimited,10,Yes,"Daily - 3GB per Day, then 1Mbps"
  Japan,E3ZE5KMVAF0C,Japan Unlimited STANDARD - 15 Days,27.18  $,39.99  $,Unlimited,15,Yes,"Daily - 3GB per Day, then 1Mbps"
  Japan,E8U9BA29LQ2P,Japan Unlimited STANDARD - 30 Days,45.44  $,49.99  $,Unlimited,30,Yes,"Daily - 3GB per Day, then 1Mbps"
  Japan,MGJB4FQEDTN9,Japan Unlimited STANDARD - 5 Days,10.37  $,17.99  $,Unlimited,5,Yes,"Daily - 3GB per Day, then 1Mbps"
  Jersey,N5XAHWOMCNRN,Jersey 10GB - 10 Days,16.50  $,34.99  $,10,10,Yes,Limit - Maximum Data 10GB
  Jersey,WZLQDOG2NZS4,Jersey 10GB - 15 Days,17.40  $,34.99  $,10,15,Yes,Limit - Maximum Data 10GB
  Jersey,G5XDSFVZR316,Jersey 10GB - 30 Days,18.14  $,37.99  $,10,30,Yes,Limit - Maximum Data 10GB
  Jersey,I9BXR08OR5MM,Jersey 10GB - 5 Days,14.85  $,33.99  $,10,5,Yes,Limit - Maximum Data 10GB
  Jersey,XANYSOY9NXQE,Jersey 1GB - 10 Days,3.00  $,5.99  $,1,10,Yes,Limit - Maximum Data 1GB
  Jersey,CTJDFQKBZOHS,Jersey 1GB - 15 Days,3.16  $,6.99  $,1,15,Yes,Limit - Maximum Data 1GB
  Jersey,UUKWKUGHSZJY,Jersey 1GB - 30 Days,3.29  $,8.99  $,1,30,Yes,Limit - Maximum Data 1GB
  Jersey,DTKAPVEH2KN5,Jersey 1GB - 5 Days,2.70  $,4.99  $,1,5,Yes,Limit - Maximum Data 1GB
  Jersey,ZCQ1VDIMH5GL,Jersey 20GB - 10 Days,31.50  $,53.99  $,20,10,Yes,Limit - Maximum Data 20GB
  Jersey,E3GKPHDWFHY1,Jersey 20GB - 15 Days,33.23  $,54.99  $,20,15,Yes,Limit - Maximum Data 20GB
  Jersey,VAKCYNFK8DO3,Jersey 20GB - 30 Days,34.64  $,58.99  $,20,30,Yes,Limit - Maximum Data 20GB
  Jersey,FYL7NO6OQJKF,Jersey 20GB - 5 Days,28.35  $,52.99  $,20,5,Yes,Limit - Maximum Data 20GB
  Jersey,QUZM6AKNDXWR,Jersey 3GB - 10 Days,6.50  $,13.99  $,3,10,Yes,Limit - Maximum Data 3GB
  Jersey,N7ATZMMDNXFT,Jersey 3GB - 15 Days,6.85  $,14.99  $,3,15,Yes,Limit - Maximum Data 3GB
  Jersey,UQEUJC8TRWFK,Jersey 3GB - 30 Days,7.14  $,16.99  $,3,30,Yes,Limit - Maximum Data 3GB
  Jersey,QCI5E9DQZKGC,Jersey 3GB - 5 Days,5.85  $,12.99  $,3,5,Yes,Limit - Maximum Data 3GB
  Jersey,BTGWA9ONUSPG,Jersey 5GB - 10 Days,9.00  $,19.99  $,5,10,Yes,Limit - Maximum Data 5GB
  Jersey,4IWSZGFU6XQ6,Jersey 5GB - 15 Days,9.49  $,19.99  $,5,15,Yes,Limit - Maximum Data 5GB
  Jersey,DPG7ALJ35SP1,Jersey 5GB - 30 Days,9.89  $,22.99  $,5,30,Yes,Limit - Maximum Data 5GB
  Jersey,8T1L7ZPJDSAF,Jersey 5GB - 5 Days,8.10  $,18.99  $,5,5,Yes,Limit - Maximum Data 5GB
  Jersey,TAWCUND8VW9G,Jersey Unlimited LITE - 10 Days,30.01  $,44.99  $,Unlimited,10,Yes,"Daily - 2GB per Day, then 1Mbps"
  Jersey,XPYF1G7OZZVB,Jersey Unlimited LITE - 15 Days,49.40  $,63.99  $,Unlimited,15,Yes,"Daily - 2GB per Day, then 1Mbps"
  Jersey,1EEUN5IBCXT4,Jersey Unlimited LITE - 30 Days,80.09  $,88.99  $,Unlimited,30,Yes,"Daily - 2GB per Day, then 1Mbps"
  Jersey,LVDWKJGLS1WJ,Jersey Unlimited LITE - 5 Days,15.09  $,25.99  $,Unlimited,5,Yes,"Daily - 2GB per Day, then 1Mbps"
  Jersey,I7DPBJP00MUV,Jersey Unlimited MAX - 10 Days,44.07  $,44.99  $,Unlimited,10,Yes,"Daily - 5GB per Day, then 1Mbps"
  Jersey,POBGBKV4QLJD,Jersey Unlimited MAX - 15 Days,67.22  $,74.99  $,Unlimited,15,Yes,"Daily - 5GB per Day, then 1Mbps"
  Jersey,BXZICC9L3M7A,Jersey Unlimited MAX - 30 Days,119.26  $,99.99  $,Unlimited,30,Yes,"Daily - 5GB per Day, then 1Mbps"
  Jersey,XKGUBQ4KVKDH,Jersey Unlimited MAX - 5 Days,25.51  $,24.99  $,Unlimited,5,Yes,"Daily - 5GB per Day, then 1Mbps"
  Jersey,CZK0VVX5KHNO,Jersey Unlimited STANDARD - 10 Days,30.65  $,39.99  $,Unlimited,10,Yes,"Daily - 3GB per Day, then 1Mbps"
  Jersey,IWF9BO6E3DML,Jersey Unlimited STANDARD - 15 Days,49.84  $,64.99  $,Unlimited,15,Yes,"Daily - 3GB per Day, then 1Mbps"
  Jersey,VO3COEJYKF88,Jersey Unlimited STANDARD - 30 Days,80.09  $,89.99  $,Unlimited,30,Yes,"Daily - 3GB per Day, then 1Mbps"
  Jersey,QLFVEWBZWGFT,Jersey Unlimited STANDARD - 5 Days,16.35  $,19.99  $,Unlimited,5,Yes,"Daily - 3GB per Day, then 1Mbps"
  Jordan,A10WKPTHDP7N,Jordan 10GB - 10 Days,15.80  $,22.99  $,10,10,Yes,Limit - Maximum Data 10GB
  Jordan,Y68CFNGHUVJ8,Jordan 10GB - 15 Days,16.67  $,23.99  $,10,15,Yes,Limit - Maximum Data 10GB
  Jordan,6AKL0CBZ7DQL,Jordan 10GB - 30 Days,17.38  $,25.99  $,10,30,Yes,Limit - Maximum Data 10GB
  Jordan,KQHCRQ9JVAIU,Jordan 10GB - 5 Days,14.22  $,21.99  $,10,5,Yes,Limit - Maximum Data 10GB
  Jordan,LHBFB6F0QRTW,Jordan 1GB - 10 Days,3.06  $,5.99  $,1,10,Yes,Limit - Maximum Data 1GB
  Jordan,SAFHKDBNPVUL,Jordan 1GB - 15 Days,3.23  $,6.99  $,1,15,Yes,Limit - Maximum Data 1GB
  Jordan,DGI8DWXNNYTD,Jordan 1GB - 30 Days,3.37  $,8.99  $,1,30,Yes,Limit - Maximum Data 1GB
  Jordan,9QPFVEDBVCDB,Jordan 1GB - 5 Days,2.75  $,4.99  $,1,5,Yes,Limit - Maximum Data 1GB
  Jordan,HWXOTVN5LZYT,Jordan 20GB - 10 Days,23.70  $,41.99  $,20,10,Yes,Limit - Maximum Data 20GB
  Jordan,NPTC1CIBAM7I,Jordan 20GB - 15 Days,25.00  $,42.99  $,20,15,Yes,Limit - Maximum Data 20GB
  Jordan,W4XJSQFDTJ80,Jordan 20GB - 30 Days,26.07  $,46.99  $,20,30,Yes,Limit - Maximum Data 20GB
  Jordan,JRKYRJ8WLK1A,Jordan 20GB - 5 Days,21.33  $,40.99  $,20,5,Yes,Limit - Maximum Data 20GB
  Jordan,MTHO3RDF0CGD,Jordan 3GB - 10 Days,6.36  $,9.99  $,3,10,Yes,Limit - Maximum Data 3GB
  Jordan,C0KGQLEYY3BF,Jordan 3GB - 15 Days,6.71  $,9.99  $,3,15,Yes,Limit - Maximum Data 3GB
  Jordan,3QK1VPVTAZIC,Jordan 3GB - 30 Days,7.00  $,12.99  $,3,30,Yes,Limit - Maximum Data 3GB
  Jordan,HJZV3TKKBILN,Jordan 3GB - 5 Days,5.72  $,8.99  $,3,5,Yes,Limit - Maximum Data 3GB
  Jordan,UMYE9MLYVPBR,Jordan 5GB - 10 Days,9.29  $,12.99  $,5,10,Yes,Limit - Maximum Data 5GB
  Jordan,QIMH7AIWBBCW,Jordan 5GB - 15 Days,9.80  $,13.99  $,5,15,Yes,Limit - Maximum Data 5GB
  Jordan,FNHIJZ9HBMZK,Jordan 5GB - 30 Days,10.22  $,15.99  $,5,30,Yes,Limit - Maximum Data 5GB
  Jordan,GGQDWV7RN5UO,Jordan 5GB - 5 Days,8.36  $,11.99  $,5,5,Yes,Limit - Maximum Data 5GB
  Kazakhstan,VVZ0R1HX8RMF,Kazakhstan 10GB - 10 Days,5.59  $,12.99  $,10,10,Yes,Limit - Maximum Data 10GB
  Kazakhstan,CMLSI5VOFWC1,Kazakhstan 10GB - 15 Days,5.90  $,13.99  $,10,15,Yes,Limit - Maximum Data 10GB
  Kazakhstan,OWKCXY7LEUKF,Kazakhstan 10GB - 30 Days,6.15  $,15.99  $,10,30,Yes,Limit - Maximum Data 10GB
  Kazakhstan,GM9REA1TTK5D,Kazakhstan 10GB - 5 Days,5.03  $,11.99  $,10,5,Yes,Limit - Maximum Data 10GB
  Kazakhstan,DZ6GFWG0X8B1,Kazakhstan 1GB - 10 Days,1.50  $,4.99  $,1,10,Yes,Limit - Maximum Data 1GB
  Kazakhstan,QJOP2K5URAUO,Kazakhstan 1GB - 15 Days,1.58  $,4.99  $,1,15,Yes,Limit - Maximum Data 1GB
  Kazakhstan,T7XCNBV1UB0Z,Kazakhstan 1GB - 30 Days,1.65  $,7.99  $,1,30,Yes,Limit - Maximum Data 1GB
  Kazakhstan,5MFNPTIL1GW5,Kazakhstan 1GB - 5 Days,1.35  $,3.99  $,1,5,Yes,Limit - Maximum Data 1GB
  Kazakhstan,3TQEDVXZDD3O,Kazakhstan 20GB - 10 Days,8.47  $,21.99  $,20,10,Yes,Limit - Maximum Data 20GB
  Kazakhstan,XTALT9HAYNC2,Kazakhstan 20GB - 15 Days,8.94  $,22.99  $,20,15,Yes,Limit - Maximum Data 20GB
  Kazakhstan,MZ8ECXH9ORUZ,Kazakhstan 20GB - 30 Days,9.32  $,24.99  $,20,30,Yes,Limit - Maximum Data 20GB
  Kazakhstan,C9LNFJTWYRNP,Kazakhstan 20GB - 5 Days,7.62  $,20.99  $,20,5,Yes,Limit - Maximum Data 20GB
  Kazakhstan,1HGSRVXDPVDX,Kazakhstan 3GB - 10 Days,2.50  $,6.99  $,3,10,Yes,Limit - Maximum Data 3GB
  Kazakhstan,ZCOVMBXEENVR,Kazakhstan 3GB - 15 Days,2.63  $,6.99  $,3,15,Yes,Limit - Maximum Data 3GB
  Kazakhstan,S57TZ1UGKQCI,Kazakhstan 3GB - 30 Days,2.74  $,7.99  $,3,30,Yes,Limit - Maximum Data 3GB
  Kazakhstan,AHMMLJORTIVT,Kazakhstan 3GB - 5 Days,2.25  $,6.99  $,3,5,Yes,Limit - Maximum Data 3GB
  Kazakhstan,2XEJNAPMPG5O,Kazakhstan 5GB - 10 Days,3.50  $,6.99  $,5,10,Yes,Limit - Maximum Data 5GB
  Kazakhstan,OPIUTU92BT9W,Kazakhstan 5GB - 15 Days,3.69  $,7.99  $,5,15,Yes,Limit - Maximum Data 5GB
  Kazakhstan,CJUEUIK6VHOL,Kazakhstan 5GB - 30 Days,3.84  $,9.99  $,5,30,Yes,Limit - Maximum Data 5GB
  Kazakhstan,AWIZMNGJIFCZ,Kazakhstan 5GB - 5 Days,3.15  $,5.99  $,5,5,Yes,Limit - Maximum Data 5GB
  Kazakhstan,KGZNHJ3QZGYP,Kazakhstan Unlimited LITE - 10 Days,11.48  $,21.99  $,Unlimited,10,Yes,"Daily - 2GB per Day, then 1Mbps"
  Kazakhstan,UWHZC1LXWYVT,Kazakhstan Unlimited LITE - 15 Days,18.31  $,28.99  $,Unlimited,15,Yes,"Daily - 2GB per Day, then 1Mbps"
  Kazakhstan,T5YX7PLSHSAL,Kazakhstan Unlimited LITE - 30 Days,31.87  $,42.99  $,Unlimited,30,Yes,"Daily - 2GB per Day, then 1Mbps"
  Kazakhstan,02MDDXTOFGB0,Kazakhstan Unlimited LITE - 5 Days,7.82  $,14.99  $,Unlimited,5,Yes,"Daily - 2GB per Day, then 1Mbps"
  Kazakhstan,6DN9IYCKV2Z1,Kazakhstan Unlimited MAX - 10 Days,19.83  $,29.99  $,Unlimited,10,Yes,"Daily - 5GB per Day, then 1Mbps"
  Kazakhstan,TTYQ3SQENSUJ,Kazakhstan Unlimited MAX - 15 Days,24.79  $,39.99  $,Unlimited,15,Yes,"Daily - 5GB per Day, then 1Mbps"
  Kazakhstan,ERGTLQDO3RHR,Kazakhstan Unlimited MAX - 30 Days,43.71  $,59.99  $,Unlimited,30,Yes,"Daily - 5GB per Day, then 1Mbps"
  Kazakhstan,YUEJ1XVZOHVL,Kazakhstan Unlimited MAX - 5 Days,10.96  $,24.99  $,Unlimited,5,Yes,"Daily - 5GB per Day, then 1Mbps"
  Kazakhstan,HHJKD5QHGFR1,Kazakhstan Unlimited STANDARD - 10 Days,11.49  $,19.99  $,Unlimited,10,Yes,"Daily - 3GB per Day, then 1Mbps"
  Kazakhstan,CR4ALYGGSAFK,Kazakhstan Unlimited STANDARD - 15 Days,18.47  $,29.99  $,Unlimited,15,Yes,"Daily - 3GB per Day, then 1Mbps"
  Kazakhstan,WULNCSKD4CPB,Kazakhstan Unlimited STANDARD - 30 Days,34.78  $,39.99  $,Unlimited,30,Yes,"Daily - 3GB per Day, then 1Mbps"
  Kazakhstan,WJAD8WIEBWO1,Kazakhstan Unlimited STANDARD - 5 Days,7.82  $,14.99  $,Unlimited,5,Yes,"Daily - 3GB per Day, then 1Mbps"
  Kenya,KLXKNZU9FYTH,Kenya 10GB - 10 Days,31.76  $,41.99  $,10,10,Yes,Limit - Maximum Data 10GB
  Kenya,IYBZ6YOGLHIU,Kenya 10GB - 15 Days,33.51  $,42.99  $,10,15,Yes,Limit - Maximum Data 10GB
  Kenya,ID2FXQ6VSX9U,Kenya 10GB - 30 Days,34.94  $,46.99  $,10,30,Yes,Limit - Maximum Data 10GB
  Kenya,HKUD6N6OSOE1,Kenya 10GB - 5 Days,28.58  $,40.99  $,10,5,Yes,Limit - Maximum Data 10GB
  Kenya,5L9KT3F8CUVR,Kenya 1GB - 10 Days,5.49  $,5.99  $,1,10,Yes,Limit - Maximum Data 1GB
  Kenya,WQPR13AAPLNR,Kenya 1GB - 15 Days,5.79  $,6.99  $,1,15,Yes,Limit - Maximum Data 1GB
  Kenya,KRVVQY6WVE9B,Kenya 1GB - 30 Days,6.04  $,8.99  $,1,30,Yes,Limit - Maximum Data 1GB
  Kenya,GR66LVONCEV9,Kenya 1GB - 5 Days,4.94  $,4.99  $,1,5,Yes,Limit - Maximum Data 1GB
  Kenya,VEKYPGCECND0,Kenya 20GB - 10 Days,47.91  $,61.99  $,20,10,Yes,Limit - Maximum Data 20GB
  Kenya,BP094EQZOBEY,Kenya 20GB - 15 Days,50.55  $,62.99  $,20,15,Yes,Limit - Maximum Data 20GB
  Kenya,XSNE2JOKRQJT,Kenya 20GB - 30 Days,52.70  $,66.99  $,20,30,Yes,Limit - Maximum Data 20GB
  Kenya,NWPYH25NACTZ,Kenya 20GB - 5 Days,43.12  $,60.99  $,20,5,Yes,Limit - Maximum Data 20GB
  Kenya,DCDQMTENXVX2,Kenya 3GB - 10 Days,12.41  $,14.99  $,3,10,Yes,Limit - Maximum Data 3GB
  Kenya,UE6SPEOKSUIY,Kenya 3GB - 15 Days,13.09  $,14.99  $,3,15,Yes,Limit - Maximum Data 3GB
  Kenya,YKRAFKVJNCZI,Kenya 3GB - 30 Days,13.65  $,17.99  $,3,30,Yes,Limit - Maximum Data 3GB
  Kenya,6VDZFLIGCKSV,Kenya 3GB - 5 Days,11.17  $,13.99  $,3,5,Yes,Limit - Maximum Data 3GB
  Kenya,KGPI6ZMNO2IZ,Kenya 5GB - 10 Days,18.45  $,24.99  $,5,10,Yes,Limit - Maximum Data 5GB
  Kenya,HWBMDV04FFV7,Kenya 5GB - 15 Days,19.46  $,24.99  $,5,15,Yes,Limit - Maximum Data 5GB
  Kenya,MH75SW3ZNXQT,Kenya 5GB - 30 Days,20.30  $,27.99  $,5,30,Yes,Limit - Maximum Data 5GB
  Kenya,LP30ZWHXI2JN,Kenya 5GB - 5 Days,16.61  $,23.99  $,5,5,Yes,Limit - Maximum Data 5GB
  Kiribati,NB8MFTFGAEIS,Kiribati 1GB - 10 Days,35.99  $,49.99  $,1,10,Yes,Limit - Maximum Data 1GB
  Kiribati,9XOBDIVQEAUJ,Kiribati 1GB - 15 Days,37.97  $,49.99  $,1,15,Yes,Limit - Maximum Data 1GB
  Kiribati,XGJW6BCGVGE2,Kiribati 1GB - 30 Days,39.59  $,54.99  $,1,30,Yes,Limit - Maximum Data 1GB
  Kiribati,EMRKWMDOVELG,Kiribati 1GB - 5 Days,32.39  $,48.99  $,1,5,Yes,Limit - Maximum Data 1GB
  Kiribati,L3WR4XIFZETY,Kiribati 3GB - 10 Days,99.38  $,134.99  $,3,10,Yes,Limit - Maximum Data 3GB
  Kiribati,YDWEJWYX9QHE,Kiribati 3GB - 15 Days,104.85  $,134.99  $,3,15,Yes,Limit - Maximum Data 3GB
  Kiribati,SQRHLZLSUGGY,Kiribati 3GB - 30 Days,109.32  $,139.99  $,3,30,Yes,Limit - Maximum Data 3GB
  Kiribati,8FVC6YLSTXVO,Kiribati 3GB - 5 Days,89.44  $,134.99  $,3,5,Yes,Limit - Maximum Data 3GB
  Kiribati,QNERHZW3B72S,Kiribati 5GB - 10 Days,149.89  $,224.99  $,5,10,Yes,Limit - Maximum Data 5GB
  Kiribati,AL5FA5SI0KTL,Kiribati 5GB - 15 Days,158.13  $,224.99  $,5,15,Yes,Limit - Maximum Data 5GB
  Kiribati,NUB0POQA7BDF,Kiribati 5GB - 30 Days,164.88  $,229.99  $,5,30,Yes,Limit - Maximum Data 5GB
  Kiribati,KDRCS8TXYXGM,Kiribati 5GB - 5 Days,134.90  $,224.99  $,5,5,Yes,Limit - Maximum Data 5GB
  Kosovo,B9TDQE9ZRQQR,Kosovo 10GB - 10 Days,15.80  $,34.99  $,10,10,Yes,Limit - Maximum Data 10GB
  Kosovo,MLFSN5JUHAP4,Kosovo 10GB - 15 Days,16.67  $,34.99  $,10,15,Yes,Limit - Maximum Data 10GB
  Kosovo,2FYFTQJ3MU5V,Kosovo 10GB - 30 Days,17.38  $,37.99  $,10,30,Yes,Limit - Maximum Data 10GB
  Kosovo,FOPJT4BPZAQR,Kosovo 10GB - 5 Days,14.22  $,33.99  $,10,5,Yes,Limit - Maximum Data 10GB
  Kosovo,ADWUFKXRRRTM,Kosovo 1GB - 10 Days,3.00  $,5.99  $,1,10,Yes,Limit - Maximum Data 1GB
  Kosovo,QUYNGSG4UWIN,Kosovo 1GB - 15 Days,3.16  $,6.99  $,1,15,Yes,Limit - Maximum Data 1GB
  Kosovo,LUAKM41OLM20,Kosovo 1GB - 30 Days,3.29  $,8.99  $,1,30,Yes,Limit - Maximum Data 1GB
  Kosovo,CILBJOY95LSC,Kosovo 1GB - 5 Days,2.70  $,4.99  $,1,5,Yes,Limit - Maximum Data 1GB
  Kosovo,SFNTJDH629LH,Kosovo 20GB - 10 Days,25.50  $,53.99  $,20,10,Yes,Limit - Maximum Data 20GB
  Kosovo,P5TL26FO5K1I,Kosovo 20GB - 15 Days,26.90  $,54.99  $,20,15,Yes,Limit - Maximum Data 20GB
  Kosovo,CZGZJ1ZJL23D,Kosovo 20GB - 30 Days,28.04  $,58.99  $,20,30,Yes,Limit - Maximum Data 20GB
  Kosovo,13LZY3OWR5K4,Kosovo 20GB - 5 Days,22.95  $,52.99  $,20,5,Yes,Limit - Maximum Data 20GB
  Kosovo,CZWVNIBF47OH,Kosovo 3GB - 10 Days,6.35  $,13.99  $,3,10,Yes,Limit - Maximum Data 3GB
  Kosovo,GN7IVYSLZWIB,Kosovo 3GB - 15 Days,6.70  $,14.99  $,3,15,Yes,Limit - Maximum Data 3GB
  Kosovo,EVLTCMDYBTHG,Kosovo 3GB - 30 Days,6.99  $,16.99  $,3,30,Yes,Limit - Maximum Data 3GB
  Kosovo,WRIH807JZXIV,Kosovo 3GB - 5 Days,5.72  $,12.99  $,3,5,Yes,Limit - Maximum Data 3GB
  Kosovo,KLHUAVZHCEHO,Kosovo 5GB - 10 Days,9.29  $,19.99  $,5,10,Yes,Limit - Maximum Data 5GB
  Kosovo,GUDBMOPZI6JD,Kosovo 5GB - 15 Days,9.80  $,19.99  $,5,15,Yes,Limit - Maximum Data 5GB
  Kosovo,K30ZEHGMS8BK,Kosovo 5GB - 30 Days,10.22  $,22.99  $,5,30,Yes,Limit - Maximum Data 5GB
  Kosovo,HATRJMJOQA0I,Kosovo 5GB - 5 Days,8.36  $,18.99  $,5,5,Yes,Limit - Maximum Data 5GB
  Kuwait,T1DPXKHGHVQZ,Kuwait 10GB - 10 Days,10.69  $,15.99  $,10,10,Yes,Limit - Maximum Data 10GB
  Kuwait,S6XZJFRIDB5U,Kuwait 10GB - 15 Days,11.28  $,16.99  $,10,15,Yes,Limit - Maximum Data 10GB
  Kuwait,M6SQUITH7BXV,Kuwait 10GB - 30 Days,11.76  $,18.99  $,10,30,Yes,Limit - Maximum Data 10GB
  Kuwait,DEKBVFSF6WUI,Kuwait 10GB - 5 Days,9.62  $,14.99  $,10,5,Yes,Limit - Maximum Data 10GB
  Kuwait,X9KALYGLUY4W,Kuwait 1GB - 10 Days,3.00  $,4.99  $,1,10,Yes,Limit - Maximum Data 1GB
  Kuwait,QOFTQL6FQHPF,Kuwait 1GB - 15 Days,3.16  $,4.99  $,1,15,Yes,Limit - Maximum Data 1GB
  Kuwait,T3ZQ8M42JYXG,Kuwait 1GB - 30 Days,3.29  $,7.99  $,1,30,Yes,Limit - Maximum Data 1GB
  Kuwait,OGUBWQPXLNFF,Kuwait 1GB - 5 Days,2.70  $,3.99  $,1,5,Yes,Limit - Maximum Data 1GB
  Kuwait,HQ9EHQ0FJ8R7,Kuwait 20GB - 10 Days,17.00  $,25.99  $,20,10,Yes,Limit - Maximum Data 20GB
  Kuwait,6XEFRTIMMDRA,Kuwait 20GB - 15 Days,17.93  $,26.99  $,20,15,Yes,Limit - Maximum Data 20GB
  Kuwait,LRU0LZRXBFCK,Kuwait 20GB - 30 Days,18.69  $,28.99  $,20,30,Yes,Limit - Maximum Data 20GB
  Kuwait,SNLWCJNJUKXR,Kuwait 20GB - 5 Days,15.30  $,24.99  $,20,5,Yes,Limit - Maximum Data 20GB
  Kuwait,KWOPBLUKUHGK,Kuwait 3GB - 10 Days,4.50  $,10.99  $,3,10,Yes,Limit - Maximum Data 3GB
  Kuwait,OHGYVDNJ0HEC,Kuwait 3GB - 15 Days,4.74  $,11.99  $,3,15,Yes,Limit - Maximum Data 3GB
  Kuwait,VHBNPQ23QQER,Kuwait 3GB - 30 Days,4.94  $,13.99  $,3,30,Yes,Limit - Maximum Data 3GB
  Kuwait,KQCXVTY1GIRH,Kuwait 3GB - 5 Days,4.05  $,9.99  $,3,5,Yes,Limit - Maximum Data 3GB
  Kuwait,LLKQRFYREY24,Kuwait 5GB - 10 Days,6.41  $,8.99  $,5,10,Yes,Limit - Maximum Data 5GB
  Kuwait,VKCYU2DP3QIT,Kuwait 5GB - 15 Days,6.76  $,9.99  $,5,15,Yes,Limit - Maximum Data 5GB
  Kuwait,B7GA0AP4CQHB,Kuwait 5GB - 30 Days,7.05  $,11.99  $,5,30,Yes,Limit - Maximum Data 5GB
  Kuwait,DVZI4IMCMTHC,Kuwait 5GB - 5 Days,5.77  $,7.99  $,5,5,Yes,Limit - Maximum Data 5GB
  Kyrgyzstan,RBVEKXJNCPHW,Kyrgyzstan 10GB - 10 Days,9.42  $,13.99  $,10,10,Yes,Limit - Maximum Data 10GB
  Kyrgyzstan,LFIUCIMY0AT8,Kyrgyzstan 10GB - 15 Days,9.94  $,14.99  $,10,15,Yes,Limit - Maximum Data 10GB
  Kyrgyzstan,WJVQGLJ6PANE,Kyrgyzstan 10GB - 30 Days,10.36  $,16.99  $,10,30,Yes,Limit - Maximum Data 10GB
  Kyrgyzstan,RGVOE4LONNQJ,Kyrgyzstan 10GB - 5 Days,8.48  $,12.99  $,10,5,Yes,Limit - Maximum Data 10GB
  Kyrgyzstan,W6SOII65UXNS,Kyrgyzstan 1GB - 10 Days,2.00  $,4.99  $,1,10,Yes,Limit - Maximum Data 1GB
  Kyrgyzstan,UQHDCU2S0S3R,Kyrgyzstan 1GB - 15 Days,2.11  $,4.99  $,1,15,Yes,Limit - Maximum Data 1GB
  Kyrgyzstan,ISHGONUHBSEK,Kyrgyzstan 1GB - 30 Days,2.20  $,7.99  $,1,30,Yes,Limit - Maximum Data 1GB
  Kyrgyzstan,LAF7T5ISCD29,Kyrgyzstan 1GB - 5 Days,1.80  $,3.99  $,1,5,Yes,Limit - Maximum Data 1GB
  Kyrgyzstan,A8DLX60DKV0K,Kyrgyzstan 20GB - 10 Days,14.02  $,24.99  $,20,10,Yes,Limit - Maximum Data 20GB
  Kyrgyzstan,2QZW8DP6BJPY,Kyrgyzstan 20GB - 15 Days,14.79  $,24.99  $,20,15,Yes,Limit - Maximum Data 20GB
  Kyrgyzstan,ZKGXDZ95YB6I,Kyrgyzstan 20GB - 30 Days,15.42  $,27.99  $,20,30,Yes,Limit - Maximum Data 20GB
  Kyrgyzstan,DIVKV7NX75NB,Kyrgyzstan 20GB - 5 Days,12.62  $,23.99  $,20,5,Yes,Limit - Maximum Data 20GB
  Kyrgyzstan,6PAA4OYLVO5B,Kyrgyzstan 3GB - 10 Days,4.00  $,5.99  $,3,10,Yes,Limit - Maximum Data 3GB
  Kyrgyzstan,D6GBDH1TCSRM,Kyrgyzstan 3GB - 15 Days,4.21  $,6.99  $,3,15,Yes,Limit - Maximum Data 3GB
  Kyrgyzstan,CI6TFV3RSLZ7,Kyrgyzstan 3GB - 30 Days,4.39  $,8.99  $,3,30,Yes,Limit - Maximum Data 3GB
  Kyrgyzstan,FSUJ4GIXLN11,Kyrgyzstan 3GB - 5 Days,3.60  $,4.99  $,3,5,Yes,Limit - Maximum Data 3GB
  Kyrgyzstan,LXDB7KOV3EHI,Kyrgyzstan 5GB - 10 Days,5.63  $,6.99  $,5,10,Yes,Limit - Maximum Data 5GB
  Kyrgyzstan,SYVG4ZSOAWHU,Kyrgyzstan 5GB - 15 Days,5.94  $,7.99  $,5,15,Yes,Limit - Maximum Data 5GB
  Kyrgyzstan,GOLL7Q1VNK9S,Kyrgyzstan 5GB - 30 Days,6.19  $,9.99  $,5,30,Yes,Limit - Maximum Data 5GB
  Kyrgyzstan,X532ZN4C8ZNA,Kyrgyzstan 5GB - 5 Days,5.07  $,5.99  $,5,5,Yes,Limit - Maximum Data 5GB
  Laos,W6MF8BKH3KSZ,Laos 10GB - 10 Days,35.99  $,34.99  $,10,10,Yes,Limit - Maximum Data 10GB
  Laos,5VVZ4CNLKFR0,Laos 10GB - 15 Days,37.97  $,34.99  $,10,15,Yes,Limit - Maximum Data 10GB
  Laos,VSHYGMJRZK7Y,Laos 10GB - 30 Days,39.59  $,37.99  $,10,30,Yes,Limit - Maximum Data 10GB
  Laos,CVBVFD2HWUUV,Laos 10GB - 5 Days,32.39  $,33.99  $,10,5,Yes,Limit - Maximum Data 10GB
  Laos,6BPUMYGWJEW8,Laos 1GB - 10 Days,6.28  $,5.99  $,1,10,Yes,Limit - Maximum Data 1GB
  Laos,NTTF6ESHBRPD,Laos 1GB - 15 Days,6.63  $,6.99  $,1,15,Yes,Limit - Maximum Data 1GB
  Laos,3DTFJENMGO6W,Laos 1GB - 30 Days,6.91  $,8.99  $,1,30,Yes,Limit - Maximum Data 1GB
  Laos,LTJTHIF871ZN,Laos 1GB - 5 Days,5.65  $,4.99  $,1,5,Yes,Limit - Maximum Data 1GB
  Laos,YCA2O7Z3RGTT,Laos 20GB - 10 Days,55.66  $,53.99  $,20,10,Yes,Limit - Maximum Data 20GB
  Laos,SZNAYAVNCHXL,Laos 20GB - 15 Days,58.72  $,54.99  $,20,15,Yes,Limit - Maximum Data 20GB
  Laos,VXMICFQDHT2D,Laos 20GB - 30 Days,61.23  $,58.99  $,20,30,Yes,Limit - Maximum Data 20GB
  Laos,HTCXVRQTQ5PP,Laos 20GB - 5 Days,50.09  $,52.99  $,20,5,Yes,Limit - Maximum Data 20GB
  Laos,FIFBT5SG1XD2,Laos 3GB - 10 Days,14.35  $,13.99  $,3,10,Yes,Limit - Maximum Data 3GB
  Laos,BNKOX54GTVPV,Laos 3GB - 15 Days,15.14  $,14.99  $,3,15,Yes,Limit - Maximum Data 3GB
  Laos,W61PMALYQUPS,Laos 3GB - 30 Days,15.79  $,16.99  $,3,30,Yes,Limit - Maximum Data 3GB
  Laos,9UXRNZ8UOQJT,Laos 3GB - 5 Days,12.92  $,12.99  $,3,5,Yes,Limit - Maximum Data 3GB
  Laos,VPYXWJOZU1DG,Laos 5GB - 10 Days,21.38  $,19.99  $,5,10,Yes,Limit - Maximum Data 5GB
  Laos,NUL3UCF5S6OF,Laos 5GB - 15 Days,22.56  $,19.99  $,5,15,Yes,Limit - Maximum Data 5GB
  Laos,7J1IDNW8DI2Y,Laos 5GB - 30 Days,23.52  $,22.99  $,5,30,Yes,Limit - Maximum Data 5GB
  Laos,EEINTSZA2WCF,Laos 5GB - 5 Days,19.24  $,18.99  $,5,5,Yes,Limit - Maximum Data 5GB
  Latvia,IJE4BTPFHWUK,Latvia 10GB - 10 Days,6.00  $,9.99  $,10,10,Yes,Limit - Maximum Data 10GB
  Latvia,09RNEMRRJY6I,Latvia 10GB - 15 Days,6.32  $,9.99  $,10,15,Yes,Limit - Maximum Data 10GB
  Latvia,UBETQQCD8WK4,Latvia 10GB - 30 Days,6.59  $,12.99  $,10,30,Yes,Limit - Maximum Data 10GB
  Latvia,VN8NREIT1EUL,Latvia 10GB - 5 Days,5.40  $,8.99  $,10,5,Yes,Limit - Maximum Data 10GB
  Latvia,WLMZYEJRKX1D,Latvia 1GB - 10 Days,2.00  $,3.99  $,1,10,Yes,Limit - Maximum Data 1GB
  Latvia,ONIU9MR9FUSQ,Latvia 1GB - 15 Days,2.11  $,4.99  $,1,15,Yes,Limit - Maximum Data 1GB
  Latvia,OAD6XHFPTG1Z,Latvia 1GB - 30 Days,2.20  $,6.99  $,1,30,Yes,Limit - Maximum Data 1GB
  Latvia,XJYSOT6VOGPH,Latvia 1GB - 5 Days,1.80  $,2.99  $,1,5,Yes,Limit - Maximum Data 1GB
  Latvia,TGUBZH8ED2L2,Latvia 20GB - 10 Days,9.00  $,18.99  $,20,10,Yes,Limit - Maximum Data 20GB
  Latvia,LZCBIVELSYQT,Latvia 20GB - 15 Days,9.49  $,19.99  $,20,15,Yes,Limit - Maximum Data 20GB
  Latvia,DS21HF3B24LX,Latvia 20GB - 30 Days,9.89  $,21.99  $,20,30,Yes,Limit - Maximum Data 20GB
  Latvia,OTVYHYRNOPZP,Latvia 20GB - 5 Days,8.10  $,17.99  $,20,5,Yes,Limit - Maximum Data 20GB
  Latvia,XBDHMR2VRFZK,Latvia 3GB - 10 Days,3.00  $,6.99  $,3,10,Yes,Limit - Maximum Data 3GB
  Latvia,GTAJOYCAHJQ8,Latvia 3GB - 15 Days,3.16  $,7.99  $,3,15,Yes,Limit - Maximum Data 3GB
  Latvia,M84XUDQA7HNC,Latvia 3GB - 30 Days,3.29  $,8.99  $,3,30,Yes,Limit - Maximum Data 3GB
  Latvia,EDRJ1GW0JAM5,Latvia 3GB - 5 Days,2.70  $,6.99  $,3,5,Yes,Limit - Maximum Data 3GB
  Latvia,ISQBUGKN5Y5E,Latvia 5GB - 10 Days,4.00  $,5.99  $,5,10,Yes,Limit - Maximum Data 5GB
  Latvia,S8IZEYMOSQKX,Latvia 5GB - 15 Days,4.21  $,6.99  $,5,15,Yes,Limit - Maximum Data 5GB
  Latvia,H0IDYQOLGRZN,Latvia 5GB - 30 Days,4.39  $,8.99  $,5,30,Yes,Limit - Maximum Data 5GB
  Latvia,YMAPAYCDCFJL,Latvia 5GB - 5 Days,3.60  $,4.99  $,5,5,Yes,Limit - Maximum Data 5GB
  Latvia,HTH6RDFXIICC,Latvia Unlimited LITE - 10 Days,14.49  $,24.99  $,Unlimited,10,Yes,"Daily - 2GB per Day, then 1Mbps"
  Latvia,MIWJ1BD4RUGS,Latvia Unlimited LITE - 15 Days,19.13  $,32.99  $,Unlimited,15,Yes,"Daily - 2GB per Day, then 1Mbps"
  Latvia,ENFLURH625FI,Latvia Unlimited LITE - 30 Days,27.96  $,40.99  $,Unlimited,30,Yes,"Daily - 2GB per Day, then 1Mbps"
  Latvia,KZOEMVIK6IXH,Latvia Unlimited LITE - 5 Days,9.85  $,16.99  $,Unlimited,5,Yes,"Daily - 2GB per Day, then 1Mbps"
  Latvia,FMABWATVNHNS,Latvia Unlimited MAX - 10 Days,24.93  $,29.99  $,Unlimited,10,Yes,"Daily - 5GB per Day, then 1Mbps"
  Latvia,WAFXZUWAOVEK,Latvia Unlimited MAX - 15 Days,30.73  $,39.99  $,Unlimited,15,Yes,"Daily - 5GB per Day, then 1Mbps"
  Latvia,KZBAYBZGISFO,Latvia Unlimited MAX - 30 Days,38.32  $,49.99  $,Unlimited,30,Yes,"Daily - 5GB per Day, then 1Mbps"
  Latvia,9YRBI9UXSTBK,Latvia Unlimited MAX - 5 Days,13.91  $,24.99  $,Unlimited,5,Yes,"Daily - 5GB per Day, then 1Mbps"
  Latvia,UIQVDUBNEPPJ,Latvia Unlimited STANDARD - 10 Days,14.49  $,19.99  $,Unlimited,10,Yes,"Daily - 3GB per Day, then 1Mbps"
  Latvia,CIONWZ346QHF,Latvia Unlimited STANDARD - 15 Days,19.13  $,29.99  $,Unlimited,15,Yes,"Daily - 3GB per Day, then 1Mbps"
  Latvia,OOEU6KRPZ3JI,Latvia Unlimited STANDARD - 30 Days,30.50  $,39.99  $,Unlimited,30,Yes,"Daily - 3GB per Day, then 1Mbps"
  Latvia,VYSOPTVTSWBO,Latvia Unlimited STANDARD - 5 Days,9.85  $,14.99  $,Unlimited,5,Yes,"Daily - 3GB per Day, then 1Mbps"
  Liberia,ZXOUSVVOBXTL,Liberia 10GB - 10 Days,38.39  $,41.99  $,10,10,Yes,Limit - Maximum Data 10GB
  Liberia,2AEV8HMN6QXM,Liberia 10GB - 15 Days,40.50  $,42.99  $,10,15,Yes,Limit - Maximum Data 10GB
  Liberia,GWOTAVGRANYQ,Liberia 10GB - 30 Days,42.23  $,46.99  $,10,30,Yes,Limit - Maximum Data 10GB
  Liberia,YQJWWWVCQ3PE,Liberia 10GB - 5 Days,34.55  $,40.99  $,10,5,Yes,Limit - Maximum Data 10GB
  Liberia,Y0HGRB2HRMZW,Liberia 1GB - 10 Days,6.77  $,5.99  $,1,10,Yes,Limit - Maximum Data 1GB
  Liberia,3BOKYICCUWDQ,Liberia 1GB - 15 Days,7.14  $,6.99  $,1,15,Yes,Limit - Maximum Data 1GB
  Liberia,OVOQ1CXBTFG9,Liberia 1GB - 30 Days,7.45  $,8.99  $,1,30,Yes,Limit - Maximum Data 1GB
  Liberia,XC8EIS0WKT19,Liberia 1GB - 5 Days,6.09  $,4.99  $,1,5,Yes,Limit - Maximum Data 1GB
  Liberia,FWZIFXA49XFE,Liberia 3GB - 10 Days,15.53  $,14.99  $,3,10,Yes,Limit - Maximum Data 3GB
  Liberia,BI6ELNA42OAW,Liberia 3GB - 15 Days,16.38  $,14.99  $,3,15,Yes,Limit - Maximum Data 3GB
  Liberia,VZO9DJBBXJUS,Liberia 3GB - 30 Days,17.08  $,17.99  $,3,30,Yes,Limit - Maximum Data 3GB
  Liberia,O6SVJSW1PDDG,Liberia 3GB - 5 Days,13.98  $,13.99  $,3,5,Yes,Limit - Maximum Data 3GB
  Liberia,XU9D4MSEXOVW,Liberia 5GB - 10 Days,23.17  $,24.99  $,5,10,Yes,Limit - Maximum Data 5GB
  Liberia,GITVU5WEDYDP,Liberia 5GB - 15 Days,24.44  $,24.99  $,5,15,Yes,Limit - Maximum Data 5GB
  Liberia,EDEJSMVX1NCW,Liberia 5GB - 30 Days,25.49  $,27.99  $,5,30,Yes,Limit - Maximum Data 5GB
  Liberia,INOJZXWCSRUZ,Liberia 5GB - 5 Days,20.85  $,23.99  $,5,5,Yes,Limit - Maximum Data 5GB
  Liechtenstein,ES3RR4TKBENK,Liechtenstein 10GB - 10 Days,6.00  $,9.99  $,10,10,Yes,Limit - Maximum Data 10GB
  Liechtenstein,LYIPCMVLG3CB,Liechtenstein 10GB - 15 Days,6.32  $,9.99  $,10,15,Yes,Limit - Maximum Data 10GB
  Liechtenstein,ZG72A8Y97GR1,Liechtenstein 10GB - 30 Days,6.59  $,12.99  $,10,30,Yes,Limit - Maximum Data 10GB
  Liechtenstein,KZHQC1GNPIMQ,Liechtenstein 10GB - 5 Days,5.40  $,8.99  $,10,5,Yes,Limit - Maximum Data 10GB
  Liechtenstein,HJXCQWTOYFYI,Liechtenstein 1GB - 10 Days,2.00  $,3.99  $,1,10,Yes,Limit - Maximum Data 1GB
  Liechtenstein,31TXXTHGOFRX,Liechtenstein 1GB - 15 Days,2.11  $,4.99  $,1,15,Yes,Limit - Maximum Data 1GB
  Liechtenstein,SFRNA7JLFSA3,Liechtenstein 1GB - 30 Days,2.20  $,6.99  $,1,30,Yes,Limit - Maximum Data 1GB
  Liechtenstein,SSR1E6KA2O1M,Liechtenstein 1GB - 5 Days,1.80  $,2.99  $,1,5,Yes,Limit - Maximum Data 1GB
  Liechtenstein,RIN9XXN7M2LD,Liechtenstein 20GB - 10 Days,9.00  $,18.99  $,20,10,Yes,Limit - Maximum Data 20GB
  Liechtenstein,6U5Q24INOOV4,Liechtenstein 20GB - 15 Days,9.49  $,19.99  $,20,15,Yes,Limit - Maximum Data 20GB
  Liechtenstein,FLWSPBNONMOV,Liechtenstein 20GB - 30 Days,9.89  $,21.99  $,20,30,Yes,Limit - Maximum Data 20GB
  Liechtenstein,OBR3UHW5P4SR,Liechtenstein 20GB - 5 Days,8.10  $,17.99  $,20,5,Yes,Limit - Maximum Data 20GB
  Liechtenstein,XLLHO492TEFN,Liechtenstein 3GB - 10 Days,3.00  $,5.99  $,3,10,Yes,Limit - Maximum Data 3GB
  Liechtenstein,8WYZYIX6MJKB,Liechtenstein 3GB - 15 Days,3.16  $,6.99  $,3,15,Yes,Limit - Maximum Data 3GB
  Liechtenstein,ICXHKUFTCUSN,Liechtenstein 3GB - 30 Days,3.29  $,7.99  $,3,30,Yes,Limit - Maximum Data 3GB
  Liechtenstein,JZG7I6FN5HNY,Liechtenstein 3GB - 5 Days,2.70  $,5.99  $,3,5,Yes,Limit - Maximum Data 3GB
  Liechtenstein,APM4QCFYOWHX,Liechtenstein 5GB - 10 Days,4.00  $,5.99  $,5,10,Yes,Limit - Maximum Data 5GB
  Liechtenstein,HPVUJAXXLMSO,Liechtenstein 5GB - 15 Days,4.21  $,6.99  $,5,15,Yes,Limit - Maximum Data 5GB
  Liechtenstein,FBLM0RH9IQUP,Liechtenstein 5GB - 30 Days,4.39  $,8.99  $,5,30,Yes,Limit - Maximum Data 5GB
  Liechtenstein,SN4UZLR0DNMY,Liechtenstein 5GB - 5 Days,3.60  $,4.99  $,5,5,Yes,Limit - Maximum Data 5GB
  Liechtenstein,K03AJZTB21UB,Liechtenstein Unlimited LITE - 10 Days,14.49  $,24.99  $,Unlimited,10,Yes,"Daily - 2GB per Day, then 1Mbps"
  Liechtenstein,SJFBDKQZT4LD,Liechtenstein Unlimited LITE - 15 Days,19.13  $,32.99  $,Unlimited,15,Yes,"Daily - 2GB per Day, then 1Mbps"
  Liechtenstein,RTWCJXVPYPOE,Liechtenstein Unlimited LITE - 30 Days,27.96  $,40.99  $,Unlimited,30,Yes,"Daily - 2GB per Day, then 1Mbps"
  Liechtenstein,YKIMXDHAF0W9,Liechtenstein Unlimited LITE - 5 Days,9.85  $,16.99  $,Unlimited,5,Yes,"Daily - 2GB per Day, then 1Mbps"
  Liechtenstein,AC9BHSPQWURN,Liechtenstein Unlimited MAX - 10 Days,24.93  $,34.99  $,Unlimited,10,Yes,"Daily - 5GB per Day, then 1Mbps"
  Liechtenstein,VEOSNHKN3QL0,Liechtenstein Unlimited MAX - 15 Days,30.73  $,49.99  $,Unlimited,15,Yes,"Daily - 5GB per Day, then 1Mbps"
  Liechtenstein,GAWXD85VJCIY,Liechtenstein Unlimited MAX - 30 Days,38.32  $,44.99  $,Unlimited,30,Yes,"Daily - 5GB per Day, then 1Mbps"
  Liechtenstein,OM90F1TNZNVS,Liechtenstein Unlimited MAX - 5 Days,13.91  $,24.99  $,Unlimited,5,Yes,"Daily - 5GB per Day, then 1Mbps"
  Liechtenstein,SQ8RPMR5Y3V7,Liechtenstein Unlimited STANDARD - 10 Days,14.49  $,29.99  $,Unlimited,10,Yes,"Daily - 3GB per Day, then 1Mbps"
  Liechtenstein,SQOM0XFQF7UO,Liechtenstein Unlimited STANDARD - 15 Days,19.13  $,39.99  $,Unlimited,15,Yes,"Daily - 3GB per Day, then 1Mbps"
  Liechtenstein,4YTBJVGG4XJA,Liechtenstein Unlimited STANDARD - 30 Days,30.50  $,49.99  $,Unlimited,30,Yes,"Daily - 3GB per Day, then 1Mbps"
  Liechtenstein,VF6L1LQ0ZN4I,Liechtenstein Unlimited STANDARD - 5 Days,9.85  $,19.99  $,Unlimited,5,Yes,"Daily - 3GB per Day, then 1Mbps"
  Lithuania,FQEMPKIUVUVR,Lithuania 10GB - 10 Days,6.00  $,9.99  $,10,10,Yes,Limit - Maximum Data 10GB
  Lithuania,GIIVJKDUK7BV,Lithuania 10GB - 15 Days,6.32  $,9.99  $,10,15,Yes,Limit - Maximum Data 10GB
  Lithuania,VP2ILE8C4HVS,Lithuania 10GB - 30 Days,6.59  $,12.99  $,10,30,Yes,Limit - Maximum Data 10GB
  Lithuania,MQNOT0WORGDC,Lithuania 10GB - 5 Days,5.40  $,8.99  $,10,5,Yes,Limit - Maximum Data 10GB
  Lithuania,9G1XQPH0CJ0O,Lithuania 1GB - 10 Days,2.00  $,3.99  $,1,10,Yes,Limit - Maximum Data 1GB
  Lithuania,K3CLS2OALWJV,Lithuania 1GB - 15 Days,2.11  $,4.99  $,1,15,Yes,Limit - Maximum Data 1GB
  Lithuania,KXOR4QF4OWMS,Lithuania 1GB - 30 Days,2.20  $,6.99  $,1,30,Yes,Limit - Maximum Data 1GB
  Lithuania,ACX4QCAV7X5L,Lithuania 1GB - 5 Days,1.80  $,2.99  $,1,5,Yes,Limit - Maximum Data 1GB
  Lithuania,R1TBN0XYIVPP,Lithuania 20GB - 10 Days,9.00  $,18.99  $,20,10,Yes,Limit - Maximum Data 20GB
  Lithuania,PPOERGE3CESW,Lithuania 20GB - 15 Days,9.49  $,19.99  $,20,15,Yes,Limit - Maximum Data 20GB
  Lithuania,AWMILWM6OEOT,Lithuania 20GB - 30 Days,9.89  $,21.99  $,20,30,Yes,Limit - Maximum Data 20GB
  Lithuania,CR3FEAL4GOLX,Lithuania 20GB - 5 Days,8.10  $,17.99  $,20,5,Yes,Limit - Maximum Data 20GB
  Lithuania,ZKL4TPNQ16WE,Lithuania 3GB - 10 Days,3.00  $,6.99  $,3,10,Yes,Limit - Maximum Data 3GB
  Lithuania,LQCU7FNMTBN1,Lithuania 3GB - 15 Days,3.16  $,7.99  $,3,15,Yes,Limit - Maximum Data 3GB
  Lithuania,MMCTS01FWZWG,Lithuania 3GB - 30 Days,3.29  $,8.99  $,3,30,Yes,Limit - Maximum Data 3GB
  Lithuania,DWENOT09H3PB,Lithuania 3GB - 5 Days,2.70  $,6.99  $,3,5,Yes,Limit - Maximum Data 3GB
  Lithuania,RNOUXLQ4XS9G,Lithuania 5GB - 10 Days,4.00  $,5.99  $,5,10,Yes,Limit - Maximum Data 5GB
  Lithuania,DOPXBLZUVHTV,Lithuania 5GB - 15 Days,4.21  $,6.99  $,5,15,Yes,Limit - Maximum Data 5GB
  Lithuania,NM6ASY5HCCJL,Lithuania 5GB - 30 Days,4.39  $,8.99  $,5,30,Yes,Limit - Maximum Data 5GB
  Lithuania,JJJDM0T2YCXE,Lithuania 5GB - 5 Days,3.60  $,4.99  $,5,5,Yes,Limit - Maximum Data 5GB
  Lithuania,WT60RPCRENDO,Lithuania Unlimited LITE - 10 Days,14.49  $,24.99  $,Unlimited,10,Yes,"Daily - 2GB per Day, then 1Mbps"
  Lithuania,9LUJC473QNRG,Lithuania Unlimited LITE - 15 Days,19.13  $,32.99  $,Unlimited,15,Yes,"Daily - 2GB per Day, then 1Mbps"
  Lithuania,PR7KFEQIUVJS,Lithuania Unlimited LITE - 30 Days,27.96  $,40.99  $,Unlimited,30,Yes,"Daily - 2GB per Day, then 1Mbps"
  Lithuania,5LIV7ZDNGDZX,Lithuania Unlimited LITE - 5 Days,9.85  $,16.99  $,Unlimited,5,Yes,"Daily - 2GB per Day, then 1Mbps"
  Lithuania,S3VG7G9T4MZT,Lithuania Unlimited MAX - 10 Days,24.93  $,29.99  $,Unlimited,10,Yes,"Daily - 5GB per Day, then 1Mbps"
  Lithuania,DKBIEBWL7FQE,Lithuania Unlimited MAX - 15 Days,30.73  $,44.99  $,Unlimited,15,Yes,"Daily - 5GB per Day, then 1Mbps"
  Lithuania,SXS94Y3D1JFZ,Lithuania Unlimited MAX - 30 Days,38.32  $,49.99  $,Unlimited,30,Yes,"Daily - 5GB per Day, then 1Mbps"
  Lithuania,6OCTWJFZZDSV,Lithuania Unlimited MAX - 5 Days,13.91  $,24.99  $,Unlimited,5,Yes,"Daily - 5GB per Day, then 1Mbps"
  Lithuania,GQ2VHEZRVTBO,Lithuania Unlimited STANDARD - 10 Days,14.49  $,24.99  $,Unlimited,10,Yes,"Daily - 3GB per Day, then 1Mbps"
  Lithuania,UUSN42S0G4PC,Lithuania Unlimited STANDARD - 15 Days,19.13  $,34.99  $,Unlimited,15,Yes,"Daily - 3GB per Day, then 1Mbps"
  Lithuania,URU4JLY1OIZT,Lithuania Unlimited STANDARD - 30 Days,30.50  $,39.99  $,Unlimited,30,Yes,"Daily - 3GB per Day, then 1Mbps"
  Lithuania,2PYGCOJD65KX,Lithuania Unlimited STANDARD - 5 Days,9.85  $,17.99  $,Unlimited,5,Yes,"Daily - 3GB per Day, then 1Mbps"
  Luxembourg,RV3QLEPYIVAP,Luxembourg 10GB - 10 Days,6.00  $,9.99  $,10,10,Yes,Limit - Maximum Data 10GB
  Luxembourg,VZ2BVUOUP7RV,Luxembourg 10GB - 15 Days,6.32  $,9.99  $,10,15,Yes,Limit - Maximum Data 10GB
  Luxembourg,WDN7FQ1F0GLW,Luxembourg 10GB - 30 Days,6.59  $,12.99  $,10,30,Yes,Limit - Maximum Data 10GB
  Luxembourg,T7Q0NDCYNWFF,Luxembourg 10GB - 5 Days,5.40  $,8.99  $,10,5,Yes,Limit - Maximum Data 10GB
  Luxembourg,2ECXE0I7UBRC,Luxembourg 1GB - 10 Days,2.00  $,3.99  $,1,10,Yes,Limit - Maximum Data 1GB
  Luxembourg,U8907MXLPZBO,Luxembourg 1GB - 15 Days,2.11  $,4.99  $,1,15,Yes,Limit - Maximum Data 1GB
  Luxembourg,DTRKPZ32LMGN,Luxembourg 1GB - 30 Days,2.20  $,6.99  $,1,30,Yes,Limit - Maximum Data 1GB
  Luxembourg,C8FPJ7MNQTVD,Luxembourg 1GB - 5 Days,1.80  $,2.99  $,1,5,Yes,Limit - Maximum Data 1GB
  Luxembourg,GM61NJCQVWOK,Luxembourg 20GB - 10 Days,9.00  $,18.99  $,20,10,Yes,Limit - Maximum Data 20GB
  Luxembourg,RMFNEKZYUVA6,Luxembourg 20GB - 15 Days,9.49  $,19.99  $,20,15,Yes,Limit - Maximum Data 20GB
  Luxembourg,2YUCZZ6TP7W9,Luxembourg 20GB - 30 Days,9.89  $,21.99  $,20,30,Yes,Limit - Maximum Data 20GB
  Luxembourg,8UUUEKANYE0B,Luxembourg 20GB - 5 Days,8.10  $,17.99  $,20,5,Yes,Limit - Maximum Data 20GB
  Luxembourg,5OCAQLZ7OYRG,Luxembourg 3GB - 10 Days,3.00  $,6.99  $,3,10,Yes,Limit - Maximum Data 3GB
  Luxembourg,FNIK6VL3KTFD,Luxembourg 3GB - 15 Days,3.16  $,7.99  $,3,15,Yes,Limit - Maximum Data 3GB
  Luxembourg,5AKLGH8FHJFJ,Luxembourg 3GB - 30 Days,3.29  $,8.99  $,3,30,Yes,Limit - Maximum Data 3GB
  Luxembourg,MKOJZA2ZCMJU,Luxembourg 3GB - 5 Days,2.70  $,6.99  $,3,5,Yes,Limit - Maximum Data 3GB
  Luxembourg,VEH4VQIIJGJS,Luxembourg 5GB - 10 Days,4.00  $,5.99  $,5,10,Yes,Limit - Maximum Data 5GB
  Luxembourg,H6DSQCMQLVNU,Luxembourg 5GB - 15 Days,4.21  $,6.99  $,5,15,Yes,Limit - Maximum Data 5GB
  Luxembourg,1YY4BRPJMLUU,Luxembourg 5GB - 30 Days,4.39  $,8.99  $,5,30,Yes,Limit - Maximum Data 5GB
  Luxembourg,6F1V5OGSCJZ6,Luxembourg 5GB - 5 Days,3.60  $,4.99  $,5,5,Yes,Limit - Maximum Data 5GB
  Luxembourg,9YPTQGCXTJGI,Luxembourg Unlimited LITE - 10 Days,14.49  $,24.99  $,Unlimited,10,Yes,"Daily - 2GB per Day, then 1Mbps"
  Luxembourg,XAQA8MSEKE7P,Luxembourg Unlimited LITE - 15 Days,19.13  $,32.99  $,Unlimited,15,Yes,"Daily - 2GB per Day, then 1Mbps"
  Luxembourg,UVP7AKBVXFSU,Luxembourg Unlimited LITE - 30 Days,27.96  $,40.99  $,Unlimited,30,Yes,"Daily - 2GB per Day, then 1Mbps"
  Luxembourg,FL4JJXGPVQLG,Luxembourg Unlimited LITE - 5 Days,9.85  $,16.99  $,Unlimited,5,Yes,"Daily - 2GB per Day, then 1Mbps"
  Luxembourg,E2F6PGDR2ZGJ,Luxembourg Unlimited MAX - 10 Days,24.93  $,29.99  $,Unlimited,10,Yes,"Daily - 5GB per Day, then 1Mbps"
  Luxembourg,EXSYSF94WTKY,Luxembourg Unlimited MAX - 15 Days,30.73  $,44.99  $,Unlimited,15,Yes,"Daily - 5GB per Day, then 1Mbps"
  Luxembourg,RXIX906QK76K,Luxembourg Unlimited MAX - 30 Days,38.32  $,49.99  $,Unlimited,30,Yes,"Daily - 5GB per Day, then 1Mbps"
  Luxembourg,BEOTKAAFZLNW,Luxembourg Unlimited MAX - 5 Days,13.91  $,24.99  $,Unlimited,5,Yes,"Daily - 5GB per Day, then 1Mbps"
  Luxembourg,I0LSVNOBNT5F,Luxembourg Unlimited STANDARD - 10 Days,14.49  $,24.99  $,Unlimited,10,Yes,"Daily - 3GB per Day, then 1Mbps"
  Luxembourg,U83AKATDJKCN,Luxembourg Unlimited STANDARD - 15 Days,19.13  $,34.99  $,Unlimited,15,Yes,"Daily - 3GB per Day, then 1Mbps"
  Luxembourg,KR7N5BU4ELCP,Luxembourg Unlimited STANDARD - 30 Days,30.50  $,39.99  $,Unlimited,30,Yes,"Daily - 3GB per Day, then 1Mbps"
  Luxembourg,XRBD5HTLSFYH,Luxembourg Unlimited STANDARD - 5 Days,9.85  $,17.99  $,Unlimited,5,Yes,"Daily - 3GB per Day, then 1Mbps"
  Macau,C9UZQBP7TTK4,Macau 10GB - 10 Days,11.99  $,13.99  $,10,10,Yes,Limit - Maximum Data 10GB
  Macau,UBXYCIWK4H09,Macau 10GB - 15 Days,12.65  $,14.99  $,10,15,Yes,Limit - Maximum Data 10GB
  Macau,UR1KRH3ZGPFL,Macau 10GB - 30 Days,13.19  $,16.99  $,10,30,Yes,Limit - Maximum Data 10GB
  Macau,RULJ5CYSLVFM,Macau 10GB - 5 Days,10.79  $,12.99  $,10,5,Yes,Limit - Maximum Data 10GB
  Macau,RFGBB4ELFR08,Macau 1GB - 10 Days,2.99  $,4.99  $,1,10,Yes,Limit - Maximum Data 1GB
  Macau,BGPCP1OROOUW,Macau 1GB - 15 Days,3.15  $,4.99  $,1,15,Yes,Limit - Maximum Data 1GB
  Macau,HUOX0T0PFH6L,Macau 1GB - 30 Days,3.29  $,7.99  $,1,30,Yes,Limit - Maximum Data 1GB
  Macau,GNWCDUJUXXTC,Macau 1GB - 5 Days,2.69  $,3.99  $,1,5,Yes,Limit - Maximum Data 1GB
  Macau,Z9VRDOPJ9IXU,Macau 20GB - 10 Days,20.79  $,24.99  $,20,10,Yes,Limit - Maximum Data 20GB
  Macau,QSQBMPDF1O5O,Macau 20GB - 15 Days,21.94  $,24.99  $,20,15,Yes,Limit - Maximum Data 20GB
  Macau,HUQRQYKR6I8H,Macau 20GB - 30 Days,22.87  $,27.99  $,20,30,Yes,Limit - Maximum Data 20GB
  Macau,Q14HEBYPYVIR,Macau 20GB - 5 Days,18.71  $,23.99  $,20,5,Yes,Limit - Maximum Data 20GB
  Macau,6QQQHNJ3NOHT,Macau 3GB - 10 Days,6.35  $,5.99  $,3,10,Yes,Limit - Maximum Data 3GB
  Macau,GWE4GH2N2YSQ,Macau 3GB - 15 Days,6.70  $,6.99  $,3,15,Yes,Limit - Maximum Data 3GB
  Macau,IERCQAXUPF2X,Macau 3GB - 30 Days,6.99  $,8.99  $,3,30,Yes,Limit - Maximum Data 3GB
  Macau,PJYNGU2KBKSV,Macau 3GB - 5 Days,5.72  $,4.99  $,3,5,Yes,Limit - Maximum Data 3GB
  Macau,QS2CNVEOZMOT,Macau 5GB - 10 Days,7.99  $,6.99  $,5,10,Yes,Limit - Maximum Data 5GB
  Macau,HONRNKRZ2WCC,Macau 5GB - 15 Days,8.43  $,7.99  $,5,15,Yes,Limit - Maximum Data 5GB
  Macau,I20OR7ELMJJF,Macau 5GB - 30 Days,8.79  $,9.99  $,5,30,Yes,Limit - Maximum Data 5GB
  Macau,OG6UAALIB5WO,Macau 5GB - 5 Days,7.19  $,5.99  $,5,5,Yes,Limit - Maximum Data 5GB
  Macedonia,RKHEB4OZNXTG,Macedonia 10GB - 10 Days,13.25  $,22.99  $,10,10,Yes,Limit - Maximum Data 10GB
  Macedonia,QKVUHYOUGQ3R,Macedonia 10GB - 15 Days,13.98  $,23.99  $,10,15,Yes,Limit - Maximum Data 10GB
  Macedonia,WUVX2CILMTQZ,Macedonia 10GB - 30 Days,14.58  $,25.99  $,10,30,Yes,Limit - Maximum Data 10GB
  Macedonia,KZTRJKVQWPQE,Macedonia 10GB - 5 Days,11.93  $,21.99  $,10,5,Yes,Limit - Maximum Data 10GB
  Macedonia,PQPEVO1R5RLO,Macedonia 1GB - 10 Days,2.65  $,5.99  $,1,10,Yes,Limit - Maximum Data 1GB
  Macedonia,RFCGHIBHSQEJ,Macedonia 1GB - 15 Days,2.80  $,6.99  $,1,15,Yes,Limit - Maximum Data 1GB
  Macedonia,LKSUMI1RW0DH,Macedonia 1GB - 30 Days,2.92  $,8.99  $,1,30,Yes,Limit - Maximum Data 1GB
  Macedonia,RBXFYYQC24VA,Macedonia 1GB - 5 Days,2.39  $,4.99  $,1,5,Yes,Limit - Maximum Data 1GB
  Macedonia,ASYYOIZMWWBM,Macedonia 20GB - 10 Days,19.83  $,41.99  $,20,10,Yes,Limit - Maximum Data 20GB
  Macedonia,NWHPVWUGN6TA,Macedonia 20GB - 15 Days,20.92  $,42.99  $,20,15,Yes,Limit - Maximum Data 20GB
  Macedonia,J0V571E3SJWE,Macedonia 20GB - 30 Days,21.81  $,46.99  $,20,30,Yes,Limit - Maximum Data 20GB
  Macedonia,QWXZIZJYWCYN,Macedonia 20GB - 5 Days,17.85  $,40.99  $,20,5,Yes,Limit - Maximum Data 20GB
  Macedonia,MGTQP2BVQFXV,Macedonia 3GB - 10 Days,5.38  $,9.99  $,3,10,Yes,Limit - Maximum Data 3GB
  Macedonia,M2DUWPE8L6A7,Macedonia 3GB - 15 Days,5.68  $,9.99  $,3,15,Yes,Limit - Maximum Data 3GB
  Macedonia,YIIRU0AQQ6DF,Macedonia 3GB - 30 Days,5.92  $,12.99  $,3,30,Yes,Limit - Maximum Data 3GB
  Macedonia,SMXQDPZLY0PL,Macedonia 3GB - 5 Days,4.84  $,8.99  $,3,5,Yes,Limit - Maximum Data 3GB
  Macedonia,ILVMGNWGSQ92,Macedonia 5GB - 10 Days,7.83  $,12.99  $,5,10,Yes,Limit - Maximum Data 5GB
  Macedonia,UKUJXTHRCPDX,Macedonia 5GB - 15 Days,8.26  $,13.99  $,5,15,Yes,Limit - Maximum Data 5GB
  Macedonia,K3UMVXRYNSXO,Macedonia 5GB - 30 Days,8.61  $,15.99  $,5,30,Yes,Limit - Maximum Data 5GB
  Macedonia,NH8KDI61WMS9,Macedonia 5GB - 5 Days,7.05  $,11.99  $,5,5,Yes,Limit - Maximum Data 5GB
  Madagascar,JH2HNYWRFKCJ,Madagascar 10GB - 10 Days,31.76  $,34.99  $,10,10,Yes,Limit - Maximum Data 10GB
  Madagascar,SLNJZ5PRGT2Q,Madagascar 10GB - 15 Days,33.51  $,34.99  $,10,15,Yes,Limit - Maximum Data 10GB
  Madagascar,SL2DJNJRD7VQ,Madagascar 10GB - 30 Days,34.94  $,37.99  $,10,30,Yes,Limit - Maximum Data 10GB
  Madagascar,CTPZVAXJCMBH,Madagascar 10GB - 5 Days,28.58  $,33.99  $,10,5,Yes,Limit - Maximum Data 10GB
  Madagascar,YWXCZSY7BHVN,Madagascar 1GB - 10 Days,5.49  $,5.99  $,1,10,Yes,Limit - Maximum Data 1GB
  Madagascar,4PU73QSJWIG1,Madagascar 1GB - 15 Days,5.79  $,6.99  $,1,15,Yes,Limit - Maximum Data 1GB
  Madagascar,AR4FLSEO6MBQ,Madagascar 1GB - 30 Days,6.04  $,8.99  $,1,30,Yes,Limit - Maximum Data 1GB
  Madagascar,XRKGBPGCUDBK,Madagascar 1GB - 5 Days,4.94  $,4.99  $,1,5,Yes,Limit - Maximum Data 1GB
  Madagascar,PAMSVWBAKYNV,Madagascar 20GB - 10 Days,47.91  $,53.99  $,20,10,Yes,Limit - Maximum Data 20GB
  Madagascar,ZSYLQVM8O9OK,Madagascar 20GB - 15 Days,50.55  $,54.99  $,20,15,Yes,Limit - Maximum Data 20GB
  Madagascar,JXCSN9LRP8US,Madagascar 20GB - 30 Days,52.70  $,58.99  $,20,30,Yes,Limit - Maximum Data 20GB
  Madagascar,KNUHTF3ILAZK,Madagascar 20GB - 5 Days,43.12  $,52.99  $,20,5,Yes,Limit - Maximum Data 20GB
  Madagascar,CMIB8JTW1XSE,Madagascar 3GB - 10 Days,12.41  $,13.99  $,3,10,Yes,Limit - Maximum Data 3GB
  Madagascar,IBDMPZKGLQM4,Madagascar 3GB - 15 Days,13.09  $,14.99  $,3,15,Yes,Limit - Maximum Data 3GB
  Madagascar,AUES13SCFCVV,Madagascar 3GB - 30 Days,13.65  $,16.99  $,3,30,Yes,Limit - Maximum Data 3GB
  Madagascar,JYK0LAOW3HI1,Madagascar 3GB - 5 Days,11.17  $,12.99  $,3,5,Yes,Limit - Maximum Data 3GB
  Madagascar,LGYBQYDC1HEW,Madagascar 5GB - 10 Days,18.45  $,19.99  $,5,10,Yes,Limit - Maximum Data 5GB
  Madagascar,DQQSZ4WWXBPN,Madagascar 5GB - 15 Days,19.46  $,19.99  $,5,15,Yes,Limit - Maximum Data 5GB
  Madagascar,UBCEJNBVW7UM,Madagascar 5GB - 30 Days,20.30  $,22.99  $,5,30,Yes,Limit - Maximum Data 5GB
  Madagascar,8GMVI9TJREJB,Madagascar 5GB - 5 Days,16.61  $,18.99  $,5,5,Yes,Limit - Maximum Data 5GB
  Malawi,N3G5CSFZZII4,Malawi 10GB - 10 Days,31.76  $,41.99  $,10,10,Yes,Limit - Maximum Data 10GB
  Malawi,MIJREJPG6SOT,Malawi 10GB - 15 Days,33.51  $,42.99  $,10,15,Yes,Limit - Maximum Data 10GB
  Malawi,6IHCBKMOMTZN,Malawi 10GB - 30 Days,34.94  $,46.99  $,10,30,Yes,Limit - Maximum Data 10GB
  Malawi,34TKEARCFBM0,Malawi 10GB - 5 Days,28.58  $,40.99  $,10,5,Yes,Limit - Maximum Data 10GB
  Malawi,LXUSHFL7C3HW,Malawi 1GB - 10 Days,5.49  $,5.99  $,1,10,Yes,Limit - Maximum Data 1GB
  Malawi,6EVP2ACZCXS1,Malawi 1GB - 15 Days,5.79  $,6.99  $,1,15,Yes,Limit - Maximum Data 1GB
  Malawi,BXGD241QCYU7,Malawi 1GB - 30 Days,6.04  $,8.99  $,1,30,Yes,Limit - Maximum Data 1GB
  Malawi,MCNVUDYBMMQR,Malawi 1GB - 5 Days,4.94  $,4.99  $,1,5,Yes,Limit - Maximum Data 1GB
  Malawi,USMDHFVIKAGR,Malawi 20GB - 10 Days,47.91  $,61.99  $,20,10,Yes,Limit - Maximum Data 20GB
  Malawi,EQXBXEHQ0MFK,Malawi 20GB - 15 Days,50.55  $,62.99  $,20,15,Yes,Limit - Maximum Data 20GB
  Malawi,LI8SAZJM4XEX,Malawi 20GB - 30 Days,52.70  $,66.99  $,20,30,Yes,Limit - Maximum Data 20GB
  Malawi,RTI7IYNWU6NS,Malawi 20GB - 5 Days,43.12  $,60.99  $,20,5,Yes,Limit - Maximum Data 20GB
  Malawi,VTB1GAM8MJXU,Malawi 3GB - 10 Days,12.41  $,14.99  $,3,10,Yes,Limit - Maximum Data 3GB
  Malawi,5PQCHHDIA6TM,Malawi 3GB - 15 Days,13.09  $,14.99  $,3,15,Yes,Limit - Maximum Data 3GB
  Malawi,ZEANMSOTKFRG,Malawi 3GB - 30 Days,13.65  $,17.99  $,3,30,Yes,Limit - Maximum Data 3GB
  Malawi,CVOTELKJOYWC,Malawi 3GB - 5 Days,11.17  $,13.99  $,3,5,Yes,Limit - Maximum Data 3GB
  Malawi,0GCPI9T8QEKR,Malawi 5GB - 10 Days,18.45  $,24.99  $,5,10,Yes,Limit - Maximum Data 5GB
  Malawi,WBOTAOOWSKSS,Malawi 5GB - 15 Days,19.46  $,24.99  $,5,15,Yes,Limit - Maximum Data 5GB
  Malawi,SABEORUDBYGY,Malawi 5GB - 30 Days,20.30  $,27.99  $,5,30,Yes,Limit - Maximum Data 5GB
  Malawi,00L82QMF5I5J,Malawi 5GB - 5 Days,16.61  $,23.99  $,5,5,Yes,Limit - Maximum Data 5GB
  Malaysia,KPACVVQZ6YWG,Malaysia 10GB - 10 Days,6.00  $,13.99  $,10,10,Yes,Limit - Maximum Data 10GB
  Malaysia,FWKAZQMDUCVU,Malaysia 10GB - 15 Days,6.32  $,14.99  $,10,15,Yes,Limit - Maximum Data 10GB
  Malaysia,ZXAOFXGLBJYH,Malaysia 10GB - 30 Days,6.59  $,16.99  $,10,30,Yes,Limit - Maximum Data 10GB
  Malaysia,LKKXJNJGRIAI,Malaysia 10GB - 5 Days,5.40  $,12.99  $,10,5,Yes,Limit - Maximum Data 10GB
  Malaysia,PNIBWKA02BHN,Malaysia 1GB - 10 Days,2.00  $,4.99  $,1,10,Yes,Limit - Maximum Data 1GB
  Malaysia,O8BLSRDKOR7S,Malaysia 1GB - 15 Days,2.11  $,4.99  $,1,15,Yes,Limit - Maximum Data 1GB
  Malaysia,NO1DSUZTAXL1,Malaysia 1GB - 30 Days,2.20  $,7.99  $,1,30,Yes,Limit - Maximum Data 1GB
  Malaysia,BTWWDFAXCEI6,Malaysia 1GB - 5 Days,1.80  $,3.99  $,1,5,Yes,Limit - Maximum Data 1GB
  Malaysia,WUM0ORVW82WG,Malaysia 20GB - 10 Days,11.50  $,24.99  $,20,10,Yes,Limit - Maximum Data 20GB
  Malaysia,YUHTRSSLLCKV,Malaysia 20GB - 15 Days,12.13  $,24.99  $,20,15,Yes,Limit - Maximum Data 20GB
  Malaysia,P0WG1X7EZ8EQ,Malaysia 20GB - 30 Days,12.64  $,27.99  $,20,30,Yes,Limit - Maximum Data 20GB
  Malaysia,QQBKZIYZVQHG,Malaysia 20GB - 5 Days,10.35  $,23.99  $,20,5,Yes,Limit - Maximum Data 20GB
  Malaysia,38941WHM34D6,Malaysia 3GB - 10 Days,2.50  $,6.99  $,3,10,Yes,Limit - Maximum Data 3GB
  Malaysia,7ZYKVE6SGOD0,Malaysia 3GB - 15 Days,2.63  $,7.99  $,3,15,Yes,Limit - Maximum Data 3GB
  Malaysia,8EVBLAS3WIZ5,Malaysia 3GB - 30 Days,2.74  $,8.99  $,3,30,Yes,Limit - Maximum Data 3GB
  Malaysia,GWFEGVFYTZ0O,Malaysia 3GB - 5 Days,2.25  $,6.99  $,3,5,Yes,Limit - Maximum Data 3GB
  Malaysia,ZLCQSSMUGWM6,Malaysia 5GB - 10 Days,4.00  $,6.99  $,5,10,Yes,Limit - Maximum Data 5GB
  Malaysia,MG8LRQJ8MKKN,Malaysia 5GB - 15 Days,4.21  $,7.99  $,5,15,Yes,Limit - Maximum Data 5GB
  Malaysia,7ZMWSX6VWNP3,Malaysia 5GB - 30 Days,4.39  $,9.99  $,5,30,Yes,Limit - Maximum Data 5GB
  Malaysia,GGEBEZTFSZLD,Malaysia 5GB - 5 Days,3.60  $,5.99  $,5,5,Yes,Limit - Maximum Data 5GB
  Malaysia,T18AYSXB32BW,Malaysia Unlimited LITE - 10 Days,12.75  $,21.99  $,Unlimited,10,Yes,"Daily - 2GB per Day, then 1Mbps"
  Malaysia,Z5Z499EFJQNW,Malaysia Unlimited LITE - 15 Days,19.13  $,32.99  $,Unlimited,15,Yes,"Daily - 2GB per Day, then 1Mbps"
  Malaysia,D5I2NHGRMFUL,Malaysia Unlimited LITE - 30 Days,24.93  $,42.99  $,Unlimited,30,Yes,"Daily - 2GB per Day, then 1Mbps"
  Malaysia,UGHSB3UTXBTO,Malaysia Unlimited LITE - 5 Days,9.85  $,16.99  $,Unlimited,5,Yes,"Daily - 2GB per Day, then 1Mbps"
  Malaysia,V1N9VTO3I4XR,Malaysia Unlimited MAX - 10 Days,21.40  $,29.99  $,Unlimited,10,Yes,"Daily - 5GB per Day, then 1Mbps"
  Malaysia,HG06ECXIMS2H,Malaysia Unlimited MAX - 15 Days,31.31  $,49.99  $,Unlimited,15,Yes,"Daily - 5GB per Day, then 1Mbps"
  Malaysia,XBQJAITXCMFH,Malaysia Unlimited MAX - 30 Days,37.06  $,59.99  $,Unlimited,30,Yes,"Daily - 5GB per Day, then 1Mbps"
  Malaysia,BYJM0WYLFXJ1,Malaysia Unlimited MAX - 5 Days,14.09  $,24.99  $,Unlimited,5,Yes,"Daily - 5GB per Day, then 1Mbps"
  Malaysia,EEPHJCJW1H5D,Malaysia Unlimited STANDARD - 10 Days,12.75  $,24.99  $,Unlimited,10,Yes,"Daily - 3GB per Day, then 1Mbps"
  Malaysia,WJE8H3LVDQUJ,Malaysia Unlimited STANDARD - 15 Days,19.13  $,39.99  $,Unlimited,15,Yes,"Daily - 3GB per Day, then 1Mbps"
  Malaysia,PVUYLAGBL6DR,Malaysia Unlimited STANDARD - 30 Days,24.93  $,49.99  $,Unlimited,30,Yes,"Daily - 3GB per Day, then 1Mbps"
  Malaysia,BIM89AXGP3VG,Malaysia Unlimited STANDARD - 5 Days,9.85  $,14.99  $,Unlimited,5,Yes,"Daily - 3GB per Day, then 1Mbps"
  Maldives,DGZTZKRKRJFW,Maldives 1GB - 10 Days,89.99  $,10.99  $,1,10,Yes,Limit - Maximum Data 1GB
  Maldives,TGFI1MYZBDLJ,Maldives 1GB - 15 Days,94.94  $,11.99  $,1,15,Yes,Limit - Maximum Data 1GB
  Maldives,KCGIYAE0EKEQ,Maldives 1GB - 30 Days,98.99  $,13.99  $,1,30,Yes,Limit - Maximum Data 1GB
  Maldives,0J8DDYBCBRMY,Maldives 1GB - 5 Days,80.99  $,9.99  $,1,5,Yes,Limit - Maximum Data 1GB
  Mali,PYJUV0JJSIB5,Mali 1GB - 10 Days,89.99  $,5.99  $,1,10,Yes,Limit - Maximum Data 1GB
  Mali,WSZCGNIYV47M,Mali 1GB - 15 Days,94.94  $,6.99  $,1,15,Yes,Limit - Maximum Data 1GB
  Mali,VW6OPJTBAL8R,Mali 1GB - 30 Days,98.99  $,8.99  $,1,30,Yes,Limit - Maximum Data 1GB
  Mali,XQWFNXVOL6M9,Mali 1GB - 5 Days,80.99  $,4.99  $,1,5,Yes,Limit - Maximum Data 1GB
  Malta,EALD9TSNNOVN,Malta 10GB - 10 Days,6.00  $,12.99  $,10,10,Yes,Limit - Maximum Data 10GB
  Malta,Q4XABNKP3VBE,Malta 10GB - 15 Days,6.32  $,13.99  $,10,15,Yes,Limit - Maximum Data 10GB
  Malta,SJNY0EZSOA8H,Malta 10GB - 30 Days,6.59  $,15.99  $,10,30,Yes,Limit - Maximum Data 10GB
  Malta,EJHWRFDGNAVK,Malta 10GB - 5 Days,5.40  $,11.99  $,10,5,Yes,Limit - Maximum Data 10GB
  Malta,MW1LIKGIQTDK,Malta 1GB - 10 Days,2.00  $,4.99  $,1,10,Yes,Limit - Maximum Data 1GB
  Malta,XLSW0TRJJIQV,Malta 1GB - 15 Days,2.11  $,4.99  $,1,15,Yes,Limit - Maximum Data 1GB
  Malta,4UUQCEX9PHLN,Malta 1GB - 30 Days,2.20  $,7.99  $,1,30,Yes,Limit - Maximum Data 1GB
  Malta,GHZHB1R4TB3G,Malta 1GB - 5 Days,1.80  $,3.99  $,1,5,Yes,Limit - Maximum Data 1GB
  Malta,9NCHU9ITJOEY,Malta 20GB - 10 Days,9.00  $,21.99  $,20,10,Yes,Limit - Maximum Data 20GB
  Malta,X1YE9IDPJOJQ,Malta 20GB - 15 Days,9.49  $,22.99  $,20,15,Yes,Limit - Maximum Data 20GB
  Malta,KDZUQ8H64OVN,Malta 20GB - 30 Days,9.89  $,24.99  $,20,30,Yes,Limit - Maximum Data 20GB
  Malta,VAWK77MHIVGP,Malta 20GB - 5 Days,8.10  $,20.99  $,20,5,Yes,Limit - Maximum Data 20GB
  Malta,QCZPGKOV7DTH,Malta 3GB - 10 Days,3.00  $,7.99  $,3,10,Yes,Limit - Maximum Data 3GB
  Malta,0RLOBEKWBDZS,Malta 3GB - 15 Days,3.16  $,8.99  $,3,15,Yes,Limit - Maximum Data 3GB
  Malta,RK4TDB8IQEXM,Malta 3GB - 30 Days,3.29  $,9.99  $,3,30,Yes,Limit - Maximum Data 3GB
  Malta,ZHTAGFOM0U6P,Malta 3GB - 5 Days,2.70  $,7.99  $,3,5,Yes,Limit - Maximum Data 3GB
  Malta,R0JVQK8VHT09,Malta 5GB - 10 Days,4.00  $,6.99  $,5,10,Yes,Limit - Maximum Data 5GB
  Malta,GVAKCDF2GFCB,Malta 5GB - 15 Days,4.21  $,7.99  $,5,15,Yes,Limit - Maximum Data 5GB
  Malta,NOYHCVADPGBP,Malta 5GB - 30 Days,4.39  $,9.99  $,5,30,Yes,Limit - Maximum Data 5GB
  Malta,QZC4POMK9G4U,Malta 5GB - 5 Days,3.60  $,5.99  $,5,5,Yes,Limit - Maximum Data 5GB
  Malta,MDS2A5NSRVYO,Malta Unlimited LITE - 10 Days,14.49  $,24.99  $,Unlimited,10,Yes,"Daily - 2GB per Day, then 1Mbps"
  Malta,AKVWP9NWDGBV,Malta Unlimited LITE - 15 Days,19.13  $,32.99  $,Unlimited,15,Yes,"Daily - 2GB per Day, then 1Mbps"
  Malta,L80UX0JJXEQT,Malta Unlimited LITE - 30 Days,27.96  $,40.99  $,Unlimited,30,Yes,"Daily - 2GB per Day, then 1Mbps"
  Malta,LVVZCTVTXITN,Malta Unlimited LITE - 5 Days,9.85  $,16.99  $,Unlimited,5,Yes,"Daily - 2GB per Day, then 1Mbps"
  Malta,8HDOPIVCCUZ3,Malta Unlimited MAX - 10 Days,22.44  $,29.99  $,Unlimited,10,Yes,"Daily - 5GB per Day, then 1Mbps"
  Malta,62XG27SHGINV,Malta Unlimited MAX - 15 Days,27.66  $,49.99  $,Unlimited,15,Yes,"Daily - 5GB per Day, then 1Mbps"
  Malta,K4UTWDXZO7R1,Malta Unlimited MAX - 30 Days,38.32  $,59.99  $,Unlimited,30,Yes,"Daily - 5GB per Day, then 1Mbps"
  Malta,MN5T0DQ8ZACM,Malta Unlimited MAX - 5 Days,12.52  $,24.99  $,Unlimited,5,Yes,"Daily - 5GB per Day, then 1Mbps"
  Malta,VRG98BJMTSCA,Malta Unlimited STANDARD - 10 Days,14.49  $,24.99  $,Unlimited,10,Yes,"Daily - 3GB per Day, then 1Mbps"
  Malta,VRY8Z4JBXSN7,Malta Unlimited STANDARD - 15 Days,19.13  $,39.99  $,Unlimited,15,Yes,"Daily - 3GB per Day, then 1Mbps"
  Malta,VOQBYDWCRNR2,Malta Unlimited STANDARD - 30 Days,30.50  $,49.99  $,Unlimited,30,Yes,"Daily - 3GB per Day, then 1Mbps"
  Malta,AG40JUBJLCSR,Malta Unlimited STANDARD - 5 Days,9.85  $,14.99  $,Unlimited,5,Yes,"Daily - 3GB per Day, then 1Mbps"
  Martinique,PJUV75QKQFCZ,Martinique 10GB - 10 Days,20.91  $,9.99  $,10,10,Yes,Limit - Maximum Data 10GB
  Martinique,PUSW3C0CIE9U,Martinique 10GB - 15 Days,22.06  $,9.99  $,10,15,Yes,Limit - Maximum Data 10GB
  Martinique,MFGHSHUHI17C,Martinique 10GB - 30 Days,23.00  $,12.99  $,10,30,Yes,Limit - Maximum Data 10GB
  Martinique,A4ZDWYOIB8DI,Martinique 10GB - 5 Days,18.82  $,8.99  $,10,5,Yes,Limit - Maximum Data 10GB
  Martinique,8W1JITEWSSIG,Martinique 1GB - 10 Days,3.79  $,3.99  $,1,10,Yes,Limit - Maximum Data 1GB
  Martinique,7EYS5OHYNMC1,Martinique 1GB - 15 Days,4.00  $,4.99  $,1,15,Yes,Limit - Maximum Data 1GB
  Martinique,FENAUAFZOS03,Martinique 1GB - 30 Days,4.17  $,6.99  $,1,30,Yes,Limit - Maximum Data 1GB
  Martinique,RCZQOZYO928K,Martinique 1GB - 5 Days,3.41  $,2.99  $,1,5,Yes,Limit - Maximum Data 1GB
  Martinique,P02OTCBSQKXH,Martinique 20GB - 10 Days,32.00  $,18.99  $,20,10,Yes,Limit - Maximum Data 20GB
  Martinique,Z621FPEPUWFD,Martinique 20GB - 15 Days,33.75  $,19.99  $,20,15,Yes,Limit - Maximum Data 20GB
  Martinique,F7DLHSAYUXXB,Martinique 20GB - 30 Days,35.19  $,21.99  $,20,30,Yes,Limit - Maximum Data 20GB
  Martinique,6DM8CZOJGSEI,Martinique 20GB - 5 Days,28.80  $,17.99  $,20,5,Yes,Limit - Maximum Data 20GB
  Martinique,VYPFDMFEXXZQ,Martinique 3GB - 10 Days,8.29  $,14.99  $,3,10,Yes,Limit - Maximum Data 3GB
  Martinique,J87PUMPGHJAB,Martinique 3GB - 15 Days,8.75  $,15.99  $,3,15,Yes,Limit - Maximum Data 3GB
  Martinique,0YKQWZIQ58DN,Martinique 3GB - 30 Days,9.12  $,16.99  $,3,30,Yes,Limit - Maximum Data 3GB
  Martinique,WPS5LGQA8KBA,Martinique 3GB - 5 Days,7.46  $,13.99  $,3,5,Yes,Limit - Maximum Data 3GB
  Martinique,DDYAZQ0BP6Y8,Martinique 5GB - 10 Days,12.22  $,5.99  $,5,10,Yes,Limit - Maximum Data 5GB
  Martinique,3WIDTYQ1VNUL,Martinique 5GB - 15 Days,12.89  $,6.99  $,5,15,Yes,Limit - Maximum Data 5GB
  Martinique,6NBVRM5SYEUA,Martinique 5GB - 30 Days,13.44  $,8.99  $,5,30,Yes,Limit - Maximum Data 5GB
  Martinique,72KVAXE7KFIZ,Martinique 5GB - 5 Days,11.00  $,4.99  $,5,5,Yes,Limit - Maximum Data 5GB
  Mauritania,VHXQKJSLGOA7,Mauritania 1GB - 10 Days,44.99  $,10.99  $,1,10,Yes,Limit - Maximum Data 1GB
  Mauritania,7AM7ZWTHIIBT,Mauritania 1GB - 15 Days,47.47  $,11.99  $,1,15,Yes,Limit - Maximum Data 1GB
  Mauritania,NXAM2HK8IIUG,Mauritania 1GB - 30 Days,49.49  $,13.99  $,1,30,Yes,Limit - Maximum Data 1GB
  Mauritania,BYUUXAHW5QEP,Mauritania 1GB - 5 Days,40.49  $,9.99  $,1,5,Yes,Limit - Maximum Data 1GB
  Mauritania,YRKZSDTD1MEJ,Mauritania 3GB - 10 Days,125.99  $,29.99  $,3,10,Yes,Limit - Maximum Data 3GB
  Mauritania,SGS5RUEPGTHF,Mauritania 3GB - 15 Days,132.92  $,29.99  $,3,15,Yes,Limit - Maximum Data 3GB
  Mauritania,QNUPPCFXLYGW,Mauritania 3GB - 30 Days,138.59  $,32.99  $,3,30,Yes,Limit - Maximum Data 3GB
  Mauritania,N7L7O21VN18C,Mauritania 3GB - 5 Days,113.39  $,28.99  $,3,5,Yes,Limit - Maximum Data 3GB
  Mauritania,M76LSWPTO0ID,Mauritania 5GB - 10 Days,193.02  $,49.99  $,5,10,Yes,Limit - Maximum Data 5GB
  Mauritania,IN6BKVYAGJPU,Mauritania 5GB - 15 Days,203.64  $,49.99  $,5,15,Yes,Limit - Maximum Data 5GB
  Mauritania,58FKMUSMWDLJ,Mauritania 5GB - 30 Days,212.32  $,54.99  $,5,30,Yes,Limit - Maximum Data 5GB
  Mauritania,AJRDFVKMYT6O,Mauritania 5GB - 5 Days,173.72  $,48.99  $,5,5,Yes,Limit - Maximum Data 5GB
  Mauritius,XKG0BLDTYLOK,Mauritius 10GB - 10 Days,50.00  $,53.99  $,10,10,Yes,Limit - Maximum Data 10GB
  Mauritius,GVOX5CQW0YEU,Mauritius 10GB - 15 Days,52.74  $,54.99  $,10,15,Yes,Limit - Maximum Data 10GB
  Mauritius,WZALQHGC4RFI,Mauritius 10GB - 30 Days,54.99  $,58.99  $,10,30,Yes,Limit - Maximum Data 10GB
  Mauritius,51014GC36ORG,Mauritius 10GB - 5 Days,45.00  $,52.99  $,10,5,Yes,Limit - Maximum Data 10GB
  Mauritius,ZLX8UD7FTQPN,Mauritius 1GB - 10 Days,7.68  $,9.99  $,1,10,Yes,Limit - Maximum Data 1GB
  Mauritius,QSBUBCRL68HF,Mauritius 1GB - 15 Days,8.10  $,9.99  $,1,15,Yes,Limit - Maximum Data 1GB
  Mauritius,HNEZYDKZOF1C,Mauritius 1GB - 30 Days,8.45  $,12.99  $,1,30,Yes,Limit - Maximum Data 1GB
  Mauritius,13QYLDS6XVO8,Mauritius 1GB - 5 Days,6.91  $,8.99  $,1,5,Yes,Limit - Maximum Data 1GB
  Mauritius,F3TYS87HTNI2,Mauritius 20GB - 10 Days,90.00  $,189.99  $,20,10,Yes,Limit - Maximum Data 20GB
  Mauritius,BHU6RJJTFQEP,Mauritius 20GB - 15 Days,94.94  $,194.99  $,20,15,Yes,Limit - Maximum Data 20GB
  Mauritius,17BIZTPX0CTD,Mauritius 20GB - 30 Days,98.99  $,194.99  $,20,30,Yes,Limit - Maximum Data 20GB
  Mauritius,TACLTZANM7BU,Mauritius 20GB - 5 Days,81.00  $,189.99  $,20,5,Yes,Limit - Maximum Data 20GB
  Mauritius,LTSJ83SSZAJZ,Mauritius 3GB - 10 Days,17.74  $,19.99  $,3,10,Yes,Limit - Maximum Data 3GB
  Mauritius,3PZBPAJKVOEM,Mauritius 3GB - 15 Days,18.72  $,19.99  $,3,15,Yes,Limit - Maximum Data 3GB
  Mauritius,GAUGRODDH2KL,Mauritius 3GB - 30 Days,19.51  $,22.99  $,3,30,Yes,Limit - Maximum Data 3GB
  Mauritius,6MKK3YA4WOZC,Mauritius 3GB - 5 Days,15.97  $,18.99  $,3,5,Yes,Limit - Maximum Data 3GB
  Mauritius,3MB4BLECUKOO,Mauritius 5GB - 10 Days,28.00  $,33.99  $,5,10,Yes,Limit - Maximum Data 5GB
  Mauritius,VNHPARM3F9XT,Mauritius 5GB - 15 Days,29.53  $,34.99  $,5,15,Yes,Limit - Maximum Data 5GB
  Mauritius,O13IJJXCTJVR,Mauritius 5GB - 30 Days,30.79  $,36.99  $,5,30,Yes,Limit - Maximum Data 5GB
  Mauritius,ODSHMSBW1J5R,Mauritius 5GB - 5 Days,25.20  $,32.99  $,5,5,Yes,Limit - Maximum Data 5GB
  Mayotte,QM0JNWBTRZGW,Mayotte 10GB - 10 Days,18.39  $,9.99  $,10,10,Yes,Limit - Maximum Data 10GB
  Mayotte,KUJGGVHQRXJ6,Mayotte 10GB - 15 Days,19.40  $,9.99  $,10,15,Yes,Limit - Maximum Data 10GB
  Mayotte,WHOCZ5FXNXR0,Mayotte 10GB - 30 Days,20.23  $,12.99  $,10,30,Yes,Limit - Maximum Data 10GB
  Mayotte,KASXBJPKCWLJ,Mayotte 10GB - 5 Days,16.55  $,8.99  $,10,5,Yes,Limit - Maximum Data 10GB
  Mayotte,U4HXTXGE6MTY,Mayotte 1GB - 10 Days,4.79  $,3.99  $,1,10,Yes,Limit - Maximum Data 1GB
  Mayotte,S6DGNS2DDYKR,Mayotte 1GB - 15 Days,5.06  $,4.99  $,1,15,Yes,Limit - Maximum Data 1GB
  Mayotte,3FOT7N9SUNVS,Mayotte 1GB - 30 Days,5.27  $,6.99  $,1,30,Yes,Limit - Maximum Data 1GB
  Mayotte,U9FP3T0WLYA2,Mayotte 1GB - 5 Days,4.31  $,2.99  $,1,5,Yes,Limit - Maximum Data 1GB
  Mayotte,OI6QEKMQNPSU,Mayotte 20GB - 10 Days,34.39  $,18.99  $,20,10,Yes,Limit - Maximum Data 20GB
  Mayotte,VZJS2NQ310RD,Mayotte 20GB - 15 Days,36.28  $,19.99  $,20,15,Yes,Limit - Maximum Data 20GB
  Mayotte,KX7LIY92FTAU,Mayotte 20GB - 30 Days,37.83  $,21.99  $,20,30,Yes,Limit - Maximum Data 20GB
  Mayotte,IX1TH76ZVTEH,Mayotte 20GB - 5 Days,30.95  $,17.99  $,20,5,Yes,Limit - Maximum Data 20GB
  Mayotte,ROFQ4HFQZYH4,Mayotte 3GB - 10 Days,6.39  $,7.99  $,3,10,Yes,Limit - Maximum Data 3GB
  Mayotte,U9FJAV0I8OBP,Mayotte 3GB - 15 Days,6.74  $,8.99  $,3,15,Yes,Limit - Maximum Data 3GB
  Mayotte,SOWZNEOUMK2T,Mayotte 3GB - 30 Days,7.03  $,9.99  $,3,30,Yes,Limit - Maximum Data 3GB
  Mayotte,MLSVC0DX9ZIY,Mayotte 3GB - 5 Days,5.75  $,6.99  $,3,5,Yes,Limit - Maximum Data 3GB
  Mayotte,NFL3OENLPBAO,Mayotte 5GB - 10 Days,10.39  $,5.99  $,5,10,Yes,Limit - Maximum Data 5GB
  Mayotte,6DALJYZPQFNT,Mayotte 5GB - 15 Days,10.96  $,6.99  $,5,15,Yes,Limit - Maximum Data 5GB
  Mayotte,OU1QSPAJQOBN,Mayotte 5GB - 30 Days,11.43  $,8.99  $,5,30,Yes,Limit - Maximum Data 5GB
  Mayotte,ZDR0OYKQPJBF,Mayotte 5GB - 5 Days,9.35  $,4.99  $,5,5,Yes,Limit - Maximum Data 5GB
  Mayotte,YU8WR7OJVMBO,Mayotte Unlimited LITE - 10 Days,50.39  $,55.99  $,Unlimited,10,Yes,"Daily - 2GB per Day, then 1Mbps"
  Mayotte,ELR82RXJEKFY,Mayotte Unlimited LITE - 15 Days,80.09  $,88.99  $,Unlimited,15,Yes,"Daily - 2GB per Day, then 1Mbps"
  Mayotte,VW8XBAFR0YMO,Mayotte Unlimited LITE - 30 Days,116.09  $,128.99  $,Unlimited,30,Yes,"Daily - 2GB per Day, then 1Mbps"
  Mayotte,8HIAVRLRPXB5,Mayotte Unlimited LITE - 5 Days,26.09  $,28.99  $,Unlimited,5,Yes,"Daily - 2GB per Day, then 1Mbps"
  Mayotte,QN8MWPNGHPKL,Mayotte Unlimited MAX - 10 Days,71.09  $,54.99  $,Unlimited,10,Yes,"Daily - 5GB per Day, then 1Mbps"
  Mayotte,DIWLT6YSJNRT,Mayotte Unlimited MAX - 15 Days,116.09  $,99.99  $,Unlimited,15,Yes,"Daily - 5GB per Day, then 1Mbps"
  Mayotte,CJWLWR3HLNTU,Mayotte Unlimited MAX - 30 Days,179.09  $,139.99  $,Unlimited,30,Yes,"Daily - 5GB per Day, then 1Mbps"
  Mayotte,HI0BE6DSHPIH,Mayotte Unlimited MAX - 5 Days,40.49  $,34.99  $,Unlimited,5,Yes,"Daily - 5GB per Day, then 1Mbps"
  Mayotte,W7K03EK8QVNO,Mayotte Unlimited STANDARD - 10 Days,50.39  $,49.99  $,Unlimited,10,Yes,"Daily - 3GB per Day, then 1Mbps"
  Mayotte,D93UXXD7QOII,Mayotte Unlimited STANDARD - 15 Days,80.09  $,89.99  $,Unlimited,15,Yes,"Daily - 3GB per Day, then 1Mbps"
  Mayotte,CRML4QADD0LB,Mayotte Unlimited STANDARD - 30 Days,116.09  $,129.99  $,Unlimited,30,Yes,"Daily - 3GB per Day, then 1Mbps"
  Mayotte,EJXJP9YVEHSA,Mayotte Unlimited STANDARD - 5 Days,26.09  $,29.99  $,Unlimited,5,Yes,"Daily - 3GB per Day, then 1Mbps"
  Mexico,GCZWUT2WAYFL,Mexico 10GB - 10 Days,22.31  $,41.99  $,10,10,Yes,Limit - Maximum Data 10GB
  Mexico,4EMNOFKPB1B9,Mexico 10GB - 15 Days,23.54  $,42.99  $,10,15,Yes,Limit - Maximum Data 10GB
  Mexico,ICV3ADHRMQST,Mexico 10GB - 30 Days,24.54  $,46.99  $,10,30,Yes,Limit - Maximum Data 10GB
  Mexico,VQM9RKL0BROW,Mexico 10GB - 5 Days,20.08  $,40.99  $,10,5,Yes,Limit - Maximum Data 10GB
  Mexico,EC3ZBWK1JDXM,Mexico 1GB - 10 Days,4.70  $,5.99  $,1,10,Yes,Limit - Maximum Data 1GB
  Mexico,HA4NYSXOPYMM,Mexico 1GB - 15 Days,4.96  $,6.99  $,1,15,Yes,Limit - Maximum Data 1GB
  Mexico,IEKHVHUPRIAS,Mexico 1GB - 30 Days,5.17  $,8.99  $,1,30,Yes,Limit - Maximum Data 1GB
  Mexico,JWU9Q6NJDO3J,Mexico 1GB - 5 Days,4.23  $,4.99  $,1,5,Yes,Limit - Maximum Data 1GB
  Mexico,MDKYOHXD2BAZ,Mexico 20GB - 10 Days,38.87  $,61.99  $,20,10,Yes,Limit - Maximum Data 20GB
  Mexico,SKA8KYB3PLE7,Mexico 20GB - 15 Days,41.01  $,62.99  $,20,15,Yes,Limit - Maximum Data 20GB
  Mexico,I4TZ652PZ8PB,Mexico 20GB - 30 Days,42.76  $,66.99  $,20,30,Yes,Limit - Maximum Data 20GB
  Mexico,FKGUERMPICEW,Mexico 20GB - 5 Days,34.99  $,60.99  $,20,5,Yes,Limit - Maximum Data 20GB
  Mexico,WVPIHSRD7XBK,Mexico 3GB - 10 Days,8.79  $,14.99  $,3,10,Yes,Limit - Maximum Data 3GB
  Mexico,OCKDOLY26UXD,Mexico 3GB - 15 Days,9.28  $,14.99  $,3,15,Yes,Limit - Maximum Data 3GB
  Mexico,YI6VMRFSRDGI,Mexico 3GB - 30 Days,9.67  $,17.99  $,3,30,Yes,Limit - Maximum Data 3GB
  Mexico,1P38PMZERWKC,Mexico 3GB - 5 Days,7.91  $,13.99  $,3,5,Yes,Limit - Maximum Data 3GB
  Mexico,VDKQTUVBB8NZ,Mexico 5GB - 10 Days,12.79  $,24.99  $,5,10,Yes,Limit - Maximum Data 5GB
  Mexico,CTFLUH946DEN,Mexico 5GB - 15 Days,13.50  $,24.99  $,5,15,Yes,Limit - Maximum Data 5GB
  Mexico,8PRFXTBOKD43,Mexico 5GB - 30 Days,14.07  $,27.99  $,5,30,Yes,Limit - Maximum Data 5GB
  Mexico,ABMQMI74IQYN,Mexico 5GB - 5 Days,11.51  $,23.99  $,5,5,Yes,Limit - Maximum Data 5GB
  Moldova,RQ5OGEKGJ6XM,Moldova 10GB - 10 Days,10.69  $,9.99  $,10,10,Yes,Limit - Maximum Data 10GB
  Moldova,3VBTGXNJLXY6,Moldova 10GB - 15 Days,11.28  $,9.99  $,10,15,Yes,Limit - Maximum Data 10GB
  Moldova,CO6LRMDCRBDI,Moldova 10GB - 30 Days,11.76  $,12.99  $,10,30,Yes,Limit - Maximum Data 10GB
  Moldova,UPUYKCMZEF8X,Moldova 10GB - 5 Days,9.62  $,8.99  $,10,5,Yes,Limit - Maximum Data 10GB
  Moldova,GP4HWINLOKEV,Moldova 1GB - 10 Days,2.20  $,3.99  $,1,10,Yes,Limit - Maximum Data 1GB
  Moldova,MBZBR5OOV9PX,Moldova 1GB - 15 Days,2.32  $,4.99  $,1,15,Yes,Limit - Maximum Data 1GB
  Moldova,RZFGJKW1MMTL,Moldova 1GB - 30 Days,2.42  $,6.99  $,1,30,Yes,Limit - Maximum Data 1GB
  Moldova,AD8JMCO8E4AH,Moldova 1GB - 5 Days,1.98  $,2.99  $,1,5,Yes,Limit - Maximum Data 1GB
  Moldova,WB56H9W3PXKE,Moldova 20GB - 10 Days,15.95  $,18.99  $,20,10,Yes,Limit - Maximum Data 20GB
  Moldova,LTMIKL5HXPSR,Moldova 20GB - 15 Days,16.83  $,19.99  $,20,15,Yes,Limit - Maximum Data 20GB
  Moldova,GNX9BPBMRPOY,Moldova 20GB - 30 Days,17.55  $,21.99  $,20,30,Yes,Limit - Maximum Data 20GB
  Moldova,M6NYJALDW5RX,Moldova 20GB - 5 Days,14.36  $,17.99  $,20,5,Yes,Limit - Maximum Data 20GB
  Moldova,D7S8FTUKFDVX,Moldova 3GB - 10 Days,4.41  $,8.99  $,3,10,Yes,Limit - Maximum Data 3GB
  Moldova,XZ9JT1C4PFVK,Moldova 3GB - 15 Days,4.65  $,9.99  $,3,15,Yes,Limit - Maximum Data 3GB
  Moldova,YENTGD89BIOK,Moldova 3GB - 30 Days,4.85  $,10.99  $,3,30,Yes,Limit - Maximum Data 3GB
  Moldova,3PYSR966UNYH,Moldova 3GB - 5 Days,3.97  $,7.99  $,3,5,Yes,Limit - Maximum Data 3GB
  Moldova,3CCGZVLWBU2I,Moldova 5GB - 10 Days,6.37  $,5.99  $,5,10,Yes,Limit - Maximum Data 5GB
  Moldova,ZFDJLHRAH8KZ,Moldova 5GB - 15 Days,6.72  $,6.99  $,5,15,Yes,Limit - Maximum Data 5GB
  Moldova,QZ6CDP0WG8M1,Moldova 5GB - 30 Days,7.01  $,8.99  $,5,30,Yes,Limit - Maximum Data 5GB
  Moldova,C78PAMQANUVA,Moldova 5GB - 5 Days,5.73  $,4.99  $,5,5,Yes,Limit - Maximum Data 5GB
  Monaco,BECOFXJPBXUX,Monaco 10GB - 10 Days,45.67  $,34.99  $,10,10,Yes,Limit - Maximum Data 10GB
  Monaco,B5HAACMNY3E6,Monaco 10GB - 15 Days,48.18  $,34.99  $,10,15,Yes,Limit - Maximum Data 10GB
  Monaco,S0BCYERLJWQJ,Monaco 10GB - 30 Days,50.24  $,37.99  $,10,30,Yes,Limit - Maximum Data 10GB
  Monaco,FCZVFXVURWHG,Monaco 10GB - 5 Days,41.10  $,33.99  $,10,5,Yes,Limit - Maximum Data 10GB
  Monaco,0Y8VMAWDZHDI,Monaco 1GB - 10 Days,7.66  $,5.99  $,1,10,Yes,Limit - Maximum Data 1GB
  Monaco,BZKEDMOWFCHC,Monaco 1GB - 15 Days,8.08  $,6.99  $,1,15,Yes,Limit - Maximum Data 1GB
  Monaco,RZ6M7PFGSSVT,Monaco 1GB - 30 Days,8.43  $,8.99  $,1,30,Yes,Limit - Maximum Data 1GB
  Monaco,RY2ZDSKPJB48,Monaco 1GB - 5 Days,6.89  $,4.99  $,1,5,Yes,Limit - Maximum Data 1GB
  Monaco,1DADUHC9MZOY,Monaco 3GB - 10 Days,17.69  $,13.99  $,3,10,Yes,Limit - Maximum Data 3GB
  Monaco,G4KNDVPYIO88,Monaco 3GB - 15 Days,18.66  $,14.99  $,3,15,Yes,Limit - Maximum Data 3GB
  Monaco,6ZQTCZWXNWRL,Monaco 3GB - 30 Days,19.46  $,16.99  $,3,30,Yes,Limit - Maximum Data 3GB
  Monaco,9EPMIKAXUVON,Monaco 3GB - 5 Days,15.92  $,12.99  $,3,5,Yes,Limit - Maximum Data 3GB
  Monaco,KIQTRIAGE20Q,Monaco 5GB - 10 Days,26.43  $,19.99  $,5,10,Yes,Limit - Maximum Data 5GB
  Monaco,OWKUYMFVLSHD,Monaco 5GB - 15 Days,27.88  $,19.99  $,5,15,Yes,Limit - Maximum Data 5GB
  Monaco,JID7R9S5FGC1,Monaco 5GB - 30 Days,29.07  $,22.99  $,5,30,Yes,Limit - Maximum Data 5GB
  Monaco,XOHEWRQXTPMA,Monaco 5GB - 5 Days,23.79  $,18.99  $,5,5,Yes,Limit - Maximum Data 5GB
  Mongolia,JNAWO5UPI3DA,Mongolia 10GB - 10 Days,89.19  $,41.99  $,10,10,Yes,Limit - Maximum Data 10GB
  Mongolia,YAF0WQHEUR4V,Mongolia 10GB - 15 Days,94.10  $,42.99  $,10,15,Yes,Limit - Maximum Data 10GB
  Mongolia,MAH01AEDHDDW,Mongolia 10GB - 30 Days,98.11  $,46.99  $,10,30,Yes,Limit - Maximum Data 10GB
  Mongolia,RJPTQNAEXBR9,Mongolia 10GB - 5 Days,80.27  $,40.99  $,10,5,Yes,Limit - Maximum Data 10GB
  Mongolia,TSHLXTS5E87C,Mongolia 1GB - 10 Days,14.46  $,5.99  $,1,10,Yes,Limit - Maximum Data 1GB
  Mongolia,YXCGQCKO6HK4,Mongolia 1GB - 15 Days,15.26  $,6.99  $,1,15,Yes,Limit - Maximum Data 1GB
  Mongolia,DASIS8PORVQK,Mongolia 1GB - 30 Days,15.91  $,8.99  $,1,30,Yes,Limit - Maximum Data 1GB
  Mongolia,VSHFODNIZVIO,Mongolia 1GB - 5 Days,13.01  $,4.99  $,1,5,Yes,Limit - Maximum Data 1GB
  Mongolia,QXHAYYP4SCMX,Mongolia 3GB - 10 Days,34.21  $,14.99  $,3,10,Yes,Limit - Maximum Data 3GB
  Mongolia,G6CIMH61JGKE,Mongolia 3GB - 15 Days,36.09  $,14.99  $,3,15,Yes,Limit - Maximum Data 3GB
  Mongolia,YBR35PZVDDIR,Mongolia 3GB - 30 Days,37.63  $,17.99  $,3,30,Yes,Limit - Maximum Data 3GB
  Mongolia,SYOZFHI5RO3Q,Mongolia 3GB - 5 Days,30.79  $,13.99  $,3,5,Yes,Limit - Maximum Data 3GB
  Mongolia,QIUJH9017CPU,Mongolia 5GB - 10 Days,51.40  $,24.99  $,5,10,Yes,Limit - Maximum Data 5GB
  Mongolia,EQRLCJ9VC0OG,Mongolia 5GB - 15 Days,54.23  $,24.99  $,5,15,Yes,Limit - Maximum Data 5GB
  Mongolia,06QFXV5OY6LH,Mongolia 5GB - 30 Days,56.54  $,27.99  $,5,30,Yes,Limit - Maximum Data 5GB
  Mongolia,KMT3WLYPV2EZ,Mongolia 5GB - 5 Days,46.26  $,23.99  $,5,5,Yes,Limit - Maximum Data 5GB
  Montenegro,M5VAZAMKXO8L,Montenegro 10GB - 10 Days,11.97  $,13.99  $,10,10,Yes,Limit - Maximum Data 10GB
  Montenegro,OIUZNGAW6CDS,Montenegro 10GB - 15 Days,12.63  $,14.99  $,10,15,Yes,Limit - Maximum Data 10GB
  Montenegro,3L9RW0SXR8I6,Montenegro 10GB - 30 Days,13.17  $,16.99  $,10,30,Yes,Limit - Maximum Data 10GB
  Montenegro,B8QHIDWX19MP,Montenegro 10GB - 5 Days,10.77  $,12.99  $,10,5,Yes,Limit - Maximum Data 10GB
  Montenegro,YOI0T5DCX0OL,Montenegro 1GB - 10 Days,3.00  $,4.99  $,1,10,Yes,Limit - Maximum Data 1GB
  Montenegro,B7KL4YSGAXOQ,Montenegro 1GB - 15 Days,3.16  $,4.99  $,1,15,Yes,Limit - Maximum Data 1GB
  Montenegro,RGZTDTV2S8I0,Montenegro 1GB - 30 Days,3.29  $,7.99  $,1,30,Yes,Limit - Maximum Data 1GB
  Montenegro,ISCLWDXUDAYQ,Montenegro 1GB - 5 Days,2.70  $,3.99  $,1,5,Yes,Limit - Maximum Data 1GB
  Montenegro,SQP7GJ6R5524,Montenegro 20GB - 10 Days,18.49  $,24.99  $,20,10,Yes,Limit - Maximum Data 20GB
  Montenegro,NTM3BPXAEFGN,Montenegro 20GB - 15 Days,19.51  $,24.99  $,20,15,Yes,Limit - Maximum Data 20GB
  Montenegro,ARSVELY8KFV1,Montenegro 20GB - 30 Days,20.34  $,27.99  $,20,30,Yes,Limit - Maximum Data 20GB
  Montenegro,UWKOKQXY0YGQ,Montenegro 20GB - 5 Days,16.64  $,23.99  $,20,5,Yes,Limit - Maximum Data 20GB
  Montenegro,XQDGWQ2T7QPU,Montenegro 3GB - 10 Days,4.90  $,5.99  $,3,10,Yes,Limit - Maximum Data 3GB
  Montenegro,KXWBYCHEJZPB,Montenegro 3GB - 15 Days,5.17  $,6.99  $,3,15,Yes,Limit - Maximum Data 3GB
  Montenegro,ST8F7ZJ43XVC,Montenegro 3GB - 30 Days,5.39  $,8.99  $,3,30,Yes,Limit - Maximum Data 3GB
  Montenegro,KG5WM1PQKXYC,Montenegro 3GB - 5 Days,4.41  $,4.99  $,3,5,Yes,Limit - Maximum Data 3GB
  Montenegro,3VTY6VYJDOXA,Montenegro 5GB - 10 Days,7.10  $,6.99  $,5,10,Yes,Limit - Maximum Data 5GB
  Montenegro,QASBFBOGZBNL,Montenegro 5GB - 15 Days,7.49  $,7.99  $,5,15,Yes,Limit - Maximum Data 5GB
  Montenegro,OHZPWSOJBSZT,Montenegro 5GB - 30 Days,7.81  $,9.99  $,5,30,Yes,Limit - Maximum Data 5GB
  Montenegro,17HENJOFC3BT,Montenegro 5GB - 5 Days,6.39  $,5.99  $,5,5,Yes,Limit - Maximum Data 5GB
  Montenegro,EHUIBBXTQZ06,Montenegro Unlimited LITE - 10 Days,24.82  $,42.99  $,Unlimited,10,Yes,"Daily - 2GB per Day, then 1Mbps"
  Montenegro,BTUA5GMUYREY,Montenegro Unlimited LITE - 15 Days,40.52  $,64.99  $,Unlimited,15,Yes,"Daily - 2GB per Day, then 1Mbps"
  Montenegro,FEKVD3NYWC5M,Montenegro Unlimited LITE - 30 Days,71.03  $,80.99  $,Unlimited,30,Yes,"Daily - 2GB per Day, then 1Mbps"
  Montenegro,LS0YNPKWFPSG,Montenegro Unlimited LITE - 5 Days,12.45  $,21.99  $,Unlimited,5,Yes,"Daily - 2GB per Day, then 1Mbps"
  Montenegro,HWWCMC1ZF17F,Montenegro Unlimited MAX - 10 Days,34.66  $,39.99  $,Unlimited,10,Yes,"Daily - 5GB per Day, then 1Mbps"
  Montenegro,FPS3ROUVSQMB,Montenegro Unlimited MAX - 15 Days,55.10  $,74.99  $,Unlimited,15,Yes,"Daily - 5GB per Day, then 1Mbps"
  Montenegro,CFIU0YMEWI52,Montenegro Unlimited MAX - 30 Days,97.68  $,89.99  $,Unlimited,30,Yes,"Daily - 5GB per Day, then 1Mbps"
  Montenegro,UJYGZGAIBNGH,Montenegro Unlimited MAX - 5 Days,18.26  $,24.99  $,Unlimited,5,Yes,"Daily - 5GB per Day, then 1Mbps"
  Montenegro,PYRTDKIPXO9E,Montenegro Unlimited STANDARD - 10 Days,25.18  $,34.99  $,Unlimited,10,Yes,"Daily - 3GB per Day, then 1Mbps"
  Montenegro,G5KBNZGD90JN,Montenegro Unlimited STANDARD - 15 Days,40.87  $,64.99  $,Unlimited,15,Yes,"Daily - 3GB per Day, then 1Mbps"
  Montenegro,WSP7FO6SZRDA,Montenegro Unlimited STANDARD - 30 Days,72.89  $,79.99  $,Unlimited,30,Yes,"Daily - 3GB per Day, then 1Mbps"
  Montenegro,LAV3TTEJZGR0,Montenegro Unlimited STANDARD - 5 Days,13.48  $,14.99  $,Unlimited,5,Yes,"Daily - 3GB per Day, then 1Mbps"
  Montserrat,EZEOFQTRDYRT,Montserrat 10GB - 10 Days,31.12  $,41.99  $,10,10,Yes,Limit - Maximum Data 10GB
  Montserrat,WIA1OYXJHTRE,Montserrat 10GB - 15 Days,32.83  $,42.99  $,10,15,Yes,Limit - Maximum Data 10GB
  Montserrat,GZ8WVR39C9IJ,Montserrat 10GB - 30 Days,34.23  $,46.99  $,10,30,Yes,Limit - Maximum Data 10GB
  Montserrat,YLZKDQCTEHXE,Montserrat 10GB - 5 Days,28.01  $,40.99  $,10,5,Yes,Limit - Maximum Data 10GB
  Montserrat,1NGI7ZROVGAO,Montserrat 1GB - 10 Days,5.39  $,5.99  $,1,10,Yes,Limit - Maximum Data 1GB
  Montserrat,4VNF8EX9GQYA,Montserrat 1GB - 15 Days,5.69  $,6.99  $,1,15,Yes,Limit - Maximum Data 1GB
  Montserrat,GBO1ROZZNI9R,Montserrat 1GB - 30 Days,5.93  $,8.99  $,1,30,Yes,Limit - Maximum Data 1GB
  Montserrat,6UTCRAYDCABX,Montserrat 1GB - 5 Days,4.85  $,4.99  $,1,5,Yes,Limit - Maximum Data 1GB
  Montserrat,RV4JYHD93VXF,Montserrat 20GB - 10 Days,46.94  $,61.99  $,20,10,Yes,Limit - Maximum Data 20GB
  Montserrat,ILTSWQBC7QBG,Montserrat 20GB - 15 Days,49.52  $,62.99  $,20,15,Yes,Limit - Maximum Data 20GB
  Montserrat,MNQJARUVOWGJ,Montserrat 20GB - 30 Days,51.63  $,66.99  $,20,30,Yes,Limit - Maximum Data 20GB
  Montserrat,H2VV5YYJKQCB,Montserrat 20GB - 5 Days,42.25  $,60.99  $,20,5,Yes,Limit - Maximum Data 20GB
  Montserrat,CHXLO4DUX0GB,Montserrat 3GB - 10 Days,12.16  $,14.99  $,3,10,Yes,Limit - Maximum Data 3GB
  Montserrat,EQFKQEH5R0SY,Montserrat 3GB - 15 Days,12.83  $,14.99  $,3,15,Yes,Limit - Maximum Data 3GB
  Montserrat,HUOJ9G1C5Q8A,Montserrat 3GB - 30 Days,13.38  $,17.99  $,3,30,Yes,Limit - Maximum Data 3GB
  Montserrat,QD964ALVOAEH,Montserrat 3GB - 5 Days,10.94  $,13.99  $,3,5,Yes,Limit - Maximum Data 3GB
  Montserrat,FV2O4UGHXNO0,Montserrat 5GB - 10 Days,18.08  $,24.99  $,5,10,Yes,Limit - Maximum Data 5GB
  Montserrat,RCI9QFJ6HRJJ,Montserrat 5GB - 15 Days,19.07  $,24.99  $,5,15,Yes,Limit - Maximum Data 5GB
  Montserrat,KMCS9NYGJINB,Montserrat 5GB - 30 Days,19.89  $,27.99  $,5,30,Yes,Limit - Maximum Data 5GB
  Montserrat,EO3ZKIPMISJB,Montserrat 5GB - 5 Days,16.27  $,23.99  $,5,5,Yes,Limit - Maximum Data 5GB
  Morocco,73BXNPD1WERU,Morocco 10GB - 10 Days,21.46  $,22.99  $,10,10,Yes,Limit - Maximum Data 10GB
  Morocco,ELMNH0P5ECOI,Morocco 10GB - 15 Days,22.64  $,23.99  $,10,15,Yes,Limit - Maximum Data 10GB
  Morocco,H8PDSNGUL4EZ,Morocco 10GB - 30 Days,23.61  $,25.99  $,10,30,Yes,Limit - Maximum Data 10GB
  Morocco,ITAGWCD9WBRD,Morocco 10GB - 5 Days,19.31  $,21.99  $,10,5,Yes,Limit - Maximum Data 10GB
  Morocco,FVHZXCUJHIUX,Morocco 1GB - 10 Days,4.60  $,5.99  $,1,10,Yes,Limit - Maximum Data 1GB
  Morocco,B6LBYQRY4ICN,Morocco 1GB - 15 Days,4.85  $,6.99  $,1,15,Yes,Limit - Maximum Data 1GB
  Morocco,IRELLIWI0D9Y,Morocco 1GB - 30 Days,5.06  $,8.99  $,1,30,Yes,Limit - Maximum Data 1GB
  Morocco,HOILCCQXMOHJ,Morocco 1GB - 5 Days,4.14  $,4.99  $,1,5,Yes,Limit - Maximum Data 1GB
  Morocco,AXQXFLO76IYE,Morocco 20GB - 10 Days,40.82  $,41.99  $,20,10,Yes,Limit - Maximum Data 20GB
  Morocco,RGAQT4RFKQ6C,Morocco 20GB - 15 Days,43.07  $,42.99  $,20,15,Yes,Limit - Maximum Data 20GB
  Morocco,YGMYTLDE7RO9,Morocco 20GB - 30 Days,44.90  $,46.99  $,20,30,Yes,Limit - Maximum Data 20GB
  Morocco,I4ZOPL9ST5PD,Morocco 20GB - 5 Days,36.74  $,40.99  $,20,5,Yes,Limit - Maximum Data 20GB
  Morocco,MFI4J1I8ZJGZ,Morocco 3GB - 10 Days,9.40  $,9.99  $,3,10,Yes,Limit - Maximum Data 3GB
  Morocco,UVMG5T6KBT2T,Morocco 3GB - 15 Days,9.92  $,9.99  $,3,15,Yes,Limit - Maximum Data 3GB
  Morocco,3DQRMHEBFGVC,Morocco 3GB - 30 Days,10.34  $,12.99  $,3,30,Yes,Limit - Maximum Data 3GB
  Morocco,RFITK4CLX0WY,Morocco 3GB - 5 Days,8.46  $,8.99  $,3,5,Yes,Limit - Maximum Data 3GB
  Morocco,NJRARFMMB1KU,Morocco 5GB - 10 Days,13.69  $,12.99  $,5,10,Yes,Limit - Maximum Data 5GB
  Morocco,OTNWR0GRKGQZ,Morocco 5GB - 15 Days,14.44  $,13.99  $,5,15,Yes,Limit - Maximum Data 5GB
  Morocco,UMT1IJNLSQDQ,Morocco 5GB - 30 Days,15.06  $,15.99  $,5,30,Yes,Limit - Maximum Data 5GB
  Morocco,KVLR3LHK9JQM,Morocco 5GB - 5 Days,12.32  $,11.99  $,5,5,Yes,Limit - Maximum Data 5GB
  Mozambique,GRFUOIC8STWX,Mozambique 10GB - 10 Days,54.09  $,41.99  $,10,10,Yes,Limit - Maximum Data 10GB
  Mozambique,SOHJUKIL59S0,Mozambique 10GB - 15 Days,57.06  $,42.99  $,10,15,Yes,Limit - Maximum Data 10GB
  Mozambique,EUABO9J0D5F8,Mozambique 10GB - 30 Days,59.50  $,46.99  $,10,30,Yes,Limit - Maximum Data 10GB
  Mozambique,HEUGFEMQ5CGS,Mozambique 10GB - 5 Days,48.68  $,40.99  $,10,5,Yes,Limit - Maximum Data 10GB
  Mozambique,MSW0ZBFVWDVJ,Mozambique 1GB - 10 Days,8.98  $,5.99  $,1,10,Yes,Limit - Maximum Data 1GB
  Mozambique,FJZXFBYGMOVT,Mozambique 1GB - 15 Days,9.47  $,6.99  $,1,15,Yes,Limit - Maximum Data 1GB
  Mozambique,S0S5RNYQT0U9,Mozambique 1GB - 30 Days,9.88  $,8.99  $,1,30,Yes,Limit - Maximum Data 1GB
  Mozambique,ZQPJUZYFXJIM,Mozambique 1GB - 5 Days,8.08  $,4.99  $,1,5,Yes,Limit - Maximum Data 1GB
  Mozambique,PPK4L7GO37WQ,Mozambique 3GB - 10 Days,20.89  $,14.99  $,3,10,Yes,Limit - Maximum Data 3GB
  Mozambique,CZZ0HGTPDC6Q,Mozambique 3GB - 15 Days,22.04  $,14.99  $,3,15,Yes,Limit - Maximum Data 3GB
  Mozambique,LXH1HQGGH3TR,Mozambique 3GB - 30 Days,22.98  $,17.99  $,3,30,Yes,Limit - Maximum Data 3GB
  Mozambique,6EOYUHTNCJTF,Mozambique 3GB - 5 Days,18.80  $,13.99  $,3,5,Yes,Limit - Maximum Data 3GB
  Mozambique,D8BA1L2RXYEZ,Mozambique 5GB - 10 Days,31.26  $,24.99  $,5,10,Yes,Limit - Maximum Data 5GB
  Mozambique,LZIBEGPPKH6W,Mozambique 5GB - 15 Days,32.98  $,24.99  $,5,15,Yes,Limit - Maximum Data 5GB
  Mozambique,SCZUXLTUPFBJ,Mozambique 5GB - 30 Days,34.39  $,27.99  $,5,30,Yes,Limit - Maximum Data 5GB
  Mozambique,LQTIBZSSLZPN,Mozambique 5GB - 5 Days,28.13  $,23.99  $,5,5,Yes,Limit - Maximum Data 5GB
  Nauru,PUVLA7NMVAEW,Nauru 1GB - 10 Days,44.99  $,60.99  $,1,10,Yes,Limit - Maximum Data 1GB
  Nauru,B0ZEIVNLOQBZ,Nauru 1GB - 15 Days,47.47  $,61.99  $,1,15,Yes,Limit - Maximum Data 1GB
  Nauru,KSIRG17MX5Y2,Nauru 1GB - 30 Days,49.49  $,65.99  $,1,30,Yes,Limit - Maximum Data 1GB
  Nauru,6JWO8M9IJNNV,Nauru 1GB - 5 Days,40.49  $,59.99  $,1,5,Yes,Limit - Maximum Data 1GB
  Nauru,HQR3EXSEGFUO,Nauru 3GB - 10 Days,121.67  $,164.99  $,3,10,Yes,Limit - Maximum Data 3GB
  Nauru,Q3EZIFNHQPYU,Nauru 3GB - 15 Days,128.36  $,164.99  $,3,15,Yes,Limit - Maximum Data 3GB
  Nauru,OUIPKLAWYJBI,Nauru 3GB - 30 Days,133.84  $,169.99  $,3,30,Yes,Limit - Maximum Data 3GB
  Nauru,NBKWGAXQWKBJ,Nauru 3GB - 5 Days,109.50  $,164.99  $,3,5,Yes,Limit - Maximum Data 3GB
  Nauru,UXWB0LYDGGKO,Nauru 5GB - 10 Days,183.57  $,274.99  $,5,10,Yes,Limit - Maximum Data 5GB
  Nauru,XK9WGORQAQ2X,Nauru 5GB - 15 Days,193.67  $,274.99  $,5,15,Yes,Limit - Maximum Data 5GB
  Nauru,DK9IMW7BUX57,Nauru 5GB - 30 Days,201.93  $,279.99  $,5,30,Yes,Limit - Maximum Data 5GB
  Nauru,N455XHZII0MJ,Nauru 5GB - 5 Days,165.21  $,274.99  $,5,5,Yes,Limit - Maximum Data 5GB
  Nepal,ETDY74FCRFTU,Nepal 10GB - 10 Days,92.00  $,79.99  $,10,10,Yes,Limit - Maximum Data 10GB
  Nepal,4XCZLQ1OL2QO,Nepal 10GB - 15 Days,97.05  $,79.99  $,10,15,Yes,Limit - Maximum Data 10GB
  Nepal,KSXOAJLY5GJ6,Nepal 10GB - 30 Days,101.19  $,84.99  $,10,30,Yes,Limit - Maximum Data 10GB
  Nepal,CDMMMLSOHDDV,Nepal 10GB - 5 Days,82.80  $,78.99  $,10,5,Yes,Limit - Maximum Data 10GB
  Nepal,NYW3VKZJLFNH,Nepal 1GB - 10 Days,12.50  $,10.99  $,1,10,Yes,Limit - Maximum Data 1GB
  Nepal,D9Y5UUJXUI71,Nepal 1GB - 15 Days,13.18  $,11.99  $,1,15,Yes,Limit - Maximum Data 1GB
  Nepal,Y63EMMURNUE5,Nepal 1GB - 30 Days,13.74  $,13.99  $,1,30,Yes,Limit - Maximum Data 1GB
  Nepal,0JHY576DPTJK,Nepal 1GB - 5 Days,11.25  $,9.99  $,1,5,Yes,Limit - Maximum Data 1GB
  Nepal,STFXU0GVEBWR,Nepal 3GB - 10 Days,34.00  $,29.99  $,3,10,Yes,Limit - Maximum Data 3GB
  Nepal,H4LCRYTVZZML,Nepal 3GB - 15 Days,35.86  $,29.99  $,3,15,Yes,Limit - Maximum Data 3GB
  Nepal,L0BXMIOX5DHC,Nepal 3GB - 30 Days,37.39  $,32.99  $,3,30,Yes,Limit - Maximum Data 3GB
  Nepal,WKLRF4LU2GAY,Nepal 3GB - 5 Days,30.60  $,28.99  $,3,5,Yes,Limit - Maximum Data 3GB
  Nepal,UXSQQCMGQR4I,Nepal 5GB - 10 Days,50.00  $,49.99  $,5,10,Yes,Limit - Maximum Data 5GB
  Nepal,FWJHP2NB57PK,Nepal 5GB - 15 Days,52.74  $,49.99  $,5,15,Yes,Limit - Maximum Data 5GB
  Nepal,KHSF5DB7JIFO,Nepal 5GB - 30 Days,54.99  $,54.99  $,5,30,Yes,Limit - Maximum Data 5GB
  Nepal,WDTJHZFDLS0U,Nepal 5GB - 5 Days,45.00  $,48.99  $,5,5,Yes,Limit - Maximum Data 5GB
  Netherlands,ERDPSFAMWND8,Netherlands 10GB - 10 Days,6.00  $,9.99  $,10,10,Yes,Limit - Maximum Data 10GB
  Netherlands,N05AAUDMZKNS,Netherlands 10GB - 15 Days,6.32  $,9.99  $,10,15,Yes,Limit - Maximum Data 10GB
  Netherlands,8EGLXIUF7T00,Netherlands 10GB - 30 Days,6.59  $,12.99  $,10,30,Yes,Limit - Maximum Data 10GB
  Netherlands,UD9M0IBKTITD,Netherlands 10GB - 5 Days,5.40  $,8.99  $,10,5,Yes,Limit - Maximum Data 10GB
  Netherlands,YC9GWF6UUSER,Netherlands 1GB - 10 Days,2.00  $,3.99  $,1,10,Yes,Limit - Maximum Data 1GB
  Netherlands,EBTIOIMG47T8,Netherlands 1GB - 15 Days,2.11  $,4.99  $,1,15,Yes,Limit - Maximum Data 1GB
  Netherlands,YJMI69XFUSRZ,Netherlands 1GB - 30 Days,2.20  $,6.99  $,1,30,Yes,Limit - Maximum Data 1GB
  Netherlands,BMI6IBXHVTJM,Netherlands 1GB - 5 Days,1.80  $,2.99  $,1,5,Yes,Limit - Maximum Data 1GB
  Netherlands,GNAZFEFIYOBS,Netherlands 20GB - 10 Days,9.17  $,18.99  $,20,10,Yes,Limit - Maximum Data 20GB
  Netherlands,01HBID3DPYSW,Netherlands 20GB - 15 Days,9.67  $,19.99  $,20,15,Yes,Limit - Maximum Data 20GB
  Netherlands,9EJXZ4HQ1QNS,Netherlands 20GB - 30 Days,10.09  $,21.99  $,20,30,Yes,Limit - Maximum Data 20GB
  Netherlands,Y51C0MEAVZTX,Netherlands 20GB - 5 Days,8.25  $,17.99  $,20,5,Yes,Limit - Maximum Data 20GB
  Netherlands,VZRVD67ISNI4,Netherlands 3GB - 10 Days,3.00  $,7.99  $,3,10,Yes,Limit - Maximum Data 3GB
  Netherlands,UL5T62LYD3KZ,Netherlands 3GB - 15 Days,3.16  $,8.99  $,3,15,Yes,Limit - Maximum Data 3GB
  Netherlands,BAZSH9YKVHQW,Netherlands 3GB - 30 Days,3.29  $,9.99  $,3,30,Yes,Limit - Maximum Data 3GB
  Netherlands,JPTKMR8WHSRR,Netherlands 3GB - 5 Days,2.70  $,7.99  $,3,5,Yes,Limit - Maximum Data 3GB
  Netherlands,HXDRQB6JLTLG,Netherlands 5GB - 10 Days,4.00  $,5.99  $,5,10,Yes,Limit - Maximum Data 5GB
  Netherlands,2AKRYQZ8H5BU,Netherlands 5GB - 15 Days,4.21  $,6.99  $,5,15,Yes,Limit - Maximum Data 5GB
  Netherlands,COAL0PZIQZKN,Netherlands 5GB - 30 Days,4.39  $,8.99  $,5,30,Yes,Limit - Maximum Data 5GB
  Netherlands,9JHLVS8A3RFL,Netherlands 5GB - 5 Days,3.60  $,4.99  $,5,5,Yes,Limit - Maximum Data 5GB
  Netherlands Antilles,MITSJPGFWD8P,Netherlands Antilles 10GB - 10 Days,27.93  $,41.99  $,10,10,Yes,Limit - Maximum Data 10GB
  Netherlands Antilles,AX95QAOSLUQD,Netherlands Antilles 10GB - 15 Days,29.47  $,42.99  $,10,15,Yes,Limit - Maximum Data 10GB
  Netherlands Antilles,MZZCX8GAKWNK,Netherlands Antilles 10GB - 30 Days,30.72  $,46.99  $,10,30,Yes,Limit - Maximum Data 10GB
  Netherlands Antilles,ZP8WVK0OXEUB,Netherlands Antilles 10GB - 5 Days,25.14  $,40.99  $,10,5,Yes,Limit - Maximum Data 10GB
  Netherlands Antilles,E1DE0RBFWCUE,Netherlands Antilles 1GB - 10 Days,4.89  $,5.99  $,1,10,Yes,Limit - Maximum Data 1GB
  Netherlands Antilles,0FXJNT0DHK75,Netherlands Antilles 1GB - 15 Days,5.16  $,6.99  $,1,15,Yes,Limit - Maximum Data 1GB
  Netherlands Antilles,J8JCVE2WD1TL,Netherlands Antilles 1GB - 30 Days,5.38  $,8.99  $,1,30,Yes,Limit - Maximum Data 1GB
  Netherlands Antilles,RFT1IDJAUOL0,Netherlands Antilles 1GB - 5 Days,4.40  $,4.99  $,1,5,Yes,Limit - Maximum Data 1GB
  Netherlands Antilles,EUWVTJADLP85,Netherlands Antilles 3GB - 10 Days,10.95  $,14.99  $,3,10,Yes,Limit - Maximum Data 3GB
  Netherlands Antilles,WJXV4AG4USGB,Netherlands Antilles 3GB - 15 Days,11.55  $,14.99  $,3,15,Yes,Limit - Maximum Data 3GB
  Netherlands Antilles,CAPDHJUT1N37,Netherlands Antilles 3GB - 30 Days,12.05  $,17.99  $,3,30,Yes,Limit - Maximum Data 3GB
  Netherlands Antilles,EVODTSPCI2MQ,Netherlands Antilles 3GB - 5 Days,9.86  $,13.99  $,3,5,Yes,Limit - Maximum Data 3GB
  Netherlands Antilles,SNXIUMNUYZ3T,Netherlands Antilles 5GB - 10 Days,16.25  $,24.99  $,5,10,Yes,Limit - Maximum Data 5GB
  Netherlands Antilles,INDKCH8CBMMB,Netherlands Antilles 5GB - 15 Days,17.14  $,24.99  $,5,15,Yes,Limit - Maximum Data 5GB
  Netherlands Antilles,XE15LH7W429U,Netherlands Antilles 5GB - 30 Days,17.88  $,27.99  $,5,30,Yes,Limit - Maximum Data 5GB
  Netherlands Antilles,HYADZOQIS4AH,Netherlands Antilles 5GB - 5 Days,14.63  $,23.99  $,5,5,Yes,Limit - Maximum Data 5GB
  Netherlands,8QFBBD1K6ZIO,Netherlands Unlimited LITE - 10 Days,14.49  $,24.99  $,Unlimited,10,Yes,"Daily - 2GB per Day, then 1Mbps"
  Netherlands,BAIXTFP7JIAC,Netherlands Unlimited LITE - 15 Days,19.13  $,32.99  $,Unlimited,15,Yes,"Daily - 2GB per Day, then 1Mbps"
  Netherlands,7LHOPNFNNLBC,Netherlands Unlimited LITE - 30 Days,36.89  $,40.99  $,Unlimited,30,Yes,"Daily - 2GB per Day, then 1Mbps"
  Netherlands,HZ0IFJ9H7T5J,Netherlands Unlimited LITE - 5 Days,9.85  $,16.99  $,Unlimited,5,Yes,"Daily - 2GB per Day, then 1Mbps"
  Netherlands,TZFPSPXKIVRE,Netherlands Unlimited MAX - 10 Days,21.40  $,29.99  $,Unlimited,10,Yes,"Daily - 5GB per Day, then 1Mbps"
  Netherlands,EMM4BQWGZKE9,Netherlands Unlimited MAX - 15 Days,25.57  $,49.99  $,Unlimited,15,Yes,"Daily - 5GB per Day, then 1Mbps"
  Netherlands,7SNLQMBHG0FO,Netherlands Unlimited MAX - 30 Days,51.29  $,59.99  $,Unlimited,30,Yes,"Daily - 5GB per Day, then 1Mbps"
  Netherlands,KVXZ27HLQC5B,Netherlands Unlimited MAX - 5 Days,13.04  $,24.99  $,Unlimited,5,Yes,"Daily - 5GB per Day, then 1Mbps"
  Netherlands,C6FZHHEXNOWT,Netherlands Unlimited STANDARD - 10 Days,14.49  $,24.99  $,Unlimited,10,Yes,"Daily - 3GB per Day, then 1Mbps"
  Netherlands,0NZ4A2J8OD8V,Netherlands Unlimited STANDARD - 15 Days,24.10  $,39.99  $,Unlimited,15,Yes,"Daily - 3GB per Day, then 1Mbps"
  Netherlands,NLHFZTW2QUXJ,Netherlands Unlimited STANDARD - 30 Days,32.16  $,49.99  $,Unlimited,30,Yes,"Daily - 3GB per Day, then 1Mbps"
  Netherlands,LQFEN4FA4AR6,Netherlands Unlimited STANDARD - 5 Days,9.85  $,14.99  $,Unlimited,5,Yes,"Daily - 3GB per Day, then 1Mbps"
  New Zealand,W3HYIMJBW60L,New Zealand 10GB - 10 Days,9.39  $,13.99  $,10,10,Yes,Limit - Maximum Data 10GB
  New Zealand,8W2QEC4W70UV,New Zealand 10GB - 15 Days,9.91  $,14.99  $,10,15,Yes,Limit - Maximum Data 10GB
  New Zealand,8JZVPRKMCNHU,New Zealand 10GB - 30 Days,10.33  $,16.99  $,10,30,Yes,Limit - Maximum Data 10GB
  New Zealand,XBMNK0P0DTKF,New Zealand 10GB - 5 Days,8.45  $,12.99  $,10,5,Yes,Limit - Maximum Data 10GB
  New Zealand,UQJUMNXBCMZ4,New Zealand 1GB - 10 Days,2.05  $,4.99  $,1,10,Yes,Limit - Maximum Data 1GB
  New Zealand,MH7AE2TWZZGW,New Zealand 1GB - 15 Days,2.16  $,4.99  $,1,15,Yes,Limit - Maximum Data 1GB
  New Zealand,F2P9HRY7JLKT,New Zealand 1GB - 30 Days,2.26  $,7.99  $,1,30,Yes,Limit - Maximum Data 1GB
  New Zealand,UZZTTEO0WREF,New Zealand 1GB - 5 Days,1.85  $,3.99  $,1,5,Yes,Limit - Maximum Data 1GB
  New Zealand,IOG8OKGKVTWA,New Zealand 20GB - 10 Days,15.76  $,24.99  $,20,10,Yes,Limit - Maximum Data 20GB
  New Zealand,MCU0KZ8KSYGZ,New Zealand 20GB - 15 Days,16.63  $,24.99  $,20,15,Yes,Limit - Maximum Data 20GB
  New Zealand,ITBEQFMG98TJ,New Zealand 20GB - 30 Days,17.34  $,27.99  $,20,30,Yes,Limit - Maximum Data 20GB
  New Zealand,YHALHYRSWEDA,New Zealand 20GB - 5 Days,14.18  $,23.99  $,20,5,Yes,Limit - Maximum Data 20GB
  New Zealand,Y26CQUWTPRXI,New Zealand 3GB - 10 Days,4.00  $,5.99  $,3,10,Yes,Limit - Maximum Data 3GB
  New Zealand,EC57OZDQNXTG,New Zealand 3GB - 15 Days,4.21  $,6.99  $,3,15,Yes,Limit - Maximum Data 3GB
  New Zealand,J1RATE7F1AIX,New Zealand 3GB - 30 Days,4.39  $,8.99  $,3,30,Yes,Limit - Maximum Data 3GB
  New Zealand,GLA6DFO9SNWX,New Zealand 3GB - 5 Days,3.60  $,4.99  $,3,5,Yes,Limit - Maximum Data 3GB
  New Zealand,PQOHL5BGJ8P4,New Zealand 5GB - 10 Days,5.50  $,6.99  $,5,10,Yes,Limit - Maximum Data 5GB
  New Zealand,MSTYNTLIDQXZ,New Zealand 5GB - 15 Days,5.80  $,7.99  $,5,15,Yes,Limit - Maximum Data 5GB
  New Zealand,BXU6Q2LEWACX,New Zealand 5GB - 30 Days,6.04  $,9.99  $,5,30,Yes,Limit - Maximum Data 5GB
  New Zealand,PSP4QBMFXH3W,New Zealand 5GB - 5 Days,4.95  $,5.99  $,5,5,Yes,Limit - Maximum Data 5GB
  New Zealand,OFLVOI0K3JTM,New Zealand Unlimited LITE - 10 Days,16.24  $,24.99  $,Unlimited,10,Yes,"Daily - 2GB per Day, then 1Mbps"
  New Zealand,EAUDPNUKWTRC,New Zealand Unlimited LITE - 15 Days,25.44  $,36.99  $,Unlimited,15,Yes,"Daily - 2GB per Day, then 1Mbps"
  New Zealand,1LWE2AR4JVRC,New Zealand Unlimited LITE - 30 Days,43.30  $,48.99  $,Unlimited,30,Yes,"Daily - 2GB per Day, then 1Mbps"
  New Zealand,LCBBMCNTVESL,New Zealand Unlimited LITE - 5 Days,9.85  $,16.99  $,Unlimited,5,Yes,"Daily - 2GB per Day, then 1Mbps"
  New Zealand,MCSYDQDJEX63,New Zealand Unlimited MAX - 10 Days,24.01  $,29.99  $,Unlimited,10,Yes,"Daily - 5GB per Day, then 1Mbps"
  New Zealand,NZXTR7HTU5WT,New Zealand Unlimited MAX - 15 Days,36.01  $,49.99  $,Unlimited,15,Yes,"Daily - 5GB per Day, then 1Mbps"
  New Zealand,N9H01XCTLPQA,New Zealand Unlimited MAX - 30 Days,52.18  $,59.99  $,Unlimited,30,Yes,"Daily - 5GB per Day, then 1Mbps"
  New Zealand,JNQQLIYRICUK,New Zealand Unlimited MAX - 5 Days,15.65  $,24.99  $,Unlimited,5,Yes,"Daily - 5GB per Day, then 1Mbps"
  New Zealand,Z0R9HX0O2A3F,New Zealand Unlimited STANDARD - 10 Days,14.60  $,24.99  $,Unlimited,10,Yes,"Daily - 3GB per Day, then 1Mbps"
  New Zealand,2ULKUBJJRLMC,New Zealand Unlimited STANDARD - 15 Days,25.42  $,39.99  $,Unlimited,15,Yes,"Daily - 3GB per Day, then 1Mbps"
  New Zealand,D2KPZG0SK2T5,New Zealand Unlimited STANDARD - 30 Days,44.19  $,49.99  $,Unlimited,30,Yes,"Daily - 3GB per Day, then 1Mbps"
  New Zealand,Y57ILMJC6DUL,New Zealand Unlimited STANDARD - 5 Days,9.85  $,14.99  $,Unlimited,5,Yes,"Daily - 3GB per Day, then 1Mbps"
  Nicaragua,IEBQVPA3DYE8,Nicaragua 10GB - 10 Days,23.08  $,41.99  $,10,10,Yes,Limit - Maximum Data 10GB
  Nicaragua,QUA8QIBKEDPC,Nicaragua 10GB - 15 Days,24.35  $,42.99  $,10,15,Yes,Limit - Maximum Data 10GB
  Nicaragua,N34NMDW0SPOK,Nicaragua 10GB - 30 Days,25.39  $,46.99  $,10,30,Yes,Limit - Maximum Data 10GB
  Nicaragua,P1XINDMAW3HI,Nicaragua 10GB - 5 Days,20.77  $,40.99  $,10,5,Yes,Limit - Maximum Data 10GB
  Nicaragua,5FKZXCEZQYC8,Nicaragua 1GB - 10 Days,4.13  $,5.99  $,1,10,Yes,Limit - Maximum Data 1GB
  Nicaragua,II3UNNEZNA79,Nicaragua 1GB - 15 Days,4.36  $,6.99  $,1,15,Yes,Limit - Maximum Data 1GB
  Nicaragua,TYDWH1CTORTZ,Nicaragua 1GB - 30 Days,4.54  $,8.99  $,1,30,Yes,Limit - Maximum Data 1GB
  Nicaragua,5BDY9KRESPAJ,Nicaragua 1GB - 5 Days,3.72  $,4.99  $,1,5,Yes,Limit - Maximum Data 1GB
  Nicaragua,F1C9PQ60KEIG,Nicaragua 20GB - 10 Days,34.74  $,61.99  $,20,10,Yes,Limit - Maximum Data 20GB
  Nicaragua,P2QVWQXRWGIJ,Nicaragua 20GB - 15 Days,36.65  $,62.99  $,20,15,Yes,Limit - Maximum Data 20GB
  Nicaragua,JMQTFAA5RPLU,Nicaragua 20GB - 30 Days,38.21  $,66.99  $,20,30,Yes,Limit - Maximum Data 20GB
  Nicaragua,PKROKKIJTOV3,Nicaragua 20GB - 5 Days,31.27  $,60.99  $,20,5,Yes,Limit - Maximum Data 20GB
  Nicaragua,JVAMWAAW2TSC,Nicaragua 3GB - 10 Days,9.11  $,14.99  $,3,10,Yes,Limit - Maximum Data 3GB
  Nicaragua,WSGIZAVQMQSG,Nicaragua 3GB - 15 Days,9.61  $,14.99  $,3,15,Yes,Limit - Maximum Data 3GB
  Nicaragua,HVMX3BEPSRUX,Nicaragua 3GB - 30 Days,10.02  $,17.99  $,3,30,Yes,Limit - Maximum Data 3GB
  Nicaragua,ESKYW8DVLJOI,Nicaragua 3GB - 5 Days,8.20  $,13.99  $,3,5,Yes,Limit - Maximum Data 3GB
  Nicaragua,SGBHERQPSJHX,Nicaragua 5GB - 10 Days,13.47  $,24.99  $,5,10,Yes,Limit - Maximum Data 5GB
  Nicaragua,VKFFEN2FQB9U,Nicaragua 5GB - 15 Days,14.21  $,24.99  $,5,15,Yes,Limit - Maximum Data 5GB
  Nicaragua,EZ0S0L1AFHGW,Nicaragua 5GB - 30 Days,14.82  $,27.99  $,5,30,Yes,Limit - Maximum Data 5GB
  Nicaragua,LQ9YJSGSGA7Y,Nicaragua 5GB - 5 Days,12.12  $,23.99  $,5,5,Yes,Limit - Maximum Data 5GB
  Nicaragua,UM10FTHQNBGO,Nicaragua Unlimited MAX - 10 Days,62.99  $,59.99  $,Unlimited,10,Yes,"Daily - 5GB per Day, then 1Mbps"
  Nicaragua,PWGUACRNSP19,Nicaragua Unlimited MAX - 15 Days,80.99  $,89.99  $,Unlimited,15,Yes,"Daily - 5GB per Day, then 1Mbps"
  Nicaragua,HEKYKIXQ8CCD,Nicaragua Unlimited MAX - 30 Days,107.99  $,109.99  $,Unlimited,30,Yes,"Daily - 5GB per Day, then 1Mbps"
  Nicaragua,YKVKG6ZA7LVJ,Nicaragua Unlimited MAX - 5 Days,34.14  $,29.99  $,Unlimited,5,Yes,"Daily - 5GB per Day, then 1Mbps"
  Nicaragua,E9XUMSHA5QJF,Nicaragua Unlimited STANDARD - 10 Days,48.99  $,54.99  $,Unlimited,10,Yes,"Daily - 3GB per Day, then 1Mbps"
  Nicaragua,MSLXO62YCATU,Nicaragua Unlimited STANDARD - 15 Days,71.99  $,79.99  $,Unlimited,15,Yes,"Daily - 3GB per Day, then 1Mbps"
  Nicaragua,DZPDXMUNXAOT,Nicaragua Unlimited STANDARD - 30 Days,89.99  $,99.99  $,Unlimited,30,Yes,"Daily - 3GB per Day, then 1Mbps"
  Nicaragua,KOEWYLU5DK4O,Nicaragua Unlimited STANDARD - 5 Days,25.98  $,24.99  $,Unlimited,5,Yes,"Daily - 3GB per Day, then 1Mbps"
  Niger,TKPFIQY9GHPJ,Niger 1GB - 10 Days,53.99  $,5.99  $,1,10,Yes,Limit - Maximum Data 1GB
  Niger,INEBYHHYEMAM,Niger 1GB - 15 Days,56.96  $,6.99  $,1,15,Yes,Limit - Maximum Data 1GB
  Niger,CSNL5UE70H0O,Niger 1GB - 30 Days,59.39  $,8.99  $,1,30,Yes,Limit - Maximum Data 1GB
  Niger,W57EMJWMB0OZ,Niger 1GB - 5 Days,48.59  $,4.99  $,1,5,Yes,Limit - Maximum Data 1GB
  Niger,QETZXDJ5WKCA,Niger 3GB - 10 Days,142.02  $,14.99  $,3,10,Yes,Limit - Maximum Data 3GB
  Niger,JIFDPCKD1OOX,Niger 3GB - 15 Days,149.83  $,14.99  $,3,15,Yes,Limit - Maximum Data 3GB
  Niger,2DBY8BNAJ7VX,Niger 3GB - 30 Days,156.22  $,17.99  $,3,30,Yes,Limit - Maximum Data 3GB
  Niger,2FIE0IQGNXDS,Niger 3GB - 5 Days,127.82  $,13.99  $,3,5,Yes,Limit - Maximum Data 3GB
  Niger,LYGBDQKFVUHY,Niger 5GB - 10 Days,214.33  $,24.99  $,5,10,Yes,Limit - Maximum Data 5GB
  Niger,BXEZASWHYNIX,Niger 5GB - 15 Days,226.12  $,24.99  $,5,15,Yes,Limit - Maximum Data 5GB
  Niger,GLAVWBRWKNQC,Niger 5GB - 30 Days,235.76  $,27.99  $,5,30,Yes,Limit - Maximum Data 5GB
  Niger,6RCITFD0PZUB,Niger 5GB - 5 Days,192.90  $,23.99  $,5,5,Yes,Limit - Maximum Data 5GB
  Nigeria,JRP5EY81EKZY,Nigeria 10GB - 10 Days,31.76  $,41.99  $,10,10,Yes,Limit - Maximum Data 10GB
  Nigeria,JJBLIMO1HZTQ,Nigeria 10GB - 15 Days,33.51  $,42.99  $,10,15,Yes,Limit - Maximum Data 10GB
  Nigeria,ILTNDZLI4CR3,Nigeria 10GB - 30 Days,34.94  $,46.99  $,10,30,Yes,Limit - Maximum Data 10GB
  Nigeria,GW2TKR3V0LHB,Nigeria 10GB - 5 Days,28.58  $,40.99  $,10,5,Yes,Limit - Maximum Data 10GB
  Nigeria,VY4HLV5GZJUO,Nigeria 1GB - 10 Days,5.49  $,5.99  $,1,10,Yes,Limit - Maximum Data 1GB
  Nigeria,HTBYPJGFE5F9,Nigeria 1GB - 15 Days,5.79  $,6.99  $,1,15,Yes,Limit - Maximum Data 1GB
  Nigeria,UMGR6HI9RDD3,Nigeria 1GB - 30 Days,6.04  $,8.99  $,1,30,Yes,Limit - Maximum Data 1GB
  Nigeria,OLFPRQGVB1WJ,Nigeria 1GB - 5 Days,4.94  $,4.99  $,1,5,Yes,Limit - Maximum Data 1GB
  Nigeria,0MVPXKI214OQ,Nigeria 20GB - 10 Days,47.91  $,61.99  $,20,10,Yes,Limit - Maximum Data 20GB
  Nigeria,FZHI1XABMOHM,Nigeria 20GB - 15 Days,50.55  $,62.99  $,20,15,Yes,Limit - Maximum Data 20GB
  Nigeria,WKCNSPIED9IE,Nigeria 20GB - 30 Days,52.70  $,66.99  $,20,30,Yes,Limit - Maximum Data 20GB
  Nigeria,9PFOEOZDYT3F,Nigeria 20GB - 5 Days,43.12  $,60.99  $,20,5,Yes,Limit - Maximum Data 20GB
  Nigeria,0EGCXWSPWBZ4,Nigeria 3GB - 10 Days,12.41  $,14.99  $,3,10,Yes,Limit - Maximum Data 3GB
  Nigeria,OGMCFN2KLXVV,Nigeria 3GB - 15 Days,13.09  $,14.99  $,3,15,Yes,Limit - Maximum Data 3GB
  Nigeria,9CAMGLJ80LYZ,Nigeria 3GB - 30 Days,13.65  $,17.99  $,3,30,Yes,Limit - Maximum Data 3GB
  Nigeria,SO7O4SKRNSQR,Nigeria 3GB - 5 Days,11.17  $,13.99  $,3,5,Yes,Limit - Maximum Data 3GB
  Nigeria,KTY1ROY4EZVF,Nigeria 5GB - 10 Days,18.45  $,24.99  $,5,10,Yes,Limit - Maximum Data 5GB
  Nigeria,DBABI5YNWHSP,Nigeria 5GB - 15 Days,19.46  $,24.99  $,5,15,Yes,Limit - Maximum Data 5GB
  Nigeria,WUBBSV0NQL6H,Nigeria 5GB - 30 Days,20.30  $,27.99  $,5,30,Yes,Limit - Maximum Data 5GB
  Nigeria,VWMBV2JGL0BX,Nigeria 5GB - 5 Days,16.61  $,23.99  $,5,5,Yes,Limit - Maximum Data 5GB
  Saipan (CNMI),SRYHQETINYDA,Northern Mariana Islands 10GB - 10 Days,114.49  $,114.99  $,10,10,Yes,Limit - Maximum Data 10GB
  Saipan (CNMI),VSXASZDYJVWF,Northern Mariana Islands 10GB - 15 Days,120.79  $,119.99  $,10,15,Yes,Limit - Maximum Data 10GB
  Saipan (CNMI),UZGAN74MGXJY,Northern Mariana Islands 10GB - 30 Days,125.94  $,119.99  $,10,30,Yes,Limit - Maximum Data 10GB
  Saipan (CNMI),KFTUNK64W8HT,Northern Mariana Islands 10GB - 5 Days,103.05  $,114.99  $,10,5,Yes,Limit - Maximum Data 10GB
  Saipan (CNMI),YUKXXABJCV52,Northern Mariana Islands 1GB - 10 Days,16.00  $,15.99  $,1,10,Yes,Limit - Maximum Data 1GB
  Saipan (CNMI),TL1PUSEYDQN0,Northern Mariana Islands 1GB - 15 Days,16.87  $,16.99  $,1,15,Yes,Limit - Maximum Data 1GB
  Saipan (CNMI),SRZIV4FTQD7Y,Northern Mariana Islands 1GB - 30 Days,17.59  $,18.99  $,1,30,Yes,Limit - Maximum Data 1GB
  Saipan (CNMI),UZOHLYMXNMQM,Northern Mariana Islands 1GB - 5 Days,14.40  $,14.99  $,1,5,Yes,Limit - Maximum Data 1GB
  Saipan (CNMI),5XX6V2JOMARP,Northern Mariana Islands 3GB - 10 Days,42.50  $,43.99  $,3,10,Yes,Limit - Maximum Data 3GB
  Saipan (CNMI),QYUEZRXB9T7M,Northern Mariana Islands 3GB - 15 Days,44.83  $,44.99  $,3,15,Yes,Limit - Maximum Data 3GB
  Saipan (CNMI),LZP9EFCJ04TR,Northern Mariana Islands 3GB - 30 Days,46.74  $,48.99  $,3,30,Yes,Limit - Maximum Data 3GB
  Saipan (CNMI),2VCKMWQZMQ1P,Northern Mariana Islands 3GB - 5 Days,38.25  $,42.99  $,3,5,Yes,Limit - Maximum Data 3GB
  Saipan (CNMI),LKH9GKAHVUUS,Northern Mariana Islands 5GB - 10 Days,62.00  $,71.99  $,5,10,Yes,Limit - Maximum Data 5GB
  Saipan (CNMI),HVT5SPEMR7ZB,Northern Mariana Islands 5GB - 15 Days,65.40  $,72.99  $,5,15,Yes,Limit - Maximum Data 5GB
  Saipan (CNMI),80EIG96MZYTE,Northern Mariana Islands 5GB - 30 Days,68.19  $,76.99  $,5,30,Yes,Limit - Maximum Data 5GB
  Saipan (CNMI),PUDYRZUWN9B8,Northern Mariana Islands 5GB - 5 Days,55.80  $,70.99  $,5,5,Yes,Limit - Maximum Data 5GB
  Norway,IGRJBPZ31U97,Norway 10GB - 10 Days,8.22  $,9.99  $,10,10,Yes,Limit - Maximum Data 10GB
  Norway,CVYTTNOT4AU2,Norway 10GB - 15 Days,8.67  $,9.99  $,10,15,Yes,Limit - Maximum Data 10GB
  Norway,1DYOWEGLP8DQ,Norway 10GB - 30 Days,9.04  $,12.99  $,10,30,Yes,Limit - Maximum Data 10GB
  Norway,UDBMFLRT8C9X,Norway 10GB - 5 Days,7.40  $,8.99  $,10,5,Yes,Limit - Maximum Data 10GB
  Norway,R3O4KNWQXA2A,Norway 1GB - 10 Days,2.00  $,3.99  $,1,10,Yes,Limit - Maximum Data 1GB
  Norway,RG9SX0K8ZUYS,Norway 1GB - 15 Days,2.11  $,4.99  $,1,15,Yes,Limit - Maximum Data 1GB
  Norway,IUAUTEKW9SXC,Norway 1GB - 30 Days,2.20  $,6.99  $,1,30,Yes,Limit - Maximum Data 1GB
  Norway,RLXAVNZWBRYP,Norway 1GB - 5 Days,1.80  $,2.99  $,1,5,Yes,Limit - Maximum Data 1GB
  Norway,VUHLJTSJGHGD,Norway 20GB - 10 Days,13.97  $,18.99  $,20,10,Yes,Limit - Maximum Data 20GB
  Norway,IT2QMEURPQCB,Norway 20GB - 15 Days,14.74  $,19.99  $,20,15,Yes,Limit - Maximum Data 20GB
  Norway,NVMEGO7R4NOS,Norway 20GB - 30 Days,15.37  $,21.99  $,20,30,Yes,Limit - Maximum Data 20GB
  Norway,AQL4IPMB2TNU,Norway 20GB - 5 Days,12.57  $,17.99  $,20,5,Yes,Limit - Maximum Data 20GB
  Norway,FXHCDZG3UADA,Norway 3GB - 10 Days,3.13  $,7.99  $,3,10,Yes,Limit - Maximum Data 3GB
  Norway,WZHOWQ9MVRRU,Norway 3GB - 15 Days,3.30  $,8.99  $,3,15,Yes,Limit - Maximum Data 3GB
  Norway,VIWBFZ86E1DN,Norway 3GB - 30 Days,3.44  $,9.99  $,3,30,Yes,Limit - Maximum Data 3GB
  Norway,EORCDXM3H8JY,Norway 3GB - 5 Days,2.82  $,7.99  $,3,5,Yes,Limit - Maximum Data 3GB
  Norway,NXZZ15MKXJDO,Norway 5GB - 10 Days,4.52  $,5.99  $,5,10,Yes,Limit - Maximum Data 5GB
  Norway,XQ7GTHCAEGSU,Norway 5GB - 15 Days,4.77  $,6.99  $,5,15,Yes,Limit - Maximum Data 5GB
  Norway,KMAE4M6PHWIG,Norway 5GB - 30 Days,4.97  $,8.99  $,5,30,Yes,Limit - Maximum Data 5GB
  Norway,20LBQS0TJDXX,Norway 5GB - 5 Days,4.07  $,4.99  $,5,5,Yes,Limit - Maximum Data 5GB
  Norway,8XRM2FGWHSDW,Norway Unlimited LITE - 10 Days,17.75  $,24.99  $,Unlimited,10,Yes,"Daily - 2GB per Day, then 1Mbps"
  Norway,ZA8NRLFWH0MD,Norway Unlimited LITE - 15 Days,25.25  $,32.99  $,Unlimited,15,Yes,"Daily - 2GB per Day, then 1Mbps"
  Norway,QRIY0KV2SENP,Norway Unlimited LITE - 30 Days,36.89  $,40.99  $,Unlimited,30,Yes,"Daily - 2GB per Day, then 1Mbps"
  Norway,RBUDKKNDL9MM,Norway Unlimited LITE - 5 Days,9.85  $,16.99  $,Unlimited,5,Yes,"Daily - 2GB per Day, then 1Mbps"
  Norway,O8SP52C1E9OF,Norway Unlimited MAX - 10 Days,38.69  $,39.99  $,Unlimited,10,Yes,"Daily - 5GB per Day, then 1Mbps"
  Norway,W0XSKECZU7L7,Norway Unlimited MAX - 15 Days,47.69  $,54.99  $,Unlimited,15,Yes,"Daily - 5GB per Day, then 1Mbps"
  Norway,FECTQSUGL5LO,Norway Unlimited MAX - 30 Days,58.49  $,69.99  $,Unlimited,30,Yes,"Daily - 5GB per Day, then 1Mbps"
  Norway,PLI3S1RZPFEZ,Norway Unlimited MAX - 5 Days,14.90  $,24.99  $,Unlimited,5,Yes,"Daily - 5GB per Day, then 1Mbps"
  Norway,HC1885SDSMDJ,Norway Unlimited STANDARD - 10 Days,21.98  $,29.99  $,Unlimited,10,Yes,"Daily - 3GB per Day, then 1Mbps"
  Norway,XCKCA3EVBZCG,Norway Unlimited STANDARD - 15 Days,19.13  $,39.99  $,Unlimited,15,Yes,"Daily - 3GB per Day, then 1Mbps"
  Norway,REXMWUHBX05J,Norway Unlimited STANDARD - 30 Days,36.89  $,49.99  $,Unlimited,30,Yes,"Daily - 3GB per Day, then 1Mbps"
  Norway,HIAGDM1BOURH,Norway Unlimited STANDARD - 5 Days,9.85  $,17.99  $,Unlimited,5,Yes,"Daily - 3GB per Day, then 1Mbps"
  Oman,E82AWOGQPXFO,Oman 10GB - 10 Days,15.80  $,15.99  $,10,10,Yes,Limit - Maximum Data 10GB
  Oman,BOYWHYZFO1OM,Oman 10GB - 15 Days,16.67  $,16.99  $,10,15,Yes,Limit - Maximum Data 10GB
  Oman,9WHVRYF0GMKJ,Oman 10GB - 30 Days,17.38  $,18.99  $,10,30,Yes,Limit - Maximum Data 10GB
  Oman,T8PC58VXRMH5,Oman 10GB - 5 Days,14.22  $,14.99  $,10,5,Yes,Limit - Maximum Data 10GB
  Oman,T19RMOYGSKBA,Oman 1GB - 10 Days,3.06  $,4.99  $,1,10,Yes,Limit - Maximum Data 1GB
  Oman,WSNYYBTGEG93,Oman 1GB - 15 Days,3.23  $,4.99  $,1,15,Yes,Limit - Maximum Data 1GB
  Oman,DHDQU7RZ0HLM,Oman 1GB - 30 Days,3.37  $,7.99  $,1,30,Yes,Limit - Maximum Data 1GB
  Oman,EDUNXS1TDJ2P,Oman 1GB - 5 Days,2.75  $,3.99  $,1,5,Yes,Limit - Maximum Data 1GB
  Oman,R63OAWGZ3L7V,Oman 20GB - 10 Days,23.70  $,25.99  $,20,10,Yes,Limit - Maximum Data 20GB
  Oman,DWO26NPBMOKZ,Oman 20GB - 15 Days,25.00  $,26.99  $,20,15,Yes,Limit - Maximum Data 20GB
  Oman,LUYJFOYI6MVS,Oman 20GB - 30 Days,26.07  $,28.99  $,20,30,Yes,Limit - Maximum Data 20GB
  Oman,EKBIMDW3DFC8,Oman 20GB - 5 Days,21.33  $,24.99  $,20,5,Yes,Limit - Maximum Data 20GB
  Oman,3X5GCDHSB6JY,Oman 3GB - 10 Days,6.36  $,13.99  $,3,10,Yes,Limit - Maximum Data 3GB
  Oman,JZTKO0VWLZDR,Oman 3GB - 15 Days,6.71  $,14.99  $,3,15,Yes,Limit - Maximum Data 3GB
  Oman,60LPDXW75IF8,Oman 3GB - 30 Days,7.00  $,14.99  $,3,30,Yes,Limit - Maximum Data 3GB
  Oman,OLZYJKXH0YRV,Oman 3GB - 5 Days,5.72  $,11.99  $,3,5,Yes,Limit - Maximum Data 3GB
  Oman,DYGFZTH4VLNE,Oman 5GB - 10 Days,9.29  $,8.99  $,5,10,Yes,Limit - Maximum Data 5GB
  Oman,GHKPJZSFF107,Oman 5GB - 15 Days,9.80  $,9.99  $,5,15,Yes,Limit - Maximum Data 5GB
  Oman,F3Q8ILJGEIMK,Oman 5GB - 30 Days,10.22  $,11.99  $,5,30,Yes,Limit - Maximum Data 5GB
  Oman,E1CQMCZCGEFD,Oman 5GB - 5 Days,8.36  $,7.99  $,5,5,Yes,Limit - Maximum Data 5GB
  Pakistan,VLDE2GVI0ATC,Pakistan 10GB - 10 Days,6.00  $,13.99  $,10,10,Yes,Limit - Maximum Data 10GB
  Pakistan,6QDD3N8IMNPE,Pakistan 10GB - 15 Days,6.32  $,14.99  $,10,15,Yes,Limit - Maximum Data 10GB
  Pakistan,G7W9OQVFPDRW,Pakistan 10GB - 30 Days,6.59  $,16.99  $,10,30,Yes,Limit - Maximum Data 10GB
  Pakistan,SVBTN7DFLVJ6,Pakistan 10GB - 5 Days,5.40  $,12.99  $,10,5,Yes,Limit - Maximum Data 10GB
  Pakistan,XANNGG0ZDV1B,Pakistan 1GB - 10 Days,2.00  $,4.99  $,1,10,Yes,Limit - Maximum Data 1GB
  Pakistan,LDC90RJNSTBP,Pakistan 1GB - 15 Days,2.11  $,4.99  $,1,15,Yes,Limit - Maximum Data 1GB
  Pakistan,WCLDKM9KASAX,Pakistan 1GB - 30 Days,2.20  $,7.99  $,1,30,Yes,Limit - Maximum Data 1GB
  Pakistan,ASBXOEPIDL59,Pakistan 1GB - 5 Days,1.80  $,3.99  $,1,5,Yes,Limit - Maximum Data 1GB
  Pakistan,0VFCYLRP6FI0,Pakistan 20GB - 10 Days,10.00  $,24.99  $,20,10,Yes,Limit - Maximum Data 20GB
  Pakistan,2NOTXIWSUROV,Pakistan 20GB - 15 Days,10.54  $,24.99  $,20,15,Yes,Limit - Maximum Data 20GB
  Pakistan,EQSNYLGMURII,Pakistan 20GB - 30 Days,10.99  $,27.99  $,20,30,Yes,Limit - Maximum Data 20GB
  Pakistan,DNUCLDR8MEJA,Pakistan 20GB - 5 Days,9.00  $,23.99  $,20,5,Yes,Limit - Maximum Data 20GB
  Pakistan,Y0MJ5EDUGMFZ,Pakistan 3GB - 10 Days,3.00  $,5.99  $,3,10,Yes,Limit - Maximum Data 3GB
  Pakistan,BN6H2QUJCITM,Pakistan 3GB - 15 Days,3.16  $,6.99  $,3,15,Yes,Limit - Maximum Data 3GB
  Pakistan,ZOMF5SG6ETRC,Pakistan 3GB - 30 Days,3.29  $,8.99  $,3,30,Yes,Limit - Maximum Data 3GB
  Pakistan,I0YRFYMELJBQ,Pakistan 3GB - 5 Days,2.70  $,4.99  $,3,5,Yes,Limit - Maximum Data 3GB
  Pakistan,S2AJODRMLBXY,Pakistan 5GB - 10 Days,4.00  $,6.99  $,5,10,Yes,Limit - Maximum Data 5GB
  Pakistan,2TZYDRVXFUAP,Pakistan 5GB - 15 Days,4.21  $,7.99  $,5,15,Yes,Limit - Maximum Data 5GB
  Pakistan,AZXXPSXRYK1N,Pakistan 5GB - 30 Days,4.39  $,9.99  $,5,30,Yes,Limit - Maximum Data 5GB
  Pakistan,C50Z8EQQDYBD,Pakistan 5GB - 5 Days,3.60  $,5.99  $,5,5,Yes,Limit - Maximum Data 5GB
  Pakistan,XFTD0BJEYOSQ,Pakistan Unlimited LITE - 10 Days,14.49  $,24.99  $,Unlimited,10,Yes,"Daily - 2GB per Day, then 1Mbps"
  Pakistan,FRRAP1LQYDBG,Pakistan Unlimited LITE - 15 Days,19.13  $,32.99  $,Unlimited,15,Yes,"Daily - 2GB per Day, then 1Mbps"
  Pakistan,YYWKTLB2NW0L,Pakistan Unlimited LITE - 30 Days,26.09  $,48.99  $,Unlimited,30,Yes,"Daily - 2GB per Day, then 1Mbps"
  Pakistan,I263F5LHYDRO,Pakistan Unlimited LITE - 5 Days,9.85  $,16.99  $,Unlimited,5,Yes,"Daily - 2GB per Day, then 1Mbps"
  Pakistan,LI0N1RDNVSUC,Pakistan Unlimited MAX - 10 Days,22.44  $,29.99  $,Unlimited,10,Yes,"Daily - 5GB per Day, then 1Mbps"
  Pakistan,MLGNTEYEOYUA,Pakistan Unlimited MAX - 15 Days,27.66  $,49.99  $,Unlimited,15,Yes,"Daily - 5GB per Day, then 1Mbps"
  Pakistan,4YT2SCNRWTD0,Pakistan Unlimited MAX - 30 Days,33.92  $,59.99  $,Unlimited,30,Yes,"Daily - 5GB per Day, then 1Mbps"
  Pakistan,VDAODW08RFYJ,Pakistan Unlimited MAX - 5 Days,12.52  $,24.99  $,Unlimited,5,Yes,"Daily - 5GB per Day, then 1Mbps"
  Pakistan,DAZ0AL2ZPPTB,Pakistan Unlimited STANDARD - 10 Days,14.49  $,24.99  $,Unlimited,10,Yes,"Daily - 3GB per Day, then 1Mbps"
  Pakistan,Q8IXQWIUVCJH,Pakistan Unlimited STANDARD - 15 Days,19.49  $,39.99  $,Unlimited,15,Yes,"Daily - 3GB per Day, then 1Mbps"
  Pakistan,PJAIEEXAQKGW,Pakistan Unlimited STANDARD - 30 Days,26.09  $,49.99  $,Unlimited,30,Yes,"Daily - 3GB per Day, then 1Mbps"
  Pakistan,NKKMSGF8TPCS,Pakistan Unlimited STANDARD - 5 Days,9.85  $,14.99  $,Unlimited,5,Yes,"Daily - 3GB per Day, then 1Mbps"
  Panama,P6TV9GULGSNB,Panama 10GB - 10 Days,22.31  $,41.99  $,10,10,Yes,Limit - Maximum Data 10GB
  Panama,AUIEPTCBPVLV,Panama 10GB - 15 Days,23.54  $,42.99  $,10,15,Yes,Limit - Maximum Data 10GB
  Panama,PA3M6AJRSFXV,Panama 10GB - 30 Days,24.54  $,46.99  $,10,30,Yes,Limit - Maximum Data 10GB
  Panama,FU9CGOKXEQTT,Panama 10GB - 5 Days,20.08  $,40.99  $,10,5,Yes,Limit - Maximum Data 10GB
  Panama,WVP1B6RJUWXY,Panama 1GB - 10 Days,3.98  $,5.99  $,1,10,Yes,Limit - Maximum Data 1GB
  Panama,RJAUBZK21MSR,Panama 1GB - 15 Days,4.20  $,6.99  $,1,15,Yes,Limit - Maximum Data 1GB
  Panama,CBEF0DTPU6H8,Panama 1GB - 30 Days,4.38  $,8.99  $,1,30,Yes,Limit - Maximum Data 1GB
  Panama,YW0SPKZZOSG1,Panama 1GB - 5 Days,3.58  $,4.99  $,1,5,Yes,Limit - Maximum Data 1GB
  Panama,LOME413J9602,Panama 20GB - 10 Days,27.56  $,61.99  $,20,10,Yes,Limit - Maximum Data 20GB
  Panama,YXI9SW1VZ8TM,Panama 20GB - 15 Days,29.08  $,62.99  $,20,15,Yes,Limit - Maximum Data 20GB
  Panama,LJNWSS4YDPAK,Panama 20GB - 30 Days,30.32  $,66.99  $,20,30,Yes,Limit - Maximum Data 20GB
  Panama,CXUB6GHGNAPA,Panama 20GB - 5 Days,24.80  $,60.99  $,20,5,Yes,Limit - Maximum Data 20GB
  Panama,GCDI5ZFWT5LG,Panama 3GB - 10 Days,8.23  $,14.99  $,3,10,Yes,Limit - Maximum Data 3GB
  Panama,LSPBUVF8OECA,Panama 3GB - 15 Days,8.68  $,14.99  $,3,15,Yes,Limit - Maximum Data 3GB
  Panama,UREHX9WCQIJ1,Panama 3GB - 30 Days,9.05  $,17.99  $,3,30,Yes,Limit - Maximum Data 3GB
  Panama,T6F5CEJPUFDX,Panama 3GB - 5 Days,7.41  $,13.99  $,3,5,Yes,Limit - Maximum Data 3GB
  Panama,KT2JBYPBLNUW,Panama 5GB - 10 Days,12.79  $,24.99  $,5,10,Yes,Limit - Maximum Data 5GB
  Panama,CAWQX6UG9PEH,Panama 5GB - 15 Days,13.50  $,24.99  $,5,15,Yes,Limit - Maximum Data 5GB
  Panama,FQQVCDTJKXJZ,Panama 5GB - 30 Days,14.07  $,27.99  $,5,30,Yes,Limit - Maximum Data 5GB
  Panama,6MZPDXAFA4EK,Panama 5GB - 5 Days,11.51  $,23.99  $,5,5,Yes,Limit - Maximum Data 5GB
  Papua New Guinea,B8NCXMDAUYRJ,Papua New Guinea 1GB - 10 Days,44.99  $,10.99  $,1,10,Yes,Limit - Maximum Data 1GB
  Papua New Guinea,EMOWZD7SRV01,Papua New Guinea 1GB - 15 Days,47.47  $,11.99  $,1,15,Yes,Limit - Maximum Data 1GB
  Papua New Guinea,TGNEZUK0GWFA,Papua New Guinea 1GB - 30 Days,49.49  $,13.99  $,1,30,Yes,Limit - Maximum Data 1GB
  Papua New Guinea,KO2EEEMJILT9,Papua New Guinea 1GB - 5 Days,40.49  $,9.99  $,1,5,Yes,Limit - Maximum Data 1GB
  Papua New Guinea,VQDXD7OGAMKF,Papua New Guinea 3GB - 10 Days,118.60  $,29.99  $,3,10,Yes,Limit - Maximum Data 3GB
  Papua New Guinea,QGG8GF17TWDC,Papua New Guinea 3GB - 15 Days,125.12  $,29.99  $,3,15,Yes,Limit - Maximum Data 3GB
  Papua New Guinea,4PID9UMWGTMN,Papua New Guinea 3GB - 30 Days,130.46  $,32.99  $,3,30,Yes,Limit - Maximum Data 3GB
  Papua New Guinea,5QOBJKC8NHQS,Papua New Guinea 3GB - 5 Days,106.74  $,28.99  $,3,5,Yes,Limit - Maximum Data 3GB
  Papua New Guinea,KB6SE8ZIWASO,Papua New Guinea 5GB - 10 Days,178.92  $,49.99  $,5,10,Yes,Limit - Maximum Data 5GB
  Papua New Guinea,MIWHBINZ4OEX,Papua New Guinea 5GB - 15 Days,188.76  $,49.99  $,5,15,Yes,Limit - Maximum Data 5GB
  Papua New Guinea,RCKW3ETUHVNW,Papua New Guinea 5GB - 30 Days,196.81  $,54.99  $,5,30,Yes,Limit - Maximum Data 5GB
  Papua New Guinea,FAU3BAKXOGED,Papua New Guinea 5GB - 5 Days,161.03  $,48.99  $,5,5,Yes,Limit - Maximum Data 5GB
  Paraguay,RIXJSCX8PGN2,Paraguay 10GB - 10 Days,22.44  $,41.99  $,10,10,Yes,Limit - Maximum Data 10GB
  Paraguay,AICJ49VNVRK5,Paraguay 10GB - 15 Days,23.67  $,42.99  $,10,15,Yes,Limit - Maximum Data 10GB
  Paraguay,4SZN8MNBZ1MV,Paraguay 10GB - 30 Days,24.68  $,46.99  $,10,30,Yes,Limit - Maximum Data 10GB
  Paraguay,MI35HABY6IC1,Paraguay 10GB - 5 Days,20.20  $,40.99  $,10,5,Yes,Limit - Maximum Data 10GB
  Paraguay,KW9BED0XKQT5,Paraguay 1GB - 10 Days,4.03  $,5.99  $,1,10,Yes,Limit - Maximum Data 1GB
  Paraguay,MANW12ZXPYGI,Paraguay 1GB - 15 Days,4.25  $,6.99  $,1,15,Yes,Limit - Maximum Data 1GB
  Paraguay,AXIEGFZICXFE,Paraguay 1GB - 30 Days,4.43  $,8.99  $,1,30,Yes,Limit - Maximum Data 1GB
  Paraguay,N3XDET0ZWRWB,Paraguay 1GB - 5 Days,3.63  $,4.99  $,1,5,Yes,Limit - Maximum Data 1GB
  Paraguay,3IYTELPUKVOX,Paraguay 20GB - 10 Days,33.77  $,61.99  $,20,10,Yes,Limit - Maximum Data 20GB
  Paraguay,GL7EZ8A1TBD8,Paraguay 20GB - 15 Days,35.63  $,62.99  $,20,15,Yes,Limit - Maximum Data 20GB
  Paraguay,AGZ8RWO1I4XL,Paraguay 20GB - 30 Days,37.15  $,66.99  $,20,30,Yes,Limit - Maximum Data 20GB
  Paraguay,ZA9BYBDHO7NW,Paraguay 20GB - 5 Days,30.39  $,60.99  $,20,5,Yes,Limit - Maximum Data 20GB
  Paraguay,LTC6MR4FWC93,Paraguay 3GB - 10 Days,8.87  $,14.99  $,3,10,Yes,Limit - Maximum Data 3GB
  Paraguay,MSR6IOGLWCLN,Paraguay 3GB - 15 Days,9.36  $,14.99  $,3,15,Yes,Limit - Maximum Data 3GB
  Paraguay,2QMCZDLHTHSO,Paraguay 3GB - 30 Days,9.76  $,17.99  $,3,30,Yes,Limit - Maximum Data 3GB
  Paraguay,DJZQ86NPGSAY,Paraguay 3GB - 5 Days,7.98  $,13.99  $,3,5,Yes,Limit - Maximum Data 3GB
  Paraguay,8SBFNUTS5BLF,Paraguay 5GB - 10 Days,13.10  $,24.99  $,5,10,Yes,Limit - Maximum Data 5GB
  Paraguay,4WL7NJ6REBPX,Paraguay 5GB - 15 Days,13.82  $,24.99  $,5,15,Yes,Limit - Maximum Data 5GB
  Paraguay,O4ZL8NIWZFU1,Paraguay 5GB - 30 Days,14.41  $,27.99  $,5,30,Yes,Limit - Maximum Data 5GB
  Paraguay,2JD0ZKFJTVVX,Paraguay 5GB - 5 Days,11.79  $,23.99  $,5,5,Yes,Limit - Maximum Data 5GB
  Paraguay,3BOK6WUQ7NJ8,Paraguay Unlimited MAX - 10 Days,65.74  $,54.99  $,Unlimited,10,Yes,"Daily - 5GB per Day, then 1Mbps"
  Paraguay,JCBW0ICHTY2K,Paraguay Unlimited MAX - 15 Days,80.99  $,89.99  $,Unlimited,15,Yes,"Daily - 5GB per Day, then 1Mbps"
  Paraguay,8LOU1ILSPBET,Paraguay Unlimited MAX - 30 Days,107.99  $,109.99  $,Unlimited,30,Yes,"Daily - 5GB per Day, then 1Mbps"
  Paraguay,6VCWYRDXXPEF,Paraguay Unlimited MAX - 5 Days,33.19  $,29.99  $,Unlimited,5,Yes,"Daily - 5GB per Day, then 1Mbps"
  Paraguay,6RXVTB5ZSBGG,Paraguay Unlimited STANDARD - 10 Days,47.62  $,49.99  $,Unlimited,10,Yes,"Daily - 3GB per Day, then 1Mbps"
  Paraguay,VTGAM4BZENUE,Paraguay Unlimited STANDARD - 15 Days,77.62  $,79.99  $,Unlimited,15,Yes,"Daily - 3GB per Day, then 1Mbps"
  Paraguay,HFUDWOMINHRO,Paraguay Unlimited STANDARD - 30 Days,89.99  $,99.99  $,Unlimited,30,Yes,"Daily - 3GB per Day, then 1Mbps"
  Paraguay,NBVB4GLTFMUR,Paraguay Unlimited STANDARD - 5 Days,25.27  $,24.99  $,Unlimited,5,Yes,"Daily - 3GB per Day, then 1Mbps"
  Peru,HLBQ0NUFESTC,Peru 10GB - 10 Days,14.45  $,22.99  $,10,10,Yes,Limit - Maximum Data 10GB
  Peru,ARPWRY2KAQOU,Peru 10GB - 15 Days,15.24  $,23.99  $,10,15,Yes,Limit - Maximum Data 10GB
  Peru,NFI2NZBKIQBO,Peru 10GB - 30 Days,15.90  $,25.99  $,10,30,Yes,Limit - Maximum Data 10GB
  Peru,1Z4U85E1B7A6,Peru 10GB - 5 Days,13.01  $,21.99  $,10,5,Yes,Limit - Maximum Data 10GB
  Peru,FLK47VAMTYD3,Peru 1GB - 10 Days,2.61  $,5.99  $,1,10,Yes,Limit - Maximum Data 1GB
  Peru,LQ67COEIS5BX,Peru 1GB - 15 Days,2.75  $,6.99  $,1,15,Yes,Limit - Maximum Data 1GB
  Peru,VESKFLIOLXCN,Peru 1GB - 30 Days,2.87  $,8.99  $,1,30,Yes,Limit - Maximum Data 1GB
  Peru,EA02UEVCRHSE,Peru 1GB - 5 Days,2.35  $,4.99  $,1,5,Yes,Limit - Maximum Data 1GB
  Peru,YENQPCIB9VEB,Peru 20GB - 10 Days,23.47  $,41.99  $,20,10,Yes,Limit - Maximum Data 20GB
  Peru,VM078DKGOLGN,Peru 20GB - 15 Days,24.76  $,42.99  $,20,15,Yes,Limit - Maximum Data 20GB
  Peru,I7FDBRQWKWBU,Peru 20GB - 30 Days,25.82  $,46.99  $,20,30,Yes,Limit - Maximum Data 20GB
  Peru,F1ZP4QVEFMGP,Peru 20GB - 5 Days,21.12  $,40.99  $,20,5,Yes,Limit - Maximum Data 20GB
  Peru,ZWVJE2BKVDN1,Peru 3GB - 10 Days,5.50  $,9.99  $,3,10,Yes,Limit - Maximum Data 3GB
  Peru,LSMLVUHUFHWT,Peru 3GB - 15 Days,5.80  $,9.99  $,3,15,Yes,Limit - Maximum Data 3GB
  Peru,QNRCDXZTLGEL,Peru 3GB - 30 Days,6.04  $,12.99  $,3,30,Yes,Limit - Maximum Data 3GB
  Peru,WOYLJ4OF7PIA,Peru 3GB - 5 Days,4.95  $,8.99  $,3,5,Yes,Limit - Maximum Data 3GB
  Peru,0WE4NTKF9MUZ,Peru 5GB - 10 Days,8.61  $,12.99  $,5,10,Yes,Limit - Maximum Data 5GB
  Peru,MZIUXY43DKL9,Peru 5GB - 15 Days,9.08  $,13.99  $,5,15,Yes,Limit - Maximum Data 5GB
  Peru,1VRSNBHGPMTW,Peru 5GB - 30 Days,9.47  $,15.99  $,5,30,Yes,Limit - Maximum Data 5GB
  Peru,6OUTIOPGB59C,Peru 5GB - 5 Days,7.75  $,11.99  $,5,5,Yes,Limit - Maximum Data 5GB
  Peru,XE3HQARXZ0V5,Peru Unlimited MAX - 10 Days,26.09  $,44.99  $,Unlimited,10,Yes,"Daily - 5GB per Day, then 1Mbps"
  Peru,EB0E7OT3CX8G,Peru Unlimited MAX - 15 Days,68.45  $,69.99  $,Unlimited,15,Yes,"Daily - 5GB per Day, then 1Mbps"
  Peru,BAAITZEBW4Z7,Peru Unlimited MAX - 30 Days,52.39  $,99.99  $,Unlimited,30,Yes,"Daily - 5GB per Day, then 1Mbps"
  Peru,9KTUSNH5XGNH,Peru Unlimited MAX - 5 Days,15.65  $,29.99  $,Unlimited,5,Yes,"Daily - 5GB per Day, then 1Mbps"
  Peru,TUTWEKKAZ9ZC,Peru Unlimited STANDARD - 10 Days,20.87  $,39.99  $,Unlimited,10,Yes,"Daily - 3GB per Day, then 1Mbps"
  Peru,VK1NXTLE6NIB,Peru Unlimited STANDARD - 15 Days,31.31  $,59.99  $,Unlimited,15,Yes,"Daily - 3GB per Day, then 1Mbps"
  Peru,KB5JVT7NEMBC,Peru Unlimited STANDARD - 30 Days,52.19  $,89.99  $,Unlimited,30,Yes,"Daily - 3GB per Day, then 1Mbps"
  Peru,YR71JKMEIUJB,Peru Unlimited STANDARD - 5 Days,13.04  $,24.99  $,Unlimited,5,Yes,"Daily - 3GB per Day, then 1Mbps"
  Philippines,JTIT6VZIHB3Q,Philippines 10GB - 10 Days,12.89  $,13.99  $,10,10,Yes,Limit - Maximum Data 10GB
  Philippines,OHB7VZSG8V4Y,Philippines 10GB - 15 Days,13.60  $,14.99  $,10,15,Yes,Limit - Maximum Data 10GB
  Philippines,TIGJ3W1SMQ4B,Philippines 10GB - 30 Days,14.18  $,16.99  $,10,30,Yes,Limit - Maximum Data 10GB
  Philippines,V0LLI6DN5NFS,Philippines 10GB - 5 Days,11.60  $,12.99  $,10,5,Yes,Limit - Maximum Data 10GB
  Philippines,AHRASYIDCG0N,Philippines 1GB - 10 Days,2.42  $,4.99  $,1,10,Yes,Limit - Maximum Data 1GB
  Philippines,O4LTTSP1VD5O,Philippines 1GB - 15 Days,2.55  $,4.99  $,1,15,Yes,Limit - Maximum Data 1GB
  Philippines,IWISHAOT2IQV,Philippines 1GB - 30 Days,2.66  $,7.99  $,1,30,Yes,Limit - Maximum Data 1GB
  Philippines,J9AA4502MQTT,Philippines 1GB - 5 Days,2.18  $,3.99  $,1,5,Yes,Limit - Maximum Data 1GB
  Philippines,MH5WYLXORPUY,Philippines 20GB - 10 Days,20.66  $,24.99  $,20,10,Yes,Limit - Maximum Data 20GB
  Philippines,XK5PUCNHEDF5,Philippines 20GB - 15 Days,21.80  $,24.99  $,20,15,Yes,Limit - Maximum Data 20GB
  Philippines,CSMT0VCVGJ25,Philippines 20GB - 30 Days,22.73  $,27.99  $,20,30,Yes,Limit - Maximum Data 20GB
  Philippines,HFKO59QMJP7F,Philippines 20GB - 5 Days,18.59  $,23.99  $,20,5,Yes,Limit - Maximum Data 20GB
  Philippines,IJHZF5EUOTD6,Philippines 3GB - 10 Days,4.55  $,5.99  $,3,10,Yes,Limit - Maximum Data 3GB
  Philippines,DKPM2KYQPEXF,Philippines 3GB - 15 Days,4.80  $,6.99  $,3,15,Yes,Limit - Maximum Data 3GB
  Philippines,RTJCW0ZPBJIW,Philippines 3GB - 30 Days,5.01  $,8.99  $,3,30,Yes,Limit - Maximum Data 3GB
  Philippines,DOSWMHC1J22H,Philippines 3GB - 5 Days,4.10  $,4.99  $,3,5,Yes,Limit - Maximum Data 3GB
  Philippines,TSYBHKJGGX0H,Philippines 5GB - 10 Days,7.33  $,6.99  $,5,10,Yes,Limit - Maximum Data 5GB
  Philippines,BLYVJSP4AR24,Philippines 5GB - 15 Days,7.73  $,7.99  $,5,15,Yes,Limit - Maximum Data 5GB
  Philippines,44UI0Y6RDFFP,Philippines 5GB - 30 Days,8.06  $,9.99  $,5,30,Yes,Limit - Maximum Data 5GB
  Philippines,XHX2RKJWUD7V,Philippines 5GB - 5 Days,6.60  $,5.99  $,5,5,Yes,Limit - Maximum Data 5GB
  Philippines,AJTEDPNLQKQB,Philippines Unlimited LITE - 10 Days,19.29  $,27.99  $,Unlimited,10,Yes,"Daily - 2GB per Day, then 1Mbps"
  Philippines,V6MT0Z5IKSZW,Philippines Unlimited LITE - 15 Days,30.63  $,41.99  $,Unlimited,15,Yes,"Daily - 2GB per Day, then 1Mbps"
  Philippines,WC5NUCGPSXZV,Philippines Unlimited LITE - 30 Days,49.49  $,54.99  $,Unlimited,30,Yes,"Daily - 2GB per Day, then 1Mbps"
  Philippines,IRMELINWCRWL,Philippines Unlimited LITE - 5 Days,10.96  $,20.99  $,Unlimited,5,Yes,"Daily - 2GB per Day, then 1Mbps"
  Philippines,VXXYD9BFIUEP,Philippines Unlimited MAX - 10 Days,27.14  $,39.99  $,Unlimited,10,Yes,"Daily - 5GB per Day, then 1Mbps"
  Philippines,75Q53FGVYYQ1,Philippines Unlimited MAX - 15 Days,40.19  $,59.99  $,Unlimited,15,Yes,"Daily - 5GB per Day, then 1Mbps"
  Philippines,OI0K7FE4CGKR,Philippines Unlimited MAX - 30 Days,71.93  $,74.99  $,Unlimited,30,Yes,"Daily - 5GB per Day, then 1Mbps"
  Philippines,4TOQW7JFJCSS,Philippines Unlimited MAX - 5 Days,17.74  $,24.99  $,Unlimited,5,Yes,"Daily - 5GB per Day, then 1Mbps"
  Philippines,M2NVIFIAD7FO,Philippines Unlimited STANDARD - 10 Days,19.14  $,29.99  $,Unlimited,10,Yes,"Daily - 3GB per Day, then 1Mbps"
  Philippines,BDNUH4MZSY4A,Philippines Unlimited STANDARD - 15 Days,29.60  $,44.99  $,Unlimited,15,Yes,"Daily - 3GB per Day, then 1Mbps"
  Philippines,YE4OOQVSDICP,Philippines Unlimited STANDARD - 30 Days,43.25  $,54.99  $,Unlimited,30,Yes,"Daily - 3GB per Day, then 1Mbps"
  Philippines,RIHC5IITBEZ7,Philippines Unlimited STANDARD - 5 Days,11.35  $,17.99  $,Unlimited,5,Yes,"Daily - 3GB per Day, then 1Mbps"
  Poland,5YLLPXH1VJMA,Poland 10GB - 10 Days,6.00  $,9.99  $,10,10,Yes,Limit - Maximum Data 10GB
  Poland,4MBVK3YDNT7T,Poland 10GB - 15 Days,6.32  $,9.99  $,10,15,Yes,Limit - Maximum Data 10GB
  Poland,G9GKC5Y6BKPW,Poland 10GB - 30 Days,6.59  $,12.99  $,10,30,Yes,Limit - Maximum Data 10GB
  Poland,BLF0LEHWRKVV,Poland 10GB - 5 Days,5.40  $,8.99  $,10,5,Yes,Limit - Maximum Data 10GB
  Poland,H3JYWNBYCTJ0,Poland 1GB - 10 Days,2.00  $,3.99  $,1,10,Yes,Limit - Maximum Data 1GB
  Poland,SNXJHDCNA7XY,Poland 1GB - 15 Days,2.11  $,4.99  $,1,15,Yes,Limit - Maximum Data 1GB
  Poland,XTJV8QCCXY6S,Poland 1GB - 30 Days,2.20  $,6.99  $,1,30,Yes,Limit - Maximum Data 1GB
  Poland,SJLR6XL8XPFY,Poland 1GB - 5 Days,1.80  $,2.99  $,1,5,Yes,Limit - Maximum Data 1GB
  Poland,CKAYFIX3R9EM,Poland 20GB - 10 Days,9.00  $,18.99  $,20,10,Yes,Limit - Maximum Data 20GB
  Poland,AHYJN9LNEN4X,Poland 20GB - 15 Days,9.49  $,19.99  $,20,15,Yes,Limit - Maximum Data 20GB
  Poland,XFSRGUJD03CD,Poland 20GB - 30 Days,9.89  $,21.99  $,20,30,Yes,Limit - Maximum Data 20GB
  Poland,CIEJNS59KWGQ,Poland 20GB - 5 Days,8.10  $,17.99  $,20,5,Yes,Limit - Maximum Data 20GB
  Poland,5VCOWWOLDRSJ,Poland 3GB - 10 Days,3.00  $,7.99  $,3,10,Yes,Limit - Maximum Data 3GB
  Poland,M6BPHNKMTP2A,Poland 3GB - 15 Days,3.16  $,8.99  $,3,15,Yes,Limit - Maximum Data 3GB
  Poland,G8EI7FEBYPCZ,Poland 3GB - 30 Days,3.29  $,9.99  $,3,30,Yes,Limit - Maximum Data 3GB
  Poland,VUBX8NC6CFPG,Poland 3GB - 5 Days,2.70  $,7.99  $,3,5,Yes,Limit - Maximum Data 3GB
  Poland,MSFSHINFCCGL,Poland 5GB - 10 Days,4.00  $,5.99  $,5,10,Yes,Limit - Maximum Data 5GB
  Poland,3PI0UTOWPNUW,Poland 5GB - 15 Days,4.21  $,6.99  $,5,15,Yes,Limit - Maximum Data 5GB
  Poland,RYP6UXHKRQH8,Poland 5GB - 30 Days,4.39  $,8.99  $,5,30,Yes,Limit - Maximum Data 5GB
  Poland,U4ET9TYLTQZR,Poland 5GB - 5 Days,3.60  $,4.99  $,5,5,Yes,Limit - Maximum Data 5GB
  Poland,24WJOFANF6EB,Poland Unlimited LITE - 10 Days,14.49  $,24.99  $,Unlimited,10,Yes,"Daily - 2GB per Day, then 1Mbps"
  Poland,7XZN9FFHNCZA,Poland Unlimited LITE - 15 Days,19.13  $,32.99  $,Unlimited,15,Yes,"Daily - 2GB per Day, then 1Mbps"
  Poland,PMRBY4QIYH8A,Poland Unlimited LITE - 30 Days,26.09  $,40.99  $,Unlimited,30,Yes,"Daily - 2GB per Day, then 1Mbps"
  Poland,CURLDXEWHIPO,Poland Unlimited LITE - 5 Days,9.85  $,16.99  $,Unlimited,5,Yes,"Daily - 2GB per Day, then 1Mbps"
  Poland,ANULQZ7BCYJZ,Poland Unlimited MAX - 10 Days,21.40  $,29.99  $,Unlimited,10,Yes,"Daily - 5GB per Day, then 1Mbps"
  Poland,MBDQQ9QEGYIZ,Poland Unlimited MAX - 15 Days,25.57  $,49.99  $,Unlimited,15,Yes,"Daily - 5GB per Day, then 1Mbps"
  Poland,HPTQTI8S5G3C,Poland Unlimited MAX - 30 Days,51.29  $,59.99  $,Unlimited,30,Yes,"Daily - 5GB per Day, then 1Mbps"
  Poland,NUVOZOYTGZV5,Poland Unlimited MAX - 5 Days,13.04  $,24.99  $,Unlimited,5,Yes,"Daily - 5GB per Day, then 1Mbps"
  Poland,TXZKMJNUMQID,Poland Unlimited STANDARD - 10 Days,14.49  $,24.99  $,Unlimited,10,Yes,"Daily - 3GB per Day, then 1Mbps"
  Poland,PNNRDMWE7NOG,Poland Unlimited STANDARD - 15 Days,29.69  $,39.99  $,Unlimited,15,Yes,"Daily - 3GB per Day, then 1Mbps"
  Poland,KBRMEFOMSU1W,Poland Unlimited STANDARD - 30 Days,36.30  $,49.99  $,Unlimited,30,Yes,"Daily - 3GB per Day, then 1Mbps"
  Poland,XRZ4WJIC62GN,Poland Unlimited STANDARD - 5 Days,9.85  $,14.99  $,Unlimited,5,Yes,"Daily - 3GB per Day, then 1Mbps"
  Portugal,NX6MBKVHVLT0,Portugal 10GB - 10 Days,6.00  $,12.99  $,10,10,Yes,Limit - Maximum Data 10GB
  Portugal,502QNTYGFA1K,Portugal 10GB - 15 Days,6.32  $,13.99  $,10,15,Yes,Limit - Maximum Data 10GB
  Portugal,7WT4P5TUWJWA,Portugal 10GB - 30 Days,6.59  $,15.99  $,10,30,Yes,Limit - Maximum Data 10GB
  Portugal,EJQY4E5C9CDM,Portugal 10GB - 5 Days,5.40  $,11.99  $,10,5,Yes,Limit - Maximum Data 10GB
  Portugal,G5QQVWHXFEMY,Portugal 1GB - 10 Days,2.50  $,4.99  $,1,10,Yes,Limit - Maximum Data 1GB
  Portugal,3VMSHAHVSPMG,Portugal 1GB - 15 Days,2.64  $,4.99  $,1,15,Yes,Limit - Maximum Data 1GB
  Portugal,DCSKU2E4FMJR,Portugal 1GB - 30 Days,2.75  $,7.99  $,1,30,Yes,Limit - Maximum Data 1GB
  Portugal,ANC73UPMRQGX,Portugal 1GB - 5 Days,2.25  $,3.99  $,1,5,Yes,Limit - Maximum Data 1GB
  Portugal,WCKLGQSF2JNB,Portugal 20GB - 10 Days,9.62  $,21.99  $,20,10,Yes,Limit - Maximum Data 20GB
  Portugal,9MGKZIVNQXLR,Portugal 20GB - 15 Days,10.15  $,22.99  $,20,15,Yes,Limit - Maximum Data 20GB
  Portugal,8HKC2N0OO2MS,Portugal 20GB - 30 Days,10.58  $,24.99  $,20,30,Yes,Limit - Maximum Data 20GB
  Portugal,0VWJI7RJKIX9,Portugal 20GB - 5 Days,8.66  $,20.99  $,20,5,Yes,Limit - Maximum Data 20GB
  Portugal,KQVVLHT2YYTD,Portugal 3GB - 10 Days,3.00  $,6.99  $,3,10,Yes,Limit - Maximum Data 3GB
  Portugal,IECJ1RDTGQK5,Portugal 3GB - 15 Days,3.16  $,7.99  $,3,15,Yes,Limit - Maximum Data 3GB
  Portugal,HCNR2MSXAE0Y,Portugal 3GB - 30 Days,3.29  $,8.99  $,3,30,Yes,Limit - Maximum Data 3GB
  Portugal,4GKTMHKGWOER,Portugal 3GB - 5 Days,2.70  $,6.99  $,3,5,Yes,Limit - Maximum Data 3GB
  Portugal,POZJQUIHL69Z,Portugal 5GB - 10 Days,4.00  $,6.99  $,5,10,Yes,Limit - Maximum Data 5GB
  Portugal,R6OAOAFDUEBM,Portugal 5GB - 15 Days,4.21  $,7.99  $,5,15,Yes,Limit - Maximum Data 5GB
  Portugal,OCNMYZNBRPTE,Portugal 5GB - 30 Days,4.39  $,9.99  $,5,30,Yes,Limit - Maximum Data 5GB
  Portugal,XNZSBJBZFZYQ,Portugal 5GB - 5 Days,3.60  $,5.99  $,5,5,Yes,Limit - Maximum Data 5GB
  Portugal,9HE01U7JMNCU,Portugal Unlimited LITE - 10 Days,13.04  $,24.99  $,Unlimited,10,Yes,"Daily - 2GB per Day, then 1Mbps"
  Portugal,SFT10X4USE8B,Portugal Unlimited LITE - 15 Days,21.71  $,32.99  $,Unlimited,15,Yes,"Daily - 2GB per Day, then 1Mbps"
  Portugal,GUV6PSX3Z0N7,Portugal Unlimited LITE - 30 Days,36.89  $,40.99  $,Unlimited,30,Yes,"Daily - 2GB per Day, then 1Mbps"
  Portugal,PECMPYR6UWXO,Portugal Unlimited LITE - 5 Days,8.87  $,16.99  $,Unlimited,5,Yes,"Daily - 2GB per Day, then 1Mbps"
  Portugal,AANQW92YJZ7K,Portugal Unlimited MAX - 10 Days,22.44  $,29.99  $,Unlimited,10,Yes,"Daily - 5GB per Day, then 1Mbps"
  Portugal,HGBAVWPCOKKJ,Portugal Unlimited MAX - 15 Days,27.66  $,39.99  $,Unlimited,15,Yes,"Daily - 5GB per Day, then 1Mbps"
  Portugal,6OVUXTMS0UQC,Portugal Unlimited MAX - 30 Days,33.92  $,49.99  $,Unlimited,30,Yes,"Daily - 5GB per Day, then 1Mbps"
  Portugal,XKP90J5HMBQ3,Portugal Unlimited MAX - 5 Days,12.52  $,24.99  $,Unlimited,5,Yes,"Daily - 5GB per Day, then 1Mbps"
  Portugal,PON5FRYZMP85,Portugal Unlimited STANDARD - 10 Days,13.04  $,19.99  $,Unlimited,10,Yes,"Daily - 3GB per Day, then 1Mbps"
  Portugal,KHKOFXL82G9O,Portugal Unlimited STANDARD - 15 Days,17.22  $,29.99  $,Unlimited,15,Yes,"Daily - 3GB per Day, then 1Mbps"
  Portugal,QO39CNLQFUK5,Portugal Unlimited STANDARD - 30 Days,36.89  $,39.99  $,Unlimited,30,Yes,"Daily - 3GB per Day, then 1Mbps"
  Portugal,CE9RC2H02WAS,Portugal Unlimited STANDARD - 5 Days,8.87  $,14.99  $,Unlimited,5,Yes,"Daily - 3GB per Day, then 1Mbps"
  Puerto Rico,ITXU9D2ZBYXD,Puerto Rico 10GB - 10 Days,27.93  $,43.99  $,10,10,Yes,Limit - Maximum Data 10GB
  Puerto Rico,D1IAJFLR3FUM,Puerto Rico 10GB - 15 Days,29.47  $,44.99  $,10,15,Yes,Limit - Maximum Data 10GB
  Puerto Rico,MB2GGIPNVZXU,Puerto Rico 10GB - 30 Days,30.72  $,48.99  $,10,30,Yes,Limit - Maximum Data 10GB
  Puerto Rico,FPGCMXLVRQFA,Puerto Rico 10GB - 5 Days,25.14  $,42.99  $,10,5,Yes,Limit - Maximum Data 10GB
  Puerto Rico,OIZRIAY5JE3C,Puerto Rico 1GB - 10 Days,4.89  $,5.99  $,1,10,Yes,Limit - Maximum Data 1GB
  Puerto Rico,BPAO7ILUZLRX,Puerto Rico 1GB - 15 Days,5.16  $,6.99  $,1,15,Yes,Limit - Maximum Data 1GB
  Puerto Rico,VCMOBJS6GCEA,Puerto Rico 1GB - 30 Days,5.38  $,8.99  $,1,30,Yes,Limit - Maximum Data 1GB
  Puerto Rico,WMA9F2ZDA4XG,Puerto Rico 1GB - 5 Days,4.40  $,4.99  $,1,5,Yes,Limit - Maximum Data 1GB
  Puerto Rico,OHTKGFVSB4JE,Puerto Rico 20GB - 10 Days,42.10  $,73.99  $,20,10,Yes,Limit - Maximum Data 20GB
  Puerto Rico,N1Q3YXSJDC4A,Puerto Rico 20GB - 15 Days,44.42  $,74.99  $,20,15,Yes,Limit - Maximum Data 20GB
  Puerto Rico,7AAU6YKXHWCX,Puerto Rico 20GB - 30 Days,46.31  $,78.99  $,20,30,Yes,Limit - Maximum Data 20GB
  Puerto Rico,XRQZTF2VVWKC,Puerto Rico 20GB - 5 Days,37.89  $,72.99  $,20,5,Yes,Limit - Maximum Data 20GB
  Puerto Rico,MXTDL8LWZTET,Puerto Rico 3GB - 10 Days,10.95  $,14.99  $,3,10,Yes,Limit - Maximum Data 3GB
  Puerto Rico,DU132MHYSECQ,Puerto Rico 3GB - 15 Days,11.55  $,14.99  $,3,15,Yes,Limit - Maximum Data 3GB
  Puerto Rico,PMVUNKPYWOWR,Puerto Rico 3GB - 30 Days,12.05  $,17.99  $,3,30,Yes,Limit - Maximum Data 3GB
  Puerto Rico,PR4AF2LWN1O3,Puerto Rico 3GB - 5 Days,9.86  $,13.99  $,3,5,Yes,Limit - Maximum Data 3GB
  Puerto Rico,KN3CJXYPR1TM,Puerto Rico 5GB - 10 Days,16.25  $,24.99  $,5,10,Yes,Limit - Maximum Data 5GB
  Puerto Rico,FJKPVQSATI7K,Puerto Rico 5GB - 15 Days,17.14  $,24.99  $,5,15,Yes,Limit - Maximum Data 5GB
  Puerto Rico,NS0WG0EVPKKT,Puerto Rico 5GB - 30 Days,17.88  $,27.99  $,5,30,Yes,Limit - Maximum Data 5GB
  Puerto Rico,09OXNJNTYDPR,Puerto Rico 5GB - 5 Days,14.63  $,23.99  $,5,5,Yes,Limit - Maximum Data 5GB
  Qatar,A5EFVPV3QRVN,Qatar 10GB - 10 Days,14.74  $,22.99  $,10,10,Yes,Limit - Maximum Data 10GB
  Qatar,G0VYNLKB8PJH,Qatar 10GB - 15 Days,15.55  $,23.99  $,10,15,Yes,Limit - Maximum Data 10GB
  Qatar,ZFYHH6RAJ8SD,Qatar 10GB - 30 Days,16.21  $,25.99  $,10,30,Yes,Limit - Maximum Data 10GB
  Qatar,QGM8CVKQFDOS,Qatar 10GB - 5 Days,13.27  $,21.99  $,10,5,Yes,Limit - Maximum Data 10GB
  Qatar,JE0WKFI6DV7L,Qatar 1GB - 10 Days,2.50  $,5.99  $,1,10,Yes,Limit - Maximum Data 1GB
  Qatar,0PQIHL0W6RKU,Qatar 1GB - 15 Days,2.64  $,6.99  $,1,15,Yes,Limit - Maximum Data 1GB
  Qatar,HC5U0WPPWJDO,Qatar 1GB - 30 Days,2.75  $,8.99  $,1,30,Yes,Limit - Maximum Data 1GB
  Qatar,VLSTV8E0GQY1,Qatar 1GB - 5 Days,2.25  $,4.99  $,1,5,Yes,Limit - Maximum Data 1GB
  Qatar,U0UQNHKX3IPC,Qatar 20GB - 10 Days,20.38  $,41.99  $,20,10,Yes,Limit - Maximum Data 20GB
  Qatar,BRVIFQLDPA3Z,Qatar 20GB - 15 Days,21.50  $,42.99  $,20,15,Yes,Limit - Maximum Data 20GB
  Qatar,D3L5LHOZC7LW,Qatar 20GB - 30 Days,22.42  $,46.99  $,20,30,Yes,Limit - Maximum Data 20GB
  Qatar,PF9NZTZFEK6H,Qatar 20GB - 5 Days,18.34  $,40.99  $,20,5,Yes,Limit - Maximum Data 20GB
  Qatar,L6LY6HUZJWOB,Qatar 3GB - 10 Days,5.22  $,9.99  $,3,10,Yes,Limit - Maximum Data 3GB
  Qatar,1BX8DDNNBDV3,Qatar 3GB - 15 Days,5.51  $,9.99  $,3,15,Yes,Limit - Maximum Data 3GB
  Qatar,PJEX9LPDNV10,Qatar 3GB - 30 Days,5.74  $,12.99  $,3,30,Yes,Limit - Maximum Data 3GB
  Qatar,OPCV7KJ5IKHZ,Qatar 3GB - 5 Days,4.70  $,8.99  $,3,5,Yes,Limit - Maximum Data 3GB
  Qatar,6XBG4ERUKYZI,Qatar 5GB - 10 Days,8.11  $,12.99  $,5,10,Yes,Limit - Maximum Data 5GB
  Qatar,EDDIOBXBZD5M,Qatar 5GB - 15 Days,8.56  $,13.99  $,5,15,Yes,Limit - Maximum Data 5GB
  Qatar,JFA1XU9Y7YES,Qatar 5GB - 30 Days,8.92  $,15.99  $,5,30,Yes,Limit - Maximum Data 5GB
  Qatar,X3NO0DZ64KM4,Qatar 5GB - 5 Days,7.30  $,11.99  $,5,5,Yes,Limit - Maximum Data 5GB
  Republic of the Congo,CU6ZURIJMHCG,Republic of the Congo 10GB - 10 Days,31.76  $,41.99  $,10,10,Yes,Limit - Maximum Data 10GB
  Republic of the Congo,9VMSPKPYV0B8,Republic of the Congo 10GB - 15 Days,33.51  $,42.99  $,10,15,Yes,Limit - Maximum Data 10GB
  Republic of the Congo,9JEGGTR5KJXR,Republic of the Congo 10GB - 30 Days,34.94  $,46.99  $,10,30,Yes,Limit - Maximum Data 10GB
  Republic of the Congo,NOVCYYHMZGEF,Republic of the Congo 10GB - 5 Days,28.58  $,40.99  $,10,5,Yes,Limit - Maximum Data 10GB
  Republic of the Congo,2PKJ9QSOBMH4,Republic of the Congo 1GB - 10 Days,5.49  $,5.99  $,1,10,Yes,Limit - Maximum Data 1GB
  Republic of the Congo,DM1GRKF6UA7E,Republic of the Congo 1GB - 15 Days,5.79  $,6.99  $,1,15,Yes,Limit - Maximum Data 1GB
  Republic of the Congo,ETKN80JUCLSA,Republic of the Congo 1GB - 30 Days,6.04  $,8.99  $,1,30,Yes,Limit - Maximum Data 1GB
  Republic of the Congo,SFYAJJHOWD9G,Republic of the Congo 1GB - 5 Days,4.94  $,4.99  $,1,5,Yes,Limit - Maximum Data 1GB
  Republic of the Congo,SIQRSDCEOIMG,Republic of the Congo 20GB - 10 Days,47.91  $,61.99  $,20,10,Yes,Limit - Maximum Data 20GB
  Republic of the Congo,UB67SHCXSM32,Republic of the Congo 20GB - 15 Days,50.55  $,62.99  $,20,15,Yes,Limit - Maximum Data 20GB
  Republic of the Congo,KJHCCLKQFO43,Republic of the Congo 20GB - 30 Days,52.70  $,66.99  $,20,30,Yes,Limit - Maximum Data 20GB
  Republic of the Congo,0DRROGKNW0KZ,Republic of the Congo 20GB - 5 Days,43.12  $,60.99  $,20,5,Yes,Limit - Maximum Data 20GB
  Republic of the Congo,PVZKFWLPXJIJ,Republic of the Congo 3GB - 10 Days,12.41  $,14.99  $,3,10,Yes,Limit - Maximum Data 3GB
  Republic of the Congo,TTFKIVIEHUXA,Republic of the Congo 3GB - 15 Days,13.09  $,14.99  $,3,15,Yes,Limit - Maximum Data 3GB
  Republic of the Congo,QRD35NAPI5NO,Republic of the Congo 3GB - 30 Days,13.65  $,17.99  $,3,30,Yes,Limit - Maximum Data 3GB
  Republic of the Congo,ZMRTRXWG28WB,Republic of the Congo 3GB - 5 Days,11.17  $,13.99  $,3,5,Yes,Limit - Maximum Data 3GB
  Republic of the Congo,ZHNCROQPTFV2,Republic of the Congo 5GB - 10 Days,18.45  $,24.99  $,5,10,Yes,Limit - Maximum Data 5GB
  Republic of the Congo,Z7B1K2DJMGKT,Republic of the Congo 5GB - 15 Days,19.46  $,24.99  $,5,15,Yes,Limit - Maximum Data 5GB
  Republic of the Congo,ZRYHLVGB64LN,Republic of the Congo 5GB - 30 Days,20.30  $,27.99  $,5,30,Yes,Limit - Maximum Data 5GB
  Republic of the Congo,MGCB54T1SNHX,Republic of the Congo 5GB - 5 Days,16.61  $,23.99  $,5,5,Yes,Limit - Maximum Data 5GB
  Reunion,2WK5PJXPHYZA,Reunion 10GB - 10 Days,8.78  $,9.99  $,10,10,Yes,Limit - Maximum Data 10GB
  Reunion,ITKKLFISTQUO,Reunion 10GB - 15 Days,9.26  $,9.99  $,10,15,Yes,Limit - Maximum Data 10GB
  Reunion,CXJEIWST3ZTM,Reunion 10GB - 30 Days,9.66  $,12.99  $,10,30,Yes,Limit - Maximum Data 10GB
  Reunion,RX47NVMUWT0O,Reunion 10GB - 5 Days,7.90  $,8.99  $,10,5,Yes,Limit - Maximum Data 10GB
  Reunion,NTXIAML0EBQR,Reunion 1GB - 10 Days,2.00  $,3.99  $,1,10,Yes,Limit - Maximum Data 1GB
  Reunion,SOHGQST7THIG,Reunion 1GB - 15 Days,2.11  $,4.99  $,1,15,Yes,Limit - Maximum Data 1GB
  Reunion,H6ZFTNLJD4O9,Reunion 1GB - 30 Days,2.20  $,6.99  $,1,30,Yes,Limit - Maximum Data 1GB
  Reunion,B7VYDZCRIN6P,Reunion 1GB - 5 Days,1.80  $,2.99  $,1,5,Yes,Limit - Maximum Data 1GB
  Reunion,ULSTDS1BGN9F,Reunion 20GB - 10 Days,13.05  $,18.99  $,20,10,Yes,Limit - Maximum Data 20GB
  Reunion,UF7IJBYHEVMH,Reunion 20GB - 15 Days,13.77  $,19.99  $,20,15,Yes,Limit - Maximum Data 20GB
  Reunion,8P1K3JKVZPTC,Reunion 20GB - 30 Days,14.36  $,21.99  $,20,30,Yes,Limit - Maximum Data 20GB
  Reunion,SSIFXI7C9WOP,Reunion 20GB - 5 Days,11.75  $,17.99  $,20,5,Yes,Limit - Maximum Data 20GB
  Reunion,I0MJVSTSNMCE,Reunion 3GB - 10 Days,3.68  $,5.99  $,3,10,Yes,Limit - Maximum Data 3GB
  Reunion,C3R8AQGRZ4G7,Reunion 3GB - 15 Days,3.88  $,6.99  $,3,15,Yes,Limit - Maximum Data 3GB
  Reunion,RKJBOJMALLR2,Reunion 3GB - 30 Days,4.05  $,8.99  $,3,30,Yes,Limit - Maximum Data 3GB
  Reunion,WVMK68PCBHV9,Reunion 3GB - 5 Days,3.31  $,4.99  $,3,5,Yes,Limit - Maximum Data 3GB
  Reunion,1GCVVCGBMZ2X,Reunion 5GB - 10 Days,5.27  $,5.99  $,5,10,Yes,Limit - Maximum Data 5GB
  Reunion,OHEEAZXL57PU,Reunion 5GB - 15 Days,5.56  $,6.99  $,5,15,Yes,Limit - Maximum Data 5GB
  Reunion,8OTOEWGRXAML,Reunion 5GB - 30 Days,5.80  $,8.99  $,5,30,Yes,Limit - Maximum Data 5GB
  Reunion,TBKJDYBRNVPQ,Reunion 5GB - 5 Days,4.74  $,4.99  $,5,5,Yes,Limit - Maximum Data 5GB
  Reunion,1HXX2VJZCYVJ,Reunion Unlimited LITE - 10 Days,17.96  $,28.99  $,Unlimited,10,Yes,"Daily - 2GB per Day, then 1Mbps"
  Reunion,FXR54MRHSJ7S,Reunion Unlimited LITE - 15 Days,29.41  $,43.99  $,Unlimited,15,Yes,"Daily - 2GB per Day, then 1Mbps"
  Reunion,LMZ5RSVWJKMH,Reunion Unlimited LITE - 30 Days,51.45  $,58.99  $,Unlimited,30,Yes,"Daily - 2GB per Day, then 1Mbps"
  Reunion,D3YMA4HLXNVZ,Reunion Unlimited LITE - 5 Days,11.01  $,18.99  $,Unlimited,5,Yes,"Daily - 2GB per Day, then 1Mbps"
  Reunion,KWX1YCJXW5SS,Reunion Unlimited MAX - 10 Days,30.15  $,29.99  $,Unlimited,10,Yes,"Daily - 5GB per Day, then 1Mbps"
  Reunion,F5EWONTDUXMP,Reunion Unlimited MAX - 15 Days,39.94  $,54.99  $,Unlimited,15,Yes,"Daily - 5GB per Day, then 1Mbps"
  Reunion,3HV8PAIPLH17,Reunion Unlimited MAX - 30 Days,70.69  $,44.99  $,Unlimited,30,Yes,"Daily - 5GB per Day, then 1Mbps"
  Reunion,MA5FF11EIAZO,Reunion Unlimited MAX - 5 Days,16.23  $,24.99  $,Unlimited,5,Yes,"Daily - 5GB per Day, then 1Mbps"
  Reunion,M2HE4V5KBZKQ,Reunion Unlimited STANDARD - 10 Days,18.33  $,24.99  $,Unlimited,10,Yes,"Daily - 3GB per Day, then 1Mbps"
  Reunion,52R9NG0KX7JV,Reunion Unlimited STANDARD - 15 Days,29.67  $,44.99  $,Unlimited,15,Yes,"Daily - 3GB per Day, then 1Mbps"
  Reunion,SRQAYBCIXRUL,Reunion Unlimited STANDARD - 30 Days,53.09  $,59.99  $,Unlimited,30,Yes,"Daily - 3GB per Day, then 1Mbps"
  Reunion,D5P9OWZBNNAX,Reunion Unlimited STANDARD - 5 Days,11.01  $,14.99  $,Unlimited,5,Yes,"Daily - 3GB per Day, then 1Mbps"
  Romania,RP19ZN06ICDC,Romania 10GB - 10 Days,6.00  $,9.99  $,10,10,Yes,Limit - Maximum Data 10GB
  Romania,RHQLWXV6MKBF,Romania 10GB - 15 Days,6.32  $,9.99  $,10,15,Yes,Limit - Maximum Data 10GB
  Romania,JGZUW4LHTM9R,Romania 10GB - 30 Days,6.59  $,12.99  $,10,30,Yes,Limit - Maximum Data 10GB
  Romania,KJSW5V4ZQMXD,Romania 10GB - 5 Days,5.40  $,8.99  $,10,5,Yes,Limit - Maximum Data 10GB
  Romania,3XUJFRP3E8CZ,Romania 1GB - 10 Days,2.00  $,3.99  $,1,10,Yes,Limit - Maximum Data 1GB
  Romania,PDK2AANREFFU,Romania 1GB - 15 Days,2.11  $,4.99  $,1,15,Yes,Limit - Maximum Data 1GB
  Romania,U8BSYVDAR9SI,Romania 1GB - 30 Days,2.20  $,6.99  $,1,30,Yes,Limit - Maximum Data 1GB
  Romania,WNYCQ5M9ZUTL,Romania 1GB - 5 Days,1.80  $,2.99  $,1,5,Yes,Limit - Maximum Data 1GB
  Romania,JNOGR7W1C2HB,Romania 20GB - 10 Days,9.00  $,18.99  $,20,10,Yes,Limit - Maximum Data 20GB
  Romania,AQSILDW1YM2L,Romania 20GB - 15 Days,9.49  $,19.99  $,20,15,Yes,Limit - Maximum Data 20GB
  Romania,AEUYC2GCJVDI,Romania 20GB - 30 Days,9.89  $,21.99  $,20,30,Yes,Limit - Maximum Data 20GB
  Romania,0WMK83QT1RF7,Romania 20GB - 5 Days,8.10  $,17.99  $,20,5,Yes,Limit - Maximum Data 20GB
  Romania,Q4MXMPXQUPTM,Romania 3GB - 10 Days,3.00  $,7.99  $,3,10,Yes,Limit - Maximum Data 3GB
  Romania,MWDJ9H80DFZ3,Romania 3GB - 15 Days,3.16  $,8.99  $,3,15,Yes,Limit - Maximum Data 3GB
  Romania,OPJ7IBXNPCLE,Romania 3GB - 30 Days,3.29  $,9.99  $,3,30,Yes,Limit - Maximum Data 3GB
  Romania,C690GFPQFSXA,Romania 3GB - 5 Days,2.70  $,7.99  $,3,5,Yes,Limit - Maximum Data 3GB
  Romania,XTI2NTFJQ7ZP,Romania 5GB - 10 Days,4.00  $,5.99  $,5,10,Yes,Limit - Maximum Data 5GB
  Romania,7GNILOUWX2AP,Romania 5GB - 15 Days,4.21  $,6.99  $,5,15,Yes,Limit - Maximum Data 5GB
  Romania,MB6P5SMUZCJW,Romania 5GB - 30 Days,4.39  $,8.99  $,5,30,Yes,Limit - Maximum Data 5GB
  Romania,FHNQYSJ5TA5M,Romania 5GB - 5 Days,3.60  $,4.99  $,5,5,Yes,Limit - Maximum Data 5GB
  Romania,WDMY4MT3CNU9,Romania Unlimited LITE - 10 Days,14.49  $,24.99  $,Unlimited,10,Yes,"Daily - 2GB per Day, then 1Mbps"
  Romania,H3Q87BO25OED,Romania Unlimited LITE - 15 Days,19.13  $,32.99  $,Unlimited,15,Yes,"Daily - 2GB per Day, then 1Mbps"
  Romania,AYLS2CUJWKIT,Romania Unlimited LITE - 30 Days,27.96  $,40.99  $,Unlimited,30,Yes,"Daily - 2GB per Day, then 1Mbps"
  Romania,S6E9F0II1TEH,Romania Unlimited LITE - 5 Days,9.85  $,16.99  $,Unlimited,5,Yes,"Daily - 2GB per Day, then 1Mbps"
  Romania,FP2PMVI91O7A,Romania Unlimited MAX - 10 Days,22.44  $,29.99  $,Unlimited,10,Yes,"Daily - 5GB per Day, then 1Mbps"
  Romania,P4SAK63OBA7J,Romania Unlimited MAX - 15 Days,27.66  $,49.99  $,Unlimited,15,Yes,"Daily - 5GB per Day, then 1Mbps"
  Romania,WTXPBC2U3Z1N,Romania Unlimited MAX - 30 Days,38.32  $,59.99  $,Unlimited,30,Yes,"Daily - 5GB per Day, then 1Mbps"
  Romania,SMZT5E9C4B0I,Romania Unlimited MAX - 5 Days,12.52  $,24.99  $,Unlimited,5,Yes,"Daily - 5GB per Day, then 1Mbps"
  Romania,XI9LDBTP2GBC,Romania Unlimited STANDARD - 10 Days,14.49  $,24.99  $,Unlimited,10,Yes,"Daily - 3GB per Day, then 1Mbps"
  Romania,TGFRDJ7PFGSQ,Romania Unlimited STANDARD - 15 Days,19.13  $,39.99  $,Unlimited,15,Yes,"Daily - 3GB per Day, then 1Mbps"
  Romania,4QXLZOAAEHPW,Romania Unlimited STANDARD - 30 Days,30.50  $,49.99  $,Unlimited,30,Yes,"Daily - 3GB per Day, then 1Mbps"
  Romania,7PXNW4EPJRFB,Romania Unlimited STANDARD - 5 Days,9.85  $,14.99  $,Unlimited,5,Yes,"Daily - 3GB per Day, then 1Mbps"
  Russia,OUK5S2P5QCTZ,Russia 10GB - 10 Days,12.10  $,13.99  $,10,10,Yes,Limit - Maximum Data 10GB
  Russia,XZ1OBHRKMKEE,Russia 10GB - 15 Days,12.77  $,14.99  $,10,15,Yes,Limit - Maximum Data 10GB
  Russia,32HVXKE7AE8M,Russia 10GB - 30 Days,13.31  $,16.99  $,10,30,Yes,Limit - Maximum Data 10GB
  Russia,UXVCLDNE25QD,Russia 10GB - 5 Days,10.89  $,12.99  $,10,5,Yes,Limit - Maximum Data 10GB
  Russia,19BKHC7YKXZB,Russia 1GB - 10 Days,2.50  $,4.99  $,1,10,Yes,Limit - Maximum Data 1GB
  Russia,M23EQT0HTHR1,Russia 1GB - 15 Days,2.63  $,4.99  $,1,15,Yes,Limit - Maximum Data 1GB
  Russia,SZ1C7PRBCAIX,Russia 1GB - 30 Days,2.74  $,7.99  $,1,30,Yes,Limit - Maximum Data 1GB
  Russia,3RHE4IOLBUD1,Russia 1GB - 5 Days,2.25  $,3.99  $,1,5,Yes,Limit - Maximum Data 1GB
  Russia,SR6BBDIOBVVD,Russia 20GB - 10 Days,18.08  $,24.99  $,20,10,Yes,Limit - Maximum Data 20GB
  Russia,060XSEIKFYPT,Russia 20GB - 15 Days,19.07  $,24.99  $,20,15,Yes,Limit - Maximum Data 20GB
  Russia,D5PO7XVYLJID,Russia 20GB - 30 Days,19.89  $,27.99  $,20,30,Yes,Limit - Maximum Data 20GB
  Russia,A3SSJLVONGPX,Russia 20GB - 5 Days,16.27  $,23.99  $,20,5,Yes,Limit - Maximum Data 20GB
  Russia,8WLZPYPRMSOI,Russia 3GB - 10 Days,4.94  $,9.99  $,3,10,Yes,Limit - Maximum Data 3GB
  Russia,WZTYUVFP1ZQ4,Russia 3GB - 15 Days,5.21  $,10.99  $,3,15,Yes,Limit - Maximum Data 3GB
  Russia,DVGO1DSYHVSY,Russia 3GB - 30 Days,5.43  $,11.99  $,3,30,Yes,Limit - Maximum Data 3GB
  Russia,JCZTWU7TPSXH,Russia 3GB - 5 Days,4.45  $,8.99  $,3,5,Yes,Limit - Maximum Data 3GB
  Russia,YACF8F7RBPQL,Russia 5GB - 10 Days,7.17  $,6.99  $,5,10,Yes,Limit - Maximum Data 5GB
  Russia,LAKJVDOR0DWW,Russia 5GB - 15 Days,7.56  $,7.99  $,5,15,Yes,Limit - Maximum Data 5GB
  Russia,S9A1L2HB2EO9,Russia 5GB - 30 Days,7.89  $,9.99  $,5,30,Yes,Limit - Maximum Data 5GB
  Russia,EEHUCDZPLT7Z,Russia 5GB - 5 Days,6.45  $,5.99  $,5,5,Yes,Limit - Maximum Data 5GB
  Russia,XHFIUOVL0GCE,Russia Unlimited MAX - 10 Days,35.04  $,49.99  $,Unlimited,10,Yes,"Daily - 5GB per Day, then 1Mbps"
  Russia,F6COOBJNN4DP,Russia Unlimited MAX - 15 Days,55.70  $,59.99  $,Unlimited,15,Yes,"Daily - 5GB per Day, then 1Mbps"
  Russia,XDJZN8377TE0,Russia Unlimited MAX - 30 Days,80.99  $,89.99  $,Unlimited,30,Yes,"Daily - 5GB per Day, then 1Mbps"
  Russia,XDK0WJTMBDOF,Russia Unlimited MAX - 5 Days,20.29  $,29.99  $,Unlimited,5,Yes,"Daily - 5GB per Day, then 1Mbps"
  Russia,ME8SO6HEX4ZO,Russia Unlimited STANDARD - 10 Days,25.45  $,44.99  $,Unlimited,10,Yes,"Daily - 3GB per Day, then 1Mbps"
  Russia,MHM1Z2TJ6Z90,Russia Unlimited STANDARD - 15 Days,41.32  $,49.99  $,Unlimited,15,Yes,"Daily - 3GB per Day, then 1Mbps"
  Russia,M9OGT14WLULR,Russia Unlimited STANDARD - 30 Days,71.99  $,79.99  $,Unlimited,30,Yes,"Daily - 3GB per Day, then 1Mbps"
  Russia,PHAYGXXHSAQG,Russia Unlimited STANDARD - 5 Days,17.39  $,24.99  $,Unlimited,5,Yes,"Daily - 3GB per Day, then 1Mbps"
  Rwanda,5KXFV2SXUMOO,Rwanda 10GB - 10 Days,80.20  $,41.99  $,10,10,Yes,Limit - Maximum Data 10GB
  Rwanda,A7ZEUI5UCP0T,Rwanda 10GB - 15 Days,84.61  $,42.99  $,10,15,Yes,Limit - Maximum Data 10GB
  Rwanda,D4JQCBHVJCK6,Rwanda 10GB - 30 Days,88.22  $,46.99  $,10,30,Yes,Limit - Maximum Data 10GB
  Rwanda,RLSC7YVJIZSB,Rwanda 10GB - 5 Days,72.18  $,40.99  $,10,5,Yes,Limit - Maximum Data 10GB
  Rwanda,CFXILZKGF4N1,Rwanda 1GB - 10 Days,13.06  $,5.99  $,1,10,Yes,Limit - Maximum Data 1GB
  Rwanda,UJ7RPWIWSZHC,Rwanda 1GB - 15 Days,13.78  $,6.99  $,1,15,Yes,Limit - Maximum Data 1GB
  Rwanda,5U2OLWBQJ2UK,Rwanda 1GB - 30 Days,14.37  $,8.99  $,1,30,Yes,Limit - Maximum Data 1GB
  Rwanda,K5GGB7DMT1W3,Rwanda 1GB - 5 Days,11.75  $,4.99  $,1,5,Yes,Limit - Maximum Data 1GB
  Rwanda,QXOCE2DY3NOF,Rwanda 3GB - 10 Days,30.80  $,14.99  $,3,10,Yes,Limit - Maximum Data 3GB
  Rwanda,7ANMSU9OROPO,Rwanda 3GB - 15 Days,32.49  $,14.99  $,3,15,Yes,Limit - Maximum Data 3GB
  Rwanda,E3YKWUKUWLKH,Rwanda 3GB - 30 Days,33.88  $,17.99  $,3,30,Yes,Limit - Maximum Data 3GB
  Rwanda,IHHUHOB1TUQP,Rwanda 3GB - 5 Days,27.72  $,13.99  $,3,5,Yes,Limit - Maximum Data 3GB
  Rwanda,4I6IKVLCEMS9,Rwanda 5GB - 10 Days,46.24  $,24.99  $,5,10,Yes,Limit - Maximum Data 5GB
  Rwanda,EQAZUTVIYROP,Rwanda 5GB - 15 Days,48.78  $,24.99  $,5,15,Yes,Limit - Maximum Data 5GB
  Rwanda,I5HSDWHXQ0K8,Rwanda 5GB - 30 Days,50.86  $,27.99  $,5,30,Yes,Limit - Maximum Data 5GB
  Rwanda,7YLY0UKAWO2J,Rwanda 5GB - 5 Days,41.62  $,23.99  $,5,5,Yes,Limit - Maximum Data 5GB
  Saint Barthelemy,YQZ2T3AR8RTJ,Saint Barthelemy 10GB - 10 Days,41.50  $,9.99  $,10,10,Yes,Limit - Maximum Data 10GB
  Saint Barthelemy,FHDW5Q8RSSY3,Saint Barthelemy 10GB - 15 Days,43.78  $,9.99  $,10,15,Yes,Limit - Maximum Data 10GB
  Saint Barthelemy,BIO5L9FGCOYJ,Saint Barthelemy 10GB - 30 Days,45.64  $,12.99  $,10,30,Yes,Limit - Maximum Data 10GB
  Saint Barthelemy,BVTROL7DY8AD,Saint Barthelemy 10GB - 5 Days,37.35  $,8.99  $,10,5,Yes,Limit - Maximum Data 10GB
  Saint Barthelemy,UCJA3PSA051U,Saint Barthelemy 1GB - 10 Days,5.50  $,3.99  $,1,10,Yes,Limit - Maximum Data 1GB
  Saint Barthelemy,9ESQH0BOQLJJ,Saint Barthelemy 1GB - 15 Days,5.80  $,4.99  $,1,15,Yes,Limit - Maximum Data 1GB
  Saint Barthelemy,YG9XWPZYL3VS,Saint Barthelemy 1GB - 30 Days,6.04  $,6.99  $,1,30,Yes,Limit - Maximum Data 1GB
  Saint Barthelemy,YPNQACMTF2H1,Saint Barthelemy 1GB - 5 Days,4.95  $,2.99  $,1,5,Yes,Limit - Maximum Data 1GB
  Saint Barthelemy,TX4GHUPZUGKD,Saint Barthelemy 20GB - 10 Days,77.00  $,18.99  $,20,10,Yes,Limit - Maximum Data 20GB
  Saint Barthelemy,KINGZEX4RUW1,Saint Barthelemy 20GB - 15 Days,81.23  $,19.99  $,20,15,Yes,Limit - Maximum Data 20GB
  Saint Barthelemy,1PFTV3THNAD1,Saint Barthelemy 20GB - 30 Days,84.69  $,21.99  $,20,30,Yes,Limit - Maximum Data 20GB
  Saint Barthelemy,LNLKCPXWK5XB,Saint Barthelemy 20GB - 5 Days,69.30  $,17.99  $,20,5,Yes,Limit - Maximum Data 20GB
  Saint Barthelemy,F710JL4MTCOJ,Saint Barthelemy 3GB - 10 Days,15.00  $,14.99  $,3,10,Yes,Limit - Maximum Data 3GB
  Saint Barthelemy,WC6N5HUSYKTQ,Saint Barthelemy 3GB - 15 Days,15.82  $,14.99  $,3,15,Yes,Limit - Maximum Data 3GB
  Saint Barthelemy,RUCNM9UAHHPO,Saint Barthelemy 3GB - 30 Days,16.49  $,17.99  $,3,30,Yes,Limit - Maximum Data 3GB
  Saint Barthelemy,CAF7ZYIMHCGK,Saint Barthelemy 3GB - 5 Days,13.50  $,13.99  $,3,5,Yes,Limit - Maximum Data 3GB
  Saint Barthelemy,BP7ICG5DKNVX,Saint Barthelemy 5GB - 10 Days,22.00  $,5.99  $,5,10,Yes,Limit - Maximum Data 5GB
  Saint Barthelemy,AM0DFVNYO7WI,Saint Barthelemy 5GB - 15 Days,23.20  $,6.99  $,5,15,Yes,Limit - Maximum Data 5GB
  Saint Barthelemy,ECTY6OJXIQDF,Saint Barthelemy 5GB - 30 Days,24.19  $,8.99  $,5,30,Yes,Limit - Maximum Data 5GB
  Saint Barthelemy,RJ1LYFTZVTCM,Saint Barthelemy 5GB - 5 Days,19.80  $,4.99  $,5,5,Yes,Limit - Maximum Data 5GB
  Saint Kitts and Nevis,TFSJG1KE62NN,Saint Kitts and Nevis 10GB - 10 Days,27.93  $,41.99  $,10,10,Yes,Limit - Maximum Data 10GB
  Saint Kitts and Nevis,LM2JMVCN49GR,Saint Kitts and Nevis 10GB - 15 Days,29.47  $,42.99  $,10,15,Yes,Limit - Maximum Data 10GB
  Saint Kitts and Nevis,TTAHDA0I2B6X,Saint Kitts and Nevis 10GB - 30 Days,30.72  $,46.99  $,10,30,Yes,Limit - Maximum Data 10GB
  Saint Kitts and Nevis,YRKDVLX8QN95,Saint Kitts and Nevis 10GB - 5 Days,25.14  $,40.99  $,10,5,Yes,Limit - Maximum Data 10GB
  Saint Kitts and Nevis,SO7MNDBQJ8CE,Saint Kitts and Nevis 1GB - 10 Days,4.89  $,5.99  $,1,10,Yes,Limit - Maximum Data 1GB
  Saint Kitts and Nevis,ATERZ1BYD2YL,Saint Kitts and Nevis 1GB - 15 Days,5.16  $,6.99  $,1,15,Yes,Limit - Maximum Data 1GB
  Saint Kitts and Nevis,KOLBJZHCEAZC,Saint Kitts and Nevis 1GB - 30 Days,5.38  $,8.99  $,1,30,Yes,Limit - Maximum Data 1GB
  Saint Kitts and Nevis,5DSTH4DKFEB6,Saint Kitts and Nevis 1GB - 5 Days,4.40  $,4.99  $,1,5,Yes,Limit - Maximum Data 1GB
  Saint Kitts and Nevis,NEDZAGY3BRFL,Saint Kitts and Nevis 20GB - 10 Days,42.10  $,61.99  $,20,10,Yes,Limit - Maximum Data 20GB
  Saint Kitts and Nevis,YCOL7QLND6M5,Saint Kitts and Nevis 20GB - 15 Days,44.42  $,62.99  $,20,15,Yes,Limit - Maximum Data 20GB
  Saint Kitts and Nevis,UZCCOBSQLTXM,Saint Kitts and Nevis 20GB - 30 Days,46.31  $,66.99  $,20,30,Yes,Limit - Maximum Data 20GB
  Saint Kitts and Nevis,MSWEU7ANHNYX,Saint Kitts and Nevis 20GB - 5 Days,37.89  $,60.99  $,20,5,Yes,Limit - Maximum Data 20GB
  Saint Kitts and Nevis,KDXCCMOYRYPE,Saint Kitts and Nevis 3GB - 10 Days,10.95  $,14.99  $,3,10,Yes,Limit - Maximum Data 3GB
  Saint Kitts and Nevis,EBRPAEZTUWMV,Saint Kitts and Nevis 3GB - 15 Days,11.55  $,14.99  $,3,15,Yes,Limit - Maximum Data 3GB
  Saint Kitts and Nevis,JD8T3HWZ4T2M,Saint Kitts and Nevis 3GB - 30 Days,12.05  $,17.99  $,3,30,Yes,Limit - Maximum Data 3GB
  Saint Kitts and Nevis,CYRLYVQ9N8LX,Saint Kitts and Nevis 3GB - 5 Days,9.86  $,13.99  $,3,5,Yes,Limit - Maximum Data 3GB
  Saint Kitts and Nevis,WPW4UJDCRT00,Saint Kitts and Nevis 5GB - 10 Days,16.25  $,24.99  $,5,10,Yes,Limit - Maximum Data 5GB
  Saint Kitts and Nevis,FVC42ETRFNGQ,Saint Kitts and Nevis 5GB - 15 Days,17.14  $,24.99  $,5,15,Yes,Limit - Maximum Data 5GB
  Saint Kitts and Nevis,GX0XLK1FDVF8,Saint Kitts and Nevis 5GB - 30 Days,17.88  $,27.99  $,5,30,Yes,Limit - Maximum Data 5GB
  Saint Kitts and Nevis,ZFSOBO4PUCZO,Saint Kitts and Nevis 5GB - 5 Days,14.63  $,23.99  $,5,5,Yes,Limit - Maximum Data 5GB
  Saint Lucia,KCHUS9TKGGT2,Saint Lucia 10GB - 10 Days,27.93  $,41.99  $,10,10,Yes,Limit - Maximum Data 10GB
  Saint Lucia,KUXQZLPCMZVX,Saint Lucia 10GB - 15 Days,29.47  $,42.99  $,10,15,Yes,Limit - Maximum Data 10GB
  Saint Lucia,OGH8MRIQDTYC,Saint Lucia 10GB - 30 Days,30.72  $,46.99  $,10,30,Yes,Limit - Maximum Data 10GB
  Saint Lucia,WX1QEZMUPQOX,Saint Lucia 10GB - 5 Days,25.14  $,40.99  $,10,5,Yes,Limit - Maximum Data 10GB
  Saint Lucia,TDM56SP3H4BJ,Saint Lucia 1GB - 10 Days,4.89  $,5.99  $,1,10,Yes,Limit - Maximum Data 1GB
  Saint Lucia,GPOUKLI0BKB2,Saint Lucia 1GB - 15 Days,5.16  $,6.99  $,1,15,Yes,Limit - Maximum Data 1GB
  Saint Lucia,72TNGRCA0OVO,Saint Lucia 1GB - 30 Days,5.38  $,8.99  $,1,30,Yes,Limit - Maximum Data 1GB
  Saint Lucia,FV1RPLWHZY9E,Saint Lucia 1GB - 5 Days,4.40  $,4.99  $,1,5,Yes,Limit - Maximum Data 1GB
  Saint Lucia,P1DOWVMU7SLK,Saint Lucia 20GB - 10 Days,42.10  $,61.99  $,20,10,Yes,Limit - Maximum Data 20GB
  Saint Lucia,UZ8IHQWYZB4O,Saint Lucia 20GB - 15 Days,44.42  $,62.99  $,20,15,Yes,Limit - Maximum Data 20GB
  Saint Lucia,TZSMG5RQSMIL,Saint Lucia 20GB - 30 Days,46.31  $,66.99  $,20,30,Yes,Limit - Maximum Data 20GB
  Saint Lucia,6MJAA4OS238Z,Saint Lucia 20GB - 5 Days,37.89  $,60.99  $,20,5,Yes,Limit - Maximum Data 20GB
  Saint Lucia,N9ZA5GIDP37W,Saint Lucia 3GB - 10 Days,10.95  $,14.99  $,3,10,Yes,Limit - Maximum Data 3GB
  Saint Lucia,V9IULYPPSA4Z,Saint Lucia 3GB - 15 Days,11.55  $,14.99  $,3,15,Yes,Limit - Maximum Data 3GB
  Saint Lucia,BRVLJEFRHRWP,Saint Lucia 3GB - 30 Days,12.05  $,17.99  $,3,30,Yes,Limit - Maximum Data 3GB
  Saint Lucia,7TGOCM9WAYIH,Saint Lucia 3GB - 5 Days,9.86  $,13.99  $,3,5,Yes,Limit - Maximum Data 3GB
  Saint Lucia,E7LTG0KS0DMH,Saint Lucia 5GB - 10 Days,16.25  $,24.99  $,5,10,Yes,Limit - Maximum Data 5GB
  Saint Lucia,BLMKLCUD0PIL,Saint Lucia 5GB - 15 Days,17.14  $,24.99  $,5,15,Yes,Limit - Maximum Data 5GB
  Saint Lucia,ZGPS3QI1ENJN,Saint Lucia 5GB - 30 Days,17.88  $,27.99  $,5,30,Yes,Limit - Maximum Data 5GB
  Saint Lucia,4MGYPYKZRFRS,Saint Lucia 5GB - 5 Days,14.63  $,23.99  $,5,5,Yes,Limit - Maximum Data 5GB
  Saint Martin,RMYZPBHNZCQC,Saint Martin 10GB - 10 Days,27.93  $,9.99  $,10,10,Yes,Limit - Maximum Data 10GB
  Saint Martin,EFOFGZBHO640,Saint Martin 10GB - 15 Days,29.47  $,9.99  $,10,15,Yes,Limit - Maximum Data 10GB
  Saint Martin,AXTN0FDJ2KS1,Saint Martin 10GB - 30 Days,30.72  $,12.99  $,10,30,Yes,Limit - Maximum Data 10GB
  Saint Martin,HNYTJTI645DE,Saint Martin 10GB - 5 Days,25.14  $,8.99  $,10,5,Yes,Limit - Maximum Data 10GB
  Saint Martin,ZQAG1G0KYBW6,Saint Martin 1GB - 10 Days,4.89  $,3.99  $,1,10,Yes,Limit - Maximum Data 1GB
  Saint Martin,N530A9MDYIZF,Saint Martin 1GB - 15 Days,5.16  $,4.99  $,1,15,Yes,Limit - Maximum Data 1GB
  Saint Martin,M4AANRODO7EB,Saint Martin 1GB - 30 Days,5.38  $,6.99  $,1,30,Yes,Limit - Maximum Data 1GB
  Saint Martin,AWIRGUQMWLEK,Saint Martin 1GB - 5 Days,4.40  $,2.99  $,1,5,Yes,Limit - Maximum Data 1GB
  Saint Martin,QGKU1RNKELTZ,Saint Martin 20GB - 10 Days,42.10  $,18.99  $,20,10,Yes,Limit - Maximum Data 20GB
  Saint Martin,HAIIOJ4JXKW5,Saint Martin 20GB - 15 Days,44.42  $,19.99  $,20,15,Yes,Limit - Maximum Data 20GB
  Saint Martin,V0CATHKGG5Y6,Saint Martin 20GB - 30 Days,46.31  $,21.99  $,20,30,Yes,Limit - Maximum Data 20GB
  Saint Martin,DRBOV8A7HBYS,Saint Martin 20GB - 5 Days,37.89  $,17.99  $,20,5,Yes,Limit - Maximum Data 20GB
  Saint Martin,2RDUXN0FCS1X,Saint Martin 3GB - 10 Days,10.95  $,18.99  $,3,10,Yes,Limit - Maximum Data 3GB
  Saint Martin,QSUGSHWRBHBV,Saint Martin 3GB - 15 Days,11.55  $,19.99  $,3,15,Yes,Limit - Maximum Data 3GB
  Saint Martin,E5CNX2UMQKZB,Saint Martin 3GB - 30 Days,12.05  $,20.99  $,3,30,Yes,Limit - Maximum Data 3GB
  Saint Martin,3H0TH5JXSUVP,Saint Martin 3GB - 5 Days,9.86  $,17.99  $,3,5,Yes,Limit - Maximum Data 3GB
  Saint Martin,8YQM8HA9KVSF,Saint Martin 5GB - 10 Days,16.25  $,5.99  $,5,10,Yes,Limit - Maximum Data 5GB
  Saint Martin,GOMNWXCAZ9XD,Saint Martin 5GB - 15 Days,17.14  $,6.99  $,5,15,Yes,Limit - Maximum Data 5GB
  Saint Martin,CAJ2XE7REPK9,Saint Martin 5GB - 30 Days,17.88  $,8.99  $,5,30,Yes,Limit - Maximum Data 5GB
  Saint Martin,VZOVEC9ORC47,Saint Martin 5GB - 5 Days,14.63  $,4.99  $,5,5,Yes,Limit - Maximum Data 5GB
  Samoa,HERVPUFNKO0T,Samoa 1GB - 10 Days,26.99  $,9.99  $,1,10,Yes,Limit - Maximum Data 1GB
  Samoa,GPW9RCBZPMIH,Samoa 1GB - 15 Days,28.48  $,9.99  $,1,15,Yes,Limit - Maximum Data 1GB
  Samoa,NSPFYEFHKJDD,Samoa 1GB - 30 Days,29.69  $,12.99  $,1,30,Yes,Limit - Maximum Data 1GB
  Samoa,S3JYWLJQOETZ,Samoa 1GB - 5 Days,24.29  $,8.99  $,1,5,Yes,Limit - Maximum Data 1GB
  Samoa,GDUE0FETJQVJ,Samoa 3GB - 10 Days,73.22  $,19.99  $,3,10,Yes,Limit - Maximum Data 3GB
  Samoa,ZNASU0EJLSU0,Samoa 3GB - 15 Days,77.25  $,19.99  $,3,15,Yes,Limit - Maximum Data 3GB
  Samoa,6UL4K317V3CF,Samoa 3GB - 30 Days,80.54  $,22.99  $,3,30,Yes,Limit - Maximum Data 3GB
  Samoa,28JVDBHIDL0T,Samoa 3GB - 5 Days,65.90  $,18.99  $,3,5,Yes,Limit - Maximum Data 3GB
  Samoa,9AMY4TPA35IZ,Samoa 5GB - 10 Days,110.35  $,33.99  $,5,10,Yes,Limit - Maximum Data 5GB
  Samoa,2ZPCIAWPLGU3,Samoa 5GB - 15 Days,116.42  $,34.99  $,5,15,Yes,Limit - Maximum Data 5GB
  Samoa,G9XOMG2XFTDR,Samoa 5GB - 30 Days,121.39  $,36.99  $,5,30,Yes,Limit - Maximum Data 5GB
  Samoa,ZOGMUCJCF7IY,Samoa 5GB - 5 Days,99.32  $,32.99  $,5,5,Yes,Limit - Maximum Data 5GB
  San Marino,0OKZJ8A3GSEL,San Marino 10GB - 10 Days,8.14  $,9.99  $,10,10,Yes,Limit - Maximum Data 10GB
  San Marino,YIYKL8NSKEFY,San Marino 10GB - 15 Days,8.59  $,9.99  $,10,15,Yes,Limit - Maximum Data 10GB
  San Marino,B5JXAN2DFNCQ,San Marino 10GB - 30 Days,8.95  $,12.99  $,10,30,Yes,Limit - Maximum Data 10GB
  San Marino,LODMESDG4FQW,San Marino 10GB - 5 Days,7.33  $,8.99  $,10,5,Yes,Limit - Maximum Data 10GB
  San Marino,2AQVYW2FAHKW,San Marino 1GB - 10 Days,2.00  $,3.99  $,1,10,Yes,Limit - Maximum Data 1GB
  San Marino,6KZPIYFQLT4O,San Marino 1GB - 15 Days,2.11  $,4.99  $,1,15,Yes,Limit - Maximum Data 1GB
  San Marino,K6BJBIUIHSZG,San Marino 1GB - 30 Days,2.20  $,6.99  $,1,30,Yes,Limit - Maximum Data 1GB
  San Marino,RNTK0HJNXAL5,San Marino 1GB - 5 Days,1.80  $,2.99  $,1,5,Yes,Limit - Maximum Data 1GB
  San Marino,PG9CZM7X0THI,San Marino 20GB - 10 Days,12.08  $,18.99  $,20,10,Yes,Limit - Maximum Data 20GB
  San Marino,CD6K74SCFEBZ,San Marino 20GB - 15 Days,12.74  $,19.99  $,20,15,Yes,Limit - Maximum Data 20GB
  San Marino,CTZIBTQDUNLV,San Marino 20GB - 30 Days,13.29  $,21.99  $,20,30,Yes,Limit - Maximum Data 20GB
  San Marino,BCVX88K19LFB,San Marino 20GB - 5 Days,10.87  $,17.99  $,20,5,Yes,Limit - Maximum Data 20GB
  San Marino,ZIMF1EPJUSVW,San Marino 3GB - 10 Days,3.44  $,5.99  $,3,10,Yes,Limit - Maximum Data 3GB
  San Marino,V7RR5BCVRWKA,San Marino 3GB - 15 Days,3.63  $,6.99  $,3,15,Yes,Limit - Maximum Data 3GB
  San Marino,FVZ6OWA04EYZ,San Marino 3GB - 30 Days,3.78  $,7.99  $,3,30,Yes,Limit - Maximum Data 3GB
  San Marino,IJVIOAPRAZOJ,San Marino 3GB - 5 Days,3.10  $,5.99  $,3,5,Yes,Limit - Maximum Data 3GB
  San Marino,DCPM7MOQYACD,San Marino 5GB - 10 Days,4.90  $,5.99  $,5,10,Yes,Limit - Maximum Data 5GB
  San Marino,O8FW6LWN5DPZ,San Marino 5GB - 15 Days,5.17  $,6.99  $,5,15,Yes,Limit - Maximum Data 5GB
  San Marino,OXPGJH7EON3V,San Marino 5GB - 30 Days,5.39  $,8.99  $,5,30,Yes,Limit - Maximum Data 5GB
  San Marino,ZYQTNAD2PVGC,San Marino 5GB - 5 Days,4.41  $,4.99  $,5,5,Yes,Limit - Maximum Data 5GB
  San Marino,82QRBYWXFDCK,San Marino Unlimited LITE - 10 Days,16.62  $,24.99  $,Unlimited,10,Yes,"Daily - 2GB per Day, then 1Mbps"
  San Marino,XSEJRUAUAQPS,San Marino Unlimited LITE - 15 Days,27.19  $,32.99  $,Unlimited,15,Yes,"Daily - 2GB per Day, then 1Mbps"
  San Marino,1RBZSOZKD4A9,San Marino Unlimited LITE - 30 Days,36.89  $,40.99  $,Unlimited,30,Yes,"Daily - 2GB per Day, then 1Mbps"
  San Marino,5ZMZIJTDTFZC,San Marino Unlimited LITE - 5 Days,9.85  $,16.99  $,Unlimited,5,Yes,"Daily - 2GB per Day, then 1Mbps"
  San Marino,LAHEDXOCI15K,San Marino Unlimited MAX - 10 Days,24.93  $,34.99  $,Unlimited,10,Yes,"Daily - 5GB per Day, then 1Mbps"
  San Marino,R7OPSNBVZLBU,San Marino Unlimited MAX - 15 Days,36.91  $,49.99  $,Unlimited,15,Yes,"Daily - 5GB per Day, then 1Mbps"
  San Marino,E4UWZ1NKHD7S,San Marino Unlimited MAX - 30 Days,58.49  $,44.99  $,Unlimited,30,Yes,"Daily - 5GB per Day, then 1Mbps"
  San Marino,CB1XQC4C0ZAE,San Marino Unlimited MAX - 5 Days,13.91  $,24.99  $,Unlimited,5,Yes,"Daily - 5GB per Day, then 1Mbps"
  San Marino,G3W16RRAU2VP,San Marino Unlimited STANDARD - 10 Days,16.97  $,29.99  $,Unlimited,10,Yes,"Daily - 3GB per Day, then 1Mbps"
  San Marino,OTIDRQ5INHBA,San Marino Unlimited STANDARD - 15 Days,27.43  $,39.99  $,Unlimited,15,Yes,"Daily - 3GB per Day, then 1Mbps"
  San Marino,LVSDR39YPR9N,San Marino Unlimited STANDARD - 30 Days,36.89  $,49.99  $,Unlimited,30,Yes,"Daily - 3GB per Day, then 1Mbps"
  San Marino,SZZGWRDGF5NS,San Marino Unlimited STANDARD - 5 Days,9.85  $,19.99  $,Unlimited,5,Yes,"Daily - 3GB per Day, then 1Mbps"
  Saudi Arabia,FJLB6HFSO3OC,Saudi Arabia 10GB - 10 Days,12.09  $,15.99  $,10,10,Yes,Limit - Maximum Data 10GB
  Saudi Arabia,FB2J6Y4WZNF6,Saudi Arabia 10GB - 15 Days,12.75  $,16.99  $,10,15,Yes,Limit - Maximum Data 10GB
  Saudi Arabia,L7JKZLIXWCMV,Saudi Arabia 10GB - 30 Days,13.30  $,18.99  $,10,30,Yes,Limit - Maximum Data 10GB
  Saudi Arabia,LNZ9AQBLJU7P,Saudi Arabia 10GB - 5 Days,10.88  $,14.99  $,10,5,Yes,Limit - Maximum Data 10GB
  Saudi Arabia,ZW27NFVDX7GP,Saudi Arabia 1GB - 10 Days,3.00  $,4.99  $,1,10,Yes,Limit - Maximum Data 1GB
  Saudi Arabia,GDWXLZQSIYBQ,Saudi Arabia 1GB - 15 Days,3.16  $,4.99  $,1,15,Yes,Limit - Maximum Data 1GB
  Saudi Arabia,UOBNYLYXO5NV,Saudi Arabia 1GB - 30 Days,3.29  $,7.99  $,1,30,Yes,Limit - Maximum Data 1GB
  Saudi Arabia,2TQFFQOUKX5E,Saudi Arabia 1GB - 5 Days,2.70  $,3.99  $,1,5,Yes,Limit - Maximum Data 1GB
  Saudi Arabia,3DGFZTLJ4NFL,Saudi Arabia 20GB - 10 Days,19.00  $,25.99  $,20,10,Yes,Limit - Maximum Data 20GB
  Saudi Arabia,JCMASHKDBKIX,Saudi Arabia 20GB - 15 Days,20.04  $,26.99  $,20,15,Yes,Limit - Maximum Data 20GB
  Saudi Arabia,ZEPQMCWGKWHK,Saudi Arabia 20GB - 30 Days,20.89  $,28.99  $,20,30,Yes,Limit - Maximum Data 20GB
  Saudi Arabia,FRID6V10TCIY,Saudi Arabia 20GB - 5 Days,17.10  $,24.99  $,20,5,Yes,Limit - Maximum Data 20GB
  Saudi Arabia,7YJUDTFAXWH9,Saudi Arabia 3GB - 10 Days,4.69  $,10.99  $,3,10,Yes,Limit - Maximum Data 3GB
  Saudi Arabia,NWNDRJPNZTBG,Saudi Arabia 3GB - 15 Days,4.95  $,11.99  $,3,15,Yes,Limit - Maximum Data 3GB
  Saudi Arabia,5MVAXQCN7WNX,Saudi Arabia 3GB - 30 Days,5.16  $,13.99  $,3,30,Yes,Limit - Maximum Data 3GB
  Saudi Arabia,VP8F7GUWRITM,Saudi Arabia 3GB - 5 Days,4.22  $,9.99  $,3,5,Yes,Limit - Maximum Data 3GB
  Saudi Arabia,BHK5WW2YGKVP,Saudi Arabia 5GB - 10 Days,7.11  $,8.99  $,5,10,Yes,Limit - Maximum Data 5GB
  Saudi Arabia,ENPHPXRWEHBF,Saudi Arabia 5GB - 15 Days,7.50  $,9.99  $,5,15,Yes,Limit - Maximum Data 5GB
  Saudi Arabia,05FXXJ6CNI9W,Saudi Arabia 5GB - 30 Days,7.82  $,11.99  $,5,30,Yes,Limit - Maximum Data 5GB
  Saudi Arabia,XEEQSBLM6AFB,Saudi Arabia 5GB - 5 Days,6.40  $,7.99  $,5,5,Yes,Limit - Maximum Data 5GB
  Saudi Arabia,A6D0OZU4QQU6,Saudi Arabia Unlimited LITE - 10 Days,20.03  $,24.99  $,Unlimited,10,Yes,"Daily - 2GB per Day, then 1Mbps"
  Saudi Arabia,RQZH4UAU2LCP,Saudi Arabia Unlimited LITE - 15 Days,28.63  $,36.99  $,Unlimited,15,Yes,"Daily - 2GB per Day, then 1Mbps"
  Saudi Arabia,L8HRUXPAO7ZP,Saudi Arabia Unlimited LITE - 30 Days,44.09  $,48.99  $,Unlimited,30,Yes,"Daily - 2GB per Day, then 1Mbps"
  Saudi Arabia,FHELS3LST8B8,Saudi Arabia Unlimited LITE - 5 Days,11.32  $,18.99  $,Unlimited,5,Yes,"Daily - 2GB per Day, then 1Mbps"
  Saudi Arabia,RDNPVG8XKL4P,Saudi Arabia Unlimited MAX - 10 Days,26.67  $,34.99  $,Unlimited,10,Yes,"Daily - 5GB per Day, then 1Mbps"
  Saudi Arabia,IKYXKQVCXWMH,Saudi Arabia Unlimited MAX - 15 Days,37.95  $,54.99  $,Unlimited,15,Yes,"Daily - 5GB per Day, then 1Mbps"
  Saudi Arabia,Y5N131HFE7OS,Saudi Arabia Unlimited MAX - 30 Days,42.28  $,69.99  $,Unlimited,30,Yes,"Daily - 5GB per Day, then 1Mbps"
  Saudi Arabia,GHETFEY0MF90,Saudi Arabia Unlimited MAX - 5 Days,17.39  $,24.99  $,Unlimited,5,Yes,"Daily - 5GB per Day, then 1Mbps"
  Saudi Arabia,PST2GR0KFUVS,Saudi Arabia Unlimited STANDARD - 10 Days,21.37  $,29.99  $,Unlimited,10,Yes,"Daily - 3GB per Day, then 1Mbps"
  Saudi Arabia,ZA3HUB3NES5L,Saudi Arabia Unlimited STANDARD - 15 Days,34.25  $,44.99  $,Unlimited,15,Yes,"Daily - 3GB per Day, then 1Mbps"
  Saudi Arabia,23MLKXQSQJYX,Saudi Arabia Unlimited STANDARD - 30 Days,44.09  $,59.99  $,Unlimited,30,Yes,"Daily - 3GB per Day, then 1Mbps"
  Saudi Arabia,TANCOMXOUD2C,Saudi Arabia Unlimited STANDARD - 5 Days,13.41  $,17.99  $,Unlimited,5,Yes,"Daily - 3GB per Day, then 1Mbps"
  Senegal,9CX4H6VIAYGY,Senegal 1GB - 10 Days,16.56  $,5.99  $,1,10,Yes,Limit - Maximum Data 1GB
  Senegal,ND6GDFRAFJGO,Senegal 1GB - 15 Days,17.47  $,6.99  $,1,15,Yes,Limit - Maximum Data 1GB
  Senegal,QEWJFSVGUI4G,Senegal 1GB - 30 Days,18.22  $,8.99  $,1,30,Yes,Limit - Maximum Data 1GB
  Senegal,7ZXMZDV42HXH,Senegal 1GB - 5 Days,14.90  $,4.99  $,1,5,Yes,Limit - Maximum Data 1GB
  Senegal,WMC2PG9KNNSH,Senegal 3GB - 10 Days,39.30  $,9.99  $,3,10,Yes,Limit - Maximum Data 3GB
  Senegal,CEIMKZ1NB2OR,Senegal 3GB - 15 Days,41.46  $,9.99  $,3,15,Yes,Limit - Maximum Data 3GB
  Senegal,MPGSCQFA4JJ0,Senegal 3GB - 30 Days,43.23  $,12.99  $,3,30,Yes,Limit - Maximum Data 3GB
  Senegal,LDCP38KSQZTP,Senegal 3GB - 5 Days,35.37  $,8.99  $,3,5,Yes,Limit - Maximum Data 3GB
  Senegal,0O9ZFVVD8M9O,Senegal 5GB - 10 Days,59.09  $,12.99  $,5,10,Yes,Limit - Maximum Data 5GB
  Senegal,VOLXSYT7BE3W,Senegal 5GB - 15 Days,62.34  $,13.99  $,5,15,Yes,Limit - Maximum Data 5GB
  Senegal,GJXBIWCGYGYO,Senegal 5GB - 30 Days,65.00  $,15.99  $,5,30,Yes,Limit - Maximum Data 5GB
  Senegal,FZRBMT0UWBEK,Senegal 5GB - 5 Days,53.18  $,11.99  $,5,5,Yes,Limit - Maximum Data 5GB
  Serbia,1T0CZ1G3G9CJ,Serbia 10GB - 10 Days,12.25  $,15.99  $,10,10,Yes,Limit - Maximum Data 10GB
  Serbia,CXBNN7EQGQ64,Serbia 10GB - 15 Days,12.92  $,16.99  $,10,15,Yes,Limit - Maximum Data 10GB
  Serbia,TFXTP9KS5JXH,Serbia 10GB - 30 Days,13.48  $,18.99  $,10,30,Yes,Limit - Maximum Data 10GB
  Serbia,PECEBXGHDW8R,Serbia 10GB - 5 Days,11.03  $,14.99  $,10,5,Yes,Limit - Maximum Data 10GB
  Serbia,4FBQXZSVXKS1,Serbia 1GB - 10 Days,3.00  $,4.99  $,1,10,Yes,Limit - Maximum Data 1GB
  Serbia,MNEPJ3SSMUVM,Serbia 1GB - 15 Days,3.16  $,4.99  $,1,15,Yes,Limit - Maximum Data 1GB
  Serbia,3X52NCWLPTS8,Serbia 1GB - 30 Days,3.29  $,7.99  $,1,30,Yes,Limit - Maximum Data 1GB
  Serbia,IULHWXRGR4ZL,Serbia 1GB - 5 Days,2.70  $,3.99  $,1,5,Yes,Limit - Maximum Data 1GB
  Serbia,CHJMZDGCQCS3,Serbia 20GB - 10 Days,19.51  $,25.99  $,20,10,Yes,Limit - Maximum Data 20GB
  Serbia,G27FKGTJLMC3,Serbia 20GB - 15 Days,20.58  $,26.99  $,20,15,Yes,Limit - Maximum Data 20GB
  Serbia,JMYP10M1JSZV,Serbia 20GB - 30 Days,21.46  $,28.99  $,20,30,Yes,Limit - Maximum Data 20GB
  Serbia,Y09BDGUPHSHR,Serbia 20GB - 5 Days,17.56  $,24.99  $,20,5,Yes,Limit - Maximum Data 20GB
  Serbia,TPKZGZXUKOD2,Serbia 3GB - 10 Days,4.50  $,10.99  $,3,10,Yes,Limit - Maximum Data 3GB
  Serbia,DH3EBRGTGILO,Serbia 3GB - 15 Days,4.74  $,11.99  $,3,15,Yes,Limit - Maximum Data 3GB
  Serbia,MBPYZRRVPDHL,Serbia 3GB - 30 Days,4.94  $,13.99  $,3,30,Yes,Limit - Maximum Data 3GB
  Serbia,NALCBGVAPV6F,Serbia 3GB - 5 Days,4.05  $,9.99  $,3,5,Yes,Limit - Maximum Data 3GB
  Serbia,QDONVTQCV6K1,Serbia 5GB - 10 Days,6.85  $,8.99  $,5,10,Yes,Limit - Maximum Data 5GB
  Serbia,MLQ0M1K8BZEX,Serbia 5GB - 15 Days,7.23  $,9.99  $,5,15,Yes,Limit - Maximum Data 5GB
  Serbia,WBG3MUEZL9HZ,Serbia 5GB - 30 Days,7.54  $,11.99  $,5,30,Yes,Limit - Maximum Data 5GB
  Serbia,SY4OTCYRMB3K,Serbia 5GB - 5 Days,6.17  $,7.99  $,5,5,Yes,Limit - Maximum Data 5GB
  Serbia,X6ADNYYZCO1B,Serbia Unlimited LITE - 10 Days,25.21  $,42.99  $,Unlimited,10,Yes,"Daily - 2GB per Day, then 1Mbps"
  Serbia,KFDLDWJRMT5D,Serbia Unlimited LITE - 15 Days,37.69  $,64.99  $,Unlimited,15,Yes,"Daily - 2GB per Day, then 1Mbps"
  Serbia,WDT7BSA6DELQ,Serbia Unlimited LITE - 30 Days,46.97  $,80.99  $,Unlimited,30,Yes,"Daily - 2GB per Day, then 1Mbps"
  Serbia,9E6277IZM0W4,Serbia Unlimited LITE - 5 Days,12.75  $,21.99  $,Unlimited,5,Yes,"Daily - 2GB per Day, then 1Mbps"
  Serbia,OLVKRASDRQ7D,Serbia Unlimited MAX - 10 Days,30.73  $,39.99  $,Unlimited,10,Yes,"Daily - 5GB per Day, then 1Mbps"
  Serbia,KNFAAS2BC8Z9,Serbia Unlimited MAX - 15 Days,46.97  $,74.99  $,Unlimited,15,Yes,"Daily - 5GB per Day, then 1Mbps"
  Serbia,9DZLCJ7D9LNU,Serbia Unlimited MAX - 30 Days,70.17  $,99.99  $,Unlimited,30,Yes,"Daily - 5GB per Day, then 1Mbps"
  Serbia,37EWSWGKPFF0,Serbia Unlimited MAX - 5 Days,19.52  $,24.99  $,Unlimited,5,Yes,"Daily - 5GB per Day, then 1Mbps"
  Serbia,ZPHQLEUFWYXH,Serbia Unlimited STANDARD - 10 Days,27.91  $,34.99  $,Unlimited,10,Yes,"Daily - 3GB per Day, then 1Mbps"
  Serbia,61TEKFMEKVFC,Serbia Unlimited STANDARD - 15 Days,37.69  $,64.99  $,Unlimited,15,Yes,"Daily - 3GB per Day, then 1Mbps"
  Serbia,BKUES9DFIBKC,Serbia Unlimited STANDARD - 30 Days,46.97  $,79.99  $,Unlimited,30,Yes,"Daily - 3GB per Day, then 1Mbps"
  Serbia,SJISE5CD6W04,Serbia Unlimited STANDARD - 5 Days,13.40  $,17.99  $,Unlimited,5,Yes,"Daily - 3GB per Day, then 1Mbps"
  Seychelles,HTON2DEPSDUQ,Seychelles 1GB - 10 Days,15.92  $,5.99  $,1,10,Yes,Limit - Maximum Data 1GB
  Seychelles,C8I3LZHRFIF0,Seychelles 1GB - 15 Days,16.80  $,6.99  $,1,15,Yes,Limit - Maximum Data 1GB
  Seychelles,5OTRURDEPWQI,Seychelles 1GB - 30 Days,17.51  $,8.99  $,1,30,Yes,Limit - Maximum Data 1GB
  Seychelles,EI77VUEXF8LN,Seychelles 1GB - 5 Days,14.33  $,4.99  $,1,5,Yes,Limit - Maximum Data 1GB
  Seychelles,G2TM0UX6YEIZ,Seychelles 3GB - 10 Days,37.75  $,14.99  $,3,10,Yes,Limit - Maximum Data 3GB
  Seychelles,LNQXOT2VJ7R2,Seychelles 3GB - 15 Days,39.83  $,14.99  $,3,15,Yes,Limit - Maximum Data 3GB
  Seychelles,AS8BJHMZQB4O,Seychelles 3GB - 30 Days,41.53  $,17.99  $,3,30,Yes,Limit - Maximum Data 3GB
  Seychelles,DQCIAZMLOVD5,Seychelles 3GB - 5 Days,33.98  $,13.99  $,3,5,Yes,Limit - Maximum Data 3GB
  Seychelles,QDSZUPFORTAM,Seychelles 5GB - 10 Days,56.75  $,24.99  $,5,10,Yes,Limit - Maximum Data 5GB
  Seychelles,6ZSYJEBNQYLX,Seychelles 5GB - 15 Days,59.87  $,24.99  $,5,15,Yes,Limit - Maximum Data 5GB
  Seychelles,EHVQDI4CIP3F,Seychelles 5GB - 30 Days,62.43  $,27.99  $,5,30,Yes,Limit - Maximum Data 5GB
  Seychelles,9DYTPVAONUSY,Seychelles 5GB - 5 Days,51.08  $,23.99  $,5,5,Yes,Limit - Maximum Data 5GB
  Singapore,0L85EYAYKJIE,Singapore 10GB - 10 Days,6.02  $,9.99  $,10,10,Yes,Limit - Maximum Data 10GB
  Singapore,WLSP0LDKUIHG,Singapore 10GB - 15 Days,6.35  $,9.99  $,10,15,Yes,Limit - Maximum Data 10GB
  Singapore,KROBWBUEGLZH,Singapore 10GB - 30 Days,6.62  $,12.99  $,10,30,Yes,Limit - Maximum Data 10GB
  Singapore,ZROX1BM8OZE2,Singapore 10GB - 5 Days,5.42  $,8.99  $,10,5,Yes,Limit - Maximum Data 10GB
  Singapore,TJ1FYUPABDOS,Singapore 1GB - 10 Days,1.59  $,3.99  $,1,10,Yes,Limit - Maximum Data 1GB
  Singapore,4OAPMZI640S8,Singapore 1GB - 15 Days,1.68  $,4.99  $,1,15,Yes,Limit - Maximum Data 1GB
  Singapore,MGCFHXY9EVII,Singapore 1GB - 30 Days,1.75  $,6.99  $,1,30,Yes,Limit - Maximum Data 1GB
  Singapore,QS6XLNXLRQTM,Singapore 1GB - 5 Days,1.43  $,2.99  $,1,5,Yes,Limit - Maximum Data 1GB
  Singapore,WWLRVY3PDUGE,Singapore 20GB - 10 Days,9.50  $,18.99  $,20,10,Yes,Limit - Maximum Data 20GB
  Singapore,U12GLHL5LGGW,Singapore 20GB - 15 Days,10.02  $,19.99  $,20,15,Yes,Limit - Maximum Data 20GB
  Singapore,TPWUG5FWWFBV,Singapore 20GB - 30 Days,10.44  $,21.99  $,20,30,Yes,Limit - Maximum Data 20GB
  Singapore,VMWUA0VUZCB5,Singapore 20GB - 5 Days,8.55  $,17.99  $,20,5,Yes,Limit - Maximum Data 20GB
  Singapore,WDBQHUQXG8BC,Singapore 3GB - 10 Days,2.64  $,5.99  $,3,10,Yes,Limit - Maximum Data 3GB
  Singapore,138RS3UNEUGD,Singapore 3GB - 15 Days,2.79  $,6.99  $,3,15,Yes,Limit - Maximum Data 3GB
  Singapore,NTZN7YKWO05Q,Singapore 3GB - 30 Days,2.90  $,8.99  $,3,30,Yes,Limit - Maximum Data 3GB
  Singapore,SNVKGNLFCSTM,Singapore 3GB - 5 Days,2.38  $,4.99  $,3,5,Yes,Limit - Maximum Data 3GB
  Singapore,J0NZSBTXYPH8,Singapore 5GB - 10 Days,4.00  $,5.99  $,5,10,Yes,Limit - Maximum Data 5GB
  Singapore,IZH8YKOR8ZWA,Singapore 5GB - 15 Days,4.21  $,6.99  $,5,15,Yes,Limit - Maximum Data 5GB
  Singapore,P0MZMKRQBKDZ,Singapore 5GB - 30 Days,4.39  $,8.99  $,5,30,Yes,Limit - Maximum Data 5GB
  Singapore,PDAQWMMHJPUY,Singapore 5GB - 5 Days,3.60  $,4.99  $,5,5,Yes,Limit - Maximum Data 5GB
  Singapore,QEJJHPW33B7O,Singapore Unlimited LITE - 10 Days,13.04  $,24.99  $,Unlimited,10,Yes,"Daily - 2GB per Day, then 1Mbps"
  Singapore,HM3RFJNLDSIX,Singapore Unlimited LITE - 15 Days,19.31  $,36.99  $,Unlimited,15,Yes,"Daily - 2GB per Day, then 1Mbps"
  Singapore,HH3NMOFUAIP8,Singapore Unlimited LITE - 30 Days,35.01  $,48.99  $,Unlimited,30,Yes,"Daily - 2GB per Day, then 1Mbps"
  Singapore,0YKMNVBUDLWI,Singapore Unlimited LITE - 5 Days,9.91  $,18.99  $,Unlimited,5,Yes,"Daily - 2GB per Day, then 1Mbps"
  Singapore,M7LPOUB0VNLQ,Singapore Unlimited MAX - 10 Days,24.01  $,29.99  $,Unlimited,10,Yes,"Daily - 5GB per Day, then 1Mbps"
  Singapore,6DGSWSMJTRJD,Singapore Unlimited MAX - 15 Days,36.01  $,44.99  $,Unlimited,15,Yes,"Daily - 5GB per Day, then 1Mbps"
  Singapore,HZJRPQPL3Y9T,Singapore Unlimited MAX - 30 Days,58.33  $,59.99  $,Unlimited,30,Yes,"Daily - 5GB per Day, then 1Mbps"
  Singapore,3YEKVW5EAUMX,Singapore Unlimited MAX - 5 Days,15.65  $,24.99  $,Unlimited,5,Yes,"Daily - 5GB per Day, then 1Mbps"
  Singapore,8ZGVXGNR3HJR,Singapore Unlimited STANDARD - 10 Days,13.04  $,24.99  $,Unlimited,10,Yes,"Daily - 3GB per Day, then 1Mbps"
  Singapore,QNXZQGMEPKLG,Singapore Unlimited STANDARD - 15 Days,19.31  $,34.99  $,Unlimited,15,Yes,"Daily - 3GB per Day, then 1Mbps"
  Singapore,ZOBGPITYVWLY,Singapore Unlimited STANDARD - 30 Days,43.14  $,49.99  $,Unlimited,30,Yes,"Daily - 3GB per Day, then 1Mbps"
  Singapore,XVTKUVQFVCAI,Singapore Unlimited STANDARD - 5 Days,9.91  $,14.99  $,Unlimited,5,Yes,"Daily - 3GB per Day, then 1Mbps"
  Sint Maarten,DZZPRZHOKSHE,Sint Maarten 10GB - 10 Days,27.93  $,41.99  $,10,10,Yes,Limit - Maximum Data 10GB
  Sint Maarten,D1SM5ARJZXON,Sint Maarten 10GB - 15 Days,29.47  $,42.99  $,10,15,Yes,Limit - Maximum Data 10GB
  Sint Maarten,7J09MGIBAC8D,Sint Maarten 10GB - 30 Days,30.72  $,46.99  $,10,30,Yes,Limit - Maximum Data 10GB
  Sint Maarten,T8RFAATGYI2H,Sint Maarten 10GB - 5 Days,25.14  $,40.99  $,10,5,Yes,Limit - Maximum Data 10GB
  Sint Maarten,Q9G0FU9FSYJM,Sint Maarten 1GB - 10 Days,4.89  $,5.99  $,1,10,Yes,Limit - Maximum Data 1GB
  Sint Maarten,SARCWY30J0CK,Sint Maarten 1GB - 15 Days,5.16  $,6.99  $,1,15,Yes,Limit - Maximum Data 1GB
  Sint Maarten,FTDJCNDWCSUN,Sint Maarten 1GB - 30 Days,5.38  $,8.99  $,1,30,Yes,Limit - Maximum Data 1GB
  Sint Maarten,07TEYCJPOWNC,Sint Maarten 1GB - 5 Days,4.40  $,4.99  $,1,5,Yes,Limit - Maximum Data 1GB
  Sint Maarten,OGAUDZGOMRPT,Sint Maarten 3GB - 10 Days,10.95  $,14.99  $,3,10,Yes,Limit - Maximum Data 3GB
  Sint Maarten,TFKR1YSEPHZ5,Sint Maarten 3GB - 15 Days,11.55  $,14.99  $,3,15,Yes,Limit - Maximum Data 3GB
  Sint Maarten,YQIPITWTXLJY,Sint Maarten 3GB - 30 Days,12.05  $,17.99  $,3,30,Yes,Limit - Maximum Data 3GB
  Sint Maarten,LV5YQAMDMCDT,Sint Maarten 3GB - 5 Days,9.86  $,13.99  $,3,5,Yes,Limit - Maximum Data 3GB
  Sint Maarten,SLBVQTHOPXEM,Sint Maarten 5GB - 10 Days,16.25  $,24.99  $,5,10,Yes,Limit - Maximum Data 5GB
  Sint Maarten,IMH3JW6OJRBN,Sint Maarten 5GB - 15 Days,17.14  $,24.99  $,5,15,Yes,Limit - Maximum Data 5GB
  Sint Maarten,OIROSLITF9LW,Sint Maarten 5GB - 30 Days,17.88  $,27.99  $,5,30,Yes,Limit - Maximum Data 5GB
  Sint Maarten,DANWGVDE3Y77,Sint Maarten 5GB - 5 Days,14.63  $,23.99  $,5,5,Yes,Limit - Maximum Data 5GB
  Slovakia,JXW2PMMIGK6P,Slovakia 10GB - 10 Days,6.00  $,9.99  $,10,10,Yes,Limit - Maximum Data 10GB
  Slovakia,JS2CHXB0AZ16,Slovakia 10GB - 15 Days,6.32  $,9.99  $,10,15,Yes,Limit - Maximum Data 10GB
  Slovakia,BXKCIU6QPBWN,Slovakia 10GB - 30 Days,6.59  $,12.99  $,10,30,Yes,Limit - Maximum Data 10GB
  Slovakia,9YFLEA6A9SQ3,Slovakia 10GB - 5 Days,5.40  $,8.99  $,10,5,Yes,Limit - Maximum Data 10GB
  Slovakia,LJKVY7KJJ5QE,Slovakia 1GB - 10 Days,2.00  $,3.99  $,1,10,Yes,Limit - Maximum Data 1GB
  Slovakia,HMFGVZYS7OKH,Slovakia 1GB - 15 Days,2.11  $,4.99  $,1,15,Yes,Limit - Maximum Data 1GB
  Slovakia,HQ0XWPIRH7EZ,Slovakia 1GB - 30 Days,2.20  $,6.99  $,1,30,Yes,Limit - Maximum Data 1GB
  Slovakia,Q8QRU6B3UPLQ,Slovakia 1GB - 5 Days,1.80  $,2.99  $,1,5,Yes,Limit - Maximum Data 1GB
  Slovakia,DXX9TF93JZ4V,Slovakia 20GB - 10 Days,9.00  $,18.99  $,20,10,Yes,Limit - Maximum Data 20GB
  Slovakia,K53J0UZHGG7E,Slovakia 20GB - 15 Days,9.49  $,19.99  $,20,15,Yes,Limit - Maximum Data 20GB
  Slovakia,GMEJRXQPVHNB,Slovakia 20GB - 30 Days,9.89  $,21.99  $,20,30,Yes,Limit - Maximum Data 20GB
  Slovakia,JNP5PHIPHGXC,Slovakia 20GB - 5 Days,8.10  $,17.99  $,20,5,Yes,Limit - Maximum Data 20GB
  Slovakia,LCKB4YHJIAAP,Slovakia 3GB - 10 Days,3.00  $,6.99  $,3,10,Yes,Limit - Maximum Data 3GB
  Slovakia,4GO1SXQHJT3W,Slovakia 3GB - 15 Days,3.16  $,7.99  $,3,15,Yes,Limit - Maximum Data 3GB
  Slovakia,O28B6S5CP5BY,Slovakia 3GB - 30 Days,3.29  $,8.99  $,3,30,Yes,Limit - Maximum Data 3GB
  Slovakia,H9XQMG5WHVZN,Slovakia 3GB - 5 Days,2.70  $,6.99  $,3,5,Yes,Limit - Maximum Data 3GB
  Slovakia,6XVPQIDYEPER,Slovakia 5GB - 10 Days,4.00  $,5.99  $,5,10,Yes,Limit - Maximum Data 5GB
  Slovakia,PAGY6IZTTAVC,Slovakia 5GB - 15 Days,4.21  $,6.99  $,5,15,Yes,Limit - Maximum Data 5GB
  Slovakia,7MDXCF6EPHRV,Slovakia 5GB - 30 Days,4.39  $,8.99  $,5,30,Yes,Limit - Maximum Data 5GB
  Slovakia,PORA1WWXVNUA,Slovakia 5GB - 5 Days,3.60  $,4.99  $,5,5,Yes,Limit - Maximum Data 5GB
  Slovakia,HCHXKQOGJZVU,Slovakia Unlimited LITE - 10 Days,14.49  $,24.99  $,Unlimited,10,Yes,"Daily - 2GB per Day, then 1Mbps"
  Slovakia,WK6JRLKR40VI,Slovakia Unlimited LITE - 15 Days,19.13  $,32.99  $,Unlimited,15,Yes,"Daily - 2GB per Day, then 1Mbps"
  Slovakia,XQAVJYLCECGB,Slovakia Unlimited LITE - 30 Days,27.96  $,40.99  $,Unlimited,30,Yes,"Daily - 2GB per Day, then 1Mbps"
  Slovakia,FM9YQW1FEJRV,Slovakia Unlimited LITE - 5 Days,9.85  $,16.99  $,Unlimited,5,Yes,"Daily - 2GB per Day, then 1Mbps"
  Slovakia,XVNPGHLKFW6H,Slovakia Unlimited MAX - 10 Days,24.93  $,29.99  $,Unlimited,10,Yes,"Daily - 5GB per Day, then 1Mbps"
  Slovakia,FDY8EBSOJIXA,Slovakia Unlimited MAX - 15 Days,30.73  $,44.99  $,Unlimited,15,Yes,"Daily - 5GB per Day, then 1Mbps"
  Slovakia,RLHQREE35VPF,Slovakia Unlimited MAX - 30 Days,38.32  $,49.99  $,Unlimited,30,Yes,"Daily - 5GB per Day, then 1Mbps"
  Slovakia,HHUADZAKQWGE,Slovakia Unlimited MAX - 5 Days,13.91  $,24.99  $,Unlimited,5,Yes,"Daily - 5GB per Day, then 1Mbps"
  Slovakia,PZ1KT1YURCDO,Slovakia Unlimited STANDARD - 10 Days,14.49  $,24.99  $,Unlimited,10,Yes,"Daily - 3GB per Day, then 1Mbps"
  Slovakia,MZUPTV9XRNKO,Slovakia Unlimited STANDARD - 15 Days,19.13  $,34.99  $,Unlimited,15,Yes,"Daily - 3GB per Day, then 1Mbps"
  Slovakia,1FWI9H48BXE2,Slovakia Unlimited STANDARD - 30 Days,30.50  $,39.99  $,Unlimited,30,Yes,"Daily - 3GB per Day, then 1Mbps"
  Slovakia,XDQHF2HR0F4W,Slovakia Unlimited STANDARD - 5 Days,9.85  $,17.99  $,Unlimited,5,Yes,"Daily - 3GB per Day, then 1Mbps"
  Slovenia,18OYQACKW0UV,Slovenia 10GB - 10 Days,6.00  $,12.99  $,10,10,Yes,Limit - Maximum Data 10GB
  Slovenia,CTOIDTAU72JP,Slovenia 10GB - 15 Days,6.32  $,13.99  $,10,15,Yes,Limit - Maximum Data 10GB
  Slovenia,HCZWA9SBSVLR,Slovenia 10GB - 30 Days,6.59  $,15.99  $,10,30,Yes,Limit - Maximum Data 10GB
  Slovenia,L7P5R8YXF0I5,Slovenia 10GB - 5 Days,5.40  $,11.99  $,10,5,Yes,Limit - Maximum Data 10GB
  Slovenia,LV4SUPCCYTY4,Slovenia 1GB - 10 Days,2.00  $,4.99  $,1,10,Yes,Limit - Maximum Data 1GB
  Slovenia,NEQJJRW4QC8D,Slovenia 1GB - 15 Days,2.11  $,4.99  $,1,15,Yes,Limit - Maximum Data 1GB
  Slovenia,YPCJKT0QPO8O,Slovenia 1GB - 30 Days,2.20  $,7.99  $,1,30,Yes,Limit - Maximum Data 1GB
  Slovenia,9WLTQQVPW3PR,Slovenia 1GB - 5 Days,1.80  $,3.99  $,1,5,Yes,Limit - Maximum Data 1GB
  Slovenia,L75PBJ3FAU4V,Slovenia 20GB - 10 Days,9.00  $,21.99  $,20,10,Yes,Limit - Maximum Data 20GB
  Slovenia,YCUBOU5I7YHM,Slovenia 20GB - 15 Days,9.49  $,22.99  $,20,15,Yes,Limit - Maximum Data 20GB
  Slovenia,MHAXDJOVIUSK,Slovenia 20GB - 30 Days,9.89  $,24.99  $,20,30,Yes,Limit - Maximum Data 20GB
  Slovenia,1Q9UTRYNXSJA,Slovenia 20GB - 5 Days,8.10  $,20.99  $,20,5,Yes,Limit - Maximum Data 20GB
  Slovenia,UJ0ZHLYKYRQO,Slovenia 3GB - 10 Days,3.00  $,6.99  $,3,10,Yes,Limit - Maximum Data 3GB
  Slovenia,ANIBLZDJYKN3,Slovenia 3GB - 15 Days,3.16  $,7.99  $,3,15,Yes,Limit - Maximum Data 3GB
  Slovenia,MJP8TFAXMI4Z,Slovenia 3GB - 30 Days,3.29  $,8.99  $,3,30,Yes,Limit - Maximum Data 3GB
  Slovenia,JBYZYDOSSIS9,Slovenia 3GB - 5 Days,2.70  $,6.99  $,3,5,Yes,Limit - Maximum Data 3GB
  Slovenia,4AQTUFBCMDWL,Slovenia 5GB - 10 Days,4.00  $,6.99  $,5,10,Yes,Limit - Maximum Data 5GB
  Slovenia,NDHCIVLPLTCK,Slovenia 5GB - 15 Days,4.21  $,7.99  $,5,15,Yes,Limit - Maximum Data 5GB
  Slovenia,LKSGN3E4BZTY,Slovenia 5GB - 30 Days,4.39  $,9.99  $,5,30,Yes,Limit - Maximum Data 5GB
  Slovenia,STPVYXDX5YQZ,Slovenia 5GB - 5 Days,3.60  $,5.99  $,5,5,Yes,Limit - Maximum Data 5GB
  South Africa,0HBHQZWSLAVD,South Africa 10GB - 10 Days,14.65  $,13.99  $,10,10,Yes,Limit - Maximum Data 10GB
  South Africa,IGIJC0RWX58V,South Africa 10GB - 15 Days,15.46  $,14.99  $,10,15,Yes,Limit - Maximum Data 10GB
  South Africa,3ZNJKCBYDCOF,South Africa 10GB - 30 Days,16.12  $,16.99  $,10,30,Yes,Limit - Maximum Data 10GB
  South Africa,DDKVJLVF2V6J,South Africa 10GB - 5 Days,13.19  $,12.99  $,10,5,Yes,Limit - Maximum Data 10GB
  South Africa,4G6EPBGUHIJT,South Africa 1GB - 10 Days,2.50  $,4.99  $,1,10,Yes,Limit - Maximum Data 1GB
  South Africa,ZRBHLHDJ22MK,South Africa 1GB - 15 Days,2.63  $,4.99  $,1,15,Yes,Limit - Maximum Data 1GB
  South Africa,BQ8YGDHNGL0I,South Africa 1GB - 30 Days,2.74  $,7.99  $,1,30,Yes,Limit - Maximum Data 1GB
  South Africa,S1FDBQQPEB6D,South Africa 1GB - 5 Days,2.25  $,3.99  $,1,5,Yes,Limit - Maximum Data 1GB
  South Africa,JMH84UYXR58K,South Africa 20GB - 10 Days,24.22  $,24.99  $,20,10,Yes,Limit - Maximum Data 20GB
  South Africa,J8HZXHN1EZRN,South Africa 20GB - 15 Days,25.55  $,24.99  $,20,15,Yes,Limit - Maximum Data 20GB
  South Africa,QADJDEJR1IIM,South Africa 20GB - 30 Days,26.64  $,27.99  $,20,30,Yes,Limit - Maximum Data 20GB
  South Africa,WWVNCG1KYZTW,South Africa 20GB - 5 Days,21.80  $,23.99  $,20,5,Yes,Limit - Maximum Data 20GB
  South Africa,PGWIOCNPBQRV,South Africa 3GB - 10 Days,5.48  $,9.99  $,3,10,Yes,Limit - Maximum Data 3GB
  South Africa,AREZYQPPVK44,South Africa 3GB - 15 Days,5.78  $,10.99  $,3,15,Yes,Limit - Maximum Data 3GB
  South Africa,DNT89IZJBODN,South Africa 3GB - 30 Days,6.03  $,11.99  $,3,30,Yes,Limit - Maximum Data 3GB
  South Africa,KJBTYX9PUHU7,South Africa 3GB - 5 Days,4.93  $,9.99  $,3,5,Yes,Limit - Maximum Data 3GB
  South Africa,BBVZGWTLSLAY,South Africa 5GB - 10 Days,8.54  $,6.99  $,5,10,Yes,Limit - Maximum Data 5GB
  South Africa,8VGKFRKWFQSJ,South Africa 5GB - 15 Days,9.01  $,7.99  $,5,15,Yes,Limit - Maximum Data 5GB
  South Africa,STAICL0IQHE7,South Africa 5GB - 30 Days,9.39  $,9.99  $,5,30,Yes,Limit - Maximum Data 5GB
  South Africa,NVOKXWBFQGL2,South Africa 5GB - 5 Days,7.69  $,5.99  $,5,5,Yes,Limit - Maximum Data 5GB
  South Africa,5NHTJ6GOMKKR,South Africa Unlimited LITE - 10 Days,25.57  $,48.99  $,Unlimited,10,Yes,"Daily - 2GB per Day, then 1Mbps"
  South Africa,O9EYEFOFLDLN,South Africa Unlimited LITE - 15 Days,33.92  $,64.99  $,Unlimited,15,Yes,"Daily - 2GB per Day, then 1Mbps"
  South Africa,BVAUAEH0KQVT,South Africa Unlimited LITE - 30 Days,54.80  $,104.99  $,Unlimited,30,Yes,"Daily - 2GB per Day, then 1Mbps"
  South Africa,14KLCOX3OEMA,South Africa Unlimited LITE - 5 Days,18.41  $,32.99  $,Unlimited,5,Yes,"Daily - 2GB per Day, then 1Mbps"
  South Africa,PV74JSZIXEU7,South Africa Unlimited MAX - 10 Days,47.50  $,59.99  $,Unlimited,10,Yes,"Daily - 5GB per Day, then 1Mbps"
  South Africa,0JS3H5GTIAP1,South Africa Unlimited MAX - 15 Days,63.16  $,79.99  $,Unlimited,15,Yes,"Daily - 5GB per Day, then 1Mbps"
  South Africa,2BEH5UGVBXDP,South Africa Unlimited MAX - 30 Days,103.35  $,119.99  $,Unlimited,30,Yes,"Daily - 5GB per Day, then 1Mbps"
  South Africa,4F5EJKSNVD2F,South Africa Unlimited MAX - 5 Days,31.84  $,34.99  $,Unlimited,5,Yes,"Daily - 5GB per Day, then 1Mbps"
  South Africa,VMIOFQ2HZ3AE,South Africa Unlimited STANDARD - 10 Days,25.57  $,49.99  $,Unlimited,10,Yes,"Daily - 3GB per Day, then 1Mbps"
  South Africa,MJZIQWQFTYIF,South Africa Unlimited STANDARD - 15 Days,33.92  $,64.99  $,Unlimited,15,Yes,"Daily - 3GB per Day, then 1Mbps"
  South Africa,YHAUBUHLN1K3,South Africa Unlimited STANDARD - 30 Days,60.89  $,99.99  $,Unlimited,30,Yes,"Daily - 3GB per Day, then 1Mbps"
  South Africa,T3ALBOFIWG8K,South Africa Unlimited STANDARD - 5 Days,17.22  $,24.99  $,Unlimited,5,Yes,"Daily - 3GB per Day, then 1Mbps"
  South Korea,VSP0SKCQZAXN,South Korea 10GB - 10 Days,10.97  $,13.99  $,10,10,Yes,Limit - Maximum Data 10GB
  South Korea,0RL1IKEXJ5YI,South Korea 10GB - 15 Days,11.57  $,14.99  $,10,15,Yes,Limit - Maximum Data 10GB
  South Korea,6KWFUJSAV7DX,South Korea 10GB - 30 Days,12.07  $,16.99  $,10,30,Yes,Limit - Maximum Data 10GB
  South Korea,RCVONPILYHFP,South Korea 10GB - 5 Days,9.87  $,12.99  $,10,5,Yes,Limit - Maximum Data 10GB
  South Korea,ZHAOESZYNTD6,South Korea 1GB - 10 Days,2.50  $,4.99  $,1,10,Yes,Limit - Maximum Data 1GB
  South Korea,NQKZZINHQCDC,South Korea 1GB - 15 Days,2.63  $,4.99  $,1,15,Yes,Limit - Maximum Data 1GB
  South Korea,BJ3WNFCT0QLY,South Korea 1GB - 30 Days,2.74  $,7.99  $,1,30,Yes,Limit - Maximum Data 1GB
  South Korea,QE2PHBHDBEGT,South Korea 1GB - 5 Days,2.25  $,3.99  $,1,5,Yes,Limit - Maximum Data 1GB
  South Korea,6L3H3JUWFYUM,South Korea 20GB - 10 Days,18.63  $,24.99  $,20,10,Yes,Limit - Maximum Data 20GB
  South Korea,GFJAZT9LEMZK,South Korea 20GB - 15 Days,19.65  $,24.99  $,20,15,Yes,Limit - Maximum Data 20GB
  South Korea,CQZXT0M96W4R,South Korea 20GB - 30 Days,20.49  $,27.99  $,20,30,Yes,Limit - Maximum Data 20GB
  South Korea,IC7KDWQUG02V,South Korea 20GB - 5 Days,16.77  $,23.99  $,20,5,Yes,Limit - Maximum Data 20GB
  South Korea,GZYJHYODLM0T,South Korea 3GB - 10 Days,4.10  $,5.99  $,3,10,Yes,Limit - Maximum Data 3GB
  South Korea,TF1FR3XR4IB7,South Korea 3GB - 15 Days,4.33  $,6.99  $,3,15,Yes,Limit - Maximum Data 3GB
  South Korea,VQLGVYSBDEZP,South Korea 3GB - 30 Days,4.51  $,8.99  $,3,30,Yes,Limit - Maximum Data 3GB
  South Korea,Y6L7MH45SQCS,South Korea 3GB - 5 Days,3.69  $,4.99  $,3,5,Yes,Limit - Maximum Data 3GB
  South Korea,F1FB7QLARZKW,South Korea 5GB - 10 Days,6.35  $,6.99  $,5,10,Yes,Limit - Maximum Data 5GB
  South Korea,UJOXKFPZUT0M,South Korea 5GB - 15 Days,6.70  $,7.99  $,5,15,Yes,Limit - Maximum Data 5GB
  South Korea,3WCKV9EC1SJT,South Korea 5GB - 30 Days,6.99  $,9.99  $,5,30,Yes,Limit - Maximum Data 5GB
  South Korea,ESOA4XTABGTC,South Korea 5GB - 5 Days,5.72  $,5.99  $,5,5,Yes,Limit - Maximum Data 5GB
  South Korea,NIEZSKLPBUXA,South Korea Unlimited LITE - 10 Days,17.56  $,27.99  $,Unlimited,10,Yes,"Daily - 2GB per Day, then 1Mbps"
  South Korea,IWSPYXHBVLNR,South Korea Unlimited LITE - 15 Days,24.78  $,41.99  $,Unlimited,15,Yes,"Daily - 2GB per Day, then 1Mbps"
  South Korea,KWP8ZTB91UXR,South Korea Unlimited LITE - 30 Days,28.70  $,54.99  $,Unlimited,30,Yes,"Daily - 2GB per Day, then 1Mbps"
  South Korea,CEP5SD9NJYD0,South Korea Unlimited LITE - 5 Days,10.96  $,20.99  $,Unlimited,5,Yes,"Daily - 2GB per Day, then 1Mbps"
  South Korea,IP0CI5YZNCQG,South Korea Unlimited MAX - 10 Days,27.14  $,34.99  $,Unlimited,10,Yes,"Daily - 5GB per Day, then 1Mbps"
  South Korea,8QQBBONR5891,South Korea Unlimited MAX - 15 Days,44.65  $,54.99  $,Unlimited,15,Yes,"Daily - 5GB per Day, then 1Mbps"
  South Korea,FBH9JDANZRYZ,South Korea Unlimited MAX - 30 Days,81.89  $,64.99  $,Unlimited,30,Yes,"Daily - 5GB per Day, then 1Mbps"
  South Korea,DVPUDNJKZI2H,South Korea Unlimited MAX - 5 Days,17.74  $,24.99  $,Unlimited,5,Yes,"Daily - 5GB per Day, then 1Mbps"
  South Korea,F5EC8MAZGW7Y,South Korea Unlimited STANDARD - 10 Days,16.79  $,29.99  $,Unlimited,10,Yes,"Daily - 3GB per Day, then 1Mbps"
  South Korea,ADX37NCLNHPR,South Korea Unlimited STANDARD - 15 Days,31.70  $,44.99  $,Unlimited,15,Yes,"Daily - 3GB per Day, then 1Mbps"
  South Korea,AAWHII5PM2OV,South Korea Unlimited STANDARD - 30 Days,49.49  $,54.99  $,Unlimited,30,Yes,"Daily - 3GB per Day, then 1Mbps"
  South Korea,A15GZ2NW2Q30,South Korea Unlimited STANDARD - 5 Days,10.96  $,17.99  $,Unlimited,5,Yes,"Daily - 3GB per Day, then 1Mbps"
  Spain,OQKJZAGBASIN,Spain 10GB - 10 Days,6.00  $,12.99  $,10,10,Yes,Limit - Maximum Data 10GB
  Spain,PR7GUSR26N2N,Spain 10GB - 15 Days,6.32  $,13.99  $,10,15,Yes,Limit - Maximum Data 10GB
  Spain,FAPMOAKGJP2Z,Spain 10GB - 30 Days,6.59  $,15.99  $,10,30,Yes,Limit - Maximum Data 10GB
  Spain,114NMQVWXB2H,Spain 10GB - 5 Days,5.40  $,11.99  $,10,5,Yes,Limit - Maximum Data 10GB
  Spain,CU4PNIXPVB3T,Spain 1GB - 10 Days,2.00  $,4.99  $,1,10,Yes,Limit - Maximum Data 1GB
  Spain,QM7FQNAUKMKP,Spain 1GB - 15 Days,2.11  $,4.99  $,1,15,Yes,Limit - Maximum Data 1GB
  Spain,6TMOU5WLOSTE,Spain 1GB - 30 Days,2.20  $,7.99  $,1,30,Yes,Limit - Maximum Data 1GB
  Spain,I3YHHWF5ZMCR,Spain 1GB - 5 Days,1.80  $,3.99  $,1,5,Yes,Limit - Maximum Data 1GB
  Spain,PWIIO7JX0N9O,Spain 20GB - 10 Days,9.14  $,21.99  $,20,10,Yes,Limit - Maximum Data 20GB
  Spain,CG23Z4I4BZKI,Spain 20GB - 15 Days,9.64  $,22.99  $,20,15,Yes,Limit - Maximum Data 20GB
  Spain,7T7XMJZIZSVL,Spain 20GB - 30 Days,10.05  $,24.99  $,20,30,Yes,Limit - Maximum Data 20GB
  Spain,VDTKLWREPIE6,Spain 20GB - 5 Days,8.23  $,20.99  $,20,5,Yes,Limit - Maximum Data 20GB
  Spain,MYUKH0FRQCQD,Spain 3GB - 10 Days,3.00  $,7.99  $,3,10,Yes,Limit - Maximum Data 3GB
  Spain,JDCMFRAUOFLG,Spain 3GB - 15 Days,3.16  $,8.99  $,3,15,Yes,Limit - Maximum Data 3GB
  Spain,7FZURA9IWIA1,Spain 3GB - 30 Days,3.29  $,9.99  $,3,30,Yes,Limit - Maximum Data 3GB
  Spain,S95AEFODEOUB,Spain 3GB - 5 Days,2.70  $,7.99  $,3,5,Yes,Limit - Maximum Data 3GB
  Spain,SBGWPDWG516V,Spain 5GB - 10 Days,4.00  $,6.99  $,5,10,Yes,Limit - Maximum Data 5GB
  Spain,9OPINU4WSR8K,Spain 5GB - 15 Days,4.21  $,7.99  $,5,15,Yes,Limit - Maximum Data 5GB
  Spain,VF5QNW30XDCW,Spain 5GB - 30 Days,4.39  $,9.99  $,5,30,Yes,Limit - Maximum Data 5GB
  Spain,LBDOSQ1FBKGA,Spain 5GB - 5 Days,3.60  $,5.99  $,5,5,Yes,Limit - Maximum Data 5GB
  Spain,94VFN0GXKBRO,Spain Unlimited LITE - 10 Days,14.49  $,24.99  $,Unlimited,10,Yes,"Daily - 2GB per Day, then 1Mbps"
  Spain,P7N6ZQSMUSOF,Spain Unlimited LITE - 15 Days,19.13  $,32.99  $,Unlimited,15,Yes,"Daily - 2GB per Day, then 1Mbps"
  Spain,RZVCEXIXSW5K,Spain Unlimited LITE - 30 Days,29.38  $,40.99  $,Unlimited,30,Yes,"Daily - 2GB per Day, then 1Mbps"
  Spain,RMSABDAPQKZ2,Spain Unlimited LITE - 5 Days,9.85  $,16.99  $,Unlimited,5,Yes,"Daily - 2GB per Day, then 1Mbps"
  Spain,UZYOFKJVR5XK,Spain Unlimited MAX - 10 Days,22.44  $,29.99  $,Unlimited,10,Yes,"Daily - 5GB per Day, then 1Mbps"
  Spain,8T4A1OJFINUV,Spain Unlimited MAX - 15 Days,27.66  $,49.99  $,Unlimited,15,Yes,"Daily - 5GB per Day, then 1Mbps"
  Spain,NWCWLLOU8ECH,Spain Unlimited MAX - 30 Days,49.34  $,59.99  $,Unlimited,30,Yes,"Daily - 5GB per Day, then 1Mbps"
  Spain,CHBVU7JRXQIG,Spain Unlimited MAX - 5 Days,12.52  $,24.99  $,Unlimited,5,Yes,"Daily - 5GB per Day, then 1Mbps"
  Spain,PUSMPW8XJDCM,Spain Unlimited STANDARD - 10 Days,14.49  $,24.99  $,Unlimited,10,Yes,"Daily - 3GB per Day, then 1Mbps"
  Spain,SVN2XKQAUHUM,Spain Unlimited STANDARD - 15 Days,19.13  $,39.99  $,Unlimited,15,Yes,"Daily - 3GB per Day, then 1Mbps"
  Spain,JH2TZMNW0EBH,Spain Unlimited STANDARD - 30 Days,29.63  $,49.99  $,Unlimited,30,Yes,"Daily - 3GB per Day, then 1Mbps"
  Spain,E7AFCNHTQVV8,Spain Unlimited STANDARD - 5 Days,9.85  $,14.99  $,Unlimited,5,Yes,"Daily - 3GB per Day, then 1Mbps"
  Sri Lanka,ECM5GPOJSNKE,Sri Lanka 10GB - 10 Days,9.49  $,13.99  $,10,10,Yes,Limit - Maximum Data 10GB
  Sri Lanka,SO3DOEWPYDQH,Sri Lanka 10GB - 15 Days,10.01  $,14.99  $,10,15,Yes,Limit - Maximum Data 10GB
  Sri Lanka,JNOTSBQ8U2RX,Sri Lanka 10GB - 30 Days,10.44  $,16.99  $,10,30,Yes,Limit - Maximum Data 10GB
  Sri Lanka,H7NWLPGUZ94J,Sri Lanka 10GB - 5 Days,8.54  $,12.99  $,10,5,Yes,Limit - Maximum Data 10GB
  Sri Lanka,FKW7IVNZHKMY,Sri Lanka 1GB - 10 Days,2.03  $,4.99  $,1,10,Yes,Limit - Maximum Data 1GB
  Sri Lanka,32RLHMQQDIBB,Sri Lanka 1GB - 15 Days,2.14  $,4.99  $,1,15,Yes,Limit - Maximum Data 1GB
  Sri Lanka,FQANKYG3CERG,Sri Lanka 1GB - 30 Days,2.23  $,7.99  $,1,30,Yes,Limit - Maximum Data 1GB
  Sri Lanka,YRJKUDZQ6V2G,Sri Lanka 1GB - 5 Days,1.83  $,3.99  $,1,5,Yes,Limit - Maximum Data 1GB
  Sri Lanka,WSEAYADU3OPR,Sri Lanka 20GB - 10 Days,15.07  $,24.99  $,20,10,Yes,Limit - Maximum Data 20GB
  Sri Lanka,GFHM94QIRUZ3,Sri Lanka 20GB - 15 Days,15.90  $,24.99  $,20,15,Yes,Limit - Maximum Data 20GB
  Sri Lanka,IXG1QBJTLMW4,Sri Lanka 20GB - 30 Days,16.58  $,27.99  $,20,30,Yes,Limit - Maximum Data 20GB
  Sri Lanka,OFYCKEVUJZNV,Sri Lanka 20GB - 5 Days,13.56  $,23.99  $,20,5,Yes,Limit - Maximum Data 20GB
  Sri Lanka,JTNZVI9SXZG7,Sri Lanka 3GB - 10 Days,3.47  $,5.99  $,3,10,Yes,Limit - Maximum Data 3GB
  Sri Lanka,QSEZW3ZDOJ1L,Sri Lanka 3GB - 15 Days,3.66  $,6.99  $,3,15,Yes,Limit - Maximum Data 3GB
  Sri Lanka,PQVSST35IKGW,Sri Lanka 3GB - 30 Days,3.82  $,8.99  $,3,30,Yes,Limit - Maximum Data 3GB
  Sri Lanka,OLEWBFQEISCD,Sri Lanka 3GB - 5 Days,3.12  $,4.99  $,3,5,Yes,Limit - Maximum Data 3GB
  Sri Lanka,SBNF0PCL5IRR,Sri Lanka 5GB - 10 Days,5.49  $,6.99  $,5,10,Yes,Limit - Maximum Data 5GB
  Sri Lanka,PYZL4YYNJBZU,Sri Lanka 5GB - 15 Days,5.79  $,7.99  $,5,15,Yes,Limit - Maximum Data 5GB
  Sri Lanka,EBSJNV5HKYW3,Sri Lanka 5GB - 30 Days,6.04  $,9.99  $,5,30,Yes,Limit - Maximum Data 5GB
  Sri Lanka,HN3X1U69YUIH,Sri Lanka 5GB - 5 Days,4.94  $,5.99  $,5,5,Yes,Limit - Maximum Data 5GB
  Sri Lanka,XO0648TZQUD8,Sri Lanka Unlimited LITE - 10 Days,13.04  $,24.99  $,Unlimited,10,Yes,"Daily - 2GB per Day, then 1Mbps"
  Sri Lanka,T7ZJY4KERCKB,Sri Lanka Unlimited LITE - 15 Days,19.31  $,36.99  $,Unlimited,15,Yes,"Daily - 2GB per Day, then 1Mbps"
  Sri Lanka,1U6RD1NOLAQP,Sri Lanka Unlimited LITE - 30 Days,32.60  $,48.99  $,Unlimited,30,Yes,"Daily - 2GB per Day, then 1Mbps"
  Sri Lanka,HD6VW3LLTZJA,Sri Lanka Unlimited LITE - 5 Days,9.91  $,18.99  $,Unlimited,5,Yes,"Daily - 2GB per Day, then 1Mbps"
  Sri Lanka,ZW9MPXXJ1UEQ,Sri Lanka Unlimited MAX - 10 Days,24.01  $,29.99  $,Unlimited,10,Yes,"Daily - 5GB per Day, then 1Mbps"
  Sri Lanka,LM2UFAXHXWGD,Sri Lanka Unlimited MAX - 15 Days,36.01  $,49.99  $,Unlimited,15,Yes,"Daily - 5GB per Day, then 1Mbps"
  Sri Lanka,TJ3QJBUIMSYX,Sri Lanka Unlimited MAX - 30 Days,45.86  $,49.99  $,Unlimited,30,Yes,"Daily - 5GB per Day, then 1Mbps"
  Sri Lanka,KL4RQPCVWTM8,Sri Lanka Unlimited MAX - 5 Days,15.65  $,24.99  $,Unlimited,5,Yes,"Daily - 5GB per Day, then 1Mbps"
  Sri Lanka,YYGWE1H6AFCZ,Sri Lanka Unlimited STANDARD - 10 Days,14.11  $,24.99  $,Unlimited,10,Yes,"Daily - 3GB per Day, then 1Mbps"
  Sri Lanka,4V7V43OH6JFR,Sri Lanka Unlimited STANDARD - 15 Days,24.80  $,39.99  $,Unlimited,15,Yes,"Daily - 3GB per Day, then 1Mbps"
  Sri Lanka,OX7QSYODJEM5,Sri Lanka Unlimited STANDARD - 30 Days,26.55  $,49.99  $,Unlimited,30,Yes,"Daily - 3GB per Day, then 1Mbps"
  Sri Lanka,QOEWZELPIYXW,Sri Lanka Unlimited STANDARD - 5 Days,9.91  $,17.99  $,Unlimited,5,Yes,"Daily - 3GB per Day, then 1Mbps"
  St. Vincent and the Grenadines,3DTZDNLPL2AO,St. Vincent and the Grenadines 10GB - 10 Days,27.93  $,41.99  $,10,10,Yes,Limit - Maximum Data 10GB
  St. Vincent and the Grenadines,987WHUYGZMFA,St. Vincent and the Grenadines 10GB - 15 Days,29.47  $,42.99  $,10,15,Yes,Limit - Maximum Data 10GB
  St. Vincent and the Grenadines,TRGYUYWIAR5P,St. Vincent and the Grenadines 10GB - 30 Days,30.72  $,46.99  $,10,30,Yes,Limit - Maximum Data 10GB
  St. Vincent and the Grenadines,KAZU0W1OKCQ6,St. Vincent and the Grenadines 10GB - 5 Days,25.14  $,40.99  $,10,5,Yes,Limit - Maximum Data 10GB
  St. Vincent and the Grenadines,QLRA6SIAPYUR,St. Vincent and the Grenadines 1GB - 10 Days,4.89  $,5.99  $,1,10,Yes,Limit - Maximum Data 1GB
  St. Vincent and the Grenadines,VN3DJTKKW1WN,St. Vincent and the Grenadines 1GB - 15 Days,5.16  $,6.99  $,1,15,Yes,Limit - Maximum Data 1GB
  St. Vincent and the Grenadines,5LA7LCM24ABM,St. Vincent and the Grenadines 1GB - 30 Days,5.38  $,8.99  $,1,30,Yes,Limit - Maximum Data 1GB
  St. Vincent and the Grenadines,3A7S9C5CXATX,St. Vincent and the Grenadines 1GB - 5 Days,4.40  $,4.99  $,1,5,Yes,Limit - Maximum Data 1GB
  St. Vincent and the Grenadines,595EL0XZFO7Y,St. Vincent and the Grenadines 20GB - 10 Days,42.10  $,61.99  $,20,10,Yes,Limit - Maximum Data 20GB
  St. Vincent and the Grenadines,JZQHF7KXGGKU,St. Vincent and the Grenadines 20GB - 15 Days,44.42  $,62.99  $,20,15,Yes,Limit - Maximum Data 20GB
  St. Vincent and the Grenadines,ASJQZNQQWB4I,St. Vincent and the Grenadines 20GB - 30 Days,46.31  $,66.99  $,20,30,Yes,Limit - Maximum Data 20GB
  St. Vincent and the Grenadines,Q3MWCQKRZ2HC,St. Vincent and the Grenadines 20GB - 5 Days,37.89  $,60.99  $,20,5,Yes,Limit - Maximum Data 20GB
  St. Vincent and the Grenadines,EVMW3XHN6178,St. Vincent and the Grenadines 3GB - 10 Days,10.95  $,14.99  $,3,10,Yes,Limit - Maximum Data 3GB
  St. Vincent and the Grenadines,ZDF2WMZFFKWQ,St. Vincent and the Grenadines 3GB - 15 Days,11.55  $,14.99  $,3,15,Yes,Limit - Maximum Data 3GB
  St. Vincent and the Grenadines,OUPLBCBZ8PIF,St. Vincent and the Grenadines 3GB - 30 Days,12.05  $,17.99  $,3,30,Yes,Limit - Maximum Data 3GB
  St. Vincent and the Grenadines,GYOVG0FWPF30,St. Vincent and the Grenadines 3GB - 5 Days,9.86  $,13.99  $,3,5,Yes,Limit - Maximum Data 3GB
  St. Vincent and the Grenadines,E2DYN9G9YJV6,St. Vincent and the Grenadines 5GB - 10 Days,16.25  $,24.99  $,5,10,Yes,Limit - Maximum Data 5GB
  St. Vincent and the Grenadines,3I7YNUMKBALB,St. Vincent and the Grenadines 5GB - 15 Days,17.14  $,24.99  $,5,15,Yes,Limit - Maximum Data 5GB
  St. Vincent and the Grenadines,8V2N0FGPQYR4,St. Vincent and the Grenadines 5GB - 30 Days,17.88  $,27.99  $,5,30,Yes,Limit - Maximum Data 5GB
  St. Vincent and the Grenadines,TBH7JRL6SAEP,St. Vincent and the Grenadines 5GB - 5 Days,14.63  $,23.99  $,5,5,Yes,Limit - Maximum Data 5GB
  Sudan,JZOYXH81GXAU,Sudan 10GB - 10 Days,56.45  $,79.99  $,10,10,Yes,Limit - Maximum Data 10GB
  Sudan,OOYEODZP9TCV,Sudan 10GB - 15 Days,59.55  $,79.99  $,10,15,Yes,Limit - Maximum Data 10GB
  Sudan,FE58G219GPFA,Sudan 10GB - 30 Days,62.10  $,84.99  $,10,30,Yes,Limit - Maximum Data 10GB
  Sudan,YHBLRRW5LOAV,Sudan 10GB - 5 Days,50.81  $,78.99  $,10,5,Yes,Limit - Maximum Data 10GB
  Sudan,XLXK4RKPQO6G,Sudan 1GB - 10 Days,8.99  $,10.99  $,1,10,Yes,Limit - Maximum Data 1GB
  Sudan,P9Q4JICLEUWH,Sudan 1GB - 15 Days,9.49  $,11.99  $,1,15,Yes,Limit - Maximum Data 1GB
  Sudan,GAPSB8BRPBBO,Sudan 1GB - 30 Days,9.89  $,13.99  $,1,30,Yes,Limit - Maximum Data 1GB
  Sudan,JF9LHFUVNOQX,Sudan 1GB - 5 Days,8.09  $,9.99  $,1,5,Yes,Limit - Maximum Data 1GB
  Sudan,BLJWUBRNXMR4,Sudan 3GB - 10 Days,21.78  $,29.99  $,3,10,Yes,Limit - Maximum Data 3GB
  Sudan,APGPPEWX1B2Y,Sudan 3GB - 15 Days,22.98  $,29.99  $,3,15,Yes,Limit - Maximum Data 3GB
  Sudan,RSDJVJX6BUYK,Sudan 3GB - 30 Days,23.96  $,32.99  $,3,30,Yes,Limit - Maximum Data 3GB
  Sudan,DBZR3SCQAEOW,Sudan 3GB - 5 Days,19.60  $,28.99  $,3,5,Yes,Limit - Maximum Data 3GB
  Sudan,B9UK50I0Z79Q,Sudan 5GB - 10 Days,32.62  $,49.99  $,5,10,Yes,Limit - Maximum Data 5GB
  Sudan,BAQ6AZGQICKD,Sudan 5GB - 15 Days,34.41  $,49.99  $,5,15,Yes,Limit - Maximum Data 5GB
  Sudan,QUGIAKB2ZBNS,Sudan 5GB - 30 Days,35.88  $,54.99  $,5,30,Yes,Limit - Maximum Data 5GB
  Sudan,CBCU6OBHKW3E,Sudan 5GB - 5 Days,29.36  $,48.99  $,5,5,Yes,Limit - Maximum Data 5GB
  Suriname,CYIBROOLSCPM,Suriname 10GB - 10 Days,44.77  $,53.99  $,10,10,Yes,Limit - Maximum Data 10GB
  Suriname,EHY1AR1ANN57,Suriname 10GB - 15 Days,47.23  $,54.99  $,10,15,Yes,Limit - Maximum Data 10GB
  Suriname,MCKFGXVRPONE,Suriname 10GB - 30 Days,49.25  $,58.99  $,10,30,Yes,Limit - Maximum Data 10GB
  Suriname,VN95G2MCBZWV,Suriname 10GB - 5 Days,40.29  $,52.99  $,10,5,Yes,Limit - Maximum Data 10GB
  Suriname,ECOJ20QQLDPO,Suriname 1GB - 10 Days,7.52  $,9.99  $,1,10,Yes,Limit - Maximum Data 1GB
  Suriname,BJY83L2GXHVT,Suriname 1GB - 15 Days,7.93  $,9.99  $,1,15,Yes,Limit - Maximum Data 1GB
  Suriname,U1IUJS0JSJAW,Suriname 1GB - 30 Days,8.27  $,12.99  $,1,30,Yes,Limit - Maximum Data 1GB
  Suriname,KFQZFODEQRJ1,Suriname 1GB - 5 Days,6.77  $,8.99  $,1,5,Yes,Limit - Maximum Data 1GB
  Suriname,E5IZKGPGYXUB,Suriname 3GB - 10 Days,17.35  $,19.99  $,3,10,Yes,Limit - Maximum Data 3GB
  Suriname,6JDTKS5PPYNK,Suriname 3GB - 15 Days,18.30  $,19.99  $,3,15,Yes,Limit - Maximum Data 3GB
  Suriname,YPJQP8RUAUFD,Suriname 3GB - 30 Days,19.09  $,22.99  $,3,30,Yes,Limit - Maximum Data 3GB
  Suriname,XZBHIMAYVKDS,Suriname 3GB - 5 Days,15.62  $,18.99  $,3,5,Yes,Limit - Maximum Data 3GB
  Suriname,DNUNOJEKWB5O,Suriname 5GB - 10 Days,25.92  $,33.99  $,5,10,Yes,Limit - Maximum Data 5GB
  Suriname,EE0RRTJSWYDL,Suriname 5GB - 15 Days,27.35  $,34.99  $,5,15,Yes,Limit - Maximum Data 5GB
  Suriname,DPXY0EINKOWV,Suriname 5GB - 30 Days,28.51  $,36.99  $,5,30,Yes,Limit - Maximum Data 5GB
  Suriname,RAM6SEM9NFTB,Suriname 5GB - 5 Days,23.33  $,32.99  $,5,5,Yes,Limit - Maximum Data 5GB
  Swaziland,A1NH6X5CAY2O,Swaziland 10GB - 10 Days,38.39  $,53.99  $,10,10,Yes,Limit - Maximum Data 10GB
  Swaziland,RF5C1UTPODCX,Swaziland 10GB - 15 Days,40.50  $,54.99  $,10,15,Yes,Limit - Maximum Data 10GB
  Swaziland,WAWVGUKEOT2N,Swaziland 10GB - 30 Days,42.23  $,58.99  $,10,30,Yes,Limit - Maximum Data 10GB
  Swaziland,QYJ0EIVS4LOP,Swaziland 10GB - 5 Days,34.55  $,52.99  $,10,5,Yes,Limit - Maximum Data 10GB
  Swaziland,CDJEMVBKVXEL,Swaziland 1GB - 10 Days,6.77  $,9.99  $,1,10,Yes,Limit - Maximum Data 1GB
  Swaziland,K0TMWNDNIGFR,Swaziland 1GB - 15 Days,7.14  $,9.99  $,1,15,Yes,Limit - Maximum Data 1GB
  Swaziland,GAF8PNPQCDNP,Swaziland 1GB - 30 Days,7.45  $,12.99  $,1,30,Yes,Limit - Maximum Data 1GB
  Swaziland,KCLFFVH41HWF,Swaziland 1GB - 5 Days,6.09  $,8.99  $,1,5,Yes,Limit - Maximum Data 1GB
  Swaziland,JXZXTRCP3VGK,Swaziland 20GB - 10 Days,55.99  $,69.99  $,20,10,Yes,Limit - Maximum Data 20GB
  Swaziland,K0WFSUGEVT8B,Swaziland 20GB - 15 Days,59.07  $,74.99  $,20,15,Yes,Limit - Maximum Data 20GB
  Swaziland,QRQVS6ZAAH4P,Swaziland 20GB - 30 Days,61.59  $,74.99  $,20,30,Yes,Limit - Maximum Data 20GB
  Swaziland,BI8F7B0PO4ZZ,Swaziland 20GB - 5 Days,50.39  $,69.99  $,20,5,Yes,Limit - Maximum Data 20GB
  Swaziland,26L0ZMQOJV9I,Swaziland 3GB - 10 Days,15.53  $,19.99  $,3,10,Yes,Limit - Maximum Data 3GB
  Swaziland,02COJTPYLKRW,Swaziland 3GB - 15 Days,16.38  $,19.99  $,3,15,Yes,Limit - Maximum Data 3GB
  Swaziland,ZLFRHXTCSGMI,Swaziland 3GB - 30 Days,17.08  $,22.99  $,3,30,Yes,Limit - Maximum Data 3GB
  Swaziland,N7PHZQPQBMWU,Swaziland 3GB - 5 Days,13.98  $,18.99  $,3,5,Yes,Limit - Maximum Data 3GB
  Swaziland,EWRAELO9NUST,Swaziland 5GB - 10 Days,23.17  $,33.99  $,5,10,Yes,Limit - Maximum Data 5GB
  Swaziland,A5AWXQJTMNFP,Swaziland 5GB - 15 Days,24.44  $,34.99  $,5,15,Yes,Limit - Maximum Data 5GB
  Swaziland,US5XQ4PZ9YPZ,Swaziland 5GB - 30 Days,25.49  $,36.99  $,5,30,Yes,Limit - Maximum Data 5GB
  Swaziland,IJUTEXYWDGCX,Swaziland 5GB - 5 Days,20.85  $,32.99  $,5,5,Yes,Limit - Maximum Data 5GB
  Sweden,BLYEYGDVO4KW,Sweden 10GB - 10 Days,6.50  $,9.99  $,10,10,Yes,Limit - Maximum Data 10GB
  Sweden,H1RGMLHKFMWJ,Sweden 10GB - 15 Days,6.85  $,9.99  $,10,15,Yes,Limit - Maximum Data 10GB
  Sweden,EYPWVKSX4W5C,Sweden 10GB - 30 Days,7.14  $,12.99  $,10,30,Yes,Limit - Maximum Data 10GB
  Sweden,DNIFHKMRYXC9,Sweden 10GB - 5 Days,5.85  $,8.99  $,10,5,Yes,Limit - Maximum Data 10GB
  Sweden,JCX3HUUTBVBQ,Sweden 1GB - 10 Days,2.00  $,3.99  $,1,10,Yes,Limit - Maximum Data 1GB
  Sweden,3BMDTYPGAK42,Sweden 1GB - 15 Days,2.11  $,4.99  $,1,15,Yes,Limit - Maximum Data 1GB
  Sweden,IQDGAPM1OA8H,Sweden 1GB - 30 Days,2.20  $,6.99  $,1,30,Yes,Limit - Maximum Data 1GB
  Sweden,BMWECRMF7AQW,Sweden 1GB - 5 Days,1.80  $,2.99  $,1,5,Yes,Limit - Maximum Data 1GB
  Sweden,NA7ZMVANHBDX,Sweden 20GB - 10 Days,9.50  $,18.99  $,20,10,Yes,Limit - Maximum Data 20GB
  Sweden,3NQ2O16UBTSE,Sweden 20GB - 15 Days,10.02  $,19.99  $,20,15,Yes,Limit - Maximum Data 20GB
  Sweden,ZJWDSRL2KETP,Sweden 20GB - 30 Days,10.44  $,21.99  $,20,30,Yes,Limit - Maximum Data 20GB
  Sweden,5DVDN6TLGIEU,Sweden 20GB - 5 Days,8.55  $,17.99  $,20,5,Yes,Limit - Maximum Data 20GB
  Sweden,8X39B0YLRB3Q,Sweden 3GB - 10 Days,3.00  $,7.99  $,3,10,Yes,Limit - Maximum Data 3GB
  Sweden,7L2POEASH6DJ,Sweden 3GB - 15 Days,3.16  $,8.99  $,3,15,Yes,Limit - Maximum Data 3GB
  Sweden,WBBZIYCLVFWT,Sweden 3GB - 30 Days,3.29  $,9.99  $,3,30,Yes,Limit - Maximum Data 3GB
  Sweden,29NH686OPUFB,Sweden 3GB - 5 Days,2.70  $,7.99  $,3,5,Yes,Limit - Maximum Data 3GB
  Sweden,NLX9JRJ1FYI8,Sweden 5GB - 10 Days,4.00  $,5.99  $,5,10,Yes,Limit - Maximum Data 5GB
  Sweden,IX0KRUTQXF27,Sweden 5GB - 15 Days,4.21  $,6.99  $,5,15,Yes,Limit - Maximum Data 5GB
  Sweden,E5TCKFSDBDO3,Sweden 5GB - 30 Days,4.39  $,8.99  $,5,30,Yes,Limit - Maximum Data 5GB
  Sweden,HE4RBHK0Z6TM,Sweden 5GB - 5 Days,3.60  $,4.99  $,5,5,Yes,Limit - Maximum Data 5GB
  Sweden,VNETDS5XHEIM,Sweden Unlimited LITE - 10 Days,14.49  $,24.99  $,Unlimited,10,Yes,"Daily - 2GB per Day, then 1Mbps"
  Sweden,PTYZX1FCE5EN,Sweden Unlimited LITE - 15 Days,19.13  $,32.99  $,Unlimited,15,Yes,"Daily - 2GB per Day, then 1Mbps"
  Sweden,PSEBQKVWGEPI,Sweden Unlimited LITE - 30 Days,27.96  $,40.99  $,Unlimited,30,Yes,"Daily - 2GB per Day, then 1Mbps"
  Sweden,ZMC1J8QEHQYJ,Sweden Unlimited LITE - 5 Days,9.85  $,16.99  $,Unlimited,5,Yes,"Daily - 2GB per Day, then 1Mbps"
  Sweden,TRLCHRTJAS0D,Sweden Unlimited MAX - 10 Days,22.44  $,34.99  $,Unlimited,10,Yes,"Daily - 5GB per Day, then 1Mbps"
  Sweden,KNSZTQ5O52V9,Sweden Unlimited MAX - 15 Days,27.66  $,54.99  $,Unlimited,15,Yes,"Daily - 5GB per Day, then 1Mbps"
  Sweden,FBXTPB7FMGGZ,Sweden Unlimited MAX - 30 Days,38.32  $,69.99  $,Unlimited,30,Yes,"Daily - 5GB per Day, then 1Mbps"
  Sweden,Z4QMX3F20ESV,Sweden Unlimited MAX - 5 Days,12.52  $,24.99  $,Unlimited,5,Yes,"Daily - 5GB per Day, then 1Mbps"
  Sweden,HQFL06WCF1BQ,Sweden Unlimited STANDARD - 10 Days,14.49  $,24.99  $,Unlimited,10,Yes,"Daily - 3GB per Day, then 1Mbps"
  Sweden,XNMSCW7DE2ER,Sweden Unlimited STANDARD - 15 Days,19.13  $,39.99  $,Unlimited,15,Yes,"Daily - 3GB per Day, then 1Mbps"
  Sweden,ZE5NLMYJFUKL,Sweden Unlimited STANDARD - 30 Days,30.50  $,49.99  $,Unlimited,30,Yes,"Daily - 3GB per Day, then 1Mbps"
  Sweden,JXAEN7MD4EGV,Sweden Unlimited STANDARD - 5 Days,9.85  $,14.99  $,Unlimited,5,Yes,"Daily - 3GB per Day, then 1Mbps"
  Switzerland,8RA1UIZBYCLN,Switzerland 10GB - 10 Days,6.50  $,12.99  $,10,10,Yes,Limit - Maximum Data 10GB
  Switzerland,98MO5K1AZNEL,Switzerland 10GB - 15 Days,6.85  $,13.99  $,10,15,Yes,Limit - Maximum Data 10GB
  Switzerland,VN5BYM2NZWA1,Switzerland 10GB - 30 Days,7.14  $,15.99  $,10,30,Yes,Limit - Maximum Data 10GB
  Switzerland,K1IADJGQZ6SP,Switzerland 10GB - 5 Days,5.85  $,11.99  $,10,5,Yes,Limit - Maximum Data 10GB
  Switzerland,O9WZIHYGEFGR,Switzerland 1GB - 10 Days,2.00  $,4.99  $,1,10,Yes,Limit - Maximum Data 1GB
  Switzerland,53VIU1W8PPBK,Switzerland 1GB - 15 Days,2.11  $,4.99  $,1,15,Yes,Limit - Maximum Data 1GB
  Switzerland,K0LXBISULPNJ,Switzerland 1GB - 30 Days,2.20  $,7.99  $,1,30,Yes,Limit - Maximum Data 1GB
  Switzerland,JSQIY9PNVDPU,Switzerland 1GB - 5 Days,1.80  $,3.99  $,1,5,Yes,Limit - Maximum Data 1GB
  Switzerland,RJAEH8SDDPQ2,Switzerland 20GB - 10 Days,9.50  $,21.99  $,20,10,Yes,Limit - Maximum Data 20GB
  Switzerland,7JIZNOHXQPZV,Switzerland 20GB - 15 Days,10.02  $,22.99  $,20,15,Yes,Limit - Maximum Data 20GB
  Switzerland,GNTOXJRGS9AA,Switzerland 20GB - 30 Days,10.44  $,24.99  $,20,30,Yes,Limit - Maximum Data 20GB
  Switzerland,4XING9TZZWUJ,Switzerland 20GB - 5 Days,8.55  $,20.99  $,20,5,Yes,Limit - Maximum Data 20GB
  Switzerland,JQZYCYQEMEDA,Switzerland 3GB - 10 Days,3.00  $,7.99  $,3,10,Yes,Limit - Maximum Data 3GB
  Switzerland,NMMJ6V4Z0ILE,Switzerland 3GB - 15 Days,3.16  $,8.99  $,3,15,Yes,Limit - Maximum Data 3GB
  Switzerland,KEBQC9NMAVBS,Switzerland 3GB - 30 Days,3.29  $,9.99  $,3,30,Yes,Limit - Maximum Data 3GB
  Switzerland,HEEEXBCW4OO8,Switzerland 3GB - 5 Days,2.70  $,7.99  $,3,5,Yes,Limit - Maximum Data 3GB
  Switzerland,X5GWVUYEUENS,Switzerland 5GB - 10 Days,4.00  $,6.99  $,5,10,Yes,Limit - Maximum Data 5GB
  Switzerland,EH7HF0TCOURO,Switzerland 5GB - 15 Days,4.21  $,7.99  $,5,15,Yes,Limit - Maximum Data 5GB
  Switzerland,B8PPNGJCSAIL,Switzerland 5GB - 30 Days,4.39  $,9.99  $,5,30,Yes,Limit - Maximum Data 5GB
  Switzerland,HJRXWUOVCYM5,Switzerland 5GB - 5 Days,3.60  $,5.99  $,5,5,Yes,Limit - Maximum Data 5GB
  Switzerland,MABKF68ZBVO9,Switzerland Unlimited LITE - 10 Days,14.49  $,24.99  $,Unlimited,10,Yes,"Daily - 2GB per Day, then 1Mbps"
  Switzerland,ZQJGQY4PZP8J,Switzerland Unlimited LITE - 15 Days,23.63  $,32.99  $,Unlimited,15,Yes,"Daily - 2GB per Day, then 1Mbps"
  Switzerland,F5PAX4ZZVVD7,Switzerland Unlimited LITE - 30 Days,34.20  $,40.99  $,Unlimited,30,Yes,"Daily - 2GB per Day, then 1Mbps"
  Switzerland,NHSV7YBCQHJD,Switzerland Unlimited LITE - 5 Days,9.85  $,16.99  $,Unlimited,5,Yes,"Daily - 2GB per Day, then 1Mbps"
  Switzerland,QO5VTHDZBQGP,Switzerland Unlimited MAX - 10 Days,22.44  $,29.99  $,Unlimited,10,Yes,"Daily - 5GB per Day, then 1Mbps"
  Switzerland,QLJ2A6OTF5VH,Switzerland Unlimited MAX - 15 Days,38.87  $,49.99  $,Unlimited,15,Yes,"Daily - 5GB per Day, then 1Mbps"
  Switzerland,UPTFRFYSMNQP,Switzerland Unlimited MAX - 30 Days,58.49  $,59.99  $,Unlimited,30,Yes,"Daily - 5GB per Day, then 1Mbps"
  Switzerland,4W8ZU1CHMSDG,Switzerland Unlimited MAX - 5 Days,12.52  $,24.99  $,Unlimited,5,Yes,"Daily - 5GB per Day, then 1Mbps"
  Switzerland,LM5BZKUWDLJC,Switzerland Unlimited STANDARD - 10 Days,14.49  $,24.99  $,Unlimited,10,Yes,"Daily - 3GB per Day, then 1Mbps"
  Switzerland,WSNIZQETOWUV,Switzerland Unlimited STANDARD - 15 Days,20.33  $,39.99  $,Unlimited,15,Yes,"Daily - 3GB per Day, then 1Mbps"
  Switzerland,PKBBF9FTQYEU,Switzerland Unlimited STANDARD - 30 Days,33.73  $,49.99  $,Unlimited,30,Yes,"Daily - 3GB per Day, then 1Mbps"
  Switzerland,VPQPU5EELZRI,Switzerland Unlimited STANDARD - 5 Days,9.85  $,14.99  $,Unlimited,5,Yes,"Daily - 3GB per Day, then 1Mbps"
  Taiwan,8KBR1WSJ5UZD,Taiwan 10GB - 10 Days,8.55  $,13.99  $,10,10,Yes,Limit - Maximum Data 10GB
  Taiwan,ZOMMIF1EIDSQ,Taiwan 10GB - 15 Days,9.02  $,14.99  $,10,15,Yes,Limit - Maximum Data 10GB
  Taiwan,98UKEKYAY4WI,Taiwan 10GB - 30 Days,9.41  $,16.99  $,10,30,Yes,Limit - Maximum Data 10GB
  Taiwan,KB2F5U0MBTIS,Taiwan 10GB - 5 Days,7.70  $,12.99  $,10,5,Yes,Limit - Maximum Data 10GB
  Taiwan,PAOU3XJAE7QH,Taiwan 1GB - 10 Days,2.00  $,4.99  $,1,10,Yes,Limit - Maximum Data 1GB
  Taiwan,YA5KZOE3ZUPJ,Taiwan 1GB - 15 Days,2.11  $,4.99  $,1,15,Yes,Limit - Maximum Data 1GB
  Taiwan,HXJK0HUFIKEP,Taiwan 1GB - 30 Days,2.20  $,7.99  $,1,30,Yes,Limit - Maximum Data 1GB
  Taiwan,KPAHMBQVG1NB,Taiwan 1GB - 5 Days,1.80  $,3.99  $,1,5,Yes,Limit - Maximum Data 1GB
  Taiwan,CHUCTVVW7F4W,Taiwan 20GB - 10 Days,14.72  $,24.99  $,20,10,Yes,Limit - Maximum Data 20GB
  Taiwan,J4BOW5DYIDW1,Taiwan 20GB - 15 Days,15.53  $,24.99  $,20,15,Yes,Limit - Maximum Data 20GB
  Taiwan,BRPW0Y0M5XTP,Taiwan 20GB - 30 Days,16.19  $,27.99  $,20,30,Yes,Limit - Maximum Data 20GB
  Taiwan,O0YCKIXMHGFQ,Taiwan 20GB - 5 Days,13.25  $,23.99  $,20,5,Yes,Limit - Maximum Data 20GB
  Taiwan,RIKH6B45MYCF,Taiwan 3GB - 10 Days,3.50  $,5.99  $,3,10,Yes,Limit - Maximum Data 3GB
  Taiwan,YXKS4SDGIQPA,Taiwan 3GB - 15 Days,3.69  $,6.99  $,3,15,Yes,Limit - Maximum Data 3GB
  Taiwan,GYCEUAEJYLQ8,Taiwan 3GB - 30 Days,3.84  $,8.99  $,3,30,Yes,Limit - Maximum Data 3GB
  Taiwan,RQPOVNZNVRXZ,Taiwan 3GB - 5 Days,3.15  $,4.99  $,3,5,Yes,Limit - Maximum Data 3GB
  Taiwan,VDMCUCXOWN1I,Taiwan 5GB - 10 Days,5.00  $,6.99  $,5,10,Yes,Limit - Maximum Data 5GB
  Taiwan,EEQPHQAYGU7W,Taiwan 5GB - 15 Days,5.27  $,7.99  $,5,15,Yes,Limit - Maximum Data 5GB
  Taiwan,4IY3YTOKQ6XN,Taiwan 5GB - 30 Days,5.49  $,9.99  $,5,30,Yes,Limit - Maximum Data 5GB
  Taiwan,XFD7KD1HMWPH,Taiwan 5GB - 5 Days,4.50  $,5.99  $,5,5,Yes,Limit - Maximum Data 5GB
  Taiwan,W8QWIXGDTK15,Taiwan Unlimited LITE - 10 Days,16.84  $,24.99  $,Unlimited,10,Yes,"Daily - 2GB per Day, then 1Mbps"
  Taiwan,E9Z221TIG5DO,Taiwan Unlimited LITE - 15 Days,21.46  $,36.99  $,Unlimited,15,Yes,"Daily - 2GB per Day, then 1Mbps"
  Taiwan,J6L23VYL0FX0,Taiwan Unlimited LITE - 30 Days,34.37  $,48.99  $,Unlimited,30,Yes,"Daily - 2GB per Day, then 1Mbps"
  Taiwan,BE5QLY1AXVZH,Taiwan Unlimited LITE - 5 Days,9.85  $,16.99  $,Unlimited,5,Yes,"Daily - 2GB per Day, then 1Mbps"
  Taiwan,JKBL7SZDUFCH,Taiwan Unlimited MAX - 10 Days,24.01  $,34.99  $,Unlimited,10,Yes,"Daily - 5GB per Day, then 1Mbps"
  Taiwan,7MEC19PDKAJ0,Taiwan Unlimited MAX - 15 Days,36.01  $,49.99  $,Unlimited,15,Yes,"Daily - 5GB per Day, then 1Mbps"
  Taiwan,I4X0CSKLTEGV,Taiwan Unlimited MAX - 30 Days,49.64  $,59.99  $,Unlimited,30,Yes,"Daily - 5GB per Day, then 1Mbps"
  Taiwan,ZYFOVCEEG9BU,Taiwan Unlimited MAX - 5 Days,15.65  $,24.99  $,Unlimited,5,Yes,"Daily - 5GB per Day, then 1Mbps"
  Taiwan,PAYHVQZMBXHK,Taiwan Unlimited STANDARD - 10 Days,22.73  $,29.99  $,Unlimited,10,Yes,"Daily - 3GB per Day, then 1Mbps"
  Taiwan,L7PIY6AJUKHC,Taiwan Unlimited STANDARD - 15 Days,24.27  $,39.99  $,Unlimited,15,Yes,"Daily - 3GB per Day, then 1Mbps"
  Taiwan,6K1NWSK7MEQT,Taiwan Unlimited STANDARD - 30 Days,35.67  $,49.99  $,Unlimited,30,Yes,"Daily - 3GB per Day, then 1Mbps"
  Taiwan,QT7AZAIQHRUY,Taiwan Unlimited STANDARD - 5 Days,10.01  $,17.99  $,Unlimited,5,Yes,"Daily - 3GB per Day, then 1Mbps"
  Tajikistan,Z6F3LXEJCUBQ,Tajikistan 1GB - 10 Days,22.49  $,5.99  $,1,10,Yes,Limit - Maximum Data 1GB
  Tajikistan,SVKCCMAWNVKQ,Tajikistan 1GB - 15 Days,23.73  $,6.99  $,1,15,Yes,Limit - Maximum Data 1GB
  Tajikistan,EJEN9SBTGHRT,Tajikistan 1GB - 30 Days,24.74  $,8.99  $,1,30,Yes,Limit - Maximum Data 1GB
  Tajikistan,32LA67M1KSIE,Tajikistan 1GB - 5 Days,20.24  $,4.99  $,1,5,Yes,Limit - Maximum Data 1GB
  Tajikistan,BKFHX2PHIMSM,Tajikistan 3GB - 10 Days,53.84  $,14.99  $,3,10,Yes,Limit - Maximum Data 3GB
  Tajikistan,ATWOQEGKCLVK,Tajikistan 3GB - 15 Days,56.80  $,14.99  $,3,15,Yes,Limit - Maximum Data 3GB
  Tajikistan,EP50FU6QZQMI,Tajikistan 3GB - 30 Days,59.22  $,17.99  $,3,30,Yes,Limit - Maximum Data 3GB
  Tajikistan,GEXPAO1SVKFN,Tajikistan 3GB - 5 Days,48.46  $,13.99  $,3,5,Yes,Limit - Maximum Data 3GB
  Tajikistan,9HL6H7FOPVXG,Tajikistan 5GB - 10 Days,81.06  $,24.99  $,5,10,Yes,Limit - Maximum Data 5GB
  Tajikistan,OUULUCOP3GCL,Tajikistan 5GB - 15 Days,85.52  $,24.99  $,5,15,Yes,Limit - Maximum Data 5GB
  Tajikistan,AQAP9JJ1NK6I,Tajikistan 5GB - 30 Days,89.17  $,27.99  $,5,30,Yes,Limit - Maximum Data 5GB
  Tajikistan,S2YKGJQFHTI8,Tajikistan 5GB - 5 Days,72.95  $,23.99  $,5,5,Yes,Limit - Maximum Data 5GB
  Tanzania,CCLZIRJHPNNW,Tanzania 10GB - 10 Days,31.76  $,43.99  $,10,10,Yes,Limit - Maximum Data 10GB
  Tanzania,VXZESKLJIFWI,Tanzania 10GB - 15 Days,33.51  $,44.99  $,10,15,Yes,Limit - Maximum Data 10GB
  Tanzania,URM3JHIWGM4Z,Tanzania 10GB - 30 Days,34.94  $,48.99  $,10,30,Yes,Limit - Maximum Data 10GB
  Tanzania,6VXAQKSTAJPL,Tanzania 10GB - 5 Days,28.58  $,42.99  $,10,5,Yes,Limit - Maximum Data 10GB
  Tanzania,VJUIMF5C0ZQD,Tanzania 1GB - 10 Days,5.49  $,5.99  $,1,10,Yes,Limit - Maximum Data 1GB
  Tanzania,0EAQQXOSFGKR,Tanzania 1GB - 15 Days,5.79  $,6.99  $,1,15,Yes,Limit - Maximum Data 1GB
  Tanzania,54C4IF6M0EA1,Tanzania 1GB - 30 Days,6.04  $,8.99  $,1,30,Yes,Limit - Maximum Data 1GB
  Tanzania,FTSSXO60ODBI,Tanzania 1GB - 5 Days,4.94  $,4.99  $,1,5,Yes,Limit - Maximum Data 1GB
  Tanzania,1VV4WBSZEJP6,Tanzania 20GB - 10 Days,47.91  $,73.99  $,20,10,Yes,Limit - Maximum Data 20GB
  Tanzania,VX2OJMBEPNLG,Tanzania 20GB - 15 Days,50.55  $,74.99  $,20,15,Yes,Limit - Maximum Data 20GB
  Tanzania,BLHGYHN9SBWT,Tanzania 20GB - 30 Days,52.70  $,78.99  $,20,30,Yes,Limit - Maximum Data 20GB
  Tanzania,2G3SWDZBJF9Y,Tanzania 20GB - 5 Days,43.12  $,72.99  $,20,5,Yes,Limit - Maximum Data 20GB
  Tanzania,SFBJPY0SOJI2,Tanzania 3GB - 10 Days,12.41  $,14.99  $,3,10,Yes,Limit - Maximum Data 3GB
  Tanzania,ZC1LOV9PWGWE,Tanzania 3GB - 15 Days,13.09  $,14.99  $,3,15,Yes,Limit - Maximum Data 3GB
  Tanzania,EXMQ1UD74RI6,Tanzania 3GB - 30 Days,13.65  $,17.99  $,3,30,Yes,Limit - Maximum Data 3GB
  Tanzania,BQD8B6BACUGO,Tanzania 3GB - 5 Days,11.17  $,13.99  $,3,5,Yes,Limit - Maximum Data 3GB
  Tanzania,WHVONY754ATN,Tanzania 5GB - 10 Days,18.45  $,24.99  $,5,10,Yes,Limit - Maximum Data 5GB
  Tanzania,56FQYBXM5KAC,Tanzania 5GB - 15 Days,19.46  $,24.99  $,5,15,Yes,Limit - Maximum Data 5GB
  Tanzania,NENDFICO3PXL,Tanzania 5GB - 30 Days,20.30  $,27.99  $,5,30,Yes,Limit - Maximum Data 5GB
  Tanzania,736KVMNTWTWY,Tanzania 5GB - 5 Days,16.61  $,23.99  $,5,5,Yes,Limit - Maximum Data 5GB
  Thailand,Q72XPUJZ7BIA,Thailand 10GB - 10 Days,9.18  $,13.99  $,10,10,Yes,Limit - Maximum Data 10GB
  Thailand,C1YX9J5CJLWD,Thailand 10GB - 15 Days,9.68  $,14.99  $,10,15,Yes,Limit - Maximum Data 10GB
  Thailand,EZI2CWMDPIF5,Thailand 10GB - 30 Days,10.10  $,16.99  $,10,30,Yes,Limit - Maximum Data 10GB
  Thailand,WGNHXRUJ0JI7,Thailand 10GB - 5 Days,8.26  $,12.99  $,10,5,Yes,Limit - Maximum Data 10GB
  Thailand,WTVENSECQUOU,Thailand 1GB - 10 Days,2.00  $,4.99  $,1,10,Yes,Limit - Maximum Data 1GB
  Thailand,CE9GIPILYMWS,Thailand 1GB - 15 Days,2.11  $,4.99  $,1,15,Yes,Limit - Maximum Data 1GB
  Thailand,YDLRAAECTMDF,Thailand 1GB - 30 Days,2.20  $,7.99  $,1,30,Yes,Limit - Maximum Data 1GB
  Thailand,4XAYD3I9KNQT,Thailand 1GB - 5 Days,1.80  $,3.99  $,1,5,Yes,Limit - Maximum Data 1GB
  Thailand,0XJDNOVL5EDG,Thailand 20GB - 10 Days,15.65  $,24.99  $,20,10,Yes,Limit - Maximum Data 20GB
  Thailand,05OLPQXEE728,Thailand 20GB - 15 Days,16.51  $,24.99  $,20,15,Yes,Limit - Maximum Data 20GB
  Thailand,O89AFLBCASLM,Thailand 20GB - 30 Days,17.22  $,27.99  $,20,30,Yes,Limit - Maximum Data 20GB
  Thailand,H0SJ3ZTXJKC9,Thailand 20GB - 5 Days,14.09  $,23.99  $,20,5,Yes,Limit - Maximum Data 20GB
  Thailand,EJFRLDIZQVT6,Thailand 3GB - 10 Days,3.50  $,8.99  $,3,10,Yes,Limit - Maximum Data 3GB
  Thailand,CEL1RYSDW2M8,Thailand 3GB - 15 Days,3.69  $,9.99  $,3,15,Yes,Limit - Maximum Data 3GB
  Thailand,OCLOTCF2MONX,Thailand 3GB - 30 Days,3.84  $,9.99  $,3,30,Yes,Limit - Maximum Data 3GB
  Thailand,LWUXJ2ZVLEJU,Thailand 3GB - 5 Days,3.15  $,7.99  $,3,5,Yes,Limit - Maximum Data 3GB
  Thailand,XTJ2NNM5SR5Q,Thailand 5GB - 10 Days,5.05  $,6.99  $,5,10,Yes,Limit - Maximum Data 5GB
  Thailand,RX1IWH0AMKW9,Thailand 5GB - 15 Days,5.33  $,7.99  $,5,15,Yes,Limit - Maximum Data 5GB
  Thailand,L4X8MXC85WGJ,Thailand 5GB - 30 Days,5.56  $,9.99  $,5,30,Yes,Limit - Maximum Data 5GB
  Thailand,GAWIQVYPMKHD,Thailand 5GB - 5 Days,4.55  $,5.99  $,5,5,Yes,Limit - Maximum Data 5GB
  Thailand,CNQQKHSBUPYN,Thailand Unlimited LITE - 10 Days,14.49  $,24.99  $,Unlimited,10,Yes,"Daily - 2GB per Day, then 1Mbps"
  Thailand,HPAGQUVFD6JY,Thailand Unlimited LITE - 15 Days,21.44  $,32.99  $,Unlimited,15,Yes,"Daily - 2GB per Day, then 1Mbps"
  Thailand,ETAFOZCGWIKP,Thailand Unlimited LITE - 30 Days,39.49  $,48.99  $,Unlimited,30,Yes,"Daily - 2GB per Day, then 1Mbps"
  Thailand,KAF2O4QKG7VK,Thailand Unlimited LITE - 5 Days,9.85  $,16.99  $,Unlimited,5,Yes,"Daily - 2GB per Day, then 1Mbps"
  Thailand,U45XCIGEHVNQ,Thailand Unlimited MAX - 10 Days,22.44  $,34.99  $,Unlimited,10,Yes,"Daily - 5GB per Day, then 1Mbps"
  Thailand,VE4P7SV5OSVJ,Thailand Unlimited MAX - 15 Days,34.99  $,49.99  $,Unlimited,15,Yes,"Daily - 5GB per Day, then 1Mbps"
  Thailand,EILTAHSJNF2Z,Thailand Unlimited MAX - 30 Days,51.21  $,59.99  $,Unlimited,30,Yes,"Daily - 5GB per Day, then 1Mbps"
  Thailand,6XSJU6ONLTKM,Thailand Unlimited MAX - 5 Days,12.52  $,24.99  $,Unlimited,5,Yes,"Daily - 5GB per Day, then 1Mbps"
  Thailand,IZ5EPIGH95EM,Thailand Unlimited STANDARD - 10 Days,15.65  $,29.99  $,Unlimited,10,Yes,"Daily - 3GB per Day, then 1Mbps"
  Thailand,JG7XRIMZKH4A,Thailand Unlimited STANDARD - 15 Days,24.31  $,39.99  $,Unlimited,15,Yes,"Daily - 3GB per Day, then 1Mbps"
  Thailand,ZJITEW1ESFHI,Thailand Unlimited STANDARD - 30 Days,47.09  $,49.99  $,Unlimited,30,Yes,"Daily - 3GB per Day, then 1Mbps"
  Thailand,SAEZ9Q0RIJY7,Thailand Unlimited STANDARD - 5 Days,9.85  $,17.99  $,Unlimited,5,Yes,"Daily - 3GB per Day, then 1Mbps"
  Timor-Leste,LNHSZEP2GPDR,Timor-Leste 1GB - 10 Days,22.49  $,30.99  $,1,10,Yes,Limit - Maximum Data 1GB
  Timor-Leste,JLPHCLRZYC12,Timor-Leste 1GB - 15 Days,23.73  $,31.99  $,1,15,Yes,Limit - Maximum Data 1GB
  Timor-Leste,NNEJVBTQ2OUJ,Timor-Leste 1GB - 30 Days,24.74  $,33.99  $,1,30,Yes,Limit - Maximum Data 1GB
  Timor-Leste,VSTG85NASO2F,Timor-Leste 1GB - 5 Days,20.24  $,29.99  $,1,5,Yes,Limit - Maximum Data 1GB
  Timor-Leste,LRGA6YVDFLAC,Timor-Leste 3GB - 10 Days,60.86  $,83.99  $,3,10,Yes,Limit - Maximum Data 3GB
  Timor-Leste,ALMCOFFJORHB,Timor-Leste 3GB - 15 Days,64.21  $,84.99  $,3,15,Yes,Limit - Maximum Data 3GB
  Timor-Leste,N8PLN5ECUAAB,Timor-Leste 3GB - 30 Days,66.95  $,88.99  $,3,30,Yes,Limit - Maximum Data 3GB
  Timor-Leste,ATQXOYYG0SUK,Timor-Leste 3GB - 5 Days,54.77  $,82.99  $,3,5,Yes,Limit - Maximum Data 3GB
  Timor-Leste,TJROF2IKXXCU,Timor-Leste 5GB - 10 Days,91.67  $,139.99  $,5,10,Yes,Limit - Maximum Data 5GB
  Timor-Leste,NCWM9P6LQ0VV,Timor-Leste 5GB - 15 Days,96.71  $,139.99  $,5,15,Yes,Limit - Maximum Data 5GB
  Timor-Leste,ELACZODR3FV3,Timor-Leste 5GB - 30 Days,100.84  $,144.99  $,5,30,Yes,Limit - Maximum Data 5GB
  Timor-Leste,AXHKSEIPFL36,Timor-Leste 5GB - 5 Days,82.50  $,139.99  $,5,5,Yes,Limit - Maximum Data 5GB
  Togo,ASSTV7KCPB0J,Togo 1GB - 10 Days,89.99  $,14.99  $,1,10,Yes,Limit - Maximum Data 1GB
  Togo,HAJLE0LKOGBW,Togo 1GB - 15 Days,94.94  $,14.99  $,1,15,Yes,Limit - Maximum Data 1GB
  Togo,EDTJV9KOK3RK,Togo 1GB - 30 Days,98.99  $,17.99  $,1,30,Yes,Limit - Maximum Data 1GB
  Togo,UOPQ1YYQ5WOS,Togo 1GB - 5 Days,80.99  $,13.99  $,1,5,Yes,Limit - Maximum Data 1GB
  Tonga,PJQGSO58ZN9V,Tonga 1GB - 10 Days,26.99  $,10.99  $,1,10,Yes,Limit - Maximum Data 1GB
  Tonga,3NRMASCWDLDP,Tonga 1GB - 15 Days,28.48  $,11.99  $,1,15,Yes,Limit - Maximum Data 1GB
  Tonga,E5PQHN2RSBY0,Tonga 1GB - 30 Days,29.69  $,13.99  $,1,30,Yes,Limit - Maximum Data 1GB
  Tonga,AKSAUUYMLE5C,Tonga 1GB - 5 Days,24.29  $,9.99  $,1,5,Yes,Limit - Maximum Data 1GB
  Tonga,DDVBWLX1ICMG,Tonga 3GB - 10 Days,68.13  $,29.99  $,3,10,Yes,Limit - Maximum Data 3GB
  Tonga,KFTWUMRLOD0E,Tonga 3GB - 15 Days,71.88  $,29.99  $,3,15,Yes,Limit - Maximum Data 3GB
  Tonga,YOK1CONHSXUI,Tonga 3GB - 30 Days,74.94  $,32.99  $,3,30,Yes,Limit - Maximum Data 3GB
  Tonga,XMDP1EQZ39AS,Tonga 3GB - 5 Days,61.32  $,28.99  $,3,5,Yes,Limit - Maximum Data 3GB
  Tonga,JKLFZWN9LXTB,Tonga 5GB - 10 Days,102.66  $,49.99  $,5,10,Yes,Limit - Maximum Data 5GB
  Tonga,27T5D7L06IJ4,Tonga 5GB - 15 Days,108.31  $,49.99  $,5,15,Yes,Limit - Maximum Data 5GB
  Tonga,VGLJUOXSRTZK,Tonga 5GB - 30 Days,112.93  $,54.99  $,5,30,Yes,Limit - Maximum Data 5GB
  Tonga,ZBEJXPERE9KL,Tonga 5GB - 5 Days,92.39  $,48.99  $,5,5,Yes,Limit - Maximum Data 5GB
  Trinidad and Tobago,WZPLAFFJDAZY,Trinidad and Tobago 10GB - 10 Days,58.43  $,53.99  $,10,10,Yes,Limit - Maximum Data 10GB
  Trinidad and Tobago,XSFRPKYPXK2R,Trinidad and Tobago 10GB - 15 Days,61.64  $,54.99  $,10,15,Yes,Limit - Maximum Data 10GB
  Trinidad and Tobago,TWIYFEA52OQU,Trinidad and Tobago 10GB - 30 Days,64.27  $,58.99  $,10,30,Yes,Limit - Maximum Data 10GB
  Trinidad and Tobago,NVURAVTZ1I19,Trinidad and Tobago 10GB - 5 Days,52.59  $,52.99  $,10,5,Yes,Limit - Maximum Data 10GB
  Trinidad and Tobago,Q42ZIXACLN0Y,Trinidad and Tobago 1GB - 10 Days,8.99  $,9.99  $,1,10,Yes,Limit - Maximum Data 1GB
  Trinidad and Tobago,RFVSC6Z1Y4SB,Trinidad and Tobago 1GB - 15 Days,9.49  $,9.99  $,1,15,Yes,Limit - Maximum Data 1GB
  Trinidad and Tobago,HFHD6LQI6MYZ,Trinidad and Tobago 1GB - 30 Days,9.89  $,12.99  $,1,30,Yes,Limit - Maximum Data 1GB
  Trinidad and Tobago,QKHOPEDJCHET,Trinidad and Tobago 1GB - 5 Days,8.09  $,8.99  $,1,5,Yes,Limit - Maximum Data 1GB
  Trinidad and Tobago,JVA2GYOIKXBL,Trinidad and Tobago 3GB - 10 Days,22.49  $,19.99  $,3,10,Yes,Limit - Maximum Data 3GB
  Trinidad and Tobago,SBKAKIL6XCSF,Trinidad and Tobago 3GB - 15 Days,23.73  $,19.99  $,3,15,Yes,Limit - Maximum Data 3GB
  Trinidad and Tobago,AWGVABKNTH5H,Trinidad and Tobago 3GB - 30 Days,24.74  $,22.99  $,3,30,Yes,Limit - Maximum Data 3GB
  Trinidad and Tobago,K2BZSQUZCHCO,Trinidad and Tobago 3GB - 5 Days,20.24  $,18.99  $,3,5,Yes,Limit - Maximum Data 3GB
  Trinidad and Tobago,XBKXL9JPI5WI,Trinidad and Tobago 5GB - 10 Days,33.75  $,33.99  $,5,10,Yes,Limit - Maximum Data 5GB
  Trinidad and Tobago,GANW8M47K7YX,Trinidad and Tobago 5GB - 15 Days,35.61  $,34.99  $,5,15,Yes,Limit - Maximum Data 5GB
  Trinidad and Tobago,GCUDBMSTQA7P,Trinidad and Tobago 5GB - 30 Days,37.13  $,36.99  $,5,30,Yes,Limit - Maximum Data 5GB
  Trinidad and Tobago,E2P0QAEAVPJ7,Trinidad and Tobago 5GB - 5 Days,30.38  $,32.99  $,5,5,Yes,Limit - Maximum Data 5GB
  Tunisia,D0GW4BSFXZ6O,Tunisia 10GB - 10 Days,11.79  $,15.99  $,10,10,Yes,Limit - Maximum Data 10GB
  Tunisia,TGJOEDRSR3LU,Tunisia 10GB - 15 Days,12.44  $,16.99  $,10,15,Yes,Limit - Maximum Data 10GB
  Tunisia,DJCMDNUMLRWW,Tunisia 10GB - 30 Days,12.97  $,18.99  $,10,30,Yes,Limit - Maximum Data 10GB
  Tunisia,QCCZMPGII8EK,Tunisia 10GB - 5 Days,10.61  $,14.99  $,10,5,Yes,Limit - Maximum Data 10GB
  Tunisia,O6RTGCZENEDZ,Tunisia 1GB - 10 Days,2.18  $,4.99  $,1,10,Yes,Limit - Maximum Data 1GB
  Tunisia,G4RE2LGDZWSP,Tunisia 1GB - 15 Days,2.30  $,4.99  $,1,15,Yes,Limit - Maximum Data 1GB
  Tunisia,JQXWBNTLPIVN,Tunisia 1GB - 30 Days,2.40  $,7.99  $,1,30,Yes,Limit - Maximum Data 1GB
  Tunisia,DS2IXDYKY9L3,Tunisia 1GB - 5 Days,1.96  $,3.99  $,1,5,Yes,Limit - Maximum Data 1GB
  Tunisia,MAXQ1MLRW28I,Tunisia 20GB - 10 Days,19.00  $,25.99  $,20,10,Yes,Limit - Maximum Data 20GB
  Tunisia,WGTIV3QUBRZF,Tunisia 20GB - 15 Days,20.04  $,26.99  $,20,15,Yes,Limit - Maximum Data 20GB
  Tunisia,HSNVX6P7MOAN,Tunisia 20GB - 30 Days,20.89  $,28.99  $,20,30,Yes,Limit - Maximum Data 20GB
  Tunisia,ZNYBCJT5S9WZ,Tunisia 20GB - 5 Days,17.10  $,24.99  $,20,5,Yes,Limit - Maximum Data 20GB
  Tunisia,L8STKKHWTY1F,Tunisia 3GB - 10 Days,4.50  $,5.99  $,3,10,Yes,Limit - Maximum Data 3GB
  Tunisia,ETLLKJ1OBGHV,Tunisia 3GB - 15 Days,4.74  $,6.99  $,3,15,Yes,Limit - Maximum Data 3GB
  Tunisia,HUBT5INCOOIG,Tunisia 3GB - 30 Days,4.94  $,8.99  $,3,30,Yes,Limit - Maximum Data 3GB
  Tunisia,LQNGDRLIRBZS,Tunisia 3GB - 5 Days,4.05  $,4.99  $,3,5,Yes,Limit - Maximum Data 3GB
  Tunisia,L0DR14UH9U6Y,Tunisia 5GB - 10 Days,6.50  $,8.99  $,5,10,Yes,Limit - Maximum Data 5GB
  Tunisia,NDTSCGLGJMW0,Tunisia 5GB - 15 Days,6.85  $,9.99  $,5,15,Yes,Limit - Maximum Data 5GB
  Tunisia,RSFAVKJZB6ZK,Tunisia 5GB - 30 Days,7.14  $,11.99  $,5,30,Yes,Limit - Maximum Data 5GB
  Tunisia,P3KOAYETHNJG,Tunisia 5GB - 5 Days,5.85  $,7.99  $,5,5,Yes,Limit - Maximum Data 5GB
  Tunisia,BEOIZTS7UMHG,Tunisia Unlimited LITE - 10 Days,21.45  $,27.99  $,Unlimited,10,Yes,"Daily - 2GB per Day, then 1Mbps"
  Tunisia,DOBZXNBUWKWE,Tunisia Unlimited LITE - 15 Days,29.41  $,40.99  $,Unlimited,15,Yes,"Daily - 2GB per Day, then 1Mbps"
  Tunisia,GRWQNU49YFJI,Tunisia Unlimited LITE - 30 Days,42.05  $,54.99  $,Unlimited,30,Yes,"Daily - 2GB per Day, then 1Mbps"
  Tunisia,UMVLQNLH839K,Tunisia Unlimited LITE - 5 Days,13.36  $,18.99  $,Unlimited,5,Yes,"Daily - 2GB per Day, then 1Mbps"
  Tunisia,QO2ZDQFWFXQT,Tunisia Unlimited MAX - 10 Days,27.65  $,39.99  $,Unlimited,10,Yes,"Daily - 5GB per Day, then 1Mbps"
  Tunisia,JTQENUWVKNA8,Tunisia Unlimited MAX - 15 Days,40.19  $,59.99  $,Unlimited,15,Yes,"Daily - 5GB per Day, then 1Mbps"
  Tunisia,17XWYCWRFQVN,Tunisia Unlimited MAX - 30 Days,91.79  $,74.99  $,Unlimited,30,Yes,"Daily - 5GB per Day, then 1Mbps"
  Tunisia,0MGV6S15J2KJ,Tunisia Unlimited MAX - 5 Days,22.21  $,24.99  $,Unlimited,5,Yes,"Daily - 5GB per Day, then 1Mbps"
  Tunisia,Y0WESVYQB706,Tunisia Unlimited STANDARD - 10 Days,23.80  $,34.99  $,Unlimited,10,Yes,"Daily - 3GB per Day, then 1Mbps"
  Tunisia,HMGRPTBKLVH3,Tunisia Unlimited STANDARD - 15 Days,23.77  $,49.99  $,Unlimited,15,Yes,"Daily - 3GB per Day, then 1Mbps"
  Tunisia,PIIUKUWTN7RC,Tunisia Unlimited STANDARD - 30 Days,49.49  $,64.99  $,Unlimited,30,Yes,"Daily - 3GB per Day, then 1Mbps"
  Tunisia,SDZUJFRIDQQK,Tunisia Unlimited STANDARD - 5 Days,14.67  $,17.99  $,Unlimited,5,Yes,"Daily - 3GB per Day, then 1Mbps"
  Turkey,39RHOUJWECWQ,Turkey 10GB - 10 Days,6.00  $,9.99  $,10,10,Yes,Limit - Maximum Data 10GB
  Turkey,YKQD1ZBMCOGR,Turkey 10GB - 15 Days,6.32  $,9.99  $,10,15,Yes,Limit - Maximum Data 10GB
  Turkey,2R1HUSOARQ3V,Turkey 10GB - 30 Days,6.59  $,12.99  $,10,30,Yes,Limit - Maximum Data 10GB
  Turkey,AIU6K65KNM0F,Turkey 10GB - 5 Days,5.40  $,8.99  $,10,5,Yes,Limit - Maximum Data 10GB
  Turkey,CND5RVVWMKHI,Turkey 1GB - 10 Days,2.00  $,3.99  $,1,10,Yes,Limit - Maximum Data 1GB
  Turkey,WXELCYGSOWLA,Turkey 1GB - 15 Days,2.11  $,4.99  $,1,15,Yes,Limit - Maximum Data 1GB
  Turkey,EY6HYG8BWAMN,Turkey 1GB - 30 Days,2.20  $,6.99  $,1,30,Yes,Limit - Maximum Data 1GB
  Turkey,W7SJ1UOSBV2H,Turkey 1GB - 5 Days,1.80  $,2.99  $,1,5,Yes,Limit - Maximum Data 1GB
  Turkey,S8BTS5M7S4PT,Turkey 20GB - 10 Days,8.50  $,18.99  $,20,10,Yes,Limit - Maximum Data 20GB
  Turkey,NALLY5ILQKG2,Turkey 20GB - 15 Days,8.96  $,19.99  $,20,15,Yes,Limit - Maximum Data 20GB
  Turkey,J7F00SAZQOVY,Turkey 20GB - 30 Days,9.34  $,21.99  $,20,30,Yes,Limit - Maximum Data 20GB
  Turkey,6SCUBYZAIEXL,Turkey 20GB - 5 Days,7.65  $,17.99  $,20,5,Yes,Limit - Maximum Data 20GB
  Turkey,S43GYXCO1CHT,Turkey 3GB - 10 Days,2.50  $,6.99  $,3,10,Yes,Limit - Maximum Data 3GB
  Turkey,BMNMRCCSIOE0,Turkey 3GB - 15 Days,2.64  $,7.99  $,3,15,Yes,Limit - Maximum Data 3GB
  Turkey,9BJCWRMBQV6O,Turkey 3GB - 30 Days,2.75  $,8.99  $,3,30,Yes,Limit - Maximum Data 3GB
  Turkey,HZP5NGNJ3VV1,Turkey 3GB - 5 Days,2.25  $,6.99  $,3,5,Yes,Limit - Maximum Data 3GB
  Turkey,BVG1YP07DRQQ,Turkey 5GB - 10 Days,4.50  $,5.99  $,5,10,Yes,Limit - Maximum Data 5GB
  Turkey,GQDBHVQPHWZ8,Turkey 5GB - 15 Days,4.74  $,6.99  $,5,15,Yes,Limit - Maximum Data 5GB
  Turkey,RP6GVEL0URLJ,Turkey 5GB - 30 Days,4.94  $,8.99  $,5,30,Yes,Limit - Maximum Data 5GB
  Turkey,UEYMDPLCHPJO,Turkey 5GB - 5 Days,4.05  $,4.99  $,5,5,Yes,Limit - Maximum Data 5GB
  Turkey,GJOBL4NRYDGE,Turkey Unlimited LITE - 10 Days,14.09  $,26.99  $,Unlimited,10,Yes,"Daily - 2GB per Day, then 1Mbps"
  Turkey,GKVXQD7ALUEQ,Turkey Unlimited LITE - 15 Days,18.79  $,35.99  $,Unlimited,15,Yes,"Daily - 2GB per Day, then 1Mbps"
  Turkey,D9BGKPCH4YU2,Turkey Unlimited LITE - 30 Days,24.01  $,45.99  $,Unlimited,30,Yes,"Daily - 2GB per Day, then 1Mbps"
  Turkey,597UKSCHJSOW,Turkey Unlimited LITE - 5 Days,9.91  $,18.99  $,Unlimited,5,Yes,"Daily - 2GB per Day, then 1Mbps"
  Turkey,3NQ8TGOULXB4,Turkey Unlimited MAX - 10 Days,25.05  $,29.99  $,Unlimited,10,Yes,"Daily - 5GB per Day, then 1Mbps"
  Turkey,A0SWIBNDW4W5,Turkey Unlimited MAX - 15 Days,31.31  $,44.99  $,Unlimited,15,Yes,"Daily - 5GB per Day, then 1Mbps"
  Turkey,X85PFRHU1NEJ,Turkey Unlimited MAX - 30 Days,38.10  $,54.99  $,Unlimited,30,Yes,"Daily - 5GB per Day, then 1Mbps"
  Turkey,AT6NTKFCTDS2,Turkey Unlimited MAX - 5 Days,14.09  $,24.99  $,Unlimited,5,Yes,"Daily - 5GB per Day, then 1Mbps"
  Turkey,GP0UVAPZONL4,Turkey Unlimited STANDARD - 10 Days,14.09  $,24.99  $,Unlimited,10,Yes,"Daily - 3GB per Day, then 1Mbps"
  Turkey,TOWGR4Q5YMCY,Turkey Unlimited STANDARD - 15 Days,18.79  $,34.99  $,Unlimited,15,Yes,"Daily - 3GB per Day, then 1Mbps"
  Turkey,RM1M7YJSPCUJ,Turkey Unlimited STANDARD - 30 Days,31.78  $,44.99  $,Unlimited,30,Yes,"Daily - 3GB per Day, then 1Mbps"
  Turkey,508NLHGBZKOH,Turkey Unlimited STANDARD - 5 Days,9.91  $,14.99  $,Unlimited,5,Yes,"Daily - 3GB per Day, then 1Mbps"
  Turks and Caicos Islands,SMFGV0N5BLND,Turks and Caicos Islands 10GB - 10 Days,27.93  $,41.99  $,10,10,Yes,Limit - Maximum Data 10GB
  Turks and Caicos Islands,MO3SKIJNFDXU,Turks and Caicos Islands 10GB - 15 Days,29.47  $,42.99  $,10,15,Yes,Limit - Maximum Data 10GB
  Turks and Caicos Islands,OKAJYVZFGWYP,Turks and Caicos Islands 10GB - 30 Days,30.72  $,46.99  $,10,30,Yes,Limit - Maximum Data 10GB
  Turks and Caicos Islands,K98Y61L6A5KM,Turks and Caicos Islands 10GB - 5 Days,25.14  $,40.99  $,10,5,Yes,Limit - Maximum Data 10GB
  Turks and Caicos Islands,BJ0RK3DZPRZX,Turks and Caicos Islands 1GB - 10 Days,4.89  $,5.99  $,1,10,Yes,Limit - Maximum Data 1GB
  Turks and Caicos Islands,5JCST1IT6GVC,Turks and Caicos Islands 1GB - 15 Days,5.16  $,6.99  $,1,15,Yes,Limit - Maximum Data 1GB
  Turks and Caicos Islands,BTOHGUUSDWY9,Turks and Caicos Islands 1GB - 30 Days,5.38  $,8.99  $,1,30,Yes,Limit - Maximum Data 1GB
  Turks and Caicos Islands,65P3MBVGX32U,Turks and Caicos Islands 1GB - 5 Days,4.40  $,4.99  $,1,5,Yes,Limit - Maximum Data 1GB
  Turks and Caicos Islands,XJNAOSK1HMUH,Turks and Caicos Islands 20GB - 10 Days,42.10  $,61.99  $,20,10,Yes,Limit - Maximum Data 20GB
  Turks and Caicos Islands,NDS93GLJFNTZ,Turks and Caicos Islands 20GB - 15 Days,44.42  $,62.99  $,20,15,Yes,Limit - Maximum Data 20GB
  Turks and Caicos Islands,BL0SQNIVNHIR,Turks and Caicos Islands 20GB - 30 Days,46.31  $,66.99  $,20,30,Yes,Limit - Maximum Data 20GB
  Turks and Caicos Islands,FLXZYJAQ2GVE,Turks and Caicos Islands 20GB - 5 Days,37.89  $,60.99  $,20,5,Yes,Limit - Maximum Data 20GB
  Turks and Caicos Islands,0NSRE53FO8UI,Turks and Caicos Islands 3GB - 10 Days,10.95  $,14.99  $,3,10,Yes,Limit - Maximum Data 3GB
  Turks and Caicos Islands,D7CHF2GOXDJ8,Turks and Caicos Islands 3GB - 15 Days,11.55  $,14.99  $,3,15,Yes,Limit - Maximum Data 3GB
  Turks and Caicos Islands,GN2ZEH7PFYNC,Turks and Caicos Islands 3GB - 30 Days,12.05  $,17.99  $,3,30,Yes,Limit - Maximum Data 3GB
  Turks and Caicos Islands,5AODUNZIS7HZ,Turks and Caicos Islands 3GB - 5 Days,9.86  $,13.99  $,3,5,Yes,Limit - Maximum Data 3GB
  Turks and Caicos Islands,3LUDSWCEZFEC,Turks and Caicos Islands 5GB - 10 Days,16.25  $,24.99  $,5,10,Yes,Limit - Maximum Data 5GB
  Turks and Caicos Islands,REXKHFFJJB2J,Turks and Caicos Islands 5GB - 15 Days,17.14  $,24.99  $,5,15,Yes,Limit - Maximum Data 5GB
  Turks and Caicos Islands,3TOA8SJRFOTC,Turks and Caicos Islands 5GB - 30 Days,17.88  $,27.99  $,5,30,Yes,Limit - Maximum Data 5GB
  Turks and Caicos Islands,2FX0BHMPC0EZ,Turks and Caicos Islands 5GB - 5 Days,14.63  $,23.99  $,5,5,Yes,Limit - Maximum Data 5GB
  U.S. Virgin Islands,9A2VFZIBC3KY,U.S. Virgin Islands 10GB - 10 Days,27.93  $,43.99  $,10,10,Yes,Limit - Maximum Data 10GB
  U.S. Virgin Islands,YPFDNGH0MBZB,U.S. Virgin Islands 10GB - 15 Days,29.47  $,44.99  $,10,15,Yes,Limit - Maximum Data 10GB
  U.S. Virgin Islands,PTNWJI6LLRUI,U.S. Virgin Islands 10GB - 30 Days,30.72  $,48.99  $,10,30,Yes,Limit - Maximum Data 10GB
  U.S. Virgin Islands,JULBSO3GLJNE,U.S. Virgin Islands 10GB - 5 Days,25.14  $,42.99  $,10,5,Yes,Limit - Maximum Data 10GB
  U.S. Virgin Islands,TPFTYWKFODIV,U.S. Virgin Islands 1GB - 10 Days,4.89  $,5.99  $,1,10,Yes,Limit - Maximum Data 1GB
  U.S. Virgin Islands,ZXNRQYFE5LYI,U.S. Virgin Islands 1GB - 15 Days,5.16  $,6.99  $,1,15,Yes,Limit - Maximum Data 1GB
  U.S. Virgin Islands,AHPI0DLRSVBS,U.S. Virgin Islands 1GB - 30 Days,5.38  $,8.99  $,1,30,Yes,Limit - Maximum Data 1GB
  U.S. Virgin Islands,CLHHNWKHMEEN,U.S. Virgin Islands 1GB - 5 Days,4.40  $,4.99  $,1,5,Yes,Limit - Maximum Data 1GB
  U.S. Virgin Islands,DEMURQSIBSKB,U.S. Virgin Islands 20GB - 10 Days,42.10  $,73.99  $,20,10,Yes,Limit - Maximum Data 20GB
  U.S. Virgin Islands,BCZHUGNVKQJA,U.S. Virgin Islands 20GB - 15 Days,44.42  $,74.99  $,20,15,Yes,Limit - Maximum Data 20GB
  U.S. Virgin Islands,EEKJILEUCD9M,U.S. Virgin Islands 20GB - 30 Days,46.31  $,78.99  $,20,30,Yes,Limit - Maximum Data 20GB
  U.S. Virgin Islands,UDBATDZIWAF6,U.S. Virgin Islands 20GB - 5 Days,37.89  $,72.99  $,20,5,Yes,Limit - Maximum Data 20GB
  U.S. Virgin Islands,VP0HANHWIFRD,U.S. Virgin Islands 3GB - 10 Days,10.95  $,14.99  $,3,10,Yes,Limit - Maximum Data 3GB
  U.S. Virgin Islands,KIRAUMTEENHF,U.S. Virgin Islands 3GB - 15 Days,11.55  $,14.99  $,3,15,Yes,Limit - Maximum Data 3GB
  U.S. Virgin Islands,G9RU0JGVDF8Z,U.S. Virgin Islands 3GB - 30 Days,12.05  $,17.99  $,3,30,Yes,Limit - Maximum Data 3GB
  U.S. Virgin Islands,KJSQJMLFKIJR,U.S. Virgin Islands 3GB - 5 Days,9.86  $,13.99  $,3,5,Yes,Limit - Maximum Data 3GB
  U.S. Virgin Islands,NQUPXZFPWHRZ,U.S. Virgin Islands 5GB - 10 Days,16.25  $,24.99  $,5,10,Yes,Limit - Maximum Data 5GB
  U.S. Virgin Islands,TS2LQM3J6ARG,U.S. Virgin Islands 5GB - 15 Days,17.14  $,24.99  $,5,15,Yes,Limit - Maximum Data 5GB
  U.S. Virgin Islands,BMYNWVI8ODQ6,U.S. Virgin Islands 5GB - 30 Days,17.88  $,27.99  $,5,30,Yes,Limit - Maximum Data 5GB
  U.S. Virgin Islands,FYDWAOM9URKU,U.S. Virgin Islands 5GB - 5 Days,14.63  $,23.99  $,5,5,Yes,Limit - Maximum Data 5GB
  Uganda,CFOL029L5HVK,Uganda 10GB - 10 Days,31.76  $,41.99  $,10,10,Yes,Limit - Maximum Data 10GB
  Uganda,F98LQQFK3E18,Uganda 10GB - 15 Days,33.51  $,42.99  $,10,15,Yes,Limit - Maximum Data 10GB
  Uganda,UFL3PO4G8URG,Uganda 10GB - 30 Days,34.94  $,46.99  $,10,30,Yes,Limit - Maximum Data 10GB
  Uganda,YEGD0AM0TFKA,Uganda 10GB - 5 Days,28.58  $,40.99  $,10,5,Yes,Limit - Maximum Data 10GB
  Uganda,TRYHPUZ7TVWQ,Uganda 1GB - 10 Days,5.49  $,5.99  $,1,10,Yes,Limit - Maximum Data 1GB
  Uganda,AEALXNCVPUUG,Uganda 1GB - 15 Days,5.79  $,6.99  $,1,15,Yes,Limit - Maximum Data 1GB
  Uganda,WZOK9JARSGJ7,Uganda 1GB - 30 Days,6.04  $,8.99  $,1,30,Yes,Limit - Maximum Data 1GB
  Uganda,UQOSMZEP0DWA,Uganda 1GB - 5 Days,4.94  $,4.99  $,1,5,Yes,Limit - Maximum Data 1GB
  Uganda,4XT4NOO6HRJL,Uganda 20GB - 10 Days,47.91  $,61.99  $,20,10,Yes,Limit - Maximum Data 20GB
  Uganda,J9DRWJDQCPDK,Uganda 20GB - 15 Days,50.55  $,62.99  $,20,15,Yes,Limit - Maximum Data 20GB
  Uganda,3LASWCDFIHV6,Uganda 20GB - 30 Days,52.70  $,66.99  $,20,30,Yes,Limit - Maximum Data 20GB
  Uganda,EFCZ7YQMPLXG,Uganda 20GB - 5 Days,43.12  $,60.99  $,20,5,Yes,Limit - Maximum Data 20GB
  Uganda,EXXLLOEA30BP,Uganda 3GB - 10 Days,12.41  $,14.99  $,3,10,Yes,Limit - Maximum Data 3GB
  Uganda,QWTHQFALTV8A,Uganda 3GB - 15 Days,13.09  $,14.99  $,3,15,Yes,Limit - Maximum Data 3GB
  Uganda,HR9H5QFJTLSV,Uganda 3GB - 30 Days,13.65  $,17.99  $,3,30,Yes,Limit - Maximum Data 3GB
  Uganda,6HUTWUOJALBV,Uganda 3GB - 5 Days,11.17  $,13.99  $,3,5,Yes,Limit - Maximum Data 3GB
  Uganda,CZ4MQRBJTATW,Uganda 5GB - 10 Days,18.45  $,24.99  $,5,10,Yes,Limit - Maximum Data 5GB
  Uganda,TXGC8AMB01ZA,Uganda 5GB - 15 Days,19.46  $,24.99  $,5,15,Yes,Limit - Maximum Data 5GB
  Uganda,NTBGOSCXCARW,Uganda 5GB - 30 Days,20.30  $,27.99  $,5,30,Yes,Limit - Maximum Data 5GB
  Uganda,DJIO2SCZ2P5C,Uganda 5GB - 5 Days,16.61  $,23.99  $,5,5,Yes,Limit - Maximum Data 5GB
  UK,P4BZYHVSWSJT,UK 10GB - 10 Days,6.00  $,12.99  $,10,10,Yes,Limit - Maximum Data 10GB
  UK,7J2DWHZDXYQ6,UK 10GB - 15 Days,6.32  $,13.99  $,10,15,Yes,Limit - Maximum Data 10GB
  UK,NBEMLKDZ6B0K,UK 10GB - 30 Days,6.59  $,15.99  $,10,30,Yes,Limit - Maximum Data 10GB
  UK,46IIQUAWTCX0,UK 10GB - 5 Days,5.40  $,11.99  $,10,5,Yes,Limit - Maximum Data 10GB
  UK,PNWJZZC1O6U7,UK 1GB - 10 Days,2.00  $,4.99  $,1,10,Yes,Limit - Maximum Data 1GB
  UK,FNLZCDYG5WRR,UK 1GB - 15 Days,2.11  $,4.99  $,1,15,Yes,Limit - Maximum Data 1GB
  UK,OEFRVCQPHROU,UK 1GB - 30 Days,2.20  $,7.99  $,1,30,Yes,Limit - Maximum Data 1GB
  UK,Q0M3ZJLDQUGH,UK 1GB - 5 Days,1.80  $,3.99  $,1,5,Yes,Limit - Maximum Data 1GB
  UK,HN0RGCLV2ZEI,UK 20GB - 10 Days,9.00  $,21.99  $,20,10,Yes,Limit - Maximum Data 20GB
  UK,YDJAJVFSSPZQ,UK 20GB - 15 Days,9.49  $,22.99  $,20,15,Yes,Limit - Maximum Data 20GB
  UK,PHUTYNK3VI7F,UK 20GB - 30 Days,9.89  $,24.99  $,20,30,Yes,Limit - Maximum Data 20GB
  UK,OWZSJXQN63YD,UK 20GB - 5 Days,8.10  $,20.99  $,20,5,Yes,Limit - Maximum Data 20GB
  UK,8SAKCGJTC8M3,UK 3GB - 10 Days,3.00  $,7.99  $,3,10,Yes,Limit - Maximum Data 3GB
  UK,CK9QU2YUYAUM,UK 3GB - 15 Days,3.16  $,8.99  $,3,15,Yes,Limit - Maximum Data 3GB
  UK,V7LJZXTHWFFG,UK 3GB - 30 Days,3.29  $,9.99  $,3,30,Yes,Limit - Maximum Data 3GB
  UK,NVRIZHEBHGO0,UK 3GB - 5 Days,2.70  $,7.99  $,3,5,Yes,Limit - Maximum Data 3GB
  UK,ZWEOEHBBJUUC,UK 5GB - 10 Days,4.00  $,6.99  $,5,10,Yes,Limit - Maximum Data 5GB
  UK,ECAXO4CPECRT,UK 5GB - 15 Days,4.21  $,7.99  $,5,15,Yes,Limit - Maximum Data 5GB
  UK,KER4GAN2JQ9Y,UK 5GB - 30 Days,4.39  $,9.99  $,5,30,Yes,Limit - Maximum Data 5GB
  UK,PXQ7OMWVBZM6,UK 5GB - 5 Days,3.60  $,5.99  $,5,5,Yes,Limit - Maximum Data 5GB
  UK,HHXZNQYIKEBA,UK Unlimited LITE - 10 Days,14.49  $,24.99  $,Unlimited,10,Yes,"Daily - 2GB per Day, then 1Mbps"
  UK,8ODKZQMKLJP4,UK Unlimited LITE - 15 Days,19.13  $,32.99  $,Unlimited,15,Yes,"Daily - 2GB per Day, then 1Mbps"
  UK,3VAE0FJEUJQY,UK Unlimited LITE - 30 Days,23.77  $,40.99  $,Unlimited,30,Yes,"Daily - 2GB per Day, then 1Mbps"
  UK,BJRMUBPFOZDL,UK Unlimited LITE - 5 Days,9.85  $,16.99  $,Unlimited,5,Yes,"Daily - 2GB per Day, then 1Mbps"
  UK,SLYEOR9XJOMH,UK Unlimited MAX - 10 Days,21.40  $,29.99  $,Unlimited,10,Yes,"Daily - 5GB per Day, then 1Mbps"
  UK,YJSS4N3MZTXO,UK Unlimited MAX - 15 Days,25.57  $,49.99  $,Unlimited,15,Yes,"Daily - 5GB per Day, then 1Mbps"
  UK,52JPJ3BGXENH,UK Unlimited MAX - 30 Days,35.50  $,59.99  $,Unlimited,30,Yes,"Daily - 5GB per Day, then 1Mbps"
  UK,NCQGIUPBW74R,UK Unlimited MAX - 5 Days,13.04  $,24.99  $,Unlimited,5,Yes,"Daily - 5GB per Day, then 1Mbps"
  UK,24DORHSIBR8U,UK Unlimited STANDARD - 10 Days,14.49  $,24.99  $,Unlimited,10,Yes,"Daily - 3GB per Day, then 1Mbps"
  UK,PT4LLTMFSWVO,UK Unlimited STANDARD - 15 Days,19.13  $,39.99  $,Unlimited,15,Yes,"Daily - 3GB per Day, then 1Mbps"
  UK,AIVYXT4OOKP1,UK Unlimited STANDARD - 30 Days,23.77  $,49.99  $,Unlimited,30,Yes,"Daily - 3GB per Day, then 1Mbps"
  UK,JGZN9SZLRXHR,UK Unlimited STANDARD - 5 Days,9.85  $,14.99  $,Unlimited,5,Yes,"Daily - 3GB per Day, then 1Mbps"
  Ukraine,F2OGUYEWTHDQ,Ukraine 10GB - 10 Days,6.00  $,9.99  $,10,10,Yes,Limit - Maximum Data 10GB
  Ukraine,PHF20VGBJHFZ,Ukraine 10GB - 15 Days,6.32  $,9.99  $,10,15,Yes,Limit - Maximum Data 10GB
  Ukraine,SSCGA7ROWQNL,Ukraine 10GB - 30 Days,6.59  $,12.99  $,10,30,Yes,Limit - Maximum Data 10GB
  Ukraine,ACNB2TOHMVEF,Ukraine 10GB - 5 Days,5.40  $,8.99  $,10,5,Yes,Limit - Maximum Data 10GB
  Ukraine,VRSW7EJ3M4XH,Ukraine 1GB - 10 Days,2.00  $,3.99  $,1,10,Yes,Limit - Maximum Data 1GB
  Ukraine,EYOTIUN92PFD,Ukraine 1GB - 15 Days,2.11  $,4.99  $,1,15,Yes,Limit - Maximum Data 1GB
  Ukraine,UH2XI6VHLQ8B,Ukraine 1GB - 30 Days,2.20  $,6.99  $,1,30,Yes,Limit - Maximum Data 1GB
  Ukraine,FENMM1ISWQ9A,Ukraine 1GB - 5 Days,1.80  $,2.99  $,1,5,Yes,Limit - Maximum Data 1GB
  Ukraine,BB4ITO45DBG3,Ukraine 20GB - 10 Days,9.00  $,18.99  $,20,10,Yes,Limit - Maximum Data 20GB
  Ukraine,MW6DLXUAXYD9,Ukraine 20GB - 15 Days,9.49  $,19.99  $,20,15,Yes,Limit - Maximum Data 20GB
  Ukraine,MDUPF92HSCP5,Ukraine 20GB - 30 Days,9.89  $,21.99  $,20,30,Yes,Limit - Maximum Data 20GB
  Ukraine,GQVKPBIXZY8B,Ukraine 20GB - 5 Days,8.10  $,17.99  $,20,5,Yes,Limit - Maximum Data 20GB
  Ukraine,SYUGB8AHOFUC,Ukraine 3GB - 10 Days,3.00  $,6.99  $,3,10,Yes,Limit - Maximum Data 3GB
  Ukraine,K4F2DDLWZ9D1,Ukraine 3GB - 15 Days,3.16  $,7.99  $,3,15,Yes,Limit - Maximum Data 3GB
  Ukraine,PTBFJMWNVULR,Ukraine 3GB - 30 Days,3.29  $,8.99  $,3,30,Yes,Limit - Maximum Data 3GB
  Ukraine,ZOPRKFZFBT4A,Ukraine 3GB - 5 Days,2.70  $,6.99  $,3,5,Yes,Limit - Maximum Data 3GB
  Ukraine,4Z2J3KPIF1FP,Ukraine 5GB - 10 Days,4.00  $,5.99  $,5,10,Yes,Limit - Maximum Data 5GB
  Ukraine,G6NWNLHKEDFJ,Ukraine 5GB - 15 Days,4.21  $,6.99  $,5,15,Yes,Limit - Maximum Data 5GB
  Ukraine,KDCTOF7ZWRJH,Ukraine 5GB - 30 Days,4.39  $,8.99  $,5,30,Yes,Limit - Maximum Data 5GB
  Ukraine,GICTFUTXY7OG,Ukraine 5GB - 5 Days,3.60  $,4.99  $,5,5,Yes,Limit - Maximum Data 5GB
  Ukraine,NM4AQR8LRFW9,Ukraine Unlimited LITE - 10 Days,14.49  $,24.99  $,Unlimited,10,Yes,"Daily - 2GB per Day, then 1Mbps"
  Ukraine,IN7FIYTD0GB8,Ukraine Unlimited LITE - 15 Days,19.13  $,32.99  $,Unlimited,15,Yes,"Daily - 2GB per Day, then 1Mbps"
  Ukraine,ABEN4APWXWC5,Ukraine Unlimited LITE - 30 Days,27.96  $,40.99  $,Unlimited,30,Yes,"Daily - 2GB per Day, then 1Mbps"
  Ukraine,SR0BQSDXINUK,Ukraine Unlimited LITE - 5 Days,9.85  $,16.99  $,Unlimited,5,Yes,"Daily - 2GB per Day, then 1Mbps"
  Ukraine,UFO1ZITAIWP5,Ukraine Unlimited MAX - 10 Days,24.93  $,29.99  $,Unlimited,10,Yes,"Daily - 5GB per Day, then 1Mbps"
  Ukraine,CSTZP71DDMHL,Ukraine Unlimited MAX - 15 Days,30.73  $,39.99  $,Unlimited,15,Yes,"Daily - 5GB per Day, then 1Mbps"
  Ukraine,BFQB2DMBGQTW,Ukraine Unlimited MAX - 30 Days,38.32  $,49.99  $,Unlimited,30,Yes,"Daily - 5GB per Day, then 1Mbps"
  Ukraine,SMJO0YADT3IC,Ukraine Unlimited MAX - 5 Days,13.91  $,24.99  $,Unlimited,5,Yes,"Daily - 5GB per Day, then 1Mbps"
  Ukraine,S2UTVZHM1MIC,Ukraine Unlimited STANDARD - 10 Days,14.49  $,19.99  $,Unlimited,10,Yes,"Daily - 3GB per Day, then 1Mbps"
  Ukraine,VALEH574WW3L,Ukraine Unlimited STANDARD - 15 Days,19.13  $,29.99  $,Unlimited,15,Yes,"Daily - 3GB per Day, then 1Mbps"
  Ukraine,TGUFKJVAQ9R8,Ukraine Unlimited STANDARD - 30 Days,30.50  $,39.99  $,Unlimited,30,Yes,"Daily - 3GB per Day, then 1Mbps"
  Ukraine,SMPIPSVMFRRS,Ukraine Unlimited STANDARD - 5 Days,9.85  $,14.99  $,Unlimited,5,Yes,"Daily - 3GB per Day, then 1Mbps"
  United Arab Emirates,2RITPLFD3WTU,United Arab Emirates 10GB - 10 Days,27.22  $,34.99  $,10,10,Yes,Limit - Maximum Data 10GB
  United Arab Emirates,KE51MCCYQZOO,United Arab Emirates 10GB - 15 Days,28.72  $,34.99  $,10,15,Yes,Limit - Maximum Data 10GB
  United Arab Emirates,MXV1VYOH4WRJ,United Arab Emirates 10GB - 30 Days,29.94  $,37.99  $,10,30,Yes,Limit - Maximum Data 10GB
  United Arab Emirates,CPZV5YFX2NSI,United Arab Emirates 10GB - 5 Days,24.50  $,33.99  $,10,5,Yes,Limit - Maximum Data 10GB
  United Arab Emirates,HNSOD7E9HYJZ,United Arab Emirates 1GB - 10 Days,4.07  $,5.99  $,1,10,Yes,Limit - Maximum Data 1GB
  United Arab Emirates,YBIASNRBZHCL,United Arab Emirates 1GB - 15 Days,4.29  $,6.99  $,1,15,Yes,Limit - Maximum Data 1GB
  United Arab Emirates,CKTILSO39VSZ,United Arab Emirates 1GB - 30 Days,4.48  $,8.99  $,1,30,Yes,Limit - Maximum Data 1GB
  United Arab Emirates,7T1PARIZLC2Y,United Arab Emirates 1GB - 5 Days,3.66  $,4.99  $,1,5,Yes,Limit - Maximum Data 1GB
  United Arab Emirates,MZIN8RFVWIVI,United Arab Emirates 20GB - 10 Days,46.63  $,53.99  $,20,10,Yes,Limit - Maximum Data 20GB
  United Arab Emirates,XBQ4XCYCTCU4,United Arab Emirates 20GB - 15 Days,49.19  $,54.99  $,20,15,Yes,Limit - Maximum Data 20GB
  United Arab Emirates,SZ3BVEFULC20,United Arab Emirates 20GB - 30 Days,51.29  $,58.99  $,20,30,Yes,Limit - Maximum Data 20GB
  United Arab Emirates,4GGC4QBUTSFM,United Arab Emirates 20GB - 5 Days,41.97  $,52.99  $,20,5,Yes,Limit - Maximum Data 20GB
  United Arab Emirates,2D66IMI4BAMV,United Arab Emirates 3GB - 10 Days,9.59  $,13.99  $,3,10,Yes,Limit - Maximum Data 3GB
  United Arab Emirates,VTE9EM6Y594U,United Arab Emirates 3GB - 15 Days,10.12  $,14.99  $,3,15,Yes,Limit - Maximum Data 3GB
  United Arab Emirates,5YMNANCXKI1M,United Arab Emirates 3GB - 30 Days,10.55  $,16.99  $,3,30,Yes,Limit - Maximum Data 3GB
  United Arab Emirates,ZAEVF8BJDUOL,United Arab Emirates 3GB - 5 Days,8.63  $,12.99  $,3,5,Yes,Limit - Maximum Data 3GB
  United Arab Emirates,YUTO80FGWASW,United Arab Emirates 5GB - 10 Days,15.43  $,19.99  $,5,10,Yes,Limit - Maximum Data 5GB
  United Arab Emirates,QOSV6PNKID4J,United Arab Emirates 5GB - 15 Days,16.28  $,19.99  $,5,15,Yes,Limit - Maximum Data 5GB
  United Arab Emirates,8SCHSCDWPNZ7,United Arab Emirates 5GB - 30 Days,16.97  $,22.99  $,5,30,Yes,Limit - Maximum Data 5GB
  United Arab Emirates,EXBDCDMS8WZO,United Arab Emirates 5GB - 5 Days,13.89  $,18.99  $,5,5,Yes,Limit - Maximum Data 5GB
  Uruguay,1SJR2W4OWHHI,Uruguay 10GB - 10 Days,12.51  $,22.99  $,10,10,Yes,Limit - Maximum Data 10GB
  Uruguay,4EUCX9YJWLYQ,Uruguay 10GB - 15 Days,13.20  $,23.99  $,10,15,Yes,Limit - Maximum Data 10GB
  Uruguay,86S2AQS53WEH,Uruguay 10GB - 30 Days,13.76  $,25.99  $,10,30,Yes,Limit - Maximum Data 10GB
  Uruguay,FLRRJD4ABIEK,Uruguay 10GB - 5 Days,11.26  $,21.99  $,10,5,Yes,Limit - Maximum Data 10GB
  Uruguay,EO47DOV51RG5,Uruguay 1GB - 10 Days,2.52  $,5.99  $,1,10,Yes,Limit - Maximum Data 1GB
  Uruguay,XZIZEIWON4TT,Uruguay 1GB - 15 Days,2.66  $,6.99  $,1,15,Yes,Limit - Maximum Data 1GB
  Uruguay,W7QY8LK6AUMO,Uruguay 1GB - 30 Days,2.77  $,8.99  $,1,30,Yes,Limit - Maximum Data 1GB
  Uruguay,AFHNBBELLOZI,Uruguay 1GB - 5 Days,2.27  $,4.99  $,1,5,Yes,Limit - Maximum Data 1GB
  Uruguay,H88VDOAPZAZD,Uruguay 20GB - 10 Days,20.00  $,41.99  $,20,10,Yes,Limit - Maximum Data 20GB
  Uruguay,E2BQROLWDQBN,Uruguay 20GB - 15 Days,21.09  $,42.99  $,20,15,Yes,Limit - Maximum Data 20GB
  Uruguay,VUHKJBBYFCDV,Uruguay 20GB - 30 Days,21.99  $,46.99  $,20,30,Yes,Limit - Maximum Data 20GB
  Uruguay,SUDJOFOWESWS,Uruguay 20GB - 5 Days,18.00  $,40.99  $,20,5,Yes,Limit - Maximum Data 20GB
  Uruguay,UMXJTW19TS1E,Uruguay 3GB - 10 Days,5.07  $,9.99  $,3,10,Yes,Limit - Maximum Data 3GB
  Uruguay,60YADTHCOAYB,Uruguay 3GB - 15 Days,5.35  $,9.99  $,3,15,Yes,Limit - Maximum Data 3GB
  Uruguay,1RJA7W6LGFPZ,Uruguay 3GB - 30 Days,5.58  $,12.99  $,3,30,Yes,Limit - Maximum Data 3GB
  Uruguay,CA1ZGY1FNUXI,Uruguay 3GB - 5 Days,4.56  $,8.99  $,3,5,Yes,Limit - Maximum Data 3GB
  Uruguay,ZLPILOFEU8RZ,Uruguay 5GB - 10 Days,7.50  $,12.99  $,5,10,Yes,Limit - Maximum Data 5GB
  Uruguay,KYMIRZKG1CLQ,Uruguay 5GB - 15 Days,7.91  $,13.99  $,5,15,Yes,Limit - Maximum Data 5GB
  Uruguay,PHTVKZSEFPTE,Uruguay 5GB - 30 Days,8.24  $,15.99  $,5,30,Yes,Limit - Maximum Data 5GB
  Uruguay,AKNJ7N5CJRUD,Uruguay 5GB - 5 Days,6.75  $,11.99  $,5,5,Yes,Limit - Maximum Data 5GB
  Uruguay,MKFY40X8YNTR,Uruguay Unlimited MAX - 10 Days,35.98  $,44.99  $,Unlimited,10,Yes,"Daily - 5GB per Day, then 1Mbps"
  Uruguay,B8IDBIMNZCJM,Uruguay Unlimited MAX - 15 Days,57.22  $,69.99  $,Unlimited,15,Yes,"Daily - 5GB per Day, then 1Mbps"
  Uruguay,BDCDRNQSCVMA,Uruguay Unlimited MAX - 30 Days,89.99  $,99.99  $,Unlimited,30,Yes,"Daily - 5GB per Day, then 1Mbps"
  Uruguay,SWN2IDSBZJSF,Uruguay Unlimited MAX - 5 Days,18.29  $,29.99  $,Unlimited,5,Yes,"Daily - 5GB per Day, then 1Mbps"
  Uruguay,K97UI6GBWSSV,Uruguay Unlimited STANDARD - 10 Days,26.14  $,39.99  $,Unlimited,10,Yes,"Daily - 3GB per Day, then 1Mbps"
  Uruguay,94TUZJ078BES,Uruguay Unlimited STANDARD - 15 Days,42.44  $,59.99  $,Unlimited,15,Yes,"Daily - 3GB per Day, then 1Mbps"
  Uruguay,8GU0QI2ZEMAJ,Uruguay Unlimited STANDARD - 30 Days,80.58  $,89.99  $,Unlimited,30,Yes,"Daily - 3GB per Day, then 1Mbps"
  Uruguay,ABH78SM2DXLS,Uruguay Unlimited STANDARD - 5 Days,13.98  $,24.99  $,Unlimited,5,Yes,"Daily - 3GB per Day, then 1Mbps"
  USA,PIMWSHESVZGC,USA 10GB - 10 Days,8.00  $,12.99  $,10,10,Yes,Limit - Maximum Data 10GB
  USA,JTGNECJ5CVME,USA 10GB - 15 Days,8.44  $,13.99  $,10,15,Yes,Limit - Maximum Data 10GB
  USA,RSITN92KM2FJ,USA 10GB - 30 Days,8.80  $,15.99  $,10,30,Yes,Limit - Maximum Data 10GB
  USA,YZ5ARPLYTLTH,USA 10GB - 5 Days,7.20  $,11.99  $,10,5,Yes,Limit - Maximum Data 10GB
  USA,UX4KGFEI7CPH,USA 1GB - 10 Days,1.81  $,4.99  $,1,10,Yes,Limit - Maximum Data 1GB
  USA,ODNODTPBMHFY,USA 1GB - 15 Days,1.91  $,4.99  $,1,15,Yes,Limit - Maximum Data 1GB
  USA,WJPLEMRIRLG0,USA 1GB - 30 Days,1.99  $,7.99  $,1,30,Yes,Limit - Maximum Data 1GB
  USA,PFEFJTHIJUND,USA 1GB - 5 Days,1.63  $,3.99  $,1,5,Yes,Limit - Maximum Data 1GB
  USA,UQ34BQ5KRNL0,USA 20GB - 10 Days,13.24  $,21.99  $,20,10,Yes,Limit - Maximum Data 20GB
  USA,GU1UK67MYSQR,USA 20GB - 15 Days,13.97  $,22.99  $,20,15,Yes,Limit - Maximum Data 20GB
  USA,86XUKG9RP7FG,USA 20GB - 30 Days,14.56  $,24.99  $,20,30,Yes,Limit - Maximum Data 20GB
  USA,5QLVE2NO3T8S,USA 20GB - 5 Days,11.92  $,20.99  $,20,5,Yes,Limit - Maximum Data 20GB
  USA,QB0FYEOTMF57,USA 3GB - 10 Days,3.50  $,8.99  $,3,10,Yes,Limit - Maximum Data 3GB
  USA,5VKIUXNGCHGQ,USA 3GB - 15 Days,3.69  $,9.99  $,3,15,Yes,Limit - Maximum Data 3GB
  USA,QEVYMLEAYR6F,USA 3GB - 30 Days,3.85  $,10.99  $,3,30,Yes,Limit - Maximum Data 3GB
  USA,6JTOMYZTB8KL,USA 3GB - 5 Days,3.15  $,7.99  $,3,5,Yes,Limit - Maximum Data 3GB
  USA,0XWBUJV1ZI64,USA 5GB - 10 Days,5.50  $,6.99  $,5,10,Yes,Limit - Maximum Data 5GB
  USA,BJJUP9ZDCXOB,USA 5GB - 15 Days,5.80  $,7.99  $,5,15,Yes,Limit - Maximum Data 5GB
  USA,JXCTCGRB61DA,USA 5GB - 30 Days,6.04  $,9.99  $,5,30,Yes,Limit - Maximum Data 5GB
  USA,VUJEJKXVXHWA,USA 5GB - 5 Days,4.95  $,5.99  $,5,5,Yes,Limit - Maximum Data 5GB
  USA,XN6LCWIGAXBQ,USA Unlimited LITE - 10 Days,15.13  $,28.99  $,Unlimited,10,Yes,"Daily - 2GB per Day, then 1Mbps"
  USA,NTYJITZX7CAD,USA Unlimited LITE - 15 Days,23.59  $,43.99  $,Unlimited,15,Yes,"Daily - 2GB per Day, then 1Mbps"
  USA,6NO0UZSB4ZET,USA Unlimited LITE - 30 Days,39.38  $,58.99  $,Unlimited,30,Yes,"Daily - 2GB per Day, then 1Mbps"
  USA,KVQN9EJNP639,USA Unlimited LITE - 5 Days,9.91  $,18.99  $,Unlimited,5,Yes,"Daily - 2GB per Day, then 1Mbps"
  USA,CDGRIWHE8STA,USA Unlimited MAX - 10 Days,27.14  $,29.99  $,Unlimited,10,Yes,"Daily - 5GB per Day, then 1Mbps"
  USA,R3XUXIKWNVLG,USA Unlimited MAX - 15 Days,33.92  $,54.99  $,Unlimited,15,Yes,"Daily - 5GB per Day, then 1Mbps"
  USA,ZEKFUOKPFJXW,USA Unlimited MAX - 30 Days,53.40  $,69.99  $,Unlimited,30,Yes,"Daily - 5GB per Day, then 1Mbps"
  USA,QDRTA9YN66AZ,USA Unlimited MAX - 5 Days,14.61  $,24.99  $,Unlimited,5,Yes,"Daily - 5GB per Day, then 1Mbps"
  USA,TXLZ5D3RK1OV,USA Unlimited STANDARD - 10 Days,15.13  $,24.99  $,Unlimited,10,Yes,"Daily - 3GB per Day, then 1Mbps"
  USA,CHLDWZB6IBQ7,USA Unlimited STANDARD - 15 Days,26.40  $,44.99  $,Unlimited,15,Yes,"Daily - 3GB per Day, then 1Mbps"
  USA,6REONSEZWHXZ,USA Unlimited STANDARD - 30 Days,39.79  $,59.99  $,Unlimited,30,Yes,"Daily - 3GB per Day, then 1Mbps"
  USA,RH6DWMSXGSJF,USA Unlimited STANDARD - 5 Days,9.91  $,17.99  $,Unlimited,5,Yes,"Daily - 3GB per Day, then 1Mbps"
  Uzbekistan,YB61S8OBDVTR,Uzbekistan 10GB - 10 Days,7.50  $,15.99  $,10,10,Yes,Limit - Maximum Data 10GB
  Uzbekistan,EHQWCU0LFGPJ,Uzbekistan 10GB - 15 Days,7.91  $,16.99  $,10,15,Yes,Limit - Maximum Data 10GB
  Uzbekistan,N1MBPCF7XVEF,Uzbekistan 10GB - 30 Days,8.25  $,18.99  $,10,30,Yes,Limit - Maximum Data 10GB
  Uzbekistan,EZOXABIB37CM,Uzbekistan 10GB - 5 Days,6.75  $,14.99  $,10,5,Yes,Limit - Maximum Data 10GB
  Uzbekistan,8SDOP6N05OHE,Uzbekistan 1GB - 10 Days,2.50  $,4.99  $,1,10,Yes,Limit - Maximum Data 1GB
  Uzbekistan,VAFNERGZVSCY,Uzbekistan 1GB - 15 Days,2.63  $,4.99  $,1,15,Yes,Limit - Maximum Data 1GB
  Uzbekistan,JMM2C64TT8TB,Uzbekistan 1GB - 30 Days,2.74  $,7.99  $,1,30,Yes,Limit - Maximum Data 1GB
  Uzbekistan,OW9EM5S14I1U,Uzbekistan 1GB - 5 Days,2.25  $,3.99  $,1,5,Yes,Limit - Maximum Data 1GB
  Uzbekistan,FAR39V9FHKDN,Uzbekistan 20GB - 10 Days,11.11  $,25.99  $,20,10,Yes,Limit - Maximum Data 20GB
  Uzbekistan,6IO9LU8FEXKW,Uzbekistan 20GB - 15 Days,11.72  $,26.99  $,20,15,Yes,Limit - Maximum Data 20GB
  Uzbekistan,QYPZUA7PYHBC,Uzbekistan 20GB - 30 Days,12.22  $,28.99  $,20,30,Yes,Limit - Maximum Data 20GB
  Uzbekistan,ZHLHIICZ5NG7,Uzbekistan 20GB - 5 Days,10.00  $,24.99  $,20,5,Yes,Limit - Maximum Data 20GB
  Uzbekistan,WWGL3DQPGBEJ,Uzbekistan 3GB - 10 Days,3.50  $,5.99  $,3,10,Yes,Limit - Maximum Data 3GB
  Uzbekistan,7KSGDUNT8MOH,Uzbekistan 3GB - 15 Days,3.69  $,6.99  $,3,15,Yes,Limit - Maximum Data 3GB
  Uzbekistan,YIRFX86GO0MM,Uzbekistan 3GB - 30 Days,3.84  $,8.99  $,3,30,Yes,Limit - Maximum Data 3GB
  Uzbekistan,FWJYPAWX5AVI,Uzbekistan 3GB - 5 Days,3.15  $,4.99  $,3,5,Yes,Limit - Maximum Data 3GB
  Uzbekistan,N96RMZKEA21X,Uzbekistan 40GB - 10 Days,20.70  $,32.99  $,40,10,Yes,
  Uzbekistan,LZSBTLENWXOI,Uzbekistan 40GB - 15 Days,21.84  $,33.99  $,40,15,Yes,
  Uzbekistan,FCSIVIAQHNL9,Uzbekistan 40GB - 30 Days,22.77  $,34.99  $,40,30,Yes,
  Uzbekistan,RLH4OFDA1N1I,Uzbekistan 40GB - 5 Days,18.63  $,31.99  $,40,5,Yes,
  Uzbekistan,PED2KSNFVMOP,Uzbekistan 5GB - 10 Days,4.54  $,8.99  $,5,10,Yes,Limit - Maximum Data 5GB
  Uzbekistan,CODQLTSE9VMH,Uzbekistan 5GB - 15 Days,4.79  $,9.99  $,5,15,Yes,Limit - Maximum Data 5GB
  Uzbekistan,CKSQLB62FDX9,Uzbekistan 5GB - 30 Days,4.99  $,11.99  $,5,30,Yes,Limit - Maximum Data 5GB
  Uzbekistan,0HPUBHR8IK1A,Uzbekistan 5GB - 5 Days,4.09  $,7.99  $,5,5,Yes,Limit - Maximum Data 5GB
  Uzbekistan,2RGUQ4FFGIBQ,Uzbekistan Unlimited LITE - 10 Days,15.28  $,29.99  $,Unlimited,10,Yes,"Daily - 2GB per Day, then 1Mbps"
  Uzbekistan,NKYGF8DN0AGC,Uzbekistan Unlimited LITE - 15 Days,24.97  $,39.99  $,Unlimited,15,Yes,"Daily - 2GB per Day, then 1Mbps"
  Uzbekistan,DL21ZE6Q5M3R,Uzbekistan Unlimited LITE - 30 Days,43.62  $,58.99  $,Unlimited,30,Yes,"Daily - 2GB per Day, then 1Mbps"
  Uzbekistan,GHWYFOC1QCCH,Uzbekistan Unlimited LITE - 5 Days,11.59  $,18.99  $,Unlimited,5,Yes,"Daily - 2GB per Day, then 1Mbps"
  Uzbekistan,IPZWIZHB4DRW,Uzbekistan Unlimited MAX - 10 Days,21.39  $,29.99  $,Unlimited,10,Yes,"Daily - 5GB per Day, then 1Mbps"
  Uzbekistan,J2LR0E9EHRUS,Uzbekistan Unlimited MAX - 15 Days,33.88  $,49.99  $,Unlimited,15,Yes,"Daily - 5GB per Day, then 1Mbps"
  Uzbekistan,MAFUDWGTLH9W,Uzbekistan Unlimited MAX - 30 Days,59.90  $,99.99  $,Unlimited,30,Yes,"Daily - 5GB per Day, then 1Mbps"
  Uzbekistan,9PPMDUYB7NOX,Uzbekistan Unlimited MAX - 5 Days,14.49  $,24.99  $,Unlimited,5,Yes,"Daily - 5GB per Day, then 1Mbps"
  Uzbekistan,4PNT9SLJHS73,Uzbekistan Unlimited STANDARD - 10 Days,15.60  $,24.99  $,Unlimited,10,Yes,"Daily - 3GB per Day, then 1Mbps"
  Uzbekistan,YK7ZPVTEZGRY,Uzbekistan Unlimited STANDARD - 15 Days,25.19  $,39.99  $,Unlimited,15,Yes,"Daily - 3GB per Day, then 1Mbps"
  Uzbekistan,ICKSVM6BKZFA,Uzbekistan Unlimited STANDARD - 30 Days,47.62  $,59.99  $,Unlimited,30,Yes,"Daily - 3GB per Day, then 1Mbps"
  Uzbekistan,RPA0LDIGTJI8,Uzbekistan Unlimited STANDARD - 5 Days,11.59  $,14.99  $,Unlimited,5,Yes,"Daily - 3GB per Day, then 1Mbps"
  Vanuatu,1N67IOHO6USP,Vanuatu 1GB - 10 Days,44.99  $,10.99  $,1,10,Yes,Limit - Maximum Data 1GB
  Vanuatu,PFLU5W8YDLC8,Vanuatu 1GB - 15 Days,47.47  $,11.99  $,1,15,Yes,Limit - Maximum Data 1GB
  Vanuatu,3SLRWGEP6OUX,Vanuatu 1GB - 30 Days,49.49  $,13.99  $,1,30,Yes,Limit - Maximum Data 1GB
  Vanuatu,RMUTLVN7L1FP,Vanuatu 1GB - 5 Days,40.49  $,9.99  $,1,5,Yes,Limit - Maximum Data 1GB
  Vanuatu,JEEVHPQ6OWIV,Vanuatu 3GB - 10 Days,122.57  $,29.99  $,3,10,Yes,Limit - Maximum Data 3GB
  Vanuatu,W6TOSXMAPUV8,Vanuatu 3GB - 15 Days,129.31  $,29.99  $,3,15,Yes,Limit - Maximum Data 3GB
  Vanuatu,IKTEYFYS4ELB,Vanuatu 3GB - 30 Days,134.83  $,32.99  $,3,30,Yes,Limit - Maximum Data 3GB
  Vanuatu,2DRV1AS8EJDI,Vanuatu 3GB - 5 Days,110.31  $,28.99  $,3,5,Yes,Limit - Maximum Data 3GB
  Vanuatu,DY8IOOOLTDQ6,Vanuatu 5GB - 10 Days,184.93  $,49.99  $,5,10,Yes,Limit - Maximum Data 5GB
  Vanuatu,YQFCYOJBH64I,Vanuatu 5GB - 15 Days,195.10  $,49.99  $,5,15,Yes,Limit - Maximum Data 5GB
  Vanuatu,COAEAZGKNP7Y,Vanuatu 5GB - 30 Days,203.42  $,54.99  $,5,30,Yes,Limit - Maximum Data 5GB
  Vanuatu,MNEJ8SDPRKSD,Vanuatu 5GB - 5 Days,166.44  $,48.99  $,5,5,Yes,Limit - Maximum Data 5GB
  Venezuela,ZVXRVPGSACDF,Venezuela 10GB - 10 Days,12.51  $,22.99  $,10,10,Yes,Limit - Maximum Data 10GB
  Venezuela,XCNF8ND46OTW,Venezuela 10GB - 15 Days,13.20  $,23.99  $,10,15,Yes,Limit - Maximum Data 10GB
  Venezuela,ZQF3GIVP8SDP,Venezuela 10GB - 30 Days,13.76  $,25.99  $,10,30,Yes,Limit - Maximum Data 10GB
  Venezuela,ZT1N0K7ETBAL,Venezuela 10GB - 5 Days,11.26  $,21.99  $,10,5,Yes,Limit - Maximum Data 10GB
  Venezuela,XNR7GKLRLDM2,Venezuela 1GB - 10 Days,2.52  $,5.99  $,1,10,Yes,Limit - Maximum Data 1GB
  Venezuela,JYE3ASZC9N4G,Venezuela 1GB - 15 Days,2.66  $,6.99  $,1,15,Yes,Limit - Maximum Data 1GB
  Venezuela,SSCYGR5SERL9,Venezuela 1GB - 30 Days,2.77  $,8.99  $,1,30,Yes,Limit - Maximum Data 1GB
  Venezuela,BZ0HMGXB9JGF,Venezuela 1GB - 5 Days,2.27  $,4.99  $,1,5,Yes,Limit - Maximum Data 1GB
  Venezuela,VARQ46ICY5SV,Venezuela 20GB - 10 Days,20.00  $,41.99  $,20,10,Yes,Limit - Maximum Data 20GB
  Venezuela,RSNXHH9OCDWB,Venezuela 20GB - 15 Days,21.09  $,42.99  $,20,15,Yes,Limit - Maximum Data 20GB
  Venezuela,HUMNFJYCMLEB,Venezuela 20GB - 30 Days,21.99  $,46.99  $,20,30,Yes,Limit - Maximum Data 20GB
  Venezuela,1ZR8AQRHVIXN,Venezuela 20GB - 5 Days,18.00  $,40.99  $,20,5,Yes,Limit - Maximum Data 20GB
  Venezuela,UOBINKRAQN7T,Venezuela 3GB - 10 Days,5.07  $,9.99  $,3,10,Yes,Limit - Maximum Data 3GB
  Venezuela,RVKOJAFDGMCL,Venezuela 3GB - 15 Days,5.35  $,9.99  $,3,15,Yes,Limit - Maximum Data 3GB
  Venezuela,8FID8JQD4YOX,Venezuela 3GB - 30 Days,5.58  $,12.99  $,3,30,Yes,Limit - Maximum Data 3GB
  Venezuela,TXDNHBIXJCMH,Venezuela 3GB - 5 Days,4.56  $,8.99  $,3,5,Yes,Limit - Maximum Data 3GB
  Venezuela,YFEUA2RM3MWL,Venezuela 5GB - 10 Days,7.50  $,12.99  $,5,10,Yes,Limit - Maximum Data 5GB
  Venezuela,A3LZNZSAAS0T,Venezuela 5GB - 15 Days,7.91  $,13.99  $,5,15,Yes,Limit - Maximum Data 5GB
  Venezuela,7QT9UYW52GDO,Venezuela 5GB - 30 Days,8.24  $,15.99  $,5,30,Yes,Limit - Maximum Data 5GB
  Venezuela,PCF5VNDHRTVU,Venezuela 5GB - 5 Days,6.75  $,11.99  $,5,5,Yes,Limit - Maximum Data 5GB
  Venezuela,MHS8Q0HO9XT2,Venezuela Unlimited MAX - 10 Days,35.98  $,44.99  $,Unlimited,10,Yes,"Daily - 5GB per Day, then 1Mbps"
  Venezuela,O7NVNRSEIA1U,Venezuela Unlimited MAX - 15 Days,57.22  $,69.99  $,Unlimited,15,Yes,"Daily - 5GB per Day, then 1Mbps"
  Venezuela,GIZRHTCXKUIQ,Venezuela Unlimited MAX - 30 Days,89.99  $,99.99  $,Unlimited,30,Yes,"Daily - 5GB per Day, then 1Mbps"
  Venezuela,DCCUJQSEU2BC,Venezuela Unlimited MAX - 5 Days,18.29  $,29.99  $,Unlimited,5,Yes,"Daily - 5GB per Day, then 1Mbps"
  Venezuela,JUDALFUXXJUP,Venezuela Unlimited STANDARD - 10 Days,26.14  $,39.99  $,Unlimited,10,Yes,"Daily - 3GB per Day, then 1Mbps"
  Venezuela,4HF7BZUDIVZZ,Venezuela Unlimited STANDARD - 15 Days,42.44  $,59.99  $,Unlimited,15,Yes,"Daily - 3GB per Day, then 1Mbps"
  Venezuela,DWFTIIFDVJXN,Venezuela Unlimited STANDARD - 30 Days,80.58  $,89.99  $,Unlimited,30,Yes,"Daily - 3GB per Day, then 1Mbps"
  Venezuela,SQPAQCSYPZEK,Venezuela Unlimited STANDARD - 5 Days,13.98  $,24.99  $,Unlimited,5,Yes,"Daily - 3GB per Day, then 1Mbps"
  Vietnam,REHLHG9MEXEL,Vietnam 10GB - 10 Days,12.79  $,22.99  $,10,10,Yes,Limit - Maximum Data 10GB
  Vietnam,YDHFE58OVSAU,Vietnam 10GB - 15 Days,13.50  $,23.99  $,10,15,Yes,Limit - Maximum Data 10GB
  Vietnam,SHX2TMTUS1NY,Vietnam 10GB - 30 Days,14.07  $,25.99  $,10,30,Yes,Limit - Maximum Data 10GB
  Vietnam,W8HXAXNNKRVC,Vietnam 10GB - 5 Days,11.51  $,21.99  $,10,5,Yes,Limit - Maximum Data 10GB
  Vietnam,ZUXXMPRRLPTB,Vietnam 1GB - 10 Days,2.31  $,5.99  $,1,10,Yes,Limit - Maximum Data 1GB
  Vietnam,JKIRQU984HE3,Vietnam 1GB - 15 Days,2.44  $,6.99  $,1,15,Yes,Limit - Maximum Data 1GB
  Vietnam,DZCG3XCGHYLS,Vietnam 1GB - 30 Days,2.54  $,8.99  $,1,30,Yes,Limit - Maximum Data 1GB
  Vietnam,0L4EQLXXTYJN,Vietnam 1GB - 5 Days,2.08  $,4.99  $,1,5,Yes,Limit - Maximum Data 1GB
  Vietnam,EDU6FH4OXNOC,Vietnam 20GB - 10 Days,22.31  $,41.99  $,20,10,Yes,Limit - Maximum Data 20GB
  Vietnam,Q4CZKUQDYVRZ,Vietnam 20GB - 15 Days,23.54  $,42.99  $,20,15,Yes,Limit - Maximum Data 20GB
  Vietnam,1LK8ADBJDABG,Vietnam 20GB - 30 Days,24.54  $,46.99  $,20,30,Yes,Limit - Maximum Data 20GB
  Vietnam,PNVWGBQEWCKV,Vietnam 20GB - 5 Days,20.08  $,40.99  $,20,5,Yes,Limit - Maximum Data 20GB
  Vietnam,CWKTM7B2WSKN,Vietnam 3GB - 10 Days,4.62  $,9.99  $,3,10,Yes,Limit - Maximum Data 3GB
  Vietnam,KPPLUAY1ECMX,Vietnam 3GB - 15 Days,4.87  $,9.99  $,3,15,Yes,Limit - Maximum Data 3GB
  Vietnam,XCQ9PRG73Z8L,Vietnam 3GB - 30 Days,5.08  $,12.99  $,3,30,Yes,Limit - Maximum Data 3GB
  Vietnam,EL5XMKZUBT8Q,Vietnam 3GB - 5 Days,4.16  $,8.99  $,3,5,Yes,Limit - Maximum Data 3GB
  Vietnam,OMS07QPHNE8E,Vietnam 5GB - 10 Days,7.52  $,12.99  $,5,10,Yes,Limit - Maximum Data 5GB
  Vietnam,SCT7YPQCYAMA,Vietnam 5GB - 15 Days,7.93  $,13.99  $,5,15,Yes,Limit - Maximum Data 5GB
  Vietnam,JCZLKMHSPVQD,Vietnam 5GB - 30 Days,8.27  $,15.99  $,5,30,Yes,Limit - Maximum Data 5GB
  Vietnam,79WZP53GAHNZ,Vietnam 5GB - 5 Days,6.77  $,11.99  $,5,5,Yes,Limit - Maximum Data 5GB
  Vietnam,WCTFJCOEIXDE,Vietnam Unlimited LITE - 10 Days,16.16  $,28.99  $,Unlimited,10,Yes,"Daily - 2GB per Day, then 1Mbps"
  Vietnam,X7LWJTPFNVVW,Vietnam Unlimited LITE - 15 Days,22.96  $,43.99  $,Unlimited,15,Yes,"Daily - 2GB per Day, then 1Mbps"
  Vietnam,KZOIB59HRWME,Vietnam Unlimited LITE - 30 Days,53.09  $,58.99  $,Unlimited,30,Yes,"Daily - 2GB per Day, then 1Mbps"
  Vietnam,E6CFRNM5NK7K,Vietnam Unlimited LITE - 5 Days,9.91  $,18.99  $,Unlimited,5,Yes,"Daily - 2GB per Day, then 1Mbps"
  Vietnam,6HCIDLBKSHU6,Vietnam Unlimited MAX - 10 Days,29.23  $,29.99  $,Unlimited,10,Yes,"Daily - 5GB per Day, then 1Mbps"
  Vietnam,BE58LUC2OVT6,Vietnam Unlimited MAX - 15 Days,43.84  $,54.99  $,Unlimited,15,Yes,"Daily - 5GB per Day, then 1Mbps"
  Vietnam,LQRWBNJCXWTH,Vietnam Unlimited MAX - 30 Days,58.46  $,79.99  $,Unlimited,30,Yes,"Daily - 5GB per Day, then 1Mbps"
  Vietnam,0NLEHFMQZPC2,Vietnam Unlimited MAX - 5 Days,18.79  $,24.99  $,Unlimited,5,Yes,"Daily - 5GB per Day, then 1Mbps"
  Vietnam,GQFCQ1HKBJFA,Vietnam Unlimited STANDARD - 10 Days,23.31  $,24.99  $,Unlimited,10,Yes,"Daily - 3GB per Day, then 1Mbps"
  Vietnam,CNTEX0ZWHH5R,Vietnam Unlimited STANDARD - 15 Days,27.96  $,44.99  $,Unlimited,15,Yes,"Daily - 3GB per Day, then 1Mbps"
  Vietnam,DTG02SWJHBJ1,Vietnam Unlimited STANDARD - 30 Days,50.03  $,59.99  $,Unlimited,30,Yes,"Daily - 3GB per Day, then 1Mbps"
  Vietnam,HKINV8UI96VN,Vietnam Unlimited STANDARD - 5 Days,11.60  $,17.99  $,Unlimited,5,Yes,"Daily - 3GB per Day, then 1Mbps"
  Zambia,YZFX0VUWQMHK,Zambia 10GB - 10 Days,38.39  $,41.99  $,10,10,Yes,Limit - Maximum Data 10GB
  Zambia,8BWYL2HVSFFB,Zambia 10GB - 15 Days,40.50  $,42.99  $,10,15,Yes,Limit - Maximum Data 10GB
  Zambia,ZZQGLLYIMQTQ,Zambia 10GB - 30 Days,42.23  $,46.99  $,10,30,Yes,Limit - Maximum Data 10GB
  Zambia,AR5NQOFTISPW,Zambia 10GB - 5 Days,34.55  $,40.99  $,10,5,Yes,Limit - Maximum Data 10GB
  Zambia,UC4BLIFYZ13A,Zambia 1GB - 10 Days,6.77  $,5.99  $,1,10,Yes,Limit - Maximum Data 1GB
  Zambia,BEZFX6MNIK1K,Zambia 1GB - 15 Days,7.14  $,6.99  $,1,15,Yes,Limit - Maximum Data 1GB
  Zambia,JONOXM0ACORV,Zambia 1GB - 30 Days,7.45  $,8.99  $,1,30,Yes,Limit - Maximum Data 1GB
  Zambia,DPTUYUXA7GMC,Zambia 1GB - 5 Days,6.09  $,4.99  $,1,5,Yes,Limit - Maximum Data 1GB
  Zambia,69HFNEMD9WCS,Zambia 20GB - 10 Days,55.99  $,61.99  $,20,10,Yes,Limit - Maximum Data 20GB
  Zambia,1EVDJ3HEMDBM,Zambia 20GB - 15 Days,59.07  $,62.99  $,20,15,Yes,Limit - Maximum Data 20GB
  Zambia,WQKWTEYZIDSX,Zambia 20GB - 30 Days,61.59  $,66.99  $,20,30,Yes,Limit - Maximum Data 20GB
  Zambia,ZGRKNDYTBY25,Zambia 20GB - 5 Days,50.39  $,60.99  $,20,5,Yes,Limit - Maximum Data 20GB
  Zambia,TFTLV7ECNUG2,Zambia 3GB - 10 Days,15.53  $,14.99  $,3,10,Yes,Limit - Maximum Data 3GB
  Zambia,G00OWCBHDRQF,Zambia 3GB - 15 Days,16.38  $,14.99  $,3,15,Yes,Limit - Maximum Data 3GB
  Zambia,HUEWKJAJDCTT,Zambia 3GB - 30 Days,17.08  $,17.99  $,3,30,Yes,Limit - Maximum Data 3GB
  Zambia,1DPPHOQCUBCA,Zambia 3GB - 5 Days,13.98  $,13.99  $,3,5,Yes,Limit - Maximum Data 3GB
  Zambia,ANMTIKJ5HVNF,Zambia 5GB - 10 Days,23.17  $,24.99  $,5,10,Yes,Limit - Maximum Data 5GB
  Zambia,DRSPSKE81ILM,Zambia 5GB - 15 Days,24.44  $,24.99  $,5,15,Yes,Limit - Maximum Data 5GB
  Zambia,ALCVRTAQAU6D,Zambia 5GB - 30 Days,25.49  $,27.99  $,5,30,Yes,Limit - Maximum Data 5GB
  Zambia,VBBO2NFTYQ6Q,Zambia 5GB - 5 Days,20.85  $,23.99  $,5,5,Yes,Limit - Maximum Data 5GB