Handle,Title,Body (HTML),Vendor,Product Category,Type,Tags,Published,Option1 Name,Option1 Value,Option1 Linked To,Option2 Name,Option2 Value,Option2 Linked To,Option3 Name,Option3 Value,Option3 Linked To,Variant SKU,Variant Grams,Variant Inventory Tracker,Variant Inventory Qty,Variant Inventory Policy,Variant Fulfillment Service,Variant Price,Variant Compare At Price,Variant Requires Shipping,Variant Taxable,Unit Price Total Measure,Unit Price Total Measure Unit,Unit Price Base Measure,Unit Price Base Measure Unit,Variant Barcode,Image Src,Image Position,Image Alt Text,Gift Card,SEO Title,SEO Description,Variant Image,Variant Weight Unit,Variant Tax Code,Cost per item,Status
zambia,Zambia,"<p>Travel eSIM data plan for Zambia.</p>
<p>Si vous possédez déjà une eSIM de chez nous, cet achat sera ajouté à votre eSIM existante sous forme de recharge. S’il s’agit de votre premier achat, nous vous enverrons votre code QR par courriel après la confirmation de votre paiement.</p>",Quebec eSIM,,eSIM,"eSIM, Telna, Zambia",false,Plan,1GB / 5 Days,,,,,,,,TELNA-ZAMBIA-1GB-5D,0.0,,0,deny,manual,4.99,,false,false,,,,,,,,,false,,,,kg,,,active
zambia,,,,,,,,,1GB / 10 Days,,,,,,,,TELNA-ZAMBIA-1GB-10D,0.0,,0,deny,manual,5.99,,false,false,,,,,,,,,,,,,kg,,,
zambia,,,,,,,,,1GB / 15 Days,,,,,,,,TELNA-ZAMBIA-1GB-15D,0.0,,0,deny,manual,6.99,,false,false,,,,,,,,,,,,,kg,,,
zambia,,,,,,,,,1GB / 30 Days,,,,,,,,TELNA-ZAMBIA-1GB-30D,0.0,,0,deny,manual,8.99,,false,false,,,,,,,,,,,,,kg,,,
zambia,,,,,,,,,3GB / 5 Days,,,,,,,,TELNA-ZAMBIA-3GB-5D,0.0,,0,deny,manual,13.99,,false,false,,,,,,,,,,,,,kg,,,
zambia,,,,,,,,,3GB / 10 Days,,,,,,,,TELNA-ZAMBIA-3GB-10D,0.0,,0,deny,manual,14.99,,false,false,,,,,,,,,,,,,kg,,,
zambia,,,,,,,,,3GB / 15 Days,,,,,,,,TELNA-ZAMBIA-3GB-15D,0.0,,0,deny,manual,14.99,,false,false,,,,,,,,,,,,,kg,,,
zambia,,,,,,,,,3GB / 30 Days,,,,,,,,TELNA-ZAMBIA-3GB-30D,0.0,,0,deny,manual,17.99,,false,false,,,,,,,,,,,,,kg,,,
zambia,,,,,,,,,5GB / 5 Days,,,,,,,,TELNA-ZAMBIA-5GB-5D,0.0,,0,deny,manual,23.99,,false,false,,,,,,,,,,,,,kg,,,
zambia,,,,,,,,,5GB / 10 Days,,,,,,,,TELNA-ZAMBIA-5GB-10D,0.0,,0,deny,manual,24.99,,false,false,,,,,,,,,,,,,kg,,,
zambia,,,,,,,,,5GB / 15 Days,,,,,,,,TELNA-ZAMBIA-5GB-15D,0.0,,0,deny,manual,24.99,,false,false,,,,,,,,,,,,,kg,,,
zambia,,,,,,,,,5GB / 30 Days,,,,,,,,TELNA-ZAMBIA-5GB-30D,0.0,,0,deny,manual,27.99,,false,false,,,,,,,,,,,,,kg,,,
zambia,,,,,,,,,10GB / 5 Days,,,,,,,,TELNA-ZAMBIA-10GB-5D,0.0,,0,deny,manual,40.99,,false,false,,,,,,,,,,,,,kg,,,
zambia,,,,,,,,,10GB / 10 Days,,,,,,,,TELNA-ZAMBIA-10GB-10D,0.0,,0,deny,manual,41.99,,false,false,,,,,,,,,,,,,kg,,,
zambia,,,,,,,,,10GB / 15 Days,,,,,,,,TELNA-ZAMBIA-10GB-15D,0.0,,0,deny,manual,42.99,,false,false,,,,,,,,,,,,,kg,,,
zambia,,,,,,,,,10GB / 30 Days,,,,,,,,TELNA-ZAMBIA-10GB-30D,0.0,,0,deny,manual,46.99,,false,false,,,,,,,,,,,,,kg,,,
zambia,,,,,,,,,20GB / 5 Days,,,,,,,,TELNA-ZAMBIA-20GB-5D,0.0,,0,deny,manual,60.99,,false,false,,,,,,,,,,,,,kg,,,
zambia,,,,,,,,,20GB / 10 Days,,,,,,,,TELNA-ZAMBIA-20GB-10D,0.0,,0,deny,manual,61.99,,false,false,,,,,,,,,,,,,kg,,,
zambia,,,,,,,,,20GB / 15 Days,,,,,,,,TELNA-ZAMBIA-20GB-15D,0.0,,0,deny,manual,62.99,,false,false,,,,,,,,,,,,,kg,,,
zambia,,,,,,,,,20GB / 30 Days,,,,,,,,TELNA-ZAMBIA-20GB-30D,0.0,,0,deny,manual,66.99,,false,false,,,,,,,,,,,,,kg,,,
vietnam,Vietnam,"<p>Travel eSIM data plan for Vietnam.</p>
<p>Si vous possédez déjà une eSIM de chez nous, cet achat sera ajouté à votre eSIM existante sous forme de recharge. S’il s’agit de votre premier achat, nous vous enverrons votre code QR par courriel après la confirmation de votre paiement.</p>",Quebec eSIM,,eSIM,"eSIM, Telna, Vietnam",false,Plan,1GB / 5 Days,,,,,,,,TELNA-VIETNAM-1GB-5D,0.0,,0,deny,manual,4.99,,false,false,,,,,,,,,false,,,,kg,,,active
vietnam,,,,,,,,,1GB / 10 Days,,,,,,,,TELNA-VIETNAM-1GB-10D,0.0,,0,deny,manual,5.99,,false,false,,,,,,,,,,,,,kg,,,
vietnam,,,,,,,,,1GB / 15 Days,,,,,,,,TELNA-VIETNAM-1GB-15D,0.0,,0,deny,manual,6.99,,false,false,,,,,,,,,,,,,kg,,,
vietnam,,,,,,,,,1GB / 30 Days,,,,,,,,TELNA-VIETNAM-1GB-30D,0.0,,0,deny,manual,8.99,,false,false,,,,,,,,,,,,,kg,,,
vietnam,,,,,,,,,3GB / 5 Days,,,,,,,,TELNA-VIETNAM-3GB-5D,0.0,,0,deny,manual,8.99,,false,false,,,,,,,,,,,,,kg,,,
vietnam,,,,,,,,,3GB / 10 Days,,,,,,,,TELNA-VIETNAM-3GB-10D,0.0,,0,deny,manual,9.99,,false,false,,,,,,,,,,,,,kg,,,
vietnam,,,,,,,,,3GB / 15 Days,,,,,,,,TELNA-VIETNAM-3GB-15D,0.0,,0,deny,manual,9.99,,false,false,,,,,,,,,,,,,kg,,,
vietnam,,,,,,,,,3GB / 30 Days,,,,,,,,TELNA-VIETNAM-3GB-30D,0.0,,0,deny,manual,12.99,,false,false,,,,,,,,,,,,,kg,,,
vietnam,,,,,,,,,5GB / 5 Days,,,,,,,,TELNA-VIETNAM-5GB-5D,0.0,,0,deny,manual,11.99,,false,false,,,,,,,,,,,,,kg,,,
vietnam,,,,,,,,,5GB / 10 Days,,,,,,,,TELNA-VIETNAM-5GB-10D,0.0,,0,deny,manual,12.99,,false,false,,,,,,,,,,,,,kg,,,
vietnam,,,,,,,,,5GB / 15 Days,,,,,,,,TELNA-VIETNAM-5GB-15D,0.0,,0,deny,manual,13.99,,false,false,,,,,,,,,,,,,kg,,,
vietnam,,,,,,,,,5GB / 30 Days,,,,,,,,TELNA-VIETNAM-5GB-30D,0.0,,0,deny,manual,15.99,,false,false,,,,,,,,,,,,,kg,,,
vietnam,,,,,,,,,10GB / 5 Days,,,,,,,,TELNA-VIETNAM-10GB-5D,0.0,,0,deny,manual,21.99,,false,false,,,,,,,,,,,,,kg,,,
vietnam,,,,,,,,,10GB / 10 Days,,,,,,,,TELNA-VIETNAM-10GB-10D,0.0,,0,deny,manual,22.99,,false,false,,,,,,,,,,,,,kg,,,
vietnam,,,,,,,,,10GB / 15 Days,,,,,,,,TELNA-VIETNAM-10GB-15D,0.0,,0,deny,manual,23.99,,false,false,,,,,,,,,,,,,kg,,,
vietnam,,,,,,,,,10GB / 30 Days,,,,,,,,TELNA-VIETNAM-10GB-30D,0.0,,0,deny,manual,25.99,,false,false,,,,,,,,,,,,,kg,,,
vietnam,,,,,,,,,20GB / 5 Days,,,,,,,,TELNA-VIETNAM-20GB-5D,0.0,,0,deny,manual,40.99,,false,false,,,,,,,,,,,,,kg,,,
vietnam,,,,,,,,,20GB / 10 Days,,,,,,,,TELNA-VIETNAM-20GB-10D,0.0,,0,deny,manual,41.99,,false,false,,,,,,,,,,,,,kg,,,
vietnam,,,,,,,,,20GB / 15 Days,,,,,,,,TELNA-VIETNAM-20GB-15D,0.0,,0,deny,manual,42.99,,false,false,,,,,,,,,,,,,kg,,,
vietnam,,,,,,,,,20GB / 30 Days,,,,,,,,TELNA-VIETNAM-20GB-30D,0.0,,0,deny,manual,46.99,,false,false,,,,,,,,,,,,,kg,,,
vietnam,,,,,,,,,Unlimited / 5 Days,,,,,,,,TELNA-VIETNAM-UNLIMITED-5D,0.0,,0,deny,manual,17.99,,false,false,,,,,,,,,,,,,kg,,,
vietnam,,,,,,,,,Unlimited / 10 Days,,,,,,,,TELNA-VIETNAM-UNLIMITED-10D,0.0,,0,deny,manual,24.99,,false,false,,,,,,,,,,,,,kg,,,
vietnam,,,,,,,,,Unlimited / 15 Days,,,,,,,,TELNA-VIETNAM-UNLIMITED-15D,0.0,,0,deny,manual,44.99,,false,false,,,,,,,,,,,,,kg,,,
vietnam,,,,,,,,,Unlimited / 30 Days,,,,,,,,TELNA-VIETNAM-UNLIMITED-30D,0.0,,0,deny,manual,59.99,,false,false,,,,,,,,,,,,,kg,,,
venezuela,Venezuela,"<p>Travel eSIM data plan for Venezuela.</p>
<p>Si vous possédez déjà une eSIM de chez nous, cet achat sera ajouté à votre eSIM existante sous forme de recharge. S’il s’agit de votre premier achat, nous vous enverrons votre code QR par courriel après la confirmation de votre paiement.</p>",Quebec eSIM,,eSIM,"eSIM, Telna, Venezuela",false,Plan,1GB / 5 Days,,,,,,,,TELNA-VENEZUELA-1GB-5D,0.0,,0,deny,manual,4.99,,false,false,,,,,,,,,false,,,,kg,,,active
venezuela,,,,,,,,,1GB / 10 Days,,,,,,,,TELNA-VENEZUELA-1GB-10D,0.0,,0,deny,manual,5.99,,false,false,,,,,,,,,,,,,kg,,,
venezuela,,,,,,,,,1GB / 15 Days,,,,,,,,TELNA-VENEZUELA-1GB-15D,0.0,,0,deny,manual,6.99,,false,false,,,,,,,,,,,,,kg,,,
venezuela,,,,,,,,,1GB / 30 Days,,,,,,,,TELNA-VENEZUELA-1GB-30D,0.0,,0,deny,manual,8.99,,false,false,,,,,,,,,,,,,kg,,,
venezuela,,,,,,,,,3GB / 5 Days,,,,,,,,TELNA-VENEZUELA-3GB-5D,0.0,,0,deny,manual,8.99,,false,false,,,,,,,,,,,,,kg,,,
venezuela,,,,,,,,,3GB / 10 Days,,,,,,,,TELNA-VENEZUELA-3GB-10D,0.0,,0,deny,manual,9.99,,false,false,,,,,,,,,,,,,kg,,,
venezuela,,,,,,,,,3GB / 15 Days,,,,,,,,TELNA-VENEZUELA-3GB-15D,0.0,,0,deny,manual,9.99,,false,false,,,,,,,,,,,,,kg,,,
venezuela,,,,,,,,,3GB / 30 Days,,,,,,,,TELNA-VENEZUELA-3GB-30D,0.0,,0,deny,manual,12.99,,false,false,,,,,,,,,,,,,kg,,,
venezuela,,,,,,,,,5GB / 5 Days,,,,,,,,TELNA-VENEZUELA-5GB-5D,0.0,,0,deny,manual,11.99,,false,false,,,,,,,,,,,,,kg,,,
venezuela,,,,,,,,,5GB / 10 Days,,,,,,,,TELNA-VENEZUELA-5GB-10D,0.0,,0,deny,manual,12.99,,false,false,,,,,,,,,,,,,kg,,,
venezuela,,,,,,,,,5GB / 15 Days,,,,,,,,TELNA-VENEZUELA-5GB-15D,0.0,,0,deny,manual,13.99,,false,false,,,,,,,,,,,,,kg,,,
venezuela,,,,,,,,,5GB / 30 Days,,,,,,,,TELNA-VENEZUELA-5GB-30D,0.0,,0,deny,manual,15.99,,false,false,,,,,,,,,,,,,kg,,,
venezuela,,,,,,,,,10GB / 5 Days,,,,,,,,TELNA-VENEZUELA-10GB-5D,0.0,,0,deny,manual,21.99,,false,false,,,,,,,,,,,,,kg,,,
venezuela,,,,,,,,,10GB / 10 Days,,,,,,,,TELNA-VENEZUELA-10GB-10D,0.0,,0,deny,manual,22.99,,false,false,,,,,,,,,,,,,kg,,,
venezuela,,,,,,,,,10GB / 15 Days,,,,,,,,TELNA-VENEZUELA-10GB-15D,0.0,,0,deny,manual,23.99,,false,false,,,,,,,,,,,,,kg,,,
venezuela,,,,,,,,,10GB / 30 Days,,,,,,,,TELNA-VENEZUELA-10GB-30D,0.0,,0,deny,manual,25.99,,false,false,,,,,,,,,,,,,kg,,,
venezuela,,,,,,,,,20GB / 5 Days,,,,,,,,TELNA-VENEZUELA-20GB-5D,0.0,,0,deny,manual,40.99,,false,false,,,,,,,,,,,,,kg,,,
venezuela,,,,,,,,,20GB / 10 Days,,,,,,,,TELNA-VENEZUELA-20GB-10D,0.0,,0,deny,manual,41.99,,false,false,,,,,,,,,,,,,kg,,,
venezuela,,,,,,,,,20GB / 15 Days,,,,,,,,TELNA-VENEZUELA-20GB-15D,0.0,,0,deny,manual,42.99,,false,false,,,,,,,,,,,,,kg,,,
venezuela,,,,,,,,,20GB / 30 Days,,,,,,,,TELNA-VENEZUELA-20GB-30D,0.0,,0,deny,manual,46.99,,false,false,,,,,,,,,,,,,kg,,,
venezuela,,,,,,,,,Unlimited / 5 Days,,,,,,,,TELNA-VENEZUELA-UNLIMITED-5D,0.0,,0,deny,manual,24.99,,false,false,,,,,,,,,,,,,kg,,,
venezuela,,,,,,,,,Unlimited / 10 Days,,,,,,,,TELNA-VENEZUELA-UNLIMITED-10D,0.0,,0,deny,manual,39.99,,false,false,,,,,,,,,,,,,kg,,,
venezuela,,,,,,,,,Unlimited / 15 Days,,,,,,,,TELNA-VENEZUELA-UNLIMITED-15D,0.0,,0,deny,manual,59.99,,false,false,,,,,,,,,,,,,kg,,,
venezuela,,,,,,,,,Unlimited / 30 Days,,,,,,,,TELNA-VENEZUELA-UNLIMITED-30D,0.0,,0,deny,manual,89.99,,false,false,,,,,,,,,,,,,kg,,,
vanuatu,Vanuatu,"<p>Travel eSIM data plan for Vanuatu.</p>
<p>Si vous possédez déjà une eSIM de chez nous, cet achat sera ajouté à votre eSIM existante sous forme de recharge. S’il s’agit de votre premier achat, nous vous enverrons votre code QR par courriel après la confirmation de votre paiement.</p>",Quebec eSIM,,eSIM,"eSIM, Telna, Vanuatu",false,Plan,1GB / 5 Days,,,,,,,,TELNA-VANUATU-1GB-5D,0.0,,0,deny,manual,9.99,,false,false,,,,,,,,,false,,,,kg,,,active
vanuatu,,,,,,,,,1GB / 10 Days,,,,,,,,TELNA-VANUATU-1GB-10D,0.0,,0,deny,manual,10.99,,false,false,,,,,,,,,,,,,kg,,,
vanuatu,,,,,,,,,1GB / 15 Days,,,,,,,,TELNA-VANUATU-1GB-15D,0.0,,0,deny,manual,11.99,,false,false,,,,,,,,,,,,,kg,,,
vanuatu,,,,,,,,,1GB / 30 Days,,,,,,,,TELNA-VANUATU-1GB-30D,0.0,,0,deny,manual,13.99,,false,false,,,,,,,,,,,,,kg,,,
vanuatu,,,,,,,,,3GB / 5 Days,,,,,,,,TELNA-VANUATU-3GB-5D,0.0,,0,deny,manual,28.99,,false,false,,,,,,,,,,,,,kg,,,
vanuatu,,,,,,,,,3GB / 10 Days,,,,,,,,TELNA-VANUATU-3GB-10D,0.0,,0,deny,manual,29.99,,false,false,,,,,,,,,,,,,kg,,,
vanuatu,,,,,,,,,3GB / 15 Days,,,,,,,,TELNA-VANUATU-3GB-15D,0.0,,0,deny,manual,29.99,,false,false,,,,,,,,,,,,,kg,,,
vanuatu,,,,,,,,,3GB / 30 Days,,,,,,,,TELNA-VANUATU-3GB-30D,0.0,,0,deny,manual,32.99,,false,false,,,,,,,,,,,,,kg,,,
vanuatu,,,,,,,,,5GB / 5 Days,,,,,,,,TELNA-VANUATU-5GB-5D,0.0,,0,deny,manual,48.99,,false,false,,,,,,,,,,,,,kg,,,
vanuatu,,,,,,,,,5GB / 10 Days,,,,,,,,TELNA-VANUATU-5GB-10D,0.0,,0,deny,manual,49.99,,false,false,,,,,,,,,,,,,kg,,,
vanuatu,,,,,,,,,5GB / 15 Days,,,,,,,,TELNA-VANUATU-5GB-15D,0.0,,0,deny,manual,49.99,,false,false,,,,,,,,,,,,,kg,,,
vanuatu,,,,,,,,,5GB / 30 Days,,,,,,,,TELNA-VANUATU-5GB-30D,0.0,,0,deny,manual,54.99,,false,false,,,,,,,,,,,,,kg,,,
uzbekistan,Uzbekistan,"<p>Travel eSIM data plan for Uzbekistan.</p>
<p>Si vous possédez déjà une eSIM de chez nous, cet achat sera ajouté à votre eSIM existante sous forme de recharge. S’il s’agit de votre premier achat, nous vous enverrons votre code QR par courriel après la confirmation de votre paiement.</p>",Quebec eSIM,,eSIM,"eSIM, Telna, Uzbekistan",false,Plan,1GB / 5 Days,,,,,,,,TELNA-UZBEKISTAN-1GB-5D,0.0,,0,deny,manual,3.99,,false,false,,,,,,,,,false,,,,kg,,,active
uzbekistan,,,,,,,,,1GB / 10 Days,,,,,,,,TELNA-UZBEKISTAN-1GB-10D,0.0,,0,deny,manual,4.99,,false,false,,,,,,,,,,,,,kg,,,
uzbekistan,,,,,,,,,1GB / 15 Days,,,,,,,,TELNA-UZBEKISTAN-1GB-15D,0.0,,0,deny,manual,4.99,,false,false,,,,,,,,,,,,,kg,,,
uzbekistan,,,,,,,,,1GB / 30 Days,,,,,,,,TELNA-UZBEKISTAN-1GB-30D,0.0,,0,deny,manual,7.99,,false,false,,,,,,,,,,,,,kg,,,
uzbekistan,,,,,,,,,3GB / 5 Days,,,,,,,,TELNA-UZBEKISTAN-3GB-5D,0.0,,0,deny,manual,4.99,,false,false,,,,,,,,,,,,,kg,,,
uzbekistan,,,,,,,,,3GB / 10 Days,,,,,,,,TELNA-UZBEKISTAN-3GB-10D,0.0,,0,deny,manual,5.99,,false,false,,,,,,,,,,,,,kg,,,
uzbekistan,,,,,,,,,3GB / 15 Days,,,,,,,,TELNA-UZBEKISTAN-3GB-15D,0.0,,0,deny,manual,6.99,,false,false,,,,,,,,,,,,,kg,,,
uzbekistan,,,,,,,,,3GB / 30 Days,,,,,,,,TELNA-UZBEKISTAN-3GB-30D,0.0,,0,deny,manual,8.99,,false,false,,,,,,,,,,,,,kg,,,
uzbekistan,,,,,,,,,5GB / 5 Days,,,,,,,,TELNA-UZBEKISTAN-5GB-5D,0.0,,0,deny,manual,7.99,,false,false,,,,,,,,,,,,,kg,,,
uzbekistan,,,,,,,,,5GB / 10 Days,,,,,,,,TELNA-UZBEKISTAN-5GB-10D,0.0,,0,deny,manual,8.99,,false,false,,,,,,,,,,,,,kg,,,
uzbekistan,,,,,,,,,5GB / 15 Days,,,,,,,,TELNA-UZBEKISTAN-5GB-15D,0.0,,0,deny,manual,9.99,,false,false,,,,,,,,,,,,,kg,,,
uzbekistan,,,,,,,,,5GB / 30 Days,,,,,,,,TELNA-UZBEKISTAN-5GB-30D,0.0,,0,deny,manual,11.99,,false,false,,,,,,,,,,,,,kg,,,
uzbekistan,,,,,,,,,10GB / 5 Days,,,,,,,,TELNA-UZBEKISTAN-10GB-5D,0.0,,0,deny,manual,14.99,,false,false,,,,,,,,,,,,,kg,,,
uzbekistan,,,,,,,,,10GB / 10 Days,,,,,,,,TELNA-UZBEKISTAN-10GB-10D,0.0,,0,deny,manual,15.99,,false,false,,,,,,,,,,,,,kg,,,
uzbekistan,,,,,,,,,10GB / 15 Days,,,,,,,,TELNA-UZBEKISTAN-10GB-15D,0.0,,0,deny,manual,16.99,,false,false,,,,,,,,,,,,,kg,,,
uzbekistan,,,,,,,,,10GB / 30 Days,,,,,,,,TELNA-UZBEKISTAN-10GB-30D,0.0,,0,deny,manual,18.99,,false,false,,,,,,,,,,,,,kg,,,
uzbekistan,,,,,,,,,20GB / 5 Days,,,,,,,,TELNA-UZBEKISTAN-20GB-5D,0.0,,0,deny,manual,24.99,,false,false,,,,,,,,,,,,,kg,,,
uzbekistan,,,,,,,,,20GB / 10 Days,,,,,,,,TELNA-UZBEKISTAN-20GB-10D,0.0,,0,deny,manual,25.99,,false,false,,,,,,,,,,,,,kg,,,
uzbekistan,,,,,,,,,20GB / 15 Days,,,,,,,,TELNA-UZBEKISTAN-20GB-15D,0.0,,0,deny,manual,26.99,,false,false,,,,,,,,,,,,,kg,,,
uzbekistan,,,,,,,,,20GB / 30 Days,,,,,,,,TELNA-UZBEKISTAN-20GB-30D,0.0,,0,deny,manual,28.99,,false,false,,,,,,,,,,,,,kg,,,
uzbekistan,,,,,,,,,40GB / 5 Days,,,,,,,,TELNA-UZBEKISTAN-40GB-5D,0.0,,0,deny,manual,31.99,,false,false,,,,,,,,,,,,,kg,,,
uzbekistan,,,,,,,,,40GB / 10 Days,,,,,,,,TELNA-UZBEKISTAN-40GB-10D,0.0,,0,deny,manual,32.99,,false,false,,,,,,,,,,,,,kg,,,
uzbekistan,,,,,,,,,40GB / 15 Days,,,,,,,,TELNA-UZBEKISTAN-40GB-15D,0.0,,0,deny,manual,33.99,,false,false,,,,,,,,,,,,,kg,,,
uzbekistan,,,,,,,,,40GB / 30 Days,,,,,,,,TELNA-UZBEKISTAN-40GB-30D,0.0,,0,deny,manual,34.99,,false,false,,,,,,,,,,,,,kg,,,
uzbekistan,,,,,,,,,Unlimited / 5 Days,,,,,,,,TELNA-UZBEKISTAN-UNLIMITED-5D,0.0,,0,deny,manual,14.99,,false,false,,,,,,,,,,,,,kg,,,
uzbekistan,,,,,,,,,Unlimited / 10 Days,,,,,,,,TELNA-UZBEKISTAN-UNLIMITED-10D,0.0,,0,deny,manual,24.99,,false,false,,,,,,,,,,,,,kg,,,
uzbekistan,,,,,,,,,Unlimited / 15 Days,,,,,,,,TELNA-UZBEKISTAN-UNLIMITED-15D,0.0,,0,deny,manual,39.99,,false,false,,,,,,,,,,,,,kg,,,
uzbekistan,,,,,,,,,Unlimited / 30 Days,,,,,,,,TELNA-UZBEKISTAN-UNLIMITED-30D,0.0,,0,deny,manual,59.99,,false,false,,,,,,,,,,,,,kg,,,
usa,USA,"<p>Travel eSIM data plan for USA.</p>
<p>Si vous possédez déjà une eSIM de chez nous, cet achat sera ajouté à votre eSIM existante sous forme de recharge. S’il s’agit de votre premier achat, nous vous enverrons votre code QR par courriel après la confirmation de votre paiement.</p>",Quebec eSIM,,eSIM,"eSIM, Telna, USA",false,Plan,1GB / 5 Days,,,,,,,,TELNA-USA-1GB-5D,0.0,,0,deny,manual,3.99,,false,false,,,,,,,,,false,,,,kg,,,active
usa,,,,,,,,,1GB / 10 Days,,,,,,,,TELNA-USA-1GB-10D,0.0,,0,deny,manual,4.99,,false,false,,,,,,,,,,,,,kg,,,
usa,,,,,,,,,1GB / 15 Days,,,,,,,,TELNA-USA-1GB-15D,0.0,,0,deny,manual,4.99,,false,false,,,,,,,,,,,,,kg,,,
usa,,,,,,,,,1GB / 30 Days,,,,,,,,TELNA-USA-1GB-30D,0.0,,0,deny,manual,7.99,,false,false,,,,,,,,,,,,,kg,,,
usa,,,,,,,,,3GB / 5 Days,,,,,,,,TELNA-USA-3GB-5D,0.0,,0,deny,manual,7.99,,false,false,,,,,,,,,,,,,kg,,,
usa,,,,,,,,,3GB / 10 Days,,,,,,,,TELNA-USA-3GB-10D,0.0,,0,deny,manual,8.99,,false,false,,,,,,,,,,,,,kg,,,
usa,,,,,,,,,3GB / 15 Days,,,,,,,,TELNA-USA-3GB-15D,0.0,,0,deny,manual,9.99,,false,false,,,,,,,,,,,,,kg,,,
usa,,,,,,,,,3GB / 30 Days,,,,,,,,TELNA-USA-3GB-30D,0.0,,0,deny,manual,10.99,,false,false,,,,,,,,,,,,,kg,,,
usa,,,,,,,,,5GB / 5 Days,,,,,,,,TELNA-USA-5GB-5D,0.0,,0,deny,manual,5.99,,false,false,,,,,,,,,,,,,kg,,,
usa,,,,,,,,,5GB / 10 Days,,,,,,,,TELNA-USA-5GB-10D,0.0,,0,deny,manual,6.99,,false,false,,,,,,,,,,,,,kg,,,
usa,,,,,,,,,5GB / 15 Days,,,,,,,,TELNA-USA-5GB-15D,0.0,,0,deny,manual,7.99,,false,false,,,,,,,,,,,,,kg,,,
usa,,,,,,,,,5GB / 30 Days,,,,,,,,TELNA-USA-5GB-30D,0.0,,0,deny,manual,9.99,,false,false,,,,,,,,,,,,,kg,,,
usa,,,,,,,,,10GB / 5 Days,,,,,,,,TELNA-USA-10GB-5D,0.0,,0,deny,manual,11.99,,false,false,,,,,,,,,,,,,kg,,,
usa,,,,,,,,,10GB / 10 Days,,,,,,,,TELNA-USA-10GB-10D,0.0,,0,deny,manual,12.99,,false,false,,,,,,,,,,,,,kg,,,
usa,,,,,,,,,10GB / 15 Days,,,,,,,,TELNA-USA-10GB-15D,0.0,,0,deny,manual,13.99,,false,false,,,,,,,,,,,,,kg,,,
usa,,,,,,,,,10GB / 30 Days,,,,,,,,TELNA-USA-10GB-30D,0.0,,0,deny,manual,15.99,,false,false,,,,,,,,,,,,,kg,,,
usa,,,,,,,,,20GB / 5 Days,,,,,,,,TELNA-USA-20GB-5D,0.0,,0,deny,manual,20.99,,false,false,,,,,,,,,,,,,kg,,,
usa,,,,,,,,,20GB / 10 Days,,,,,,,,TELNA-USA-20GB-10D,0.0,,0,deny,manual,21.99,,false,false,,,,,,,,,,,,,kg,,,
usa,,,,,,,,,20GB / 15 Days,,,,,,,,TELNA-USA-20GB-15D,0.0,,0,deny,manual,22.99,,false,false,,,,,,,,,,,,,kg,,,
usa,,,,,,,,,20GB / 30 Days,,,,,,,,TELNA-USA-20GB-30D,0.0,,0,deny,manual,24.99,,false,false,,,,,,,,,,,,,kg,,,
usa,,,,,,,,,Unlimited / 5 Days,,,,,,,,TELNA-USA-UNLIMITED-5D,0.0,,0,deny,manual,17.99,,false,false,,,,,,,,,,,,,kg,,,
usa,,,,,,,,,Unlimited / 10 Days,,,,,,,,TELNA-USA-UNLIMITED-10D,0.0,,0,deny,manual,24.99,,false,false,,,,,,,,,,,,,kg,,,
usa,,,,,,,,,Unlimited / 15 Days,,,,,,,,TELNA-USA-UNLIMITED-15D,0.0,,0,deny,manual,44.99,,false,false,,,,,,,,,,,,,kg,,,
usa,,,,,,,,,Unlimited / 30 Days,,,,,,,,TELNA-USA-UNLIMITED-30D,0.0,,0,deny,manual,59.99,,false,false,,,,,,,,,,,,,kg,,,
uruguay,Uruguay,"<p>Travel eSIM data plan for Uruguay.</p>
<p>Si vous possédez déjà une eSIM de chez nous, cet achat sera ajouté à votre eSIM existante sous forme de recharge. S’il s’agit de votre premier achat, nous vous enverrons votre code QR par courriel après la confirmation de votre paiement.</p>",Quebec eSIM,,eSIM,"eSIM, Telna, Uruguay",false,Plan,1GB / 5 Days,,,,,,,,TELNA-URUGUAY-1GB-5D,0.0,,0,deny,manual,4.99,,false,false,,,,,,,,,false,,,,kg,,,active
uruguay,,,,,,,,,1GB / 10 Days,,,,,,,,TELNA-URUGUAY-1GB-10D,0.0,,0,deny,manual,5.99,,false,false,,,,,,,,,,,,,kg,,,
uruguay,,,,,,,,,1GB / 15 Days,,,,,,,,TELNA-URUGUAY-1GB-15D,0.0,,0,deny,manual,6.99,,false,false,,,,,,,,,,,,,kg,,,
uruguay,,,,,,,,,1GB / 30 Days,,,,,,,,TELNA-URUGUAY-1GB-30D,0.0,,0,deny,manual,8.99,,false,false,,,,,,,,,,,,,kg,,,
uruguay,,,,,,,,,3GB / 5 Days,,,,,,,,TELNA-URUGUAY-3GB-5D,0.0,,0,deny,manual,8.99,,false,false,,,,,,,,,,,,,kg,,,
uruguay,,,,,,,,,3GB / 10 Days,,,,,,,,TELNA-URUGUAY-3GB-10D,0.0,,0,deny,manual,9.99,,false,false,,,,,,,,,,,,,kg,,,
uruguay,,,,,,,,,3GB / 15 Days,,,,,,,,TELNA-URUGUAY-3GB-15D,0.0,,0,deny,manual,9.99,,false,false,,,,,,,,,,,,,kg,,,
uruguay,,,,,,,,,3GB / 30 Days,,,,,,,,TELNA-URUGUAY-3GB-30D,0.0,,0,deny,manual,12.99,,false,false,,,,,,,,,,,,,kg,,,
uruguay,,,,,,,,,5GB / 5 Days,,,,,,,,TELNA-URUGUAY-5GB-5D,0.0,,0,deny,manual,11.99,,false,false,,,,,,,,,,,,,kg,,,
uruguay,,,,,,,,,5GB / 10 Days,,,,,,,,TELNA-URUGUAY-5GB-10D,0.0,,0,deny,manual,12.99,,false,false,,,,,,,,,,,,,kg,,,
uruguay,,,,,,,,,5GB / 15 Days,,,,,,,,TELNA-URUGUAY-5GB-15D,0.0,,0,deny,manual,13.99,,false,false,,,,,,,,,,,,,kg,,,
uruguay,,,,,,,,,5GB / 30 Days,,,,,,,,TELNA-URUGUAY-5GB-30D,0.0,,0,deny,manual,15.99,,false,false,,,,,,,,,,,,,kg,,,
uruguay,,,,,,,,,10GB / 5 Days,,,,,,,,TELNA-URUGUAY-10GB-5D,0.0,,0,deny,manual,21.99,,false,false,,,,,,,,,,,,,kg,,,
uruguay,,,,,,,,,10GB / 10 Days,,,,,,,,TELNA-URUGUAY-10GB-10D,0.0,,0,deny,manual,22.99,,false,false,,,,,,,,,,,,,kg,,,
uruguay,,,,,,,,,10GB / 15 Days,,,,,,,,TELNA-URUGUAY-10GB-15D,0.0,,0,deny,manual,23.99,,false,false,,,,,,,,,,,,,kg,,,
uruguay,,,,,,,,,10GB / 30 Days,,,,,,,,TELNA-URUGUAY-10GB-30D,0.0,,0,deny,manual,25.99,,false,false,,,,,,,,,,,,,kg,,,
uruguay,,,,,,,,,20GB / 5 Days,,,,,,,,TELNA-URUGUAY-20GB-5D,0.0,,0,deny,manual,40.99,,false,false,,,,,,,,,,,,,kg,,,
uruguay,,,,,,,,,20GB / 10 Days,,,,,,,,TELNA-URUGUAY-20GB-10D,0.0,,0,deny,manual,41.99,,false,false,,,,,,,,,,,,,kg,,,
uruguay,,,,,,,,,20GB / 15 Days,,,,,,,,TELNA-URUGUAY-20GB-15D,0.0,,0,deny,manual,42.99,,false,false,,,,,,,,,,,,,kg,,,
uruguay,,,,,,,,,20GB / 30 Days,,,,,,,,TELNA-URUGUAY-20GB-30D,0.0,,0,deny,manual,46.99,,false,false,,,,,,,,,,,,,kg,,,
uruguay,,,,,,,,,Unlimited / 5 Days,,,,,,,,TELNA-URUGUAY-UNLIMITED-5D,0.0,,0,deny,manual,24.99,,false,false,,,,,,,,,,,,,kg,,,
uruguay,,,,,,,,,Unlimited / 10 Days,,,,,,,,TELNA-URUGUAY-UNLIMITED-10D,0.0,,0,deny,manual,39.99,,false,false,,,,,,,,,,,,,kg,,,
uruguay,,,,,,,,,Unlimited / 15 Days,,,,,,,,TELNA-URUGUAY-UNLIMITED-15D,0.0,,0,deny,manual,59.99,,false,false,,,,,,,,,,,,,kg,,,
uruguay,,,,,,,,,Unlimited / 30 Days,,,,,,,,TELNA-URUGUAY-UNLIMITED-30D,0.0,,0,deny,manual,89.99,,false,false,,,,,,,,,,,,,kg,,,
united-arab-emirates,United Arab Emirates,"<p>Travel eSIM data plan for United Arab Emirates.</p>
<p>Si vous possédez déjà une eSIM de chez nous, cet achat sera ajouté à votre eSIM existante sous forme de recharge. S’il s’agit de votre premier achat, nous vous enverrons votre code QR par courriel après la confirmation de votre paiement.</p>",Quebec eSIM,,eSIM,"eSIM, Telna, United Arab Emirates",false,Plan,1GB / 5 Days,,,,,,,,TELNA-UNITED-ARAB-EMIRATES-1GB-5D,0.0,,0,deny,manual,4.99,,false,false,,,,,,,,,false,,,,kg,,,active
united-arab-emirates,,,,,,,,,1GB / 10 Days,,,,,,,,TELNA-UNITED-ARAB-EMIRATES-1GB-10D,0.0,,0,deny,manual,5.99,,false,false,,,,,,,,,,,,,kg,,,
united-arab-emirates,,,,,,,,,1GB / 15 Days,,,,,,,,TELNA-UNITED-ARAB-EMIRATES-1GB-15D,0.0,,0,deny,manual,6.99,,false,false,,,,,,,,,,,,,kg,,,
united-arab-emirates,,,,,,,,,1GB / 30 Days,,,,,,,,TELNA-UNITED-ARAB-EMIRATES-1GB-30D,0.0,,0,deny,manual,8.99,,false,false,,,,,,,,,,,,,kg,,,
united-arab-emirates,,,,,,,,,3GB / 5 Days,,,,,,,,TELNA-UNITED-ARAB-EMIRATES-3GB-5D,0.0,,0,deny,manual,12.99,,false,false,,,,,,,,,,,,,kg,,,
united-arab-emirates,,,,,,,,,3GB / 10 Days,,,,,,,,TELNA-UNITED-ARAB-EMIRATES-3GB-10D,0.0,,0,deny,manual,13.99,,false,false,,,,,,,,,,,,,kg,,,
united-arab-emirates,,,,,,,,,3GB / 15 Days,,,,,,,,TELNA-UNITED-ARAB-EMIRATES-3GB-15D,0.0,,0,deny,manual,14.99,,false,false,,,,,,,,,,,,,kg,,,
united-arab-emirates,,,,,,,,,3GB / 30 Days,,,,,,,,TELNA-UNITED-ARAB-EMIRATES-3GB-30D,0.0,,0,deny,manual,16.99,,false,false,,,,,,,,,,,,,kg,,,
united-arab-emirates,,,,,,,,,5GB / 5 Days,,,,,,,,TELNA-UNITED-ARAB-EMIRATES-5GB-5D,0.0,,0,deny,manual,18.99,,false,false,,,,,,,,,,,,,kg,,,
united-arab-emirates,,,,,,,,,5GB / 10 Days,,,,,,,,TELNA-UNITED-ARAB-EMIRATES-5GB-10D,0.0,,0,deny,manual,19.99,,false,false,,,,,,,,,,,,,kg,,,
united-arab-emirates,,,,,,,,,5GB / 15 Days,,,,,,,,TELNA-UNITED-ARAB-EMIRATES-5GB-15D,0.0,,0,deny,manual,19.99,,false,false,,,,,,,,,,,,,kg,,,
united-arab-emirates,,,,,,,,,5GB / 30 Days,,,,,,,,TELNA-UNITED-ARAB-EMIRATES-5GB-30D,0.0,,0,deny,manual,22.99,,false,false,,,,,,,,,,,,,kg,,,
united-arab-emirates,,,,,,,,,10GB / 5 Days,,,,,,,,TELNA-UNITED-ARAB-EMIRATES-10GB-5D,0.0,,0,deny,manual,33.99,,false,false,,,,,,,,,,,,,kg,,,
united-arab-emirates,,,,,,,,,10GB / 10 Days,,,,,,,,TELNA-UNITED-ARAB-EMIRATES-10GB-10D,0.0,,0,deny,manual,34.99,,false,false,,,,,,,,,,,,,kg,,,
united-arab-emirates,,,,,,,,,10GB / 15 Days,,,,,,,,TELNA-UNITED-ARAB-EMIRATES-10GB-15D,0.0,,0,deny,manual,34.99,,false,false,,,,,,,,,,,,,kg,,,
united-arab-emirates,,,,,,,,,10GB / 30 Days,,,,,,,,TELNA-UNITED-ARAB-EMIRATES-10GB-30D,0.0,,0,deny,manual,37.99,,false,false,,,,,,,,,,,,,kg,,,
united-arab-emirates,,,,,,,,,20GB / 5 Days,,,,,,,,TELNA-UNITED-ARAB-EMIRATES-20GB-5D,0.0,,0,deny,manual,52.99,,false,false,,,,,,,,,,,,,kg,,,
united-arab-emirates,,,,,,,,,20GB / 10 Days,,,,,,,,TELNA-UNITED-ARAB-EMIRATES-20GB-10D,0.0,,0,deny,manual,53.99,,false,false,,,,,,,,,,,,,kg,,,
united-arab-emirates,,,,,,,,,20GB / 15 Days,,,,,,,,TELNA-UNITED-ARAB-EMIRATES-20GB-15D,0.0,,0,deny,manual,54.99,,false,false,,,,,,,,,,,,,kg,,,
united-arab-emirates,,,,,,,,,20GB / 30 Days,,,,,,,,TELNA-UNITED-ARAB-EMIRATES-20GB-30D,0.0,,0,deny,manual,58.99,,false,false,,,,,,,,,,,,,kg,,,
ukraine,Ukraine,"<p>Travel eSIM data plan for Ukraine.</p>
<p>Si vous possédez déjà une eSIM de chez nous, cet achat sera ajouté à votre eSIM existante sous forme de recharge. S’il s’agit de votre premier achat, nous vous enverrons votre code QR par courriel après la confirmation de votre paiement.</p>",Quebec eSIM,,eSIM,"eSIM, Telna, Ukraine",false,Plan,1GB / 5 Days,,,,,,,,TELNA-UKRAINE-1GB-5D,0.0,,0,deny,manual,2.99,,false,false,,,,,,,,,false,,,,kg,,,active
ukraine,,,,,,,,,1GB / 10 Days,,,,,,,,TELNA-UKRAINE-1GB-10D,0.0,,0,deny,manual,3.99,,false,false,,,,,,,,,,,,,kg,,,
ukraine,,,,,,,,,1GB / 15 Days,,,,,,,,TELNA-UKRAINE-1GB-15D,0.0,,0,deny,manual,4.99,,false,false,,,,,,,,,,,,,kg,,,
ukraine,,,,,,,,,1GB / 30 Days,,,,,,,,TELNA-UKRAINE-1GB-30D,0.0,,0,deny,manual,6.99,,false,false,,,,,,,,,,,,,kg,,,
ukraine,,,,,,,,,3GB / 5 Days,,,,,,,,TELNA-UKRAINE-3GB-5D,0.0,,0,deny,manual,6.99,,false,false,,,,,,,,,,,,,kg,,,
ukraine,,,,,,,,,3GB / 10 Days,,,,,,,,TELNA-UKRAINE-3GB-10D,0.0,,0,deny,manual,6.99,,false,false,,,,,,,,,,,,,kg,,,
ukraine,,,,,,,,,3GB / 15 Days,,,,,,,,TELNA-UKRAINE-3GB-15D,0.0,,0,deny,manual,7.99,,false,false,,,,,,,,,,,,,kg,,,
ukraine,,,,,,,,,3GB / 30 Days,,,,,,,,TELNA-UKRAINE-3GB-30D,0.0,,0,deny,manual,8.99,,false,false,,,,,,,,,,,,,kg,,,
ukraine,,,,,,,,,5GB / 5 Days,,,,,,,,TELNA-UKRAINE-5GB-5D,0.0,,0,deny,manual,4.99,,false,false,,,,,,,,,,,,,kg,,,
ukraine,,,,,,,,,5GB / 10 Days,,,,,,,,TELNA-UKRAINE-5GB-10D,0.0,,0,deny,manual,5.99,,false,false,,,,,,,,,,,,,kg,,,
ukraine,,,,,,,,,5GB / 15 Days,,,,,,,,TELNA-UKRAINE-5GB-15D,0.0,,0,deny,manual,6.99,,false,false,,,,,,,,,,,,,kg,,,
ukraine,,,,,,,,,5GB / 30 Days,,,,,,,,TELNA-UKRAINE-5GB-30D,0.0,,0,deny,manual,8.99,,false,false,,,,,,,,,,,,,kg,,,
ukraine,,,,,,,,,10GB / 5 Days,,,,,,,,TELNA-UKRAINE-10GB-5D,0.0,,0,deny,manual,8.99,,false,false,,,,,,,,,,,,,kg,,,
ukraine,,,,,,,,,10GB / 10 Days,,,,,,,,TELNA-UKRAINE-10GB-10D,0.0,,0,deny,manual,9.99,,false,false,,,,,,,,,,,,,kg,,,
ukraine,,,,,,,,,10GB / 15 Days,,,,,,,,TELNA-UKRAINE-10GB-15D,0.0,,0,deny,manual,9.99,,false,false,,,,,,,,,,,,,kg,,,
ukraine,,,,,,,,,10GB / 30 Days,,,,,,,,TELNA-UKRAINE-10GB-30D,0.0,,0,deny,manual,12.99,,false,false,,,,,,,,,,,,,kg,,,
ukraine,,,,,,,,,20GB / 5 Days,,,,,,,,TELNA-UKRAINE-20GB-5D,0.0,,0,deny,manual,17.99,,false,false,,,,,,,,,,,,,kg,,,
ukraine,,,,,,,,,20GB / 10 Days,,,,,,,,TELNA-UKRAINE-20GB-10D,0.0,,0,deny,manual,18.99,,false,false,,,,,,,,,,,,,kg,,,
ukraine,,,,,,,,,20GB / 15 Days,,,,,,,,TELNA-UKRAINE-20GB-15D,0.0,,0,deny,manual,19.99,,false,false,,,,,,,,,,,,,kg,,,
ukraine,,,,,,,,,20GB / 30 Days,,,,,,,,TELNA-UKRAINE-20GB-30D,0.0,,0,deny,manual,21.99,,false,false,,,,,,,,,,,,,kg,,,
ukraine,,,,,,,,,Unlimited / 5 Days,,,,,,,,TELNA-UKRAINE-UNLIMITED-5D,0.0,,0,deny,manual,14.99,,false,false,,,,,,,,,,,,,kg,,,
ukraine,,,,,,,,,Unlimited / 10 Days,,,,,,,,TELNA-UKRAINE-UNLIMITED-10D,0.0,,0,deny,manual,19.99,,false,false,,,,,,,,,,,,,kg,,,
ukraine,,,,,,,,,Unlimited / 15 Days,,,,,,,,TELNA-UKRAINE-UNLIMITED-15D,0.0,,0,deny,manual,29.99,,false,false,,,,,,,,,,,,,kg,,,
ukraine,,,,,,,,,Unlimited / 30 Days,,,,,,,,TELNA-UKRAINE-UNLIMITED-30D,0.0,,0,deny,manual,39.99,,false,false,,,,,,,,,,,,,kg,,,
uk,UK,"<p>Travel eSIM data plan for UK.</p>
<p>Si vous possédez déjà une eSIM de chez nous, cet achat sera ajouté à votre eSIM existante sous forme de recharge. S’il s’agit de votre premier achat, nous vous enverrons votre code QR par courriel après la confirmation de votre paiement.</p>",Quebec eSIM,,eSIM,"eSIM, Telna, UK",false,Plan,1GB / 5 Days,,,,,,,,TELNA-UK-1GB-5D,0.0,,0,deny,manual,3.99,,false,false,,,,,,,,,false,,,,kg,,,active
uk,,,,,,,,,1GB / 10 Days,,,,,,,,TELNA-UK-1GB-10D,0.0,,0,deny,manual,4.99,,false,false,,,,,,,,,,,,,kg,,,
uk,,,,,,,,,1GB / 15 Days,,,,,,,,TELNA-UK-1GB-15D,0.0,,0,deny,manual,4.99,,false,false,,,,,,,,,,,,,kg,,,
uk,,,,,,,,,1GB / 30 Days,,,,,,,,TELNA-UK-1GB-30D,0.0,,0,deny,manual,7.99,,false,false,,,,,,,,,,,,,kg,,,
uk,,,,,,,,,3GB / 5 Days,,,,,,,,TELNA-UK-3GB-5D,0.0,,0,deny,manual,7.99,,false,false,,,,,,,,,,,,,kg,,,
uk,,,,,,,,,3GB / 10 Days,,,,,,,,TELNA-UK-3GB-10D,0.0,,0,deny,manual,7.99,,false,false,,,,,,,,,,,,,kg,,,
uk,,,,,,,,,3GB / 15 Days,,,,,,,,TELNA-UK-3GB-15D,0.0,,0,deny,manual,8.99,,false,false,,,,,,,,,,,,,kg,,,
uk,,,,,,,,,3GB / 30 Days,,,,,,,,TELNA-UK-3GB-30D,0.0,,0,deny,manual,9.99,,false,false,,,,,,,,,,,,,kg,,,
uk,,,,,,,,,5GB / 5 Days,,,,,,,,TELNA-UK-5GB-5D,0.0,,0,deny,manual,5.99,,false,false,,,,,,,,,,,,,kg,,,
uk,,,,,,,,,5GB / 10 Days,,,,,,,,TELNA-UK-5GB-10D,0.0,,0,deny,manual,6.99,,false,false,,,,,,,,,,,,,kg,,,
uk,,,,,,,,,5GB / 15 Days,,,,,,,,TELNA-UK-5GB-15D,0.0,,0,deny,manual,7.99,,false,false,,,,,,,,,,,,,kg,,,
uk,,,,,,,,,5GB / 30 Days,,,,,,,,TELNA-UK-5GB-30D,0.0,,0,deny,manual,9.99,,false,false,,,,,,,,,,,,,kg,,,
uk,,,,,,,,,10GB / 5 Days,,,,,,,,TELNA-UK-10GB-5D,0.0,,0,deny,manual,11.99,,false,false,,,,,,,,,,,,,kg,,,
uk,,,,,,,,,10GB / 10 Days,,,,,,,,TELNA-UK-10GB-10D,0.0,,0,deny,manual,12.99,,false,false,,,,,,,,,,,,,kg,,,
uk,,,,,,,,,10GB / 15 Days,,,,,,,,TELNA-UK-10GB-15D,0.0,,0,deny,manual,13.99,,false,false,,,,,,,,,,,,,kg,,,
uk,,,,,,,,,10GB / 30 Days,,,,,,,,TELNA-UK-10GB-30D,0.0,,0,deny,manual,15.99,,false,false,,,,,,,,,,,,,kg,,,
uk,,,,,,,,,20GB / 5 Days,,,,,,,,TELNA-UK-20GB-5D,0.0,,0,deny,manual,20.99,,false,false,,,,,,,,,,,,,kg,,,
uk,,,,,,,,,20GB / 10 Days,,,,,,,,TELNA-UK-20GB-10D,0.0,,0,deny,manual,21.99,,false,false,,,,,,,,,,,,,kg,,,
uk,,,,,,,,,20GB / 15 Days,,,,,,,,TELNA-UK-20GB-15D,0.0,,0,deny,manual,22.99,,false,false,,,,,,,,,,,,,kg,,,
uk,,,,,,,,,20GB / 30 Days,,,,,,,,TELNA-UK-20GB-30D,0.0,,0,deny,manual,24.99,,false,false,,,,,,,,,,,,,kg,,,
uk,,,,,,,,,Unlimited / 5 Days,,,,,,,,TELNA-UK-UNLIMITED-5D,0.0,,0,deny,manual,14.99,,false,false,,,,,,,,,,,,,kg,,,
uk,,,,,,,,,Unlimited / 10 Days,,,,,,,,TELNA-UK-UNLIMITED-10D,0.0,,0,deny,manual,24.99,,false,false,,,,,,,,,,,,,kg,,,
uk,,,,,,,,,Unlimited / 15 Days,,,,,,,,TELNA-UK-UNLIMITED-15D,0.0,,0,deny,manual,39.99,,false,false,,,,,,,,,,,,,kg,,,
uk,,,,,,,,,Unlimited / 30 Days,,,,,,,,TELNA-UK-UNLIMITED-30D,0.0,,0,deny,manual,49.99,,false,false,,,,,,,,,,,,,kg,,,
uganda,Uganda,"<p>Travel eSIM data plan for Uganda.</p>
<p>Si vous possédez déjà une eSIM de chez nous, cet achat sera ajouté à votre eSIM existante sous forme de recharge. S’il s’agit de votre premier achat, nous vous enverrons votre code QR par courriel après la confirmation de votre paiement.</p>",Quebec eSIM,,eSIM,"eSIM, Telna, Uganda",false,Plan,1GB / 5 Days,,,,,,,,TELNA-UGANDA-1GB-5D,0.0,,0,deny,manual,4.99,,false,false,,,,,,,,,false,,,,kg,,,active
uganda,,,,,,,,,1GB / 10 Days,,,,,,,,TELNA-UGANDA-1GB-10D,0.0,,0,deny,manual,5.99,,false,false,,,,,,,,,,,,,kg,,,
uganda,,,,,,,,,1GB / 15 Days,,,,,,,,TELNA-UGANDA-1GB-15D,0.0,,0,deny,manual,6.99,,false,false,,,,,,,,,,,,,kg,,,
uganda,,,,,,,,,1GB / 30 Days,,,,,,,,TELNA-UGANDA-1GB-30D,0.0,,0,deny,manual,8.99,,false,false,,,,,,,,,,,,,kg,,,
uganda,,,,,,,,,3GB / 5 Days,,,,,,,,TELNA-UGANDA-3GB-5D,0.0,,0,deny,manual,13.99,,false,false,,,,,,,,,,,,,kg,,,
uganda,,,,,,,,,3GB / 10 Days,,,,,,,,TELNA-UGANDA-3GB-10D,0.0,,0,deny,manual,14.99,,false,false,,,,,,,,,,,,,kg,,,
uganda,,,,,,,,,3GB / 15 Days,,,,,,,,TELNA-UGANDA-3GB-15D,0.0,,0,deny,manual,14.99,,false,false,,,,,,,,,,,,,kg,,,
uganda,,,,,,,,,3GB / 30 Days,,,,,,,,TELNA-UGANDA-3GB-30D,0.0,,0,deny,manual,17.99,,false,false,,,,,,,,,,,,,kg,,,
uganda,,,,,,,,,5GB / 5 Days,,,,,,,,TELNA-UGANDA-5GB-5D,0.0,,0,deny,manual,23.99,,false,false,,,,,,,,,,,,,kg,,,
uganda,,,,,,,,,5GB / 10 Days,,,,,,,,TELNA-UGANDA-5GB-10D,0.0,,0,deny,manual,24.99,,false,false,,,,,,,,,,,,,kg,,,
uganda,,,,,,,,,5GB / 15 Days,,,,,,,,TELNA-UGANDA-5GB-15D,0.0,,0,deny,manual,24.99,,false,false,,,,,,,,,,,,,kg,,,
uganda,,,,,,,,,5GB / 30 Days,,,,,,,,TELNA-UGANDA-5GB-30D,0.0,,0,deny,manual,27.99,,false,false,,,,,,,,,,,,,kg,,,
uganda,,,,,,,,,10GB / 5 Days,,,,,,,,TELNA-UGANDA-10GB-5D,0.0,,0,deny,manual,40.99,,false,false,,,,,,,,,,,,,kg,,,
uganda,,,,,,,,,10GB / 10 Days,,,,,,,,TELNA-UGANDA-10GB-10D,0.0,,0,deny,manual,41.99,,false,false,,,,,,,,,,,,,kg,,,
uganda,,,,,,,,,10GB / 15 Days,,,,,,,,TELNA-UGANDA-10GB-15D,0.0,,0,deny,manual,42.99,,false,false,,,,,,,,,,,,,kg,,,
uganda,,,,,,,,,10GB / 30 Days,,,,,,,,TELNA-UGANDA-10GB-30D,0.0,,0,deny,manual,46.99,,false,false,,,,,,,,,,,,,kg,,,
uganda,,,,,,,,,20GB / 5 Days,,,,,,,,TELNA-UGANDA-20GB-5D,0.0,,0,deny,manual,60.99,,false,false,,,,,,,,,,,,,kg,,,
uganda,,,,,,,,,20GB / 10 Days,,,,,,,,TELNA-UGANDA-20GB-10D,0.0,,0,deny,manual,61.99,,false,false,,,,,,,,,,,,,kg,,,
uganda,,,,,,,,,20GB / 15 Days,,,,,,,,TELNA-UGANDA-20GB-15D,0.0,,0,deny,manual,62.99,,false,false,,,,,,,,,,,,,kg,,,
uganda,,,,,,,,,20GB / 30 Days,,,,,,,,TELNA-UGANDA-20GB-30D,0.0,,0,deny,manual,66.99,,false,false,,,,,,,,,,,,,kg,,,
u-s-virgin-islands,U.S. Virgin Islands,"<p>Travel eSIM data plan for U.S. Virgin Islands.</p>
<p>Si vous possédez déjà une eSIM de chez nous, cet achat sera ajouté à votre eSIM existante sous forme de recharge. S’il s’agit de votre premier achat, nous vous enverrons votre code QR par courriel après la confirmation de votre paiement.</p>",Quebec eSIM,,eSIM,"eSIM, Telna, U.S. Virgin Islands",false,Plan,1GB / 5 Days,,,,,,,,TELNA-U-S-VIRGIN-ISLANDS-1GB-5D,0.0,,0,deny,manual,4.99,,false,false,,,,,,,,,false,,,,kg,,,active
u-s-virgin-islands,,,,,,,,,1GB / 10 Days,,,,,,,,TELNA-U-S-VIRGIN-ISLANDS-1GB-10D,0.0,,0,deny,manual,5.99,,false,false,,,,,,,,,,,,,kg,,,
u-s-virgin-islands,,,,,,,,,1GB / 15 Days,,,,,,,,TELNA-U-S-VIRGIN-ISLANDS-1GB-15D,0.0,,0,deny,manual,6.99,,false,false,,,,,,,,,,,,,kg,,,
u-s-virgin-islands,,,,,,,,,1GB / 30 Days,,,,,,,,TELNA-U-S-VIRGIN-ISLANDS-1GB-30D,0.0,,0,deny,manual,8.99,,false,false,,,,,,,,,,,,,kg,,,
u-s-virgin-islands,,,,,,,,,3GB / 5 Days,,,,,,,,TELNA-U-S-VIRGIN-ISLANDS-3GB-5D,0.0,,0,deny,manual,13.99,,false,false,,,,,,,,,,,,,kg,,,
u-s-virgin-islands,,,,,,,,,3GB / 10 Days,,,,,,,,TELNA-U-S-VIRGIN-ISLANDS-3GB-10D,0.0,,0,deny,manual,14.99,,false,false,,,,,,,,,,,,,kg,,,
u-s-virgin-islands,,,,,,,,,3GB / 15 Days,,,,,,,,TELNA-U-S-VIRGIN-ISLANDS-3GB-15D,0.0,,0,deny,manual,14.99,,false,false,,,,,,,,,,,,,kg,,,
u-s-virgin-islands,,,,,,,,,3GB / 30 Days,,,,,,,,TELNA-U-S-VIRGIN-ISLANDS-3GB-30D,0.0,,0,deny,manual,17.99,,false,false,,,,,,,,,,,,,kg,,,
u-s-virgin-islands,,,,,,,,,5GB / 5 Days,,,,,,,,TELNA-U-S-VIRGIN-ISLANDS-5GB-5D,0.0,,0,deny,manual,23.99,,false,false,,,,,,,,,,,,,kg,,,
u-s-virgin-islands,,,,,,,,,5GB / 10 Days,,,,,,,,TELNA-U-S-VIRGIN-ISLANDS-5GB-10D,0.0,,0,deny,manual,24.99,,false,false,,,,,,,,,,,,,kg,,,
u-s-virgin-islands,,,,,,,,,5GB / 15 Days,,,,,,,,TELNA-U-S-VIRGIN-ISLANDS-5GB-15D,0.0,,0,deny,manual,24.99,,false,false,,,,,,,,,,,,,kg,,,
u-s-virgin-islands,,,,,,,,,5GB / 30 Days,,,,,,,,TELNA-U-S-VIRGIN-ISLANDS-5GB-30D,0.0,,0,deny,manual,27.99,,false,false,,,,,,,,,,,,,kg,,,
u-s-virgin-islands,,,,,,,,,10GB / 5 Days,,,,,,,,TELNA-U-S-VIRGIN-ISLANDS-10GB-5D,0.0,,0,deny,manual,42.99,,false,false,,,,,,,,,,,,,kg,,,
u-s-virgin-islands,,,,,,,,,10GB / 10 Days,,,,,,,,TELNA-U-S-VIRGIN-ISLANDS-10GB-10D,0.0,,0,deny,manual,43.99,,false,false,,,,,,,,,,,,,kg,,,
u-s-virgin-islands,,,,,,,,,10GB / 15 Days,,,,,,,,TELNA-U-S-VIRGIN-ISLANDS-10GB-15D,0.0,,0,deny,manual,44.99,,false,false,,,,,,,,,,,,,kg,,,
u-s-virgin-islands,,,,,,,,,10GB / 30 Days,,,,,,,,TELNA-U-S-VIRGIN-ISLANDS-10GB-30D,0.0,,0,deny,manual,48.99,,false,false,,,,,,,,,,,,,kg,,,
u-s-virgin-islands,,,,,,,,,20GB / 5 Days,,,,,,,,TELNA-U-S-VIRGIN-ISLANDS-20GB-5D,0.0,,0,deny,manual,72.99,,false,false,,,,,,,,,,,,,kg,,,
u-s-virgin-islands,,,,,,,,,20GB / 10 Days,,,,,,,,TELNA-U-S-VIRGIN-ISLANDS-20GB-10D,0.0,,0,deny,manual,73.99,,false,false,,,,,,,,,,,,,kg,,,
u-s-virgin-islands,,,,,,,,,20GB / 15 Days,,,,,,,,TELNA-U-S-VIRGIN-ISLANDS-20GB-15D,0.0,,0,deny,manual,74.99,,false,false,,,,,,,,,,,,,kg,,,
u-s-virgin-islands,,,,,,,,,20GB / 30 Days,,,,,,,,TELNA-U-S-VIRGIN-ISLANDS-20GB-30D,0.0,,0,deny,manual,78.99,,false,false,,,,,,,,,,,,,kg,,,
turks-and-caicos-islands,Turks and Caicos Islands,"<p>Travel eSIM data plan for Turks and Caicos Islands.</p>
<p>Si vous possédez déjà une eSIM de chez nous, cet achat sera ajouté à votre eSIM existante sous forme de recharge. S’il s’agit de votre premier achat, nous vous enverrons votre code QR par courriel après la confirmation de votre paiement.</p>",Quebec eSIM,,eSIM,"eSIM, Telna, Turks and Caicos Islands",false,Plan,1GB / 5 Days,,,,,,,,TELNA-TURKS-AND-CAICOS-ISLANDS-1GB-5D,0.0,,0,deny,manual,4.99,,false,false,,,,,,,,,false,,,,kg,,,active
turks-and-caicos-islands,,,,,,,,,1GB / 10 Days,,,,,,,,TELNA-TURKS-AND-CAICOS-ISLANDS-1GB-10D,0.0,,0,deny,manual,5.99,,false,false,,,,,,,,,,,,,kg,,,
turks-and-caicos-islands,,,,,,,,,1GB / 15 Days,,,,,,,,TELNA-TURKS-AND-CAICOS-ISLANDS-1GB-15D,0.0,,0,deny,manual,6.99,,false,false,,,,,,,,,,,,,kg,,,
turks-and-caicos-islands,,,,,,,,,1GB / 30 Days,,,,,,,,TELNA-TURKS-AND-CAICOS-ISLANDS-1GB-30D,0.0,,0,deny,manual,8.99,,false,false,,,,,,,,,,,,,kg,,,
turks-and-caicos-islands,,,,,,,,,3GB / 5 Days,,,,,,,,TELNA-TURKS-AND-CAICOS-ISLANDS-3GB-5D,0.0,,0,deny,manual,13.99,,false,false,,,,,,,,,,,,,kg,,,
turks-and-caicos-islands,,,,,,,,,3GB / 10 Days,,,,,,,,TELNA-TURKS-AND-CAICOS-ISLANDS-3GB-10D,0.0,,0,deny,manual,14.99,,false,false,,,,,,,,,,,,,kg,,,
turks-and-caicos-islands,,,,,,,,,3GB / 15 Days,,,,,,,,TELNA-TURKS-AND-CAICOS-ISLANDS-3GB-15D,0.0,,0,deny,manual,14.99,,false,false,,,,,,,,,,,,,kg,,,
turks-and-caicos-islands,,,,,,,,,3GB / 30 Days,,,,,,,,TELNA-TURKS-AND-CAICOS-ISLANDS-3GB-30D,0.0,,0,deny,manual,17.99,,false,false,,,,,,,,,,,,,kg,,,
turks-and-caicos-islands,,,,,,,,,5GB / 5 Days,,,,,,,,TELNA-TURKS-AND-CAICOS-ISLANDS-5GB-5D,0.0,,0,deny,manual,23.99,,false,false,,,,,,,,,,,,,kg,,,
turks-and-caicos-islands,,,,,,,,,5GB / 10 Days,,,,,,,,TELNA-TURKS-AND-CAICOS-ISLANDS-5GB-10D,0.0,,0,deny,manual,24.99,,false,false,,,,,,,,,,,,,kg,,,
turks-and-caicos-islands,,,,,,,,,5GB / 15 Days,,,,,,,,TELNA-TURKS-AND-CAICOS-ISLANDS-5GB-15D,0.0,,0,deny,manual,24.99,,false,false,,,,,,,,,,,,,kg,,,
turks-and-caicos-islands,,,,,,,,,5GB / 30 Days,,,,,,,,TELNA-TURKS-AND-CAICOS-ISLANDS-5GB-30D,0.0,,0,deny,manual,27.99,,false,false,,,,,,,,,,,,,kg,,,
turks-and-caicos-islands,,,,,,,,,10GB / 5 Days,,,,,,,,TELNA-TURKS-AND-CAICOS-ISLANDS-10GB-5D,0.0,,0,deny,manual,40.99,,false,false,,,,,,,,,,,,,kg,,,
turks-and-caicos-islands,,,,,,,,,10GB / 10 Days,,,,,,,,TELNA-TURKS-AND-CAICOS-ISLANDS-10GB-10D,0.0,,0,deny,manual,41.99,,false,false,,,,,,,,,,,,,kg,,,
turks-and-caicos-islands,,,,,,,,,10GB / 15 Days,,,,,,,,TELNA-TURKS-AND-CAICOS-ISLANDS-10GB-15D,0.0,,0,deny,manual,42.99,,false,false,,,,,,,,,,,,,kg,,,
turks-and-caicos-islands,,,,,,,,,10GB / 30 Days,,,,,,,,TELNA-TURKS-AND-CAICOS-ISLANDS-10GB-30D,0.0,,0,deny,manual,46.99,,false,false,,,,,,,,,,,,,kg,,,
turks-and-caicos-islands,,,,,,,,,20GB / 5 Days,,,,,,,,TELNA-TURKS-AND-CAICOS-ISLANDS-20GB-5D,0.0,,0,deny,manual,60.99,,false,false,,,,,,,,,,,,,kg,,,
turks-and-caicos-islands,,,,,,,,,20GB / 10 Days,,,,,,,,TELNA-TURKS-AND-CAICOS-ISLANDS-20GB-10D,0.0,,0,deny,manual,61.99,,false,false,,,,,,,,,,,,,kg,,,
turks-and-caicos-islands,,,,,,,,,20GB / 15 Days,,,,,,,,TELNA-TURKS-AND-CAICOS-ISLANDS-20GB-15D,0.0,,0,deny,manual,62.99,,false,false,,,,,,,,,,,,,kg,,,
turks-and-caicos-islands,,,,,,,,,20GB / 30 Days,,,,,,,,TELNA-TURKS-AND-CAICOS-ISLANDS-20GB-30D,0.0,,0,deny,manual,66.99,,false,false,,,,,,,,,,,,,kg,,,
turkey,Turkey,"<p>Travel eSIM data plan for Turkey.</p>
<p>Si vous possédez déjà une eSIM de chez nous, cet achat sera ajouté à votre eSIM existante sous forme de recharge. S’il s’agit de votre premier achat, nous vous enverrons votre code QR par courriel après la confirmation de votre paiement.</p>",Quebec eSIM,,eSIM,"eSIM, Telna, Turkey",false,Plan,1GB / 5 Days,,,,,,,,TELNA-TURKEY-1GB-5D,0.0,,0,deny,manual,2.99,,false,false,,,,,,,,,false,,,,kg,,,active
turkey,,,,,,,,,1GB / 10 Days,,,,,,,,TELNA-TURKEY-1GB-10D,0.0,,0,deny,manual,3.99,,false,false,,,,,,,,,,,,,kg,,,
turkey,,,,,,,,,1GB / 15 Days,,,,,,,,TELNA-TURKEY-1GB-15D,0.0,,0,deny,manual,4.99,,false,false,,,,,,,,,,,,,kg,,,
turkey,,,,,,,,,1GB / 30 Days,,,,,,,,TELNA-TURKEY-1GB-30D,0.0,,0,deny,manual,6.99,,false,false,,,,,,,,,,,,,kg,,,
turkey,,,,,,,,,3GB / 5 Days,,,,,,,,TELNA-TURKEY-3GB-5D,0.0,,0,deny,manual,6.99,,false,false,,,,,,,,,,,,,kg,,,
turkey,,,,,,,,,3GB / 10 Days,,,,,,,,TELNA-TURKEY-3GB-10D,0.0,,0,deny,manual,6.99,,false,false,,,,,,,,,,,,,kg,,,
turkey,,,,,,,,,3GB / 15 Days,,,,,,,,TELNA-TURKEY-3GB-15D,0.0,,0,deny,manual,7.99,,false,false,,,,,,,,,,,,,kg,,,
turkey,,,,,,,,,3GB / 30 Days,,,,,,,,TELNA-TURKEY-3GB-30D,0.0,,0,deny,manual,8.99,,false,false,,,,,,,,,,,,,kg,,,
turkey,,,,,,,,,5GB / 5 Days,,,,,,,,TELNA-TURKEY-5GB-5D,0.0,,0,deny,manual,4.99,,false,false,,,,,,,,,,,,,kg,,,
turkey,,,,,,,,,5GB / 10 Days,,,,,,,,TELNA-TURKEY-5GB-10D,0.0,,0,deny,manual,5.99,,false,false,,,,,,,,,,,,,kg,,,
turkey,,,,,,,,,5GB / 15 Days,,,,,,,,TELNA-TURKEY-5GB-15D,0.0,,0,deny,manual,6.99,,false,false,,,,,,,,,,,,,kg,,,
turkey,,,,,,,,,5GB / 30 Days,,,,,,,,TELNA-TURKEY-5GB-30D,0.0,,0,deny,manual,8.99,,false,false,,,,,,,,,,,,,kg,,,
turkey,,,,,,,,,10GB / 5 Days,,,,,,,,TELNA-TURKEY-10GB-5D,0.0,,0,deny,manual,8.99,,false,false,,,,,,,,,,,,,kg,,,
turkey,,,,,,,,,10GB / 10 Days,,,,,,,,TELNA-TURKEY-10GB-10D,0.0,,0,deny,manual,9.99,,false,false,,,,,,,,,,,,,kg,,,
turkey,,,,,,,,,10GB / 15 Days,,,,,,,,TELNA-TURKEY-10GB-15D,0.0,,0,deny,manual,9.99,,false,false,,,,,,,,,,,,,kg,,,
turkey,,,,,,,,,10GB / 30 Days,,,,,,,,TELNA-TURKEY-10GB-30D,0.0,,0,deny,manual,12.99,,false,false,,,,,,,,,,,,,kg,,,
turkey,,,,,,,,,20GB / 5 Days,,,,,,,,TELNA-TURKEY-20GB-5D,0.0,,0,deny,manual,17.99,,false,false,,,,,,,,,,,,,kg,,,
turkey,,,,,,,,,20GB / 10 Days,,,,,,,,TELNA-TURKEY-20GB-10D,0.0,,0,deny,manual,18.99,,false,false,,,,,,,,,,,,,kg,,,
turkey,,,,,,,,,20GB / 15 Days,,,,,,,,TELNA-TURKEY-20GB-15D,0.0,,0,deny,manual,19.99,,false,false,,,,,,,,,,,,,kg,,,
turkey,,,,,,,,,20GB / 30 Days,,,,,,,,TELNA-TURKEY-20GB-30D,0.0,,0,deny,manual,21.99,,false,false,,,,,,,,,,,,,kg,,,
turkey,,,,,,,,,Unlimited / 5 Days,,,,,,,,TELNA-TURKEY-UNLIMITED-5D,0.0,,0,deny,manual,14.99,,false,false,,,,,,,,,,,,,kg,,,
turkey,,,,,,,,,Unlimited / 10 Days,,,,,,,,TELNA-TURKEY-UNLIMITED-10D,0.0,,0,deny,manual,24.99,,false,false,,,,,,,,,,,,,kg,,,
turkey,,,,,,,,,Unlimited / 15 Days,,,,,,,,TELNA-TURKEY-UNLIMITED-15D,0.0,,0,deny,manual,34.99,,false,false,,,,,,,,,,,,,kg,,,
turkey,,,,,,,,,Unlimited / 30 Days,,,,,,,,TELNA-TURKEY-UNLIMITED-30D,0.0,,0,deny,manual,44.99,,false,false,,,,,,,,,,,,,kg,,,
tunisia,Tunisia,"<p>Travel eSIM data plan for Tunisia.</p>
<p>Si vous possédez déjà une eSIM de chez nous, cet achat sera ajouté à votre eSIM existante sous forme de recharge. S’il s’agit de votre premier achat, nous vous enverrons votre code QR par courriel après la confirmation de votre paiement.</p>",Quebec eSIM,,eSIM,"eSIM, Telna, Tunisia",false,Plan,1GB / 5 Days,,,,,,,,TELNA-TUNISIA-1GB-5D,0.0,,0,deny,manual,3.99,,false,false,,,,,,,,,false,,,,kg,,,active
tunisia,,,,,,,,,1GB / 10 Days,,,,,,,,TELNA-TUNISIA-1GB-10D,0.0,,0,deny,manual,4.99,,false,false,,,,,,,,,,,,,kg,,,
tunisia,,,,,,,,,1GB / 15 Days,,,,,,,,TELNA-TUNISIA-1GB-15D,0.0,,0,deny,manual,4.99,,false,false,,,,,,,,,,,,,kg,,,
tunisia,,,,,,,,,1GB / 30 Days,,,,,,,,TELNA-TUNISIA-1GB-30D,0.0,,0,deny,manual,7.99,,false,false,,,,,,,,,,,,,kg,,,
tunisia,,,,,,,,,3GB / 5 Days,,,,,,,,TELNA-TUNISIA-3GB-5D,0.0,,0,deny,manual,4.99,,false,false,,,,,,,,,,,,,kg,,,
tunisia,,,,,,,,,3GB / 10 Days,,,,,,,,TELNA-TUNISIA-3GB-10D,0.0,,0,deny,manual,5.99,,false,false,,,,,,,,,,,,,kg,,,
tunisia,,,,,,,,,3GB / 15 Days,,,,,,,,TELNA-TUNISIA-3GB-15D,0.0,,0,deny,manual,6.99,,false,false,,,,,,,,,,,,,kg,,,
tunisia,,,,,,,,,3GB / 30 Days,,,,,,,,TELNA-TUNISIA-3GB-30D,0.0,,0,deny,manual,8.99,,false,false,,,,,,,,,,,,,kg,,,
tunisia,,,,,,,,,5GB / 5 Days,,,,,,,,TELNA-TUNISIA-5GB-5D,0.0,,0,deny,manual,7.99,,false,false,,,,,,,,,,,,,kg,,,
tunisia,,,,,,,,,5GB / 10 Days,,,,,,,,TELNA-TUNISIA-5GB-10D,0.0,,0,deny,manual,8.99,,false,false,,,,,,,,,,,,,kg,,,
tunisia,,,,,,,,,5GB / 15 Days,,,,,,,,TELNA-TUNISIA-5GB-15D,0.0,,0,deny,manual,9.99,,false,false,,,,,,,,,,,,,kg,,,
tunisia,,,,,,,,,5GB / 30 Days,,,,,,,,TELNA-TUNISIA-5GB-30D,0.0,,0,deny,manual,11.99,,false,false,,,,,,,,,,,,,kg,,,
tunisia,,,,,,,,,10GB / 5 Days,,,,,,,,TELNA-TUNISIA-10GB-5D,0.0,,0,deny,manual,14.99,,false,false,,,,,,,,,,,,,kg,,,
tunisia,,,,,,,,,10GB / 10 Days,,,,,,,,TELNA-TUNISIA-10GB-10D,0.0,,0,deny,manual,15.99,,false,false,,,,,,,,,,,,,kg,,,
tunisia,,,,,,,,,10GB / 15 Days,,,,,,,,TELNA-TUNISIA-10GB-15D,0.0,,0,deny,manual,16.99,,false,false,,,,,,,,,,,,,kg,,,
tunisia,,,,,,,,,10GB / 30 Days,,,,,,,,TELNA-TUNISIA-10GB-30D,0.0,,0,deny,manual,18.99,,false,false,,,,,,,,,,,,,kg,,,
tunisia,,,,,,,,,20GB / 5 Days,,,,,,,,TELNA-TUNISIA-20GB-5D,0.0,,0,deny,manual,24.99,,false,false,,,,,,,,,,,,,kg,,,
tunisia,,,,,,,,,20GB / 10 Days,,,,,,,,TELNA-TUNISIA-20GB-10D,0.0,,0,deny,manual,25.99,,false,false,,,,,,,,,,,,,kg,,,
tunisia,,,,,,,,,20GB / 15 Days,,,,,,,,TELNA-TUNISIA-20GB-15D,0.0,,0,deny,manual,26.99,,false,false,,,,,,,,,,,,,kg,,,
tunisia,,,,,,,,,20GB / 30 Days,,,,,,,,TELNA-TUNISIA-20GB-30D,0.0,,0,deny,manual,28.99,,false,false,,,,,,,,,,,,,kg,,,
tunisia,,,,,,,,,Unlimited / 5 Days,,,,,,,,TELNA-TUNISIA-UNLIMITED-5D,0.0,,0,deny,manual,17.99,,false,false,,,,,,,,,,,,,kg,,,
tunisia,,,,,,,,,Unlimited / 10 Days,,,,,,,,TELNA-TUNISIA-UNLIMITED-10D,0.0,,0,deny,manual,34.99,,false,false,,,,,,,,,,,,,kg,,,
tunisia,,,,,,,,,Unlimited / 15 Days,,,,,,,,TELNA-TUNISIA-UNLIMITED-15D,0.0,,0,deny,manual,49.99,,false,false,,,,,,,,,,,,,kg,,,
tunisia,,,,,,,,,Unlimited / 30 Days,,,,,,,,TELNA-TUNISIA-UNLIMITED-30D,0.0,,0,deny,manual,64.99,,false,false,,,,,,,,,,,,,kg,,,
trinidad-and-tobago,Trinidad and Tobago,"<p>Travel eSIM data plan for Trinidad and Tobago.</p>
<p>Si vous possédez déjà une eSIM de chez nous, cet achat sera ajouté à votre eSIM existante sous forme de recharge. S’il s’agit de votre premier achat, nous vous enverrons votre code QR par courriel après la confirmation de votre paiement.</p>",Quebec eSIM,,eSIM,"eSIM, Telna, Trinidad and Tobago",false,Plan,1GB / 5 Days,,,,,,,,TELNA-TRINIDAD-AND-TOBAGO-1GB-5D,0.0,,0,deny,manual,8.99,,false,false,,,,,,,,,false,,,,kg,,,active
trinidad-and-tobago,,,,,,,,,1GB / 10 Days,,,,,,,,TELNA-TRINIDAD-AND-TOBAGO-1GB-10D,0.0,,0,deny,manual,9.99,,false,false,,,,,,,,,,,,,kg,,,
trinidad-and-tobago,,,,,,,,,1GB / 15 Days,,,,,,,,TELNA-TRINIDAD-AND-TOBAGO-1GB-15D,0.0,,0,deny,manual,9.99,,false,false,,,,,,,,,,,,,kg,,,
trinidad-and-tobago,,,,,,,,,1GB / 30 Days,,,,,,,,TELNA-TRINIDAD-AND-TOBAGO-1GB-30D,0.0,,0,deny,manual,12.99,,false,false,,,,,,,,,,,,,kg,,,
trinidad-and-tobago,,,,,,,,,3GB / 5 Days,,,,,,,,TELNA-TRINIDAD-AND-TOBAGO-3GB-5D,0.0,,0,deny,manual,18.99,,false,false,,,,,,,,,,,,,kg,,,
trinidad-and-tobago,,,,,,,,,3GB / 10 Days,,,,,,,,TELNA-TRINIDAD-AND-TOBAGO-3GB-10D,0.0,,0,deny,manual,19.99,,false,false,,,,,,,,,,,,,kg,,,
trinidad-and-tobago,,,,,,,,,3GB / 15 Days,,,,,,,,TELNA-TRINIDAD-AND-TOBAGO-3GB-15D,0.0,,0,deny,manual,19.99,,false,false,,,,,,,,,,,,,kg,,,
trinidad-and-tobago,,,,,,,,,3GB / 30 Days,,,,,,,,TELNA-TRINIDAD-AND-TOBAGO-3GB-30D,0.0,,0,deny,manual,22.99,,false,false,,,,,,,,,,,,,kg,,,
trinidad-and-tobago,,,,,,,,,5GB / 5 Days,,,,,,,,TELNA-TRINIDAD-AND-TOBAGO-5GB-5D,0.0,,0,deny,manual,32.99,,false,false,,,,,,,,,,,,,kg,,,
trinidad-and-tobago,,,,,,,,,5GB / 10 Days,,,,,,,,TELNA-TRINIDAD-AND-TOBAGO-5GB-10D,0.0,,0,deny,manual,33.99,,false,false,,,,,,,,,,,,,kg,,,
trinidad-and-tobago,,,,,,,,,5GB / 15 Days,,,,,,,,TELNA-TRINIDAD-AND-TOBAGO-5GB-15D,0.0,,0,deny,manual,34.99,,false,false,,,,,,,,,,,,,kg,,,
trinidad-and-tobago,,,,,,,,,5GB / 30 Days,,,,,,,,TELNA-TRINIDAD-AND-TOBAGO-5GB-30D,0.0,,0,deny,manual,36.99,,false,false,,,,,,,,,,,,,kg,,,
trinidad-and-tobago,,,,,,,,,10GB / 5 Days,,,,,,,,TELNA-TRINIDAD-AND-TOBAGO-10GB-5D,0.0,,0,deny,manual,52.99,,false,false,,,,,,,,,,,,,kg,,,
trinidad-and-tobago,,,,,,,,,10GB / 10 Days,,,,,,,,TELNA-TRINIDAD-AND-TOBAGO-10GB-10D,0.0,,0,deny,manual,53.99,,false,false,,,,,,,,,,,,,kg,,,
trinidad-and-tobago,,,,,,,,,10GB / 15 Days,,,,,,,,TELNA-TRINIDAD-AND-TOBAGO-10GB-15D,0.0,,0,deny,manual,54.99,,false,false,,,,,,,,,,,,,kg,,,
trinidad-and-tobago,,,,,,,,,10GB / 30 Days,,,,,,,,TELNA-TRINIDAD-AND-TOBAGO-10GB-30D,0.0,,0,deny,manual,58.99,,false,false,,,,,,,,,,,,,kg,,,
tonga,Tonga,"<p>Travel eSIM data plan for Tonga.</p>
<p>Si vous possédez déjà une eSIM de chez nous, cet achat sera ajouté à votre eSIM existante sous forme de recharge. S’il s’agit de votre premier achat, nous vous enverrons votre code QR par courriel après la confirmation de votre paiement.</p>",Quebec eSIM,,eSIM,"eSIM, Telna, Tonga",false,Plan,1GB / 5 Days,,,,,,,,TELNA-TONGA-1GB-5D,0.0,,0,deny,manual,9.99,,false,false,,,,,,,,,false,,,,kg,,,active
tonga,,,,,,,,,1GB / 10 Days,,,,,,,,TELNA-TONGA-1GB-10D,0.0,,0,deny,manual,10.99,,false,false,,,,,,,,,,,,,kg,,,
tonga,,,,,,,,,1GB / 15 Days,,,,,,,,TELNA-TONGA-1GB-15D,0.0,,0,deny,manual,11.99,,false,false,,,,,,,,,,,,,kg,,,
tonga,,,,,,,,,1GB / 30 Days,,,,,,,,TELNA-TONGA-1GB-30D,0.0,,0,deny,manual,13.99,,false,false,,,,,,,,,,,,,kg,,,
tonga,,,,,,,,,3GB / 5 Days,,,,,,,,TELNA-TONGA-3GB-5D,0.0,,0,deny,manual,28.99,,false,false,,,,,,,,,,,,,kg,,,
tonga,,,,,,,,,3GB / 10 Days,,,,,,,,TELNA-TONGA-3GB-10D,0.0,,0,deny,manual,29.99,,false,false,,,,,,,,,,,,,kg,,,
tonga,,,,,,,,,3GB / 15 Days,,,,,,,,TELNA-TONGA-3GB-15D,0.0,,0,deny,manual,29.99,,false,false,,,,,,,,,,,,,kg,,,
tonga,,,,,,,,,3GB / 30 Days,,,,,,,,TELNA-TONGA-3GB-30D,0.0,,0,deny,manual,32.99,,false,false,,,,,,,,,,,,,kg,,,
tonga,,,,,,,,,5GB / 5 Days,,,,,,,,TELNA-TONGA-5GB-5D,0.0,,0,deny,manual,48.99,,false,false,,,,,,,,,,,,,kg,,,
tonga,,,,,,,,,5GB / 10 Days,,,,,,,,TELNA-TONGA-5GB-10D,0.0,,0,deny,manual,49.99,,false,false,,,,,,,,,,,,,kg,,,
tonga,,,,,,,,,5GB / 15 Days,,,,,,,,TELNA-TONGA-5GB-15D,0.0,,0,deny,manual,49.99,,false,false,,,,,,,,,,,,,kg,,,
tonga,,,,,,,,,5GB / 30 Days,,,,,,,,TELNA-TONGA-5GB-30D,0.0,,0,deny,manual,54.99,,false,false,,,,,,,,,,,,,kg,,,
togo,Togo,"<p>Travel eSIM data plan for Togo.</p>
<p>Si vous possédez déjà une eSIM de chez nous, cet achat sera ajouté à votre eSIM existante sous forme de recharge. S’il s’agit de votre premier achat, nous vous enverrons votre code QR par courriel après la confirmation de votre paiement.</p>",Quebec eSIM,,eSIM,"eSIM, Telna, Togo",false,Plan,1GB / 5 Days,,,,,,,,TELNA-TOGO-1GB-5D,0.0,,0,deny,manual,13.99,,false,false,,,,,,,,,false,,,,kg,,,active
togo,,,,,,,,,1GB / 10 Days,,,,,,,,TELNA-TOGO-1GB-10D,0.0,,0,deny,manual,14.99,,false,false,,,,,,,,,,,,,kg,,,
togo,,,,,,,,,1GB / 15 Days,,,,,,,,TELNA-TOGO-1GB-15D,0.0,,0,deny,manual,14.99,,false,false,,,,,,,,,,,,,kg,,,
togo,,,,,,,,,1GB / 30 Days,,,,,,,,TELNA-TOGO-1GB-30D,0.0,,0,deny,manual,17.99,,false,false,,,,,,,,,,,,,kg,,,
timor-leste,Timor-Leste,"<p>Travel eSIM data plan for Timor-Leste.</p>
<p>Si vous possédez déjà une eSIM de chez nous, cet achat sera ajouté à votre eSIM existante sous forme de recharge. S’il s’agit de votre premier achat, nous vous enverrons votre code QR par courriel après la confirmation de votre paiement.</p>",Quebec eSIM,,eSIM,"eSIM, Telna, Timor-Leste",false,Plan,1GB / 5 Days,,,,,,,,TELNA-TIMOR-LESTE-1GB-5D,0.0,,0,deny,manual,29.99,,false,false,,,,,,,,,false,,,,kg,,,active
timor-leste,,,,,,,,,1GB / 10 Days,,,,,,,,TELNA-TIMOR-LESTE-1GB-10D,0.0,,0,deny,manual,30.99,,false,false,,,,,,,,,,,,,kg,,,
timor-leste,,,,,,,,,1GB / 15 Days,,,,,,,,TELNA-TIMOR-LESTE-1GB-15D,0.0,,0,deny,manual,31.99,,false,false,,,,,,,,,,,,,kg,,,
timor-leste,,,,,,,,,1GB / 30 Days,,,,,,,,TELNA-TIMOR-LESTE-1GB-30D,0.0,,0,deny,manual,33.99,,false,false,,,,,,,,,,,,,kg,,,
timor-leste,,,,,,,,,3GB / 5 Days,,,,,,,,TELNA-TIMOR-LESTE-3GB-5D,0.0,,0,deny,manual,82.99,,false,false,,,,,,,,,,,,,kg,,,
timor-leste,,,,,,,,,3GB / 10 Days,,,,,,,,TELNA-TIMOR-LESTE-3GB-10D,0.0,,0,deny,manual,83.99,,false,false,,,,,,,,,,,,,kg,,,
timor-leste,,,,,,,,,3GB / 15 Days,,,,,,,,TELNA-TIMOR-LESTE-3GB-15D,0.0,,0,deny,manual,84.99,,false,false,,,,,,,,,,,,,kg,,,
timor-leste,,,,,,,,,3GB / 30 Days,,,,,,,,TELNA-TIMOR-LESTE-3GB-30D,0.0,,0,deny,manual,88.99,,false,false,,,,,,,,,,,,,kg,,,
timor-leste,,,,,,,,,5GB / 5 Days,,,,,,,,TELNA-TIMOR-LESTE-5GB-5D,0.0,,0,deny,manual,139.99,,false,false,,,,,,,,,,,,,kg,,,
timor-leste,,,,,,,,,5GB / 10 Days,,,,,,,,TELNA-TIMOR-LESTE-5GB-10D,0.0,,0,deny,manual,139.99,,false,false,,,,,,,,,,,,,kg,,,
timor-leste,,,,,,,,,5GB / 15 Days,,,,,,,,TELNA-TIMOR-LESTE-5GB-15D,0.0,,0,deny,manual,139.99,,false,false,,,,,,,,,,,,,kg,,,
timor-leste,,,,,,,,,5GB / 30 Days,,,,,,,,TELNA-TIMOR-LESTE-5GB-30D,0.0,,0,deny,manual,144.99,,false,false,,,,,,,,,,,,,kg,,,
thailand,Thailand,"<p>Travel eSIM data plan for Thailand.</p>
<p>Si vous possédez déjà une eSIM de chez nous, cet achat sera ajouté à votre eSIM existante sous forme de recharge. S’il s’agit de votre premier achat, nous vous enverrons votre code QR par courriel après la confirmation de votre paiement.</p>",Quebec eSIM,,eSIM,"eSIM, Telna, Thailand",false,Plan,1GB / 5 Days,,,,,,,,TELNA-THAILAND-1GB-5D,0.0,,0,deny,manual,3.99,,false,false,,,,,,,,,false,,,,kg,,,active
thailand,,,,,,,,,1GB / 10 Days,,,,,,,,TELNA-THAILAND-1GB-10D,0.0,,0,deny,manual,4.99,,false,false,,,,,,,,,,,,,kg,,,
thailand,,,,,,,,,1GB / 15 Days,,,,,,,,TELNA-THAILAND-1GB-15D,0.0,,0,deny,manual,4.99,,false,false,,,,,,,,,,,,,kg,,,
thailand,,,,,,,,,1GB / 30 Days,,,,,,,,TELNA-THAILAND-1GB-30D,0.0,,0,deny,manual,7.99,,false,false,,,,,,,,,,,,,kg,,,
thailand,,,,,,,,,3GB / 5 Days,,,,,,,,TELNA-THAILAND-3GB-5D,0.0,,0,deny,manual,7.99,,false,false,,,,,,,,,,,,,kg,,,
thailand,,,,,,,,,3GB / 10 Days,,,,,,,,TELNA-THAILAND-3GB-10D,0.0,,0,deny,manual,8.99,,false,false,,,,,,,,,,,,,kg,,,
thailand,,,,,,,,,3GB / 15 Days,,,,,,,,TELNA-THAILAND-3GB-15D,0.0,,0,deny,manual,9.99,,false,false,,,,,,,,,,,,,kg,,,
thailand,,,,,,,,,3GB / 30 Days,,,,,,,,TELNA-THAILAND-3GB-30D,0.0,,0,deny,manual,9.99,,false,false,,,,,,,,,,,,,kg,,,
thailand,,,,,,,,,5GB / 5 Days,,,,,,,,TELNA-THAILAND-5GB-5D,0.0,,0,deny,manual,5.99,,false,false,,,,,,,,,,,,,kg,,,
thailand,,,,,,,,,5GB / 10 Days,,,,,,,,TELNA-THAILAND-5GB-10D,0.0,,0,deny,manual,6.99,,false,false,,,,,,,,,,,,,kg,,,
thailand,,,,,,,,,5GB / 15 Days,,,,,,,,TELNA-THAILAND-5GB-15D,0.0,,0,deny,manual,7.99,,false,false,,,,,,,,,,,,,kg,,,
thailand,,,,,,,,,5GB / 30 Days,,,,,,,,TELNA-THAILAND-5GB-30D,0.0,,0,deny,manual,9.99,,false,false,,,,,,,,,,,,,kg,,,
thailand,,,,,,,,,10GB / 5 Days,,,,,,,,TELNA-THAILAND-10GB-5D,0.0,,0,deny,manual,12.99,,false,false,,,,,,,,,,,,,kg,,,
thailand,,,,,,,,,10GB / 10 Days,,,,,,,,TELNA-THAILAND-10GB-10D,0.0,,0,deny,manual,13.99,,false,false,,,,,,,,,,,,,kg,,,
thailand,,,,,,,,,10GB / 15 Days,,,,,,,,TELNA-THAILAND-10GB-15D,0.0,,0,deny,manual,14.99,,false,false,,,,,,,,,,,,,kg,,,
thailand,,,,,,,,,10GB / 30 Days,,,,,,,,TELNA-THAILAND-10GB-30D,0.0,,0,deny,manual,16.99,,false,false,,,,,,,,,,,,,kg,,,
thailand,,,,,,,,,20GB / 5 Days,,,,,,,,TELNA-THAILAND-20GB-5D,0.0,,0,deny,manual,23.99,,false,false,,,,,,,,,,,,,kg,,,
thailand,,,,,,,,,20GB / 10 Days,,,,,,,,TELNA-THAILAND-20GB-10D,0.0,,0,deny,manual,24.99,,false,false,,,,,,,,,,,,,kg,,,
thailand,,,,,,,,,20GB / 15 Days,,,,,,,,TELNA-THAILAND-20GB-15D,0.0,,0,deny,manual,24.99,,false,false,,,,,,,,,,,,,kg,,,
thailand,,,,,,,,,20GB / 30 Days,,,,,,,,TELNA-THAILAND-20GB-30D,0.0,,0,deny,manual,27.99,,false,false,,,,,,,,,,,,,kg,,,
thailand,,,,,,,,,Unlimited / 5 Days,,,,,,,,TELNA-THAILAND-UNLIMITED-5D,0.0,,0,deny,manual,17.99,,false,false,,,,,,,,,,,,,kg,,,
thailand,,,,,,,,,Unlimited / 10 Days,,,,,,,,TELNA-THAILAND-UNLIMITED-10D,0.0,,0,deny,manual,29.99,,false,false,,,,,,,,,,,,,kg,,,
thailand,,,,,,,,,Unlimited / 15 Days,,,,,,,,TELNA-THAILAND-UNLIMITED-15D,0.0,,0,deny,manual,39.99,,false,false,,,,,,,,,,,,,kg,,,
thailand,,,,,,,,,Unlimited / 30 Days,,,,,,,,TELNA-THAILAND-UNLIMITED-30D,0.0,,0,deny,manual,49.99,,false,false,,,,,,,,,,,,,kg,,,
tanzania,Tanzania,"<p>Travel eSIM data plan for Tanzania.</p>
<p>Si vous possédez déjà une eSIM de chez nous, cet achat sera ajouté à votre eSIM existante sous forme de recharge. S’il s’agit de votre premier achat, nous vous enverrons votre code QR par courriel après la confirmation de votre paiement.</p>",Quebec eSIM,,eSIM,"eSIM, Tanzania, Telna",false,Plan,1GB / 5 Days,,,,,,,,TELNA-TANZANIA-1GB-5D,0.0,,0,deny,manual,4.99,,false,false,,,,,,,,,false,,,,kg,,,active
tanzania,,,,,,,,,1GB / 10 Days,,,,,,,,TELNA-TANZANIA-1GB-10D,0.0,,0,deny,manual,5.99,,false,false,,,,,,,,,,,,,kg,,,
tanzania,,,,,,,,,1GB / 15 Days,,,,,,,,TELNA-TANZANIA-1GB-15D,0.0,,0,deny,manual,6.99,,false,false,,,,,,,,,,,,,kg,,,
tanzania,,,,,,,,,1GB / 30 Days,,,,,,,,TELNA-TANZANIA-1GB-30D,0.0,,0,deny,manual,8.99,,false,false,,,,,,,,,,,,,kg,,,
tanzania,,,,,,,,,3GB / 5 Days,,,,,,,,TELNA-TANZANIA-3GB-5D,0.0,,0,deny,manual,13.99,,false,false,,,,,,,,,,,,,kg,,,
tanzania,,,,,,,,,3GB / 10 Days,,,,,,,,TELNA-TANZANIA-3GB-10D,0.0,,0,deny,manual,14.99,,false,false,,,,,,,,,,,,,kg,,,
tanzania,,,,,,,,,3GB / 15 Days,,,,,,,,TELNA-TANZANIA-3GB-15D,0.0,,0,deny,manual,14.99,,false,false,,,,,,,,,,,,,kg,,,
tanzania,,,,,,,,,3GB / 30 Days,,,,,,,,TELNA-TANZANIA-3GB-30D,0.0,,0,deny,manual,17.99,,false,false,,,,,,,,,,,,,kg,,,
tanzania,,,,,,,,,5GB / 5 Days,,,,,,,,TELNA-TANZANIA-5GB-5D,0.0,,0,deny,manual,23.99,,false,false,,,,,,,,,,,,,kg,,,
tanzania,,,,,,,,,5GB / 10 Days,,,,,,,,TELNA-TANZANIA-5GB-10D,0.0,,0,deny,manual,24.99,,false,false,,,,,,,,,,,,,kg,,,
tanzania,,,,,,,,,5GB / 15 Days,,,,,,,,TELNA-TANZANIA-5GB-15D,0.0,,0,deny,manual,24.99,,false,false,,,,,,,,,,,,,kg,,,
tanzania,,,,,,,,,5GB / 30 Days,,,,,,,,TELNA-TANZANIA-5GB-30D,0.0,,0,deny,manual,27.99,,false,false,,,,,,,,,,,,,kg,,,
tanzania,,,,,,,,,10GB / 5 Days,,,,,,,,TELNA-TANZANIA-10GB-5D,0.0,,0,deny,manual,42.99,,false,false,,,,,,,,,,,,,kg,,,
tanzania,,,,,,,,,10GB / 10 Days,,,,,,,,TELNA-TANZANIA-10GB-10D,0.0,,0,deny,manual,43.99,,false,false,,,,,,,,,,,,,kg,,,
tanzania,,,,,,,,,10GB / 15 Days,,,,,,,,TELNA-TANZANIA-10GB-15D,0.0,,0,deny,manual,44.99,,false,false,,,,,,,,,,,,,kg,,,
tanzania,,,,,,,,,10GB / 30 Days,,,,,,,,TELNA-TANZANIA-10GB-30D,0.0,,0,deny,manual,48.99,,false,false,,,,,,,,,,,,,kg,,,
tanzania,,,,,,,,,20GB / 5 Days,,,,,,,,TELNA-TANZANIA-20GB-5D,0.0,,0,deny,manual,72.99,,false,false,,,,,,,,,,,,,kg,,,
tanzania,,,,,,,,,20GB / 10 Days,,,,,,,,TELNA-TANZANIA-20GB-10D,0.0,,0,deny,manual,73.99,,false,false,,,,,,,,,,,,,kg,,,
tanzania,,,,,,,,,20GB / 15 Days,,,,,,,,TELNA-TANZANIA-20GB-15D,0.0,,0,deny,manual,74.99,,false,false,,,,,,,,,,,,,kg,,,
tanzania,,,,,,,,,20GB / 30 Days,,,,,,,,TELNA-TANZANIA-20GB-30D,0.0,,0,deny,manual,78.99,,false,false,,,,,,,,,,,,,kg,,,
tajikistan,Tajikistan,"<p>Travel eSIM data plan for Tajikistan.</p>
<p>Si vous possédez déjà une eSIM de chez nous, cet achat sera ajouté à votre eSIM existante sous forme de recharge. S’il s’agit de votre premier achat, nous vous enverrons votre code QR par courriel après la confirmation de votre paiement.</p>",Quebec eSIM,,eSIM,"eSIM, Tajikistan, Telna",false,Plan,1GB / 5 Days,,,,,,,,TELNA-TAJIKISTAN-1GB-5D,0.0,,0,deny,manual,4.99,,false,false,,,,,,,,,false,,,,kg,,,active
tajikistan,,,,,,,,,1GB / 10 Days,,,,,,,,TELNA-TAJIKISTAN-1GB-10D,0.0,,0,deny,manual,5.99,,false,false,,,,,,,,,,,,,kg,,,
tajikistan,,,,,,,,,1GB / 15 Days,,,,,,,,TELNA-TAJIKISTAN-1GB-15D,0.0,,0,deny,manual,6.99,,false,false,,,,,,,,,,,,,kg,,,
tajikistan,,,,,,,,,1GB / 30 Days,,,,,,,,TELNA-TAJIKISTAN-1GB-30D,0.0,,0,deny,manual,8.99,,false,false,,,,,,,,,,,,,kg,,,
tajikistan,,,,,,,,,3GB / 5 Days,,,,,,,,TELNA-TAJIKISTAN-3GB-5D,0.0,,0,deny,manual,13.99,,false,false,,,,,,,,,,,,,kg,,,
tajikistan,,,,,,,,,3GB / 10 Days,,,,,,,,TELNA-TAJIKISTAN-3GB-10D,0.0,,0,deny,manual,14.99,,false,false,,,,,,,,,,,,,kg,,,
tajikistan,,,,,,,,,3GB / 15 Days,,,,,,,,TELNA-TAJIKISTAN-3GB-15D,0.0,,0,deny,manual,14.99,,false,false,,,,,,,,,,,,,kg,,,
tajikistan,,,,,,,,,3GB / 30 Days,,,,,,,,TELNA-TAJIKISTAN-3GB-30D,0.0,,0,deny,manual,17.99,,false,false,,,,,,,,,,,,,kg,,,
tajikistan,,,,,,,,,5GB / 5 Days,,,,,,,,TELNA-TAJIKISTAN-5GB-5D,0.0,,0,deny,manual,23.99,,false,false,,,,,,,,,,,,,kg,,,
tajikistan,,,,,,,,,5GB / 10 Days,,,,,,,,TELNA-TAJIKISTAN-5GB-10D,0.0,,0,deny,manual,24.99,,false,false,,,,,,,,,,,,,kg,,,
tajikistan,,,,,,,,,5GB / 15 Days,,,,,,,,TELNA-TAJIKISTAN-5GB-15D,0.0,,0,deny,manual,24.99,,false,false,,,,,,,,,,,,,kg,,,
tajikistan,,,,,,,,,5GB / 30 Days,,,,,,,,TELNA-TAJIKISTAN-5GB-30D,0.0,,0,deny,manual,27.99,,false,false,,,,,,,,,,,,,kg,,,
taiwan,Taiwan,"<p>Travel eSIM data plan for Taiwan.</p>
<p>Si vous possédez déjà une eSIM de chez nous, cet achat sera ajouté à votre eSIM existante sous forme de recharge. S’il s’agit de votre premier achat, nous vous enverrons votre code QR par courriel après la confirmation de votre paiement.</p>",Quebec eSIM,,eSIM,"eSIM, Taiwan, Telna",false,Plan,1GB / 5 Days,,,,,,,,TELNA-TAIWAN-1GB-5D,0.0,,0,deny,manual,3.99,,false,false,,,,,,,,,false,,,,kg,,,active
taiwan,,,,,,,,,1GB / 10 Days,,,,,,,,TELNA-TAIWAN-1GB-10D,0.0,,0,deny,manual,4.99,,false,false,,,,,,,,,,,,,kg,,,
taiwan,,,,,,,,,1GB / 15 Days,,,,,,,,TELNA-TAIWAN-1GB-15D,0.0,,0,deny,manual,4.99,,false,false,,,,,,,,,,,,,kg,,,
taiwan,,,,,,,,,1GB / 30 Days,,,,,,,,TELNA-TAIWAN-1GB-30D,0.0,,0,deny,manual,7.99,,false,false,,,,,,,,,,,,,kg,,,
taiwan,,,,,,,,,3GB / 5 Days,,,,,,,,TELNA-TAIWAN-3GB-5D,0.0,,0,deny,manual,4.99,,false,false,,,,,,,,,,,,,kg,,,
taiwan,,,,,,,,,3GB / 10 Days,,,,,,,,TELNA-TAIWAN-3GB-10D,0.0,,0,deny,manual,5.99,,false,false,,,,,,,,,,,,,kg,,,
taiwan,,,,,,,,,3GB / 15 Days,,,,,,,,TELNA-TAIWAN-3GB-15D,0.0,,0,deny,manual,6.99,,false,false,,,,,,,,,,,,,kg,,,
taiwan,,,,,,,,,3GB / 30 Days,,,,,,,,TELNA-TAIWAN-3GB-30D,0.0,,0,deny,manual,8.99,,false,false,,,,,,,,,,,,,kg,,,
taiwan,,,,,,,,,5GB / 5 Days,,,,,,,,TELNA-TAIWAN-5GB-5D,0.0,,0,deny,manual,5.99,,false,false,,,,,,,,,,,,,kg,,,
taiwan,,,,,,,,,5GB / 10 Days,,,,,,,,TELNA-TAIWAN-5GB-10D,0.0,,0,deny,manual,6.99,,false,false,,,,,,,,,,,,,kg,,,
taiwan,,,,,,,,,5GB / 15 Days,,,,,,,,TELNA-TAIWAN-5GB-15D,0.0,,0,deny,manual,7.99,,false,false,,,,,,,,,,,,,kg,,,
taiwan,,,,,,,,,5GB / 30 Days,,,,,,,,TELNA-TAIWAN-5GB-30D,0.0,,0,deny,manual,9.99,,false,false,,,,,,,,,,,,,kg,,,
taiwan,,,,,,,,,10GB / 5 Days,,,,,,,,TELNA-TAIWAN-10GB-5D,0.0,,0,deny,manual,12.99,,false,false,,,,,,,,,,,,,kg,,,
taiwan,,,,,,,,,10GB / 10 Days,,,,,,,,TELNA-TAIWAN-10GB-10D,0.0,,0,deny,manual,13.99,,false,false,,,,,,,,,,,,,kg,,,
taiwan,,,,,,,,,10GB / 15 Days,,,,,,,,TELNA-TAIWAN-10GB-15D,0.0,,0,deny,manual,14.99,,false,false,,,,,,,,,,,,,kg,,,
taiwan,,,,,,,,,10GB / 30 Days,,,,,,,,TELNA-TAIWAN-10GB-30D,0.0,,0,deny,manual,16.99,,false,false,,,,,,,,,,,,,kg,,,
taiwan,,,,,,,,,20GB / 5 Days,,,,,,,,TELNA-TAIWAN-20GB-5D,0.0,,0,deny,manual,23.99,,false,false,,,,,,,,,,,,,kg,,,
taiwan,,,,,,,,,20GB / 10 Days,,,,,,,,TELNA-TAIWAN-20GB-10D,0.0,,0,deny,manual,24.99,,false,false,,,,,,,,,,,,,kg,,,
taiwan,,,,,,,,,20GB / 15 Days,,,,,,,,TELNA-TAIWAN-20GB-15D,0.0,,0,deny,manual,24.99,,false,false,,,,,,,,,,,,,kg,,,
taiwan,,,,,,,,,20GB / 30 Days,,,,,,,,TELNA-TAIWAN-20GB-30D,0.0,,0,deny,manual,27.99,,false,false,,,,,,,,,,,,,kg,,,
taiwan,,,,,,,,,Unlimited / 5 Days,,,,,,,,TELNA-TAIWAN-UNLIMITED-5D,0.0,,0,deny,manual,17.99,,false,false,,,,,,,,,,,,,kg,,,
taiwan,,,,,,,,,Unlimited / 10 Days,,,,,,,,TELNA-TAIWAN-UNLIMITED-10D,0.0,,0,deny,manual,29.99,,false,false,,,,,,,,,,,,,kg,,,
taiwan,,,,,,,,,Unlimited / 15 Days,,,,,,,,TELNA-TAIWAN-UNLIMITED-15D,0.0,,0,deny,manual,39.99,,false,false,,,,,,,,,,,,,kg,,,
taiwan,,,,,,,,,Unlimited / 30 Days,,,,,,,,TELNA-TAIWAN-UNLIMITED-30D,0.0,,0,deny,manual,49.99,,false,false,,,,,,,,,,,,,kg,,,
switzerland,Switzerland,"<p>Travel eSIM data plan for Switzerland.</p>
<p>Si vous possédez déjà une eSIM de chez nous, cet achat sera ajouté à votre eSIM existante sous forme de recharge. S’il s’agit de votre premier achat, nous vous enverrons votre code QR par courriel après la confirmation de votre paiement.</p>",Quebec eSIM,,eSIM,"eSIM, Switzerland, Telna",false,Plan,1GB / 5 Days,,,,,,,,TELNA-SWITZERLAND-1GB-5D,0.0,,0,deny,manual,3.99,,false,false,,,,,,,,,false,,,,kg,,,active
switzerland,,,,,,,,,1GB / 10 Days,,,,,,,,TELNA-SWITZERLAND-1GB-10D,0.0,,0,deny,manual,4.99,,false,false,,,,,,,,,,,,,kg,,,
switzerland,,,,,,,,,1GB / 15 Days,,,,,,,,TELNA-SWITZERLAND-1GB-15D,0.0,,0,deny,manual,4.99,,false,false,,,,,,,,,,,,,kg,,,
switzerland,,,,,,,,,1GB / 30 Days,,,,,,,,TELNA-SWITZERLAND-1GB-30D,0.0,,0,deny,manual,7.99,,false,false,,,,,,,,,,,,,kg,,,
switzerland,,,,,,,,,3GB / 5 Days,,,,,,,,TELNA-SWITZERLAND-3GB-5D,0.0,,0,deny,manual,7.99,,false,false,,,,,,,,,,,,,kg,,,
switzerland,,,,,,,,,3GB / 10 Days,,,,,,,,TELNA-SWITZERLAND-3GB-10D,0.0,,0,deny,manual,7.99,,false,false,,,,,,,,,,,,,kg,,,
switzerland,,,,,,,,,3GB / 15 Days,,,,,,,,TELNA-SWITZERLAND-3GB-15D,0.0,,0,deny,manual,8.99,,false,false,,,,,,,,,,,,,kg,,,
switzerland,,,,,,,,,3GB / 30 Days,,,,,,,,TELNA-SWITZERLAND-3GB-30D,0.0,,0,deny,manual,9.99,,false,false,,,,,,,,,,,,,kg,,,
switzerland,,,,,,,,,5GB / 5 Days,,,,,,,,TELNA-SWITZERLAND-5GB-5D,0.0,,0,deny,manual,5.99,,false,false,,,,,,,,,,,,,kg,,,
switzerland,,,,,,,,,5GB / 10 Days,,,,,,,,TELNA-SWITZERLAND-5GB-10D,0.0,,0,deny,manual,6.99,,false,false,,,,,,,,,,,,,kg,,,
switzerland,,,,,,,,,5GB / 15 Days,,,,,,,,TELNA-SWITZERLAND-5GB-15D,0.0,,0,deny,manual,7.99,,false,false,,,,,,,,,,,,,kg,,,
switzerland,,,,,,,,,5GB / 30 Days,,,,,,,,TELNA-SWITZERLAND-5GB-30D,0.0,,0,deny,manual,9.99,,false,false,,,,,,,,,,,,,kg,,,
switzerland,,,,,,,,,10GB / 5 Days,,,,,,,,TELNA-SWITZERLAND-10GB-5D,0.0,,0,deny,manual,11.99,,false,false,,,,,,,,,,,,,kg,,,
switzerland,,,,,,,,,10GB / 10 Days,,,,,,,,TELNA-SWITZERLAND-10GB-10D,0.0,,0,deny,manual,12.99,,false,false,,,,,,,,,,,,,kg,,,
switzerland,,,,,,,,,10GB / 15 Days,,,,,,,,TELNA-SWITZERLAND-10GB-15D,0.0,,0,deny,manual,13.99,,false,false,,,,,,,,,,,,,kg,,,
switzerland,,,,,,,,,10GB / 30 Days,,,,,,,,TELNA-SWITZERLAND-10GB-30D,0.0,,0,deny,manual,15.99,,false,false,,,,,,,,,,,,,kg,,,
switzerland,,,,,,,,,20GB / 5 Days,,,,,,,,TELNA-SWITZERLAND-20GB-5D,0.0,,0,deny,manual,20.99,,false,false,,,,,,,,,,,,,kg,,,
switzerland,,,,,,,,,20GB / 10 Days,,,,,,,,TELNA-SWITZERLAND-20GB-10D,0.0,,0,deny,manual,21.99,,false,false,,,,,,,,,,,,,kg,,,
switzerland,,,,,,,,,20GB / 15 Days,,,,,,,,TELNA-SWITZERLAND-20GB-15D,0.0,,0,deny,manual,22.99,,false,false,,,,,,,,,,,,,kg,,,
switzerland,,,,,,,,,20GB / 30 Days,,,,,,,,TELNA-SWITZERLAND-20GB-30D,0.0,,0,deny,manual,24.99,,false,false,,,,,,,,,,,,,kg,,,
switzerland,,,,,,,,,Unlimited / 5 Days,,,,,,,,TELNA-SWITZERLAND-UNLIMITED-5D,0.0,,0,deny,manual,14.99,,false,false,,,,,,,,,,,,,kg,,,
switzerland,,,,,,,,,Unlimited / 10 Days,,,,,,,,TELNA-SWITZERLAND-UNLIMITED-10D,0.0,,0,deny,manual,24.99,,false,false,,,,,,,,,,,,,kg,,,
switzerland,,,,,,,,,Unlimited / 15 Days,,,,,,,,TELNA-SWITZERLAND-UNLIMITED-15D,0.0,,0,deny,manual,39.99,,false,false,,,,,,,,,,,,,kg,,,
switzerland,,,,,,,,,Unlimited / 30 Days,,,,,,,,TELNA-SWITZERLAND-UNLIMITED-30D,0.0,,0,deny,manual,49.99,,false,false,,,,,,,,,,,,,kg,,,
sweden,Sweden,"<p>Travel eSIM data plan for Sweden.</p>
<p>Si vous possédez déjà une eSIM de chez nous, cet achat sera ajouté à votre eSIM existante sous forme de recharge. S’il s’agit de votre premier achat, nous vous enverrons votre code QR par courriel après la confirmation de votre paiement.</p>",Quebec eSIM,,eSIM,"eSIM, Sweden, Telna",false,Plan,1GB / 5 Days,,,,,,,,TELNA-SWEDEN-1GB-5D,0.0,,0,deny,manual,2.99,,false,false,,,,,,,,,false,,,,kg,,,active
sweden,,,,,,,,,1GB / 10 Days,,,,,,,,TELNA-SWEDEN-1GB-10D,0.0,,0,deny,manual,3.99,,false,false,,,,,,,,,,,,,kg,,,
sweden,,,,,,,,,1GB / 15 Days,,,,,,,,TELNA-SWEDEN-1GB-15D,0.0,,0,deny,manual,4.99,,false,false,,,,,,,,,,,,,kg,,,
sweden,,,,,,,,,1GB / 30 Days,,,,,,,,TELNA-SWEDEN-1GB-30D,0.0,,0,deny,manual,6.99,,false,false,,,,,,,,,,,,,kg,,,
sweden,,,,,,,,,3GB / 5 Days,,,,,,,,TELNA-SWEDEN-3GB-5D,0.0,,0,deny,manual,7.99,,false,false,,,,,,,,,,,,,kg,,,
sweden,,,,,,,,,3GB / 10 Days,,,,,,,,TELNA-SWEDEN-3GB-10D,0.0,,0,deny,manual,7.99,,false,false,,,,,,,,,,,,,kg,,,
sweden,,,,,,,,,3GB / 15 Days,,,,,,,,TELNA-SWEDEN-3GB-15D,0.0,,0,deny,manual,8.99,,false,false,,,,,,,,,,,,,kg,,,
sweden,,,,,,,,,3GB / 30 Days,,,,,,,,TELNA-SWEDEN-3GB-30D,0.0,,0,deny,manual,9.99,,false,false,,,,,,,,,,,,,kg,,,
sweden,,,,,,,,,5GB / 5 Days,,,,,,,,TELNA-SWEDEN-5GB-5D,0.0,,0,deny,manual,4.99,,false,false,,,,,,,,,,,,,kg,,,
sweden,,,,,,,,,5GB / 10 Days,,,,,,,,TELNA-SWEDEN-5GB-10D,0.0,,0,deny,manual,5.99,,false,false,,,,,,,,,,,,,kg,,,
sweden,,,,,,,,,5GB / 15 Days,,,,,,,,TELNA-SWEDEN-5GB-15D,0.0,,0,deny,manual,6.99,,false,false,,,,,,,,,,,,,kg,,,
sweden,,,,,,,,,5GB / 30 Days,,,,,,,,TELNA-SWEDEN-5GB-30D,0.0,,0,deny,manual,8.99,,false,false,,,,,,,,,,,,,kg,,,
sweden,,,,,,,,,10GB / 5 Days,,,,,,,,TELNA-SWEDEN-10GB-5D,0.0,,0,deny,manual,8.99,,false,false,,,,,,,,,,,,,kg,,,
sweden,,,,,,,,,10GB / 10 Days,,,,,,,,TELNA-SWEDEN-10GB-10D,0.0,,0,deny,manual,9.99,,false,false,,,,,,,,,,,,,kg,,,
sweden,,,,,,,,,10GB / 15 Days,,,,,,,,TELNA-SWEDEN-10GB-15D,0.0,,0,deny,manual,9.99,,false,false,,,,,,,,,,,,,kg,,,
sweden,,,,,,,,,10GB / 30 Days,,,,,,,,TELNA-SWEDEN-10GB-30D,0.0,,0,deny,manual,12.99,,false,false,,,,,,,,,,,,,kg,,,
sweden,,,,,,,,,20GB / 5 Days,,,,,,,,TELNA-SWEDEN-20GB-5D,0.0,,0,deny,manual,17.99,,false,false,,,,,,,,,,,,,kg,,,
sweden,,,,,,,,,20GB / 10 Days,,,,,,,,TELNA-SWEDEN-20GB-10D,0.0,,0,deny,manual,18.99,,false,false,,,,,,,,,,,,,kg,,,
sweden,,,,,,,,,20GB / 15 Days,,,,,,,,TELNA-SWEDEN-20GB-15D,0.0,,0,deny,manual,19.99,,false,false,,,,,,,,,,,,,kg,,,
sweden,,,,,,,,,20GB / 30 Days,,,,,,,,TELNA-SWEDEN-20GB-30D,0.0,,0,deny,manual,21.99,,false,false,,,,,,,,,,,,,kg,,,
sweden,,,,,,,,,Unlimited / 5 Days,,,,,,,,TELNA-SWEDEN-UNLIMITED-5D,0.0,,0,deny,manual,14.99,,false,false,,,,,,,,,,,,,kg,,,
sweden,,,,,,,,,Unlimited / 10 Days,,,,,,,,TELNA-SWEDEN-UNLIMITED-10D,0.0,,0,deny,manual,24.99,,false,false,,,,,,,,,,,,,kg,,,
sweden,,,,,,,,,Unlimited / 15 Days,,,,,,,,TELNA-SWEDEN-UNLIMITED-15D,0.0,,0,deny,manual,39.99,,false,false,,,,,,,,,,,,,kg,,,
sweden,,,,,,,,,Unlimited / 30 Days,,,,,,,,TELNA-SWEDEN-UNLIMITED-30D,0.0,,0,deny,manual,49.99,,false,false,,,,,,,,,,,,,kg,,,
swaziland,Swaziland,"<p>Travel eSIM data plan for Swaziland.</p>
<p>Si vous possédez déjà une eSIM de chez nous, cet achat sera ajouté à votre eSIM existante sous forme de recharge. S’il s’agit de votre premier achat, nous vous enverrons votre code QR par courriel après la confirmation de votre paiement.</p>",Quebec eSIM,,eSIM,"eSIM, Swaziland, Telna",false,Plan,1GB / 5 Days,,,,,,,,TELNA-SWAZILAND-1GB-5D,0.0,,0,deny,manual,8.99,,false,false,,,,,,,,,false,,,,kg,,,active
swaziland,,,,,,,,,1GB / 10 Days,,,,,,,,TELNA-SWAZILAND-1GB-10D,0.0,,0,deny,manual,9.99,,false,false,,,,,,,,,,,,,kg,,,
swaziland,,,,,,,,,1GB / 15 Days,,,,,,,,TELNA-SWAZILAND-1GB-15D,0.0,,0,deny,manual,9.99,,false,false,,,,,,,,,,,,,kg,,,
swaziland,,,,,,,,,1GB / 30 Days,,,,,,,,TELNA-SWAZILAND-1GB-30D,0.0,,0,deny,manual,12.99,,false,false,,,,,,,,,,,,,kg,,,
swaziland,,,,,,,,,3GB / 5 Days,,,,,,,,TELNA-SWAZILAND-3GB-5D,0.0,,0,deny,manual,18.99,,false,false,,,,,,,,,,,,,kg,,,
swaziland,,,,,,,,,3GB / 10 Days,,,,,,,,TELNA-SWAZILAND-3GB-10D,0.0,,0,deny,manual,19.99,,false,false,,,,,,,,,,,,,kg,,,
swaziland,,,,,,,,,3GB / 15 Days,,,,,,,,TELNA-SWAZILAND-3GB-15D,0.0,,0,deny,manual,19.99,,false,false,,,,,,,,,,,,,kg,,,
swaziland,,,,,,,,,3GB / 30 Days,,,,,,,,TELNA-SWAZILAND-3GB-30D,0.0,,0,deny,manual,22.99,,false,false,,,,,,,,,,,,,kg,,,
swaziland,,,,,,,,,5GB / 5 Days,,,,,,,,TELNA-SWAZILAND-5GB-5D,0.0,,0,deny,manual,32.99,,false,false,,,,,,,,,,,,,kg,,,
swaziland,,,,,,,,,5GB / 10 Days,,,,,,,,TELNA-SWAZILAND-5GB-10D,0.0,,0,deny,manual,33.99,,false,false,,,,,,,,,,,,,kg,,,
swaziland,,,,,,,,,5GB / 15 Days,,,,,,,,TELNA-SWAZILAND-5GB-15D,0.0,,0,deny,manual,34.99,,false,false,,,,,,,,,,,,,kg,,,
swaziland,,,,,,,,,5GB / 30 Days,,,,,,,,TELNA-SWAZILAND-5GB-30D,0.0,,0,deny,manual,36.99,,false,false,,,,,,,,,,,,,kg,,,
swaziland,,,,,,,,,10GB / 5 Days,,,,,,,,TELNA-SWAZILAND-10GB-5D,0.0,,0,deny,manual,52.99,,false,false,,,,,,,,,,,,,kg,,,
swaziland,,,,,,,,,10GB / 10 Days,,,,,,,,TELNA-SWAZILAND-10GB-10D,0.0,,0,deny,manual,53.99,,false,false,,,,,,,,,,,,,kg,,,
swaziland,,,,,,,,,10GB / 15 Days,,,,,,,,TELNA-SWAZILAND-10GB-15D,0.0,,0,deny,manual,54.99,,false,false,,,,,,,,,,,,,kg,,,
swaziland,,,,,,,,,10GB / 30 Days,,,,,,,,TELNA-SWAZILAND-10GB-30D,0.0,,0,deny,manual,58.99,,false,false,,,,,,,,,,,,,kg,,,
swaziland,,,,,,,,,20GB / 5 Days,,,,,,,,TELNA-SWAZILAND-20GB-5D,0.0,,0,deny,manual,69.99,,false,false,,,,,,,,,,,,,kg,,,
swaziland,,,,,,,,,20GB / 10 Days,,,,,,,,TELNA-SWAZILAND-20GB-10D,0.0,,0,deny,manual,69.99,,false,false,,,,,,,,,,,,,kg,,,
swaziland,,,,,,,,,20GB / 15 Days,,,,,,,,TELNA-SWAZILAND-20GB-15D,0.0,,0,deny,manual,74.99,,false,false,,,,,,,,,,,,,kg,,,
swaziland,,,,,,,,,20GB / 30 Days,,,,,,,,TELNA-SWAZILAND-20GB-30D,0.0,,0,deny,manual,74.99,,false,false,,,,,,,,,,,,,kg,,,
suriname,Suriname,"<p>Travel eSIM data plan for Suriname.</p>
<p>Si vous possédez déjà une eSIM de chez nous, cet achat sera ajouté à votre eSIM existante sous forme de recharge. S’il s’agit de votre premier achat, nous vous enverrons votre code QR par courriel après la confirmation de votre paiement.</p>",Quebec eSIM,,eSIM,"eSIM, Suriname, Telna",false,Plan,1GB / 5 Days,,,,,,,,TELNA-SURINAME-1GB-5D,0.0,,0,deny,manual,8.99,,false,false,,,,,,,,,false,,,,kg,,,active
suriname,,,,,,,,,1GB / 10 Days,,,,,,,,TELNA-SURINAME-1GB-10D,0.0,,0,deny,manual,9.99,,false,false,,,,,,,,,,,,,kg,,,
suriname,,,,,,,,,1GB / 15 Days,,,,,,,,TELNA-SURINAME-1GB-15D,0.0,,0,deny,manual,9.99,,false,false,,,,,,,,,,,,,kg,,,
suriname,,,,,,,,,1GB / 30 Days,,,,,,,,TELNA-SURINAME-1GB-30D,0.0,,0,deny,manual,12.99,,false,false,,,,,,,,,,,,,kg,,,
suriname,,,,,,,,,3GB / 5 Days,,,,,,,,TELNA-SURINAME-3GB-5D,0.0,,0,deny,manual,18.99,,false,false,,,,,,,,,,,,,kg,,,
suriname,,,,,,,,,3GB / 10 Days,,,,,,,,TELNA-SURINAME-3GB-10D,0.0,,0,deny,manual,19.99,,false,false,,,,,,,,,,,,,kg,,,
suriname,,,,,,,,,3GB / 15 Days,,,,,,,,TELNA-SURINAME-3GB-15D,0.0,,0,deny,manual,19.99,,false,false,,,,,,,,,,,,,kg,,,
suriname,,,,,,,,,3GB / 30 Days,,,,,,,,TELNA-SURINAME-3GB-30D,0.0,,0,deny,manual,22.99,,false,false,,,,,,,,,,,,,kg,,,
suriname,,,,,,,,,5GB / 5 Days,,,,,,,,TELNA-SURINAME-5GB-5D,0.0,,0,deny,manual,32.99,,false,false,,,,,,,,,,,,,kg,,,
suriname,,,,,,,,,5GB / 10 Days,,,,,,,,TELNA-SURINAME-5GB-10D,0.0,,0,deny,manual,33.99,,false,false,,,,,,,,,,,,,kg,,,
suriname,,,,,,,,,5GB / 15 Days,,,,,,,,TELNA-SURINAME-5GB-15D,0.0,,0,deny,manual,34.99,,false,false,,,,,,,,,,,,,kg,,,
suriname,,,,,,,,,5GB / 30 Days,,,,,,,,TELNA-SURINAME-5GB-30D,0.0,,0,deny,manual,36.99,,false,false,,,,,,,,,,,,,kg,,,
suriname,,,,,,,,,10GB / 5 Days,,,,,,,,TELNA-SURINAME-10GB-5D,0.0,,0,deny,manual,52.99,,false,false,,,,,,,,,,,,,kg,,,
suriname,,,,,,,,,10GB / 10 Days,,,,,,,,TELNA-SURINAME-10GB-10D,0.0,,0,deny,manual,53.99,,false,false,,,,,,,,,,,,,kg,,,
suriname,,,,,,,,,10GB / 15 Days,,,,,,,,TELNA-SURINAME-10GB-15D,0.0,,0,deny,manual,54.99,,false,false,,,,,,,,,,,,,kg,,,
suriname,,,,,,,,,10GB / 30 Days,,,,,,,,TELNA-SURINAME-10GB-30D,0.0,,0,deny,manual,58.99,,false,false,,,,,,,,,,,,,kg,,,
sudan,Sudan,"<p>Travel eSIM data plan for Sudan.</p>
<p>Si vous possédez déjà une eSIM de chez nous, cet achat sera ajouté à votre eSIM existante sous forme de recharge. S’il s’agit de votre premier achat, nous vous enverrons votre code QR par courriel après la confirmation de votre paiement.</p>",Quebec eSIM,,eSIM,"eSIM, Sudan, Telna",false,Plan,1GB / 5 Days,,,,,,,,TELNA-SUDAN-1GB-5D,0.0,,0,deny,manual,9.99,,false,false,,,,,,,,,false,,,,kg,,,active
sudan,,,,,,,,,1GB / 10 Days,,,,,,,,TELNA-SUDAN-1GB-10D,0.0,,0,deny,manual,10.99,,false,false,,,,,,,,,,,,,kg,,,
sudan,,,,,,,,,1GB / 15 Days,,,,,,,,TELNA-SUDAN-1GB-15D,0.0,,0,deny,manual,11.99,,false,false,,,,,,,,,,,,,kg,,,
sudan,,,,,,,,,1GB / 30 Days,,,,,,,,TELNA-SUDAN-1GB-30D,0.0,,0,deny,manual,13.99,,false,false,,,,,,,,,,,,,kg,,,
sudan,,,,,,,,,3GB / 5 Days,,,,,,,,TELNA-SUDAN-3GB-5D,0.0,,0,deny,manual,28.99,,false,false,,,,,,,,,,,,,kg,,,
sudan,,,,,,,,,3GB / 10 Days,,,,,,,,TELNA-SUDAN-3GB-10D,0.0,,0,deny,manual,29.99,,false,false,,,,,,,,,,,,,kg,,,
sudan,,,,,,,,,3GB / 15 Days,,,,,,,,TELNA-SUDAN-3GB-15D,0.0,,0,deny,manual,29.99,,false,false,,,,,,,,,,,,,kg,,,
sudan,,,,,,,,,3GB / 30 Days,,,,,,,,TELNA-SUDAN-3GB-30D,0.0,,0,deny,manual,32.99,,false,false,,,,,,,,,,,,,kg,,,
sudan,,,,,,,,,5GB / 5 Days,,,,,,,,TELNA-SUDAN-5GB-5D,0.0,,0,deny,manual,48.99,,false,false,,,,,,,,,,,,,kg,,,
sudan,,,,,,,,,5GB / 10 Days,,,,,,,,TELNA-SUDAN-5GB-10D,0.0,,0,deny,manual,49.99,,false,false,,,,,,,,,,,,,kg,,,
sudan,,,,,,,,,5GB / 15 Days,,,,,,,,TELNA-SUDAN-5GB-15D,0.0,,0,deny,manual,49.99,,false,false,,,,,,,,,,,,,kg,,,
sudan,,,,,,,,,5GB / 30 Days,,,,,,,,TELNA-SUDAN-5GB-30D,0.0,,0,deny,manual,54.99,,false,false,,,,,,,,,,,,,kg,,,
sudan,,,,,,,,,10GB / 5 Days,,,,,,,,TELNA-SUDAN-10GB-5D,0.0,,0,deny,manual,78.99,,false,false,,,,,,,,,,,,,kg,,,
sudan,,,,,,,,,10GB / 10 Days,,,,,,,,TELNA-SUDAN-10GB-10D,0.0,,0,deny,manual,79.99,,false,false,,,,,,,,,,,,,kg,,,
sudan,,,,,,,,,10GB / 15 Days,,,,,,,,TELNA-SUDAN-10GB-15D,0.0,,0,deny,manual,79.99,,false,false,,,,,,,,,,,,,kg,,,
sudan,,,,,,,,,10GB / 30 Days,,,,,,,,TELNA-SUDAN-10GB-30D,0.0,,0,deny,manual,84.99,,false,false,,,,,,,,,,,,,kg,,,
st-vincent-and-the-grenadines,St. Vincent and the Grenadines,"<p>Travel eSIM data plan for St. Vincent and the Grenadines.</p>
<p>Si vous possédez déjà une eSIM de chez nous, cet achat sera ajouté à votre eSIM existante sous forme de recharge. S’il s’agit de votre premier achat, nous vous enverrons votre code QR par courriel après la confirmation de votre paiement.</p>",Quebec eSIM,,eSIM,"eSIM, St. Vincent and the Grenadines, Telna",false,Plan,1GB / 5 Days,,,,,,,,TELNA-ST-VINCENT-AND-THE-GRENADINES-1GB-5D,0.0,,0,deny,manual,4.99,,false,false,,,,,,,,,false,,,,kg,,,active
st-vincent-and-the-grenadines,,,,,,,,,1GB / 10 Days,,,,,,,,TELNA-ST-VINCENT-AND-THE-GRENADINES-1GB-10D,0.0,,0,deny,manual,5.99,,false,false,,,,,,,,,,,,,kg,,,
st-vincent-and-the-grenadines,,,,,,,,,1GB / 15 Days,,,,,,,,TELNA-ST-VINCENT-AND-THE-GRENADINES-1GB-15D,0.0,,0,deny,manual,6.99,,false,false,,,,,,,,,,,,,kg,,,
st-vincent-and-the-grenadines,,,,,,,,,1GB / 30 Days,,,,,,,,TELNA-ST-VINCENT-AND-THE-GRENADINES-1GB-30D,0.0,,0,deny,manual,8.99,,false,false,,,,,,,,,,,,,kg,,,
st-vincent-and-the-grenadines,,,,,,,,,3GB / 5 Days,,,,,,,,TELNA-ST-VINCENT-AND-THE-GRENADINES-3GB-5D,0.0,,0,deny,manual,13.99,,false,false,,,,,,,,,,,,,kg,,,
st-vincent-and-the-grenadines,,,,,,,,,3GB / 10 Days,,,,,,,,TELNA-ST-VINCENT-AND-THE-GRENADINES-3GB-10D,0.0,,0,deny,manual,14.99,,false,false,,,,,,,,,,,,,kg,,,
st-vincent-and-the-grenadines,,,,,,,,,3GB / 15 Days,,,,,,,,TELNA-ST-VINCENT-AND-THE-GRENADINES-3GB-15D,0.0,,0,deny,manual,14.99,,false,false,,,,,,,,,,,,,kg,,,
st-vincent-and-the-grenadines,,,,,,,,,3GB / 30 Days,,,,,,,,TELNA-ST-VINCENT-AND-THE-GRENADINES-3GB-30D,0.0,,0,deny,manual,17.99,,false,false,,,,,,,,,,,,,kg,,,
st-vincent-and-the-grenadines,,,,,,,,,5GB / 5 Days,,,,,,,,TELNA-ST-VINCENT-AND-THE-GRENADINES-5GB-5D,0.0,,0,deny,manual,23.99,,false,false,,,,,,,,,,,,,kg,,,
st-vincent-and-the-grenadines,,,,,,,,,5GB / 10 Days,,,,,,,,TELNA-ST-VINCENT-AND-THE-GRENADINES-5GB-10D,0.0,,0,deny,manual,24.99,,false,false,,,,,,,,,,,,,kg,,,
st-vincent-and-the-grenadines,,,,,,,,,5GB / 15 Days,,,,,,,,TELNA-ST-VINCENT-AND-THE-GRENADINES-5GB-15D,0.0,,0,deny,manual,24.99,,false,false,,,,,,,,,,,,,kg,,,
st-vincent-and-the-grenadines,,,,,,,,,5GB / 30 Days,,,,,,,,TELNA-ST-VINCENT-AND-THE-GRENADINES-5GB-30D,0.0,,0,deny,manual,27.99,,false,false,,,,,,,,,,,,,kg,,,
st-vincent-and-the-grenadines,,,,,,,,,10GB / 5 Days,,,,,,,,TELNA-ST-VINCENT-AND-THE-GRENADINES-10GB-5D,0.0,,0,deny,manual,40.99,,false,false,,,,,,,,,,,,,kg,,,
st-vincent-and-the-grenadines,,,,,,,,,10GB / 10 Days,,,,,,,,TELNA-ST-VINCENT-AND-THE-GRENADINES-10GB-10D,0.0,,0,deny,manual,41.99,,false,false,,,,,,,,,,,,,kg,,,
st-vincent-and-the-grenadines,,,,,,,,,10GB / 15 Days,,,,,,,,TELNA-ST-VINCENT-AND-THE-GRENADINES-10GB-15D,0.0,,0,deny,manual,42.99,,false,false,,,,,,,,,,,,,kg,,,
st-vincent-and-the-grenadines,,,,,,,,,10GB / 30 Days,,,,,,,,TELNA-ST-VINCENT-AND-THE-GRENADINES-10GB-30D,0.0,,0,deny,manual,46.99,,false,false,,,,,,,,,,,,,kg,,,
st-vincent-and-the-grenadines,,,,,,,,,20GB / 5 Days,,,,,,,,TELNA-ST-VINCENT-AND-THE-GRENADINES-20GB-5D,0.0,,0,deny,manual,60.99,,false,false,,,,,,,,,,,,,kg,,,
st-vincent-and-the-grenadines,,,,,,,,,20GB / 10 Days,,,,,,,,TELNA-ST-VINCENT-AND-THE-GRENADINES-20GB-10D,0.0,,0,deny,manual,61.99,,false,false,,,,,,,,,,,,,kg,,,
st-vincent-and-the-grenadines,,,,,,,,,20GB / 15 Days,,,,,,,,TELNA-ST-VINCENT-AND-THE-GRENADINES-20GB-15D,0.0,,0,deny,manual,62.99,,false,false,,,,,,,,,,,,,kg,,,
st-vincent-and-the-grenadines,,,,,,,,,20GB / 30 Days,,,,,,,,TELNA-ST-VINCENT-AND-THE-GRENADINES-20GB-30D,0.0,,0,deny,manual,66.99,,false,false,,,,,,,,,,,,,kg,,,
sri-lanka,Sri Lanka,"<p>Travel eSIM data plan for Sri Lanka.</p>
<p>Si vous possédez déjà une eSIM de chez nous, cet achat sera ajouté à votre eSIM existante sous forme de recharge. S’il s’agit de votre premier achat, nous vous enverrons votre code QR par courriel après la confirmation de votre paiement.</p>",Quebec eSIM,,eSIM,"eSIM, Sri Lanka, Telna",false,Plan,1GB / 5 Days,,,,,,,,TELNA-SRI-LANKA-1GB-5D,0.0,,0,deny,manual,3.99,,false,false,,,,,,,,,false,,,,kg,,,active
sri-lanka,,,,,,,,,1GB / 10 Days,,,,,,,,TELNA-SRI-LANKA-1GB-10D,0.0,,0,deny,manual,4.99,,false,false,,,,,,,,,,,,,kg,,,
sri-lanka,,,,,,,,,1GB / 15 Days,,,,,,,,TELNA-SRI-LANKA-1GB-15D,0.0,,0,deny,manual,4.99,,false,false,,,,,,,,,,,,,kg,,,
sri-lanka,,,,,,,,,1GB / 30 Days,,,,,,,,TELNA-SRI-LANKA-1GB-30D,0.0,,0,deny,manual,7.99,,false,false,,,,,,,,,,,,,kg,,,
sri-lanka,,,,,,,,,3GB / 5 Days,,,,,,,,TELNA-SRI-LANKA-3GB-5D,0.0,,0,deny,manual,4.99,,false,false,,,,,,,,,,,,,kg,,,
sri-lanka,,,,,,,,,3GB / 10 Days,,,,,,,,TELNA-SRI-LANKA-3GB-10D,0.0,,0,deny,manual,5.99,,false,false,,,,,,,,,,,,,kg,,,
sri-lanka,,,,,,,,,3GB / 15 Days,,,,,,,,TELNA-SRI-LANKA-3GB-15D,0.0,,0,deny,manual,6.99,,false,false,,,,,,,,,,,,,kg,,,
sri-lanka,,,,,,,,,3GB / 30 Days,,,,,,,,TELNA-SRI-LANKA-3GB-30D,0.0,,0,deny,manual,8.99,,false,false,,,,,,,,,,,,,kg,,,
sri-lanka,,,,,,,,,5GB / 5 Days,,,,,,,,TELNA-SRI-LANKA-5GB-5D,0.0,,0,deny,manual,5.99,,false,false,,,,,,,,,,,,,kg,,,
sri-lanka,,,,,,,,,5GB / 10 Days,,,,,,,,TELNA-SRI-LANKA-5GB-10D,0.0,,0,deny,manual,6.99,,false,false,,,,,,,,,,,,,kg,,,
sri-lanka,,,,,,,,,5GB / 15 Days,,,,,,,,TELNA-SRI-LANKA-5GB-15D,0.0,,0,deny,manual,7.99,,false,false,,,,,,,,,,,,,kg,,,
sri-lanka,,,,,,,,,5GB / 30 Days,,,,,,,,TELNA-SRI-LANKA-5GB-30D,0.0,,0,deny,manual,9.99,,false,false,,,,,,,,,,,,,kg,,,
sri-lanka,,,,,,,,,10GB / 5 Days,,,,,,,,TELNA-SRI-LANKA-10GB-5D,0.0,,0,deny,manual,12.99,,false,false,,,,,,,,,,,,,kg,,,
sri-lanka,,,,,,,,,10GB / 10 Days,,,,,,,,TELNA-SRI-LANKA-10GB-10D,0.0,,0,deny,manual,13.99,,false,false,,,,,,,,,,,,,kg,,,
sri-lanka,,,,,,,,,10GB / 15 Days,,,,,,,,TELNA-SRI-LANKA-10GB-15D,0.0,,0,deny,manual,14.99,,false,false,,,,,,,,,,,,,kg,,,
sri-lanka,,,,,,,,,10GB / 30 Days,,,,,,,,TELNA-SRI-LANKA-10GB-30D,0.0,,0,deny,manual,16.99,,false,false,,,,,,,,,,,,,kg,,,
sri-lanka,,,,,,,,,20GB / 5 Days,,,,,,,,TELNA-SRI-LANKA-20GB-5D,0.0,,0,deny,manual,23.99,,false,false,,,,,,,,,,,,,kg,,,
sri-lanka,,,,,,,,,20GB / 10 Days,,,,,,,,TELNA-SRI-LANKA-20GB-10D,0.0,,0,deny,manual,24.99,,false,false,,,,,,,,,,,,,kg,,,
sri-lanka,,,,,,,,,20GB / 15 Days,,,,,,,,TELNA-SRI-LANKA-20GB-15D,0.0,,0,deny,manual,24.99,,false,false,,,,,,,,,,,,,kg,,,
sri-lanka,,,,,,,,,20GB / 30 Days,,,,,,,,TELNA-SRI-LANKA-20GB-30D,0.0,,0,deny,manual,27.99,,false,false,,,,,,,,,,,,,kg,,,
sri-lanka,,,,,,,,,Unlimited / 5 Days,,,,,,,,TELNA-SRI-LANKA-UNLIMITED-5D,0.0,,0,deny,manual,17.99,,false,false,,,,,,,,,,,,,kg,,,
sri-lanka,,,,,,,,,Unlimited / 10 Days,,,,,,,,TELNA-SRI-LANKA-UNLIMITED-10D,0.0,,0,deny,manual,24.99,,false,false,,,,,,,,,,,,,kg,,,
sri-lanka,,,,,,,,,Unlimited / 15 Days,,,,,,,,TELNA-SRI-LANKA-UNLIMITED-15D,0.0,,0,deny,manual,39.99,,false,false,,,,,,,,,,,,,kg,,,
sri-lanka,,,,,,,,,Unlimited / 30 Days,,,,,,,,TELNA-SRI-LANKA-UNLIMITED-30D,0.0,,0,deny,manual,49.99,,false,false,,,,,,,,,,,,,kg,,,
south-korea,South Korea,"<p>Travel eSIM data plan for South Korea.</p>
<p>Si vous possédez déjà une eSIM de chez nous, cet achat sera ajouté à votre eSIM existante sous forme de recharge. S’il s’agit de votre premier achat, nous vous enverrons votre code QR par courriel après la confirmation de votre paiement.</p>",Quebec eSIM,,eSIM,"eSIM, South Korea, Telna",false,Plan,1GB / 5 Days,,,,,,,,TELNA-SOUTH-KOREA-1GB-5D,0.0,,0,deny,manual,3.99,,false,false,,,,,,,,,false,,,,kg,,,active
south-korea,,,,,,,,,1GB / 10 Days,,,,,,,,TELNA-SOUTH-KOREA-1GB-10D,0.0,,0,deny,manual,4.99,,false,false,,,,,,,,,,,,,kg,,,
south-korea,,,,,,,,,1GB / 15 Days,,,,,,,,TELNA-SOUTH-KOREA-1GB-15D,0.0,,0,deny,manual,4.99,,false,false,,,,,,,,,,,,,kg,,,
south-korea,,,,,,,,,1GB / 30 Days,,,,,,,,TELNA-SOUTH-KOREA-1GB-30D,0.0,,0,deny,manual,7.99,,false,false,,,,,,,,,,,,,kg,,,
south-korea,,,,,,,,,3GB / 5 Days,,,,,,,,TELNA-SOUTH-KOREA-3GB-5D,0.0,,0,deny,manual,4.99,,false,false,,,,,,,,,,,,,kg,,,
south-korea,,,,,,,,,3GB / 10 Days,,,,,,,,TELNA-SOUTH-KOREA-3GB-10D,0.0,,0,deny,manual,5.99,,false,false,,,,,,,,,,,,,kg,,,
south-korea,,,,,,,,,3GB / 15 Days,,,,,,,,TELNA-SOUTH-KOREA-3GB-15D,0.0,,0,deny,manual,6.99,,false,false,,,,,,,,,,,,,kg,,,
south-korea,,,,,,,,,3GB / 30 Days,,,,,,,,TELNA-SOUTH-KOREA-3GB-30D,0.0,,0,deny,manual,8.99,,false,false,,,,,,,,,,,,,kg,,,
south-korea,,,,,,,,,5GB / 5 Days,,,,,,,,TELNA-SOUTH-KOREA-5GB-5D,0.0,,0,deny,manual,5.99,,false,false,,,,,,,,,,,,,kg,,,
south-korea,,,,,,,,,5GB / 10 Days,,,,,,,,TELNA-SOUTH-KOREA-5GB-10D,0.0,,0,deny,manual,6.99,,false,false,,,,,,,,,,,,,kg,,,
south-korea,,,,,,,,,5GB / 15 Days,,,,,,,,TELNA-SOUTH-KOREA-5GB-15D,0.0,,0,deny,manual,7.99,,false,false,,,,,,,,,,,,,kg,,,
south-korea,,,,,,,,,5GB / 30 Days,,,,,,,,TELNA-SOUTH-KOREA-5GB-30D,0.0,,0,deny,manual,9.99,,false,false,,,,,,,,,,,,,kg,,,
south-korea,,,,,,,,,10GB / 5 Days,,,,,,,,TELNA-SOUTH-KOREA-10GB-5D,0.0,,0,deny,manual,12.99,,false,false,,,,,,,,,,,,,kg,,,
south-korea,,,,,,,,,10GB / 10 Days,,,,,,,,TELNA-SOUTH-KOREA-10GB-10D,0.0,,0,deny,manual,13.99,,false,false,,,,,,,,,,,,,kg,,,
south-korea,,,,,,,,,10GB / 15 Days,,,,,,,,TELNA-SOUTH-KOREA-10GB-15D,0.0,,0,deny,manual,14.99,,false,false,,,,,,,,,,,,,kg,,,
south-korea,,,,,,,,,10GB / 30 Days,,,,,,,,TELNA-SOUTH-KOREA-10GB-30D,0.0,,0,deny,manual,16.99,,false,false,,,,,,,,,,,,,kg,,,
south-korea,,,,,,,,,20GB / 5 Days,,,,,,,,TELNA-SOUTH-KOREA-20GB-5D,0.0,,0,deny,manual,23.99,,false,false,,,,,,,,,,,,,kg,,,
south-korea,,,,,,,,,20GB / 10 Days,,,,,,,,TELNA-SOUTH-KOREA-20GB-10D,0.0,,0,deny,manual,24.99,,false,false,,,,,,,,,,,,,kg,,,
south-korea,,,,,,,,,20GB / 15 Days,,,,,,,,TELNA-SOUTH-KOREA-20GB-15D,0.0,,0,deny,manual,24.99,,false,false,,,,,,,,,,,,,kg,,,
south-korea,,,,,,,,,20GB / 30 Days,,,,,,,,TELNA-SOUTH-KOREA-20GB-30D,0.0,,0,deny,manual,27.99,,false,false,,,,,,,,,,,,,kg,,,
south-korea,,,,,,,,,Unlimited / 5 Days,,,,,,,,TELNA-SOUTH-KOREA-UNLIMITED-5D,0.0,,0,deny,manual,17.99,,false,false,,,,,,,,,,,,,kg,,,
south-korea,,,,,,,,,Unlimited / 10 Days,,,,,,,,TELNA-SOUTH-KOREA-UNLIMITED-10D,0.0,,0,deny,manual,29.99,,false,false,,,,,,,,,,,,,kg,,,
south-korea,,,,,,,,,Unlimited / 15 Days,,,,,,,,TELNA-SOUTH-KOREA-UNLIMITED-15D,0.0,,0,deny,manual,44.99,,false,false,,,,,,,,,,,,,kg,,,
south-korea,,,,,,,,,Unlimited / 30 Days,,,,,,,,TELNA-SOUTH-KOREA-UNLIMITED-30D,0.0,,0,deny,manual,54.99,,false,false,,,,,,,,,,,,,kg,,,
south-africa,South Africa,"<p>Travel eSIM data plan for South Africa.</p>
<p>Si vous possédez déjà une eSIM de chez nous, cet achat sera ajouté à votre eSIM existante sous forme de recharge. S’il s’agit de votre premier achat, nous vous enverrons votre code QR par courriel après la confirmation de votre paiement.</p>",Quebec eSIM,,eSIM,"eSIM, South Africa, Telna",false,Plan,1GB / 5 Days,,,,,,,,TELNA-SOUTH-AFRICA-1GB-5D,0.0,,0,deny,manual,3.99,,false,false,,,,,,,,,false,,,,kg,,,active
south-africa,,,,,,,,,1GB / 10 Days,,,,,,,,TELNA-SOUTH-AFRICA-1GB-10D,0.0,,0,deny,manual,4.99,,false,false,,,,,,,,,,,,,kg,,,
south-africa,,,,,,,,,1GB / 15 Days,,,,,,,,TELNA-SOUTH-AFRICA-1GB-15D,0.0,,0,deny,manual,4.99,,false,false,,,,,,,,,,,,,kg,,,
south-africa,,,,,,,,,1GB / 30 Days,,,,,,,,TELNA-SOUTH-AFRICA-1GB-30D,0.0,,0,deny,manual,7.99,,false,false,,,,,,,,,,,,,kg,,,
south-africa,,,,,,,,,3GB / 5 Days,,,,,,,,TELNA-SOUTH-AFRICA-3GB-5D,0.0,,0,deny,manual,9.99,,false,false,,,,,,,,,,,,,kg,,,
south-africa,,,,,,,,,3GB / 10 Days,,,,,,,,TELNA-SOUTH-AFRICA-3GB-10D,0.0,,0,deny,manual,9.99,,false,false,,,,,,,,,,,,,kg,,,
south-africa,,,,,,,,,3GB / 15 Days,,,,,,,,TELNA-SOUTH-AFRICA-3GB-15D,0.0,,0,deny,manual,10.99,,false,false,,,,,,,,,,,,,kg,,,
south-africa,,,,,,,,,3GB / 30 Days,,,,,,,,TELNA-SOUTH-AFRICA-3GB-30D,0.0,,0,deny,manual,11.99,,false,false,,,,,,,,,,,,,kg,,,
south-africa,,,,,,,,,5GB / 5 Days,,,,,,,,TELNA-SOUTH-AFRICA-5GB-5D,0.0,,0,deny,manual,5.99,,false,false,,,,,,,,,,,,,kg,,,
south-africa,,,,,,,,,5GB / 10 Days,,,,,,,,TELNA-SOUTH-AFRICA-5GB-10D,0.0,,0,deny,manual,6.99,,false,false,,,,,,,,,,,,,kg,,,
south-africa,,,,,,,,,5GB / 15 Days,,,,,,,,TELNA-SOUTH-AFRICA-5GB-15D,0.0,,0,deny,manual,7.99,,false,false,,,,,,,,,,,,,kg,,,
south-africa,,,,,,,,,5GB / 30 Days,,,,,,,,TELNA-SOUTH-AFRICA-5GB-30D,0.0,,0,deny,manual,9.99,,false,false,,,,,,,,,,,,,kg,,,
south-africa,,,,,,,,,10GB / 5 Days,,,,,,,,TELNA-SOUTH-AFRICA-10GB-5D,0.0,,0,deny,manual,12.99,,false,false,,,,,,,,,,,,,kg,,,
south-africa,,,,,,,,,10GB / 10 Days,,,,,,,,TELNA-SOUTH-AFRICA-10GB-10D,0.0,,0,deny,manual,13.99,,false,false,,,,,,,,,,,,,kg,,,
south-africa,,,,,,,,,10GB / 15 Days,,,,,,,,TELNA-SOUTH-AFRICA-10GB-15D,0.0,,0,deny,manual,14.99,,false,false,,,,,,,,,,,,,kg,,,
south-africa,,,,,,,,,10GB / 30 Days,,,,,,,,TELNA-SOUTH-AFRICA-10GB-30D,0.0,,0,deny,manual,16.99,,false,false,,,,,,,,,,,,,kg,,,
south-africa,,,,,,,,,20GB / 5 Days,,,,,,,,TELNA-SOUTH-AFRICA-20GB-5D,0.0,,0,deny,manual,23.99,,false,false,,,,,,,,,,,,,kg,,,
south-africa,,,,,,,,,20GB / 10 Days,,,,,,,,TELNA-SOUTH-AFRICA-20GB-10D,0.0,,0,deny,manual,24.99,,false,false,,,,,,,,,,,,,kg,,,
south-africa,,,,,,,,,20GB / 15 Days,,,,,,,,TELNA-SOUTH-AFRICA-20GB-15D,0.0,,0,deny,manual,24.99,,false,false,,,,,,,,,,,,,kg,,,
south-africa,,,,,,,,,20GB / 30 Days,,,,,,,,TELNA-SOUTH-AFRICA-20GB-30D,0.0,,0,deny,manual,27.99,,false,false,,,,,,,,,,,,,kg,,,
south-africa,,,,,,,,,Unlimited / 5 Days,,,,,,,,TELNA-SOUTH-AFRICA-UNLIMITED-5D,0.0,,0,deny,manual,24.99,,false,false,,,,,,,,,,,,,kg,,,
south-africa,,,,,,,,,Unlimited / 10 Days,,,,,,,,TELNA-SOUTH-AFRICA-UNLIMITED-10D,0.0,,0,deny,manual,49.99,,false,false,,,,,,,,,,,,,kg,,,
south-africa,,,,,,,,,Unlimited / 15 Days,,,,,,,,TELNA-SOUTH-AFRICA-UNLIMITED-15D,0.0,,0,deny,manual,64.99,,false,false,,,,,,,,,,,,,kg,,,
south-africa,,,,,,,,,Unlimited / 30 Days,,,,,,,,TELNA-SOUTH-AFRICA-UNLIMITED-30D,0.0,,0,deny,manual,99.99,,false,false,,,,,,,,,,,,,kg,,,
slovenia,Slovenia,"<p>Travel eSIM data plan for Slovenia.</p>
<p>Si vous possédez déjà une eSIM de chez nous, cet achat sera ajouté à votre eSIM existante sous forme de recharge. S’il s’agit de votre premier achat, nous vous enverrons votre code QR par courriel après la confirmation de votre paiement.</p>",Quebec eSIM,,eSIM,"eSIM, Slovenia, Telna",false,Plan,1GB / 5 Days,,,,,,,,TELNA-SLOVENIA-1GB-5D,0.0,,0,deny,manual,3.99,,false,false,,,,,,,,,false,,,,kg,,,active
slovenia,,,,,,,,,1GB / 10 Days,,,,,,,,TELNA-SLOVENIA-1GB-10D,0.0,,0,deny,manual,4.99,,false,false,,,,,,,,,,,,,kg,,,
slovenia,,,,,,,,,1GB / 15 Days,,,,,,,,TELNA-SLOVENIA-1GB-15D,0.0,,0,deny,manual,4.99,,false,false,,,,,,,,,,,,,kg,,,
slovenia,,,,,,,,,1GB / 30 Days,,,,,,,,TELNA-SLOVENIA-1GB-30D,0.0,,0,deny,manual,7.99,,false,false,,,,,,,,,,,,,kg,,,
slovenia,,,,,,,,,3GB / 5 Days,,,,,,,,TELNA-SLOVENIA-3GB-5D,0.0,,0,deny,manual,6.99,,false,false,,,,,,,,,,,,,kg,,,
slovenia,,,,,,,,,3GB / 10 Days,,,,,,,,TELNA-SLOVENIA-3GB-10D,0.0,,0,deny,manual,6.99,,false,false,,,,,,,,,,,,,kg,,,
slovenia,,,,,,,,,3GB / 15 Days,,,,,,,,TELNA-SLOVENIA-3GB-15D,0.0,,0,deny,manual,7.99,,false,false,,,,,,,,,,,,,kg,,,
slovenia,,,,,,,,,3GB / 30 Days,,,,,,,,TELNA-SLOVENIA-3GB-30D,0.0,,0,deny,manual,8.99,,false,false,,,,,,,,,,,,,kg,,,
slovenia,,,,,,,,,5GB / 5 Days,,,,,,,,TELNA-SLOVENIA-5GB-5D,0.0,,0,deny,manual,5.99,,false,false,,,,,,,,,,,,,kg,,,
slovenia,,,,,,,,,5GB / 10 Days,,,,,,,,TELNA-SLOVENIA-5GB-10D,0.0,,0,deny,manual,6.99,,false,false,,,,,,,,,,,,,kg,,,
slovenia,,,,,,,,,5GB / 15 Days,,,,,,,,TELNA-SLOVENIA-5GB-15D,0.0,,0,deny,manual,7.99,,false,false,,,,,,,,,,,,,kg,,,
slovenia,,,,,,,,,5GB / 30 Days,,,,,,,,TELNA-SLOVENIA-5GB-30D,0.0,,0,deny,manual,9.99,,false,false,,,,,,,,,,,,,kg,,,
slovenia,,,,,,,,,10GB / 5 Days,,,,,,,,TELNA-SLOVENIA-10GB-5D,0.0,,0,deny,manual,11.99,,false,false,,,,,,,,,,,,,kg,,,
slovenia,,,,,,,,,10GB / 10 Days,,,,,,,,TELNA-SLOVENIA-10GB-10D,0.0,,0,deny,manual,12.99,,false,false,,,,,,,,,,,,,kg,,,
slovenia,,,,,,,,,10GB / 15 Days,,,,,,,,TELNA-SLOVENIA-10GB-15D,0.0,,0,deny,manual,13.99,,false,false,,,,,,,,,,,,,kg,,,
slovenia,,,,,,,,,10GB / 30 Days,,,,,,,,TELNA-SLOVENIA-10GB-30D,0.0,,0,deny,manual,15.99,,false,false,,,,,,,,,,,,,kg,,,
slovenia,,,,,,,,,20GB / 5 Days,,,,,,,,TELNA-SLOVENIA-20GB-5D,0.0,,0,deny,manual,20.99,,false,false,,,,,,,,,,,,,kg,,,
slovenia,,,,,,,,,20GB / 10 Days,,,,,,,,TELNA-SLOVENIA-20GB-10D,0.0,,0,deny,manual,21.99,,false,false,,,,,,,,,,,,,kg,,,
slovenia,,,,,,,,,20GB / 15 Days,,,,,,,,TELNA-SLOVENIA-20GB-15D,0.0,,0,deny,manual,22.99,,false,false,,,,,,,,,,,,,kg,,,
slovenia,,,,,,,,,20GB / 30 Days,,,,,,,,TELNA-SLOVENIA-20GB-30D,0.0,,0,deny,manual,24.99,,false,false,,,,,,,,,,,,,kg,,,
slovakia,Slovakia,"<p>Travel eSIM data plan for Slovakia.</p>
<p>Si vous possédez déjà une eSIM de chez nous, cet achat sera ajouté à votre eSIM existante sous forme de recharge. S’il s’agit de votre premier achat, nous vous enverrons votre code QR par courriel après la confirmation de votre paiement.</p>",Quebec eSIM,,eSIM,"eSIM, Slovakia, Telna",false,Plan,1GB / 5 Days,,,,,,,,TELNA-SLOVAKIA-1GB-5D,0.0,,0,deny,manual,2.99,,false,false,,,,,,,,,false,,,,kg,,,active
slovakia,,,,,,,,,1GB / 10 Days,,,,,,,,TELNA-SLOVAKIA-1GB-10D,0.0,,0,deny,manual,3.99,,false,false,,,,,,,,,,,,,kg,,,
slovakia,,,,,,,,,1GB / 15 Days,,,,,,,,TELNA-SLOVAKIA-1GB-15D,0.0,,0,deny,manual,4.99,,false,false,,,,,,,,,,,,,kg,,,
slovakia,,,,,,,,,1GB / 30 Days,,,,,,,,TELNA-SLOVAKIA-1GB-30D,0.0,,0,deny,manual,6.99,,false,false,,,,,,,,,,,,,kg,,,
slovakia,,,,,,,,,3GB / 5 Days,,,,,,,,TELNA-SLOVAKIA-3GB-5D,0.0,,0,deny,manual,6.99,,false,false,,,,,,,,,,,,,kg,,,
slovakia,,,,,,,,,3GB / 10 Days,,,,,,,,TELNA-SLOVAKIA-3GB-10D,0.0,,0,deny,manual,6.99,,false,false,,,,,,,,,,,,,kg,,,
slovakia,,,,,,,,,3GB / 15 Days,,,,,,,,TELNA-SLOVAKIA-3GB-15D,0.0,,0,deny,manual,7.99,,false,false,,,,,,,,,,,,,kg,,,
slovakia,,,,,,,,,3GB / 30 Days,,,,,,,,TELNA-SLOVAKIA-3GB-30D,0.0,,0,deny,manual,8.99,,false,false,,,,,,,,,,,,,kg,,,
slovakia,,,,,,,,,5GB / 5 Days,,,,,,,,TELNA-SLOVAKIA-5GB-5D,0.0,,0,deny,manual,4.99,,false,false,,,,,,,,,,,,,kg,,,
slovakia,,,,,,,,,5GB / 10 Days,,,,,,,,TELNA-SLOVAKIA-5GB-10D,0.0,,0,deny,manual,5.99,,false,false,,,,,,,,,,,,,kg,,,
slovakia,,,,,,,,,5GB / 15 Days,,,,,,,,TELNA-SLOVAKIA-5GB-15D,0.0,,0,deny,manual,6.99,,false,false,,,,,,,,,,,,,kg,,,
slovakia,,,,,,,,,5GB / 30 Days,,,,,,,,TELNA-SLOVAKIA-5GB-30D,0.0,,0,deny,manual,8.99,,false,false,,,,,,,,,,,,,kg,,,
slovakia,,,,,,,,,10GB / 5 Days,,,,,,,,TELNA-SLOVAKIA-10GB-5D,0.0,,0,deny,manual,8.99,,false,false,,,,,,,,,,,,,kg,,,
slovakia,,,,,,,,,10GB / 10 Days,,,,,,,,TELNA-SLOVAKIA-10GB-10D,0.0,,0,deny,manual,9.99,,false,false,,,,,,,,,,,,,kg,,,
slovakia,,,,,,,,,10GB / 15 Days,,,,,,,,TELNA-SLOVAKIA-10GB-15D,0.0,,0,deny,manual,9.99,,false,false,,,,,,,,,,,,,kg,,,
slovakia,,,,,,,,,10GB / 30 Days,,,,,,,,TELNA-SLOVAKIA-10GB-30D,0.0,,0,deny,manual,12.99,,false,false,,,,,,,,,,,,,kg,,,
slovakia,,,,,,,,,20GB / 5 Days,,,,,,,,TELNA-SLOVAKIA-20GB-5D,0.0,,0,deny,manual,17.99,,false,false,,,,,,,,,,,,,kg,,,
slovakia,,,,,,,,,20GB / 10 Days,,,,,,,,TELNA-SLOVAKIA-20GB-10D,0.0,,0,deny,manual,18.99,,false,false,,,,,,,,,,,,,kg,,,
slovakia,,,,,,,,,20GB / 15 Days,,,,,,,,TELNA-SLOVAKIA-20GB-15D,0.0,,0,deny,manual,19.99,,false,false,,,,,,,,,,,,,kg,,,
slovakia,,,,,,,,,20GB / 30 Days,,,,,,,,TELNA-SLOVAKIA-20GB-30D,0.0,,0,deny,manual,21.99,,false,false,,,,,,,,,,,,,kg,,,
slovakia,,,,,,,,,Unlimited / 5 Days,,,,,,,,TELNA-SLOVAKIA-UNLIMITED-5D,0.0,,0,deny,manual,17.99,,false,false,,,,,,,,,,,,,kg,,,
slovakia,,,,,,,,,Unlimited / 10 Days,,,,,,,,TELNA-SLOVAKIA-UNLIMITED-10D,0.0,,0,deny,manual,24.99,,false,false,,,,,,,,,,,,,kg,,,
slovakia,,,,,,,,,Unlimited / 15 Days,,,,,,,,TELNA-SLOVAKIA-UNLIMITED-15D,0.0,,0,deny,manual,34.99,,false,false,,,,,,,,,,,,,kg,,,
slovakia,,,,,,,,,Unlimited / 30 Days,,,,,,,,TELNA-SLOVAKIA-UNLIMITED-30D,0.0,,0,deny,manual,39.99,,false,false,,,,,,,,,,,,,kg,,,
sint-maarten,Sint Maarten,"<p>Travel eSIM data plan for Sint Maarten.</p>
<p>Si vous possédez déjà une eSIM de chez nous, cet achat sera ajouté à votre eSIM existante sous forme de recharge. S’il s’agit de votre premier achat, nous vous enverrons votre code QR par courriel après la confirmation de votre paiement.</p>",Quebec eSIM,,eSIM,"eSIM, Sint Maarten, Telna",false,Plan,1GB / 5 Days,,,,,,,,TELNA-SINT-MAARTEN-1GB-5D,0.0,,0,deny,manual,4.99,,false,false,,,,,,,,,false,,,,kg,,,active
sint-maarten,,,,,,,,,1GB / 10 Days,,,,,,,,TELNA-SINT-MAARTEN-1GB-10D,0.0,,0,deny,manual,5.99,,false,false,,,,,,,,,,,,,kg,,,
sint-maarten,,,,,,,,,1GB / 15 Days,,,,,,,,TELNA-SINT-MAARTEN-1GB-15D,0.0,,0,deny,manual,6.99,,false,false,,,,,,,,,,,,,kg,,,
sint-maarten,,,,,,,,,1GB / 30 Days,,,,,,,,TELNA-SINT-MAARTEN-1GB-30D,0.0,,0,deny,manual,8.99,,false,false,,,,,,,,,,,,,kg,,,
sint-maarten,,,,,,,,,3GB / 5 Days,,,,,,,,TELNA-SINT-MAARTEN-3GB-5D,0.0,,0,deny,manual,13.99,,false,false,,,,,,,,,,,,,kg,,,
sint-maarten,,,,,,,,,3GB / 10 Days,,,,,,,,TELNA-SINT-MAARTEN-3GB-10D,0.0,,0,deny,manual,14.99,,false,false,,,,,,,,,,,,,kg,,,
sint-maarten,,,,,,,,,3GB / 15 Days,,,,,,,,TELNA-SINT-MAARTEN-3GB-15D,0.0,,0,deny,manual,14.99,,false,false,,,,,,,,,,,,,kg,,,
sint-maarten,,,,,,,,,3GB / 30 Days,,,,,,,,TELNA-SINT-MAARTEN-3GB-30D,0.0,,0,deny,manual,17.99,,false,false,,,,,,,,,,,,,kg,,,
sint-maarten,,,,,,,,,5GB / 5 Days,,,,,,,,TELNA-SINT-MAARTEN-5GB-5D,0.0,,0,deny,manual,23.99,,false,false,,,,,,,,,,,,,kg,,,
sint-maarten,,,,,,,,,5GB / 10 Days,,,,,,,,TELNA-SINT-MAARTEN-5GB-10D,0.0,,0,deny,manual,24.99,,false,false,,,,,,,,,,,,,kg,,,
sint-maarten,,,,,,,,,5GB / 15 Days,,,,,,,,TELNA-SINT-MAARTEN-5GB-15D,0.0,,0,deny,manual,24.99,,false,false,,,,,,,,,,,,,kg,,,
sint-maarten,,,,,,,,,5GB / 30 Days,,,,,,,,TELNA-SINT-MAARTEN-5GB-30D,0.0,,0,deny,manual,27.99,,false,false,,,,,,,,,,,,,kg,,,
sint-maarten,,,,,,,,,10GB / 5 Days,,,,,,,,TELNA-SINT-MAARTEN-10GB-5D,0.0,,0,deny,manual,40.99,,false,false,,,,,,,,,,,,,kg,,,
sint-maarten,,,,,,,,,10GB / 10 Days,,,,,,,,TELNA-SINT-MAARTEN-10GB-10D,0.0,,0,deny,manual,41.99,,false,false,,,,,,,,,,,,,kg,,,
sint-maarten,,,,,,,,,10GB / 15 Days,,,,,,,,TELNA-SINT-MAARTEN-10GB-15D,0.0,,0,deny,manual,42.99,,false,false,,,,,,,,,,,,,kg,,,
sint-maarten,,,,,,,,,10GB / 30 Days,,,,,,,,TELNA-SINT-MAARTEN-10GB-30D,0.0,,0,deny,manual,46.99,,false,false,,,,,,,,,,,,,kg,,,
singapore,Singapore,"<p>Travel eSIM data plan for Singapore.</p>
<p>Si vous possédez déjà une eSIM de chez nous, cet achat sera ajouté à votre eSIM existante sous forme de recharge. S’il s’agit de votre premier achat, nous vous enverrons votre code QR par courriel après la confirmation de votre paiement.</p>",Quebec eSIM,,eSIM,"eSIM, Singapore, Telna",false,Plan,1GB / 5 Days,,,,,,,,TELNA-SINGAPORE-1GB-5D,0.0,,0,deny,manual,2.99,,false,false,,,,,,,,,false,,,,kg,,,active
singapore,,,,,,,,,1GB / 10 Days,,,,,,,,TELNA-SINGAPORE-1GB-10D,0.0,,0,deny,manual,3.99,,false,false,,,,,,,,,,,,,kg,,,
singapore,,,,,,,,,1GB / 15 Days,,,,,,,,TELNA-SINGAPORE-1GB-15D,0.0,,0,deny,manual,4.99,,false,false,,,,,,,,,,,,,kg,,,
singapore,,,,,,,,,1GB / 30 Days,,,,,,,,TELNA-SINGAPORE-1GB-30D,0.0,,0,deny,manual,6.99,,false,false,,,,,,,,,,,,,kg,,,
singapore,,,,,,,,,3GB / 5 Days,,,,,,,,TELNA-SINGAPORE-3GB-5D,0.0,,0,deny,manual,4.99,,false,false,,,,,,,,,,,,,kg,,,
singapore,,,,,,,,,3GB / 10 Days,,,,,,,,TELNA-SINGAPORE-3GB-10D,0.0,,0,deny,manual,5.99,,false,false,,,,,,,,,,,,,kg,,,
singapore,,,,,,,,,3GB / 15 Days,,,,,,,,TELNA-SINGAPORE-3GB-15D,0.0,,0,deny,manual,6.99,,false,false,,,,,,,,,,,,,kg,,,
singapore,,,,,,,,,3GB / 30 Days,,,,,,,,TELNA-SINGAPORE-3GB-30D,0.0,,0,deny,manual,8.99,,false,false,,,,,,,,,,,,,kg,,,
singapore,,,,,,,,,5GB / 5 Days,,,,,,,,TELNA-SINGAPORE-5GB-5D,0.0,,0,deny,manual,4.99,,false,false,,,,,,,,,,,,,kg,,,
singapore,,,,,,,,,5GB / 10 Days,,,,,,,,TELNA-SINGAPORE-5GB-10D,0.0,,0,deny,manual,5.99,,false,false,,,,,,,,,,,,,kg,,,
singapore,,,,,,,,,5GB / 15 Days,,,,,,,,TELNA-SINGAPORE-5GB-15D,0.0,,0,deny,manual,6.99,,false,false,,,,,,,,,,,,,kg,,,
singapore,,,,,,,,,5GB / 30 Days,,,,,,,,TELNA-SINGAPORE-5GB-30D,0.0,,0,deny,manual,8.99,,false,false,,,,,,,,,,,,,kg,,,
singapore,,,,,,,,,10GB / 5 Days,,,,,,,,TELNA-SINGAPORE-10GB-5D,0.0,,0,deny,manual,8.99,,false,false,,,,,,,,,,,,,kg,,,
singapore,,,,,,,,,10GB / 10 Days,,,,,,,,TELNA-SINGAPORE-10GB-10D,0.0,,0,deny,manual,9.99,,false,false,,,,,,,,,,,,,kg,,,
singapore,,,,,,,,,10GB / 15 Days,,,,,,,,TELNA-SINGAPORE-10GB-15D,0.0,,0,deny,manual,9.99,,false,false,,,,,,,,,,,,,kg,,,
singapore,,,,,,,,,10GB / 30 Days,,,,,,,,TELNA-SINGAPORE-10GB-30D,0.0,,0,deny,manual,12.99,,false,false,,,,,,,,,,,,,kg,,,
singapore,,,,,,,,,20GB / 5 Days,,,,,,,,TELNA-SINGAPORE-20GB-5D,0.0,,0,deny,manual,17.99,,false,false,,,,,,,,,,,,,kg,,,
singapore,,,,,,,,,20GB / 10 Days,,,,,,,,TELNA-SINGAPORE-20GB-10D,0.0,,0,deny,manual,18.99,,false,false,,,,,,,,,,,,,kg,,,
singapore,,,,,,,,,20GB / 15 Days,,,,,,,,TELNA-SINGAPORE-20GB-15D,0.0,,0,deny,manual,19.99,,false,false,,,,,,,,,,,,,kg,,,
singapore,,,,,,,,,20GB / 30 Days,,,,,,,,TELNA-SINGAPORE-20GB-30D,0.0,,0,deny,manual,21.99,,false,false,,,,,,,,,,,,,kg,,,
singapore,,,,,,,,,Unlimited / 5 Days,,,,,,,,TELNA-SINGAPORE-UNLIMITED-5D,0.0,,0,deny,manual,14.99,,false,false,,,,,,,,,,,,,kg,,,
singapore,,,,,,,,,Unlimited / 10 Days,,,,,,,,TELNA-SINGAPORE-UNLIMITED-10D,0.0,,0,deny,manual,24.99,,false,false,,,,,,,,,,,,,kg,,,
singapore,,,,,,,,,Unlimited / 15 Days,,,,,,,,TELNA-SINGAPORE-UNLIMITED-15D,0.0,,0,deny,manual,34.99,,false,false,,,,,,,,,,,,,kg,,,
singapore,,,,,,,,,Unlimited / 30 Days,,,,,,,,TELNA-SINGAPORE-UNLIMITED-30D,0.0,,0,deny,manual,49.99,,false,false,,,,,,,,,,,,,kg,,,
seychelles,Seychelles,"<p>Travel eSIM data plan for Seychelles.</p>
<p>Si vous possédez déjà une eSIM de chez nous, cet achat sera ajouté à votre eSIM existante sous forme de recharge. S’il s’agit de votre premier achat, nous vous enverrons votre code QR par courriel après la confirmation de votre paiement.</p>",Quebec eSIM,,eSIM,"eSIM, Seychelles, Telna",false,Plan,1GB / 5 Days,,,,,,,,TELNA-SEYCHELLES-1GB-5D,0.0,,0,deny,manual,4.99,,false,false,,,,,,,,,false,,,,kg,,,active
seychelles,,,,,,,,,1GB / 10 Days,,,,,,,,TELNA-SEYCHELLES-1GB-10D,0.0,,0,deny,manual,5.99,,false,false,,,,,,,,,,,,,kg,,,
seychelles,,,,,,,,,1GB / 15 Days,,,,,,,,TELNA-SEYCHELLES-1GB-15D,0.0,,0,deny,manual,6.99,,false,false,,,,,,,,,,,,,kg,,,
seychelles,,,,,,,,,1GB / 30 Days,,,,,,,,TELNA-SEYCHELLES-1GB-30D,0.0,,0,deny,manual,8.99,,false,false,,,,,,,,,,,,,kg,,,
seychelles,,,,,,,,,3GB / 5 Days,,,,,,,,TELNA-SEYCHELLES-3GB-5D,0.0,,0,deny,manual,13.99,,false,false,,,,,,,,,,,,,kg,,,
seychelles,,,,,,,,,3GB / 10 Days,,,,,,,,TELNA-SEYCHELLES-3GB-10D,0.0,,0,deny,manual,14.99,,false,false,,,,,,,,,,,,,kg,,,
seychelles,,,,,,,,,3GB / 15 Days,,,,,,,,TELNA-SEYCHELLES-3GB-15D,0.0,,0,deny,manual,14.99,,false,false,,,,,,,,,,,,,kg,,,
seychelles,,,,,,,,,3GB / 30 Days,,,,,,,,TELNA-SEYCHELLES-3GB-30D,0.0,,0,deny,manual,17.99,,false,false,,,,,,,,,,,,,kg,,,
seychelles,,,,,,,,,5GB / 5 Days,,,,,,,,TELNA-SEYCHELLES-5GB-5D,0.0,,0,deny,manual,23.99,,false,false,,,,,,,,,,,,,kg,,,
seychelles,,,,,,,,,5GB / 10 Days,,,,,,,,TELNA-SEYCHELLES-5GB-10D,0.0,,0,deny,manual,24.99,,false,false,,,,,,,,,,,,,kg,,,
seychelles,,,,,,,,,5GB / 15 Days,,,,,,,,TELNA-SEYCHELLES-5GB-15D,0.0,,0,deny,manual,24.99,,false,false,,,,,,,,,,,,,kg,,,
seychelles,,,,,,,,,5GB / 30 Days,,,,,,,,TELNA-SEYCHELLES-5GB-30D,0.0,,0,deny,manual,27.99,,false,false,,,,,,,,,,,,,kg,,,
serbia,Serbia,"<p>Travel eSIM data plan for Serbia.</p>
<p>Si vous possédez déjà une eSIM de chez nous, cet achat sera ajouté à votre eSIM existante sous forme de recharge. S’il s’agit de votre premier achat, nous vous enverrons votre code QR par courriel après la confirmation de votre paiement.</p>",Quebec eSIM,,eSIM,"eSIM, Serbia, Telna",false,Plan,1GB / 5 Days,,,,,,,,TELNA-SERBIA-1GB-5D,0.0,,0,deny,manual,3.99,,false,false,,,,,,,,,false,,,,kg,,,active
serbia,,,,,,,,,1GB / 10 Days,,,,,,,,TELNA-SERBIA-1GB-10D,0.0,,0,deny,manual,4.99,,false,false,,,,,,,,,,,,,kg,,,
serbia,,,,,,,,,1GB / 15 Days,,,,,,,,TELNA-SERBIA-1GB-15D,0.0,,0,deny,manual,4.99,,false,false,,,,,,,,,,,,,kg,,,
serbia,,,,,,,,,1GB / 30 Days,,,,,,,,TELNA-SERBIA-1GB-30D,0.0,,0,deny,manual,7.99,,false,false,,,,,,,,,,,,,kg,,,
serbia,,,,,,,,,3GB / 5 Days,,,,,,,,TELNA-SERBIA-3GB-5D,0.0,,0,deny,manual,9.99,,false,false,,,,,,,,,,,,,kg,,,
serbia,,,,,,,,,3GB / 10 Days,,,,,,,,TELNA-SERBIA-3GB-10D,0.0,,0,deny,manual,10.99,,false,false,,,,,,,,,,,,,kg,,,
serbia,,,,,,,,,3GB / 15 Days,,,,,,,,TELNA-SERBIA-3GB-15D,0.0,,0,deny,manual,11.99,,false,false,,,,,,,,,,,,,kg,,,
serbia,,,,,,,,,3GB / 30 Days,,,,,,,,TELNA-SERBIA-3GB-30D,0.0,,0,deny,manual,13.99,,false,false,,,,,,,,,,,,,kg,,,
serbia,,,,,,,,,5GB / 5 Days,,,,,,,,TELNA-SERBIA-5GB-5D,0.0,,0,deny,manual,7.99,,false,false,,,,,,,,,,,,,kg,,,
serbia,,,,,,,,,5GB / 10 Days,,,,,,,,TELNA-SERBIA-5GB-10D,0.0,,0,deny,manual,8.99,,false,false,,,,,,,,,,,,,kg,,,
serbia,,,,,,,,,5GB / 15 Days,,,,,,,,TELNA-SERBIA-5GB-15D,0.0,,0,deny,manual,9.99,,false,false,,,,,,,,,,,,,kg,,,
serbia,,,,,,,,,5GB / 30 Days,,,,,,,,TELNA-SERBIA-5GB-30D,0.0,,0,deny,manual,11.99,,false,false,,,,,,,,,,,,,kg,,,
serbia,,,,,,,,,10GB / 5 Days,,,,,,,,TELNA-SERBIA-10GB-5D,0.0,,0,deny,manual,14.99,,false,false,,,,,,,,,,,,,kg,,,
serbia,,,,,,,,,10GB / 10 Days,,,,,,,,TELNA-SERBIA-10GB-10D,0.0,,0,deny,manual,15.99,,false,false,,,,,,,,,,,,,kg,,,
serbia,,,,,,,,,10GB / 15 Days,,,,,,,,TELNA-SERBIA-10GB-15D,0.0,,0,deny,manual,16.99,,false,false,,,,,,,,,,,,,kg,,,
serbia,,,,,,,,,10GB / 30 Days,,,,,,,,TELNA-SERBIA-10GB-30D,0.0,,0,deny,manual,18.99,,false,false,,,,,,,,,,,,,kg,,,
serbia,,,,,,,,,20GB / 5 Days,,,,,,,,TELNA-SERBIA-20GB-5D,0.0,,0,deny,manual,24.99,,false,false,,,,,,,,,,,,,kg,,,
serbia,,,,,,,,,20GB / 10 Days,,,,,,,,TELNA-SERBIA-20GB-10D,0.0,,0,deny,manual,25.99,,false,false,,,,,,,,,,,,,kg,,,
serbia,,,,,,,,,20GB / 15 Days,,,,,,,,TELNA-SERBIA-20GB-15D,0.0,,0,deny,manual,26.99,,false,false,,,,,,,,,,,,,kg,,,
serbia,,,,,,,,,20GB / 30 Days,,,,,,,,TELNA-SERBIA-20GB-30D,0.0,,0,deny,manual,28.99,,false,false,,,,,,,,,,,,,kg,,,
serbia,,,,,,,,,Unlimited / 5 Days,,,,,,,,TELNA-SERBIA-UNLIMITED-5D,0.0,,0,deny,manual,17.99,,false,false,,,,,,,,,,,,,kg,,,
serbia,,,,,,,,,Unlimited / 10 Days,,,,,,,,TELNA-SERBIA-UNLIMITED-10D,0.0,,0,deny,manual,34.99,,false,false,,,,,,,,,,,,,kg,,,
serbia,,,,,,,,,Unlimited / 15 Days,,,,,,,,TELNA-SERBIA-UNLIMITED-15D,0.0,,0,deny,manual,64.99,,false,false,,,,,,,,,,,,,kg,,,
serbia,,,,,,,,,Unlimited / 30 Days,,,,,,,,TELNA-SERBIA-UNLIMITED-30D,0.0,,0,deny,manual,79.99,,false,false,,,,,,,,,,,,,kg,,,
senegal,Senegal,"<p>Travel eSIM data plan for Senegal.</p>
<p>Si vous possédez déjà une eSIM de chez nous, cet achat sera ajouté à votre eSIM existante sous forme de recharge. S’il s’agit de votre premier achat, nous vous enverrons votre code QR par courriel après la confirmation de votre paiement.</p>",Quebec eSIM,,eSIM,"eSIM, Senegal, Telna",false,Plan,1GB / 5 Days,,,,,,,,TELNA-SENEGAL-1GB-5D,0.0,,0,deny,manual,4.99,,false,false,,,,,,,,,false,,,,kg,,,active
senegal,,,,,,,,,1GB / 10 Days,,,,,,,,TELNA-SENEGAL-1GB-10D,0.0,,0,deny,manual,5.99,,false,false,,,,,,,,,,,,,kg,,,
senegal,,,,,,,,,1GB / 15 Days,,,,,,,,TELNA-SENEGAL-1GB-15D,0.0,,0,deny,manual,6.99,,false,false,,,,,,,,,,,,,kg,,,
senegal,,,,,,,,,1GB / 30 Days,,,,,,,,TELNA-SENEGAL-1GB-30D,0.0,,0,deny,manual,8.99,,false,false,,,,,,,,,,,,,kg,,,
senegal,,,,,,,,,3GB / 5 Days,,,,,,,,TELNA-SENEGAL-3GB-5D,0.0,,0,deny,manual,8.99,,false,false,,,,,,,,,,,,,kg,,,
senegal,,,,,,,,,3GB / 10 Days,,,,,,,,TELNA-SENEGAL-3GB-10D,0.0,,0,deny,manual,9.99,,false,false,,,,,,,,,,,,,kg,,,
senegal,,,,,,,,,3GB / 15 Days,,,,,,,,TELNA-SENEGAL-3GB-15D,0.0,,0,deny,manual,9.99,,false,false,,,,,,,,,,,,,kg,,,
senegal,,,,,,,,,3GB / 30 Days,,,,,,,,TELNA-SENEGAL-3GB-30D,0.0,,0,deny,manual,12.99,,false,false,,,,,,,,,,,,,kg,,,
senegal,,,,,,,,,5GB / 5 Days,,,,,,,,TELNA-SENEGAL-5GB-5D,0.0,,0,deny,manual,11.99,,false,false,,,,,,,,,,,,,kg,,,
senegal,,,,,,,,,5GB / 10 Days,,,,,,,,TELNA-SENEGAL-5GB-10D,0.0,,0,deny,manual,12.99,,false,false,,,,,,,,,,,,,kg,,,
senegal,,,,,,,,,5GB / 15 Days,,,,,,,,TELNA-SENEGAL-5GB-15D,0.0,,0,deny,manual,13.99,,false,false,,,,,,,,,,,,,kg,,,
senegal,,,,,,,,,5GB / 30 Days,,,,,,,,TELNA-SENEGAL-5GB-30D,0.0,,0,deny,manual,15.99,,false,false,,,,,,,,,,,,,kg,,,
saudi-arabia,Saudi Arabia,"<p>Travel eSIM data plan for Saudi Arabia.</p>
<p>Si vous possédez déjà une eSIM de chez nous, cet achat sera ajouté à votre eSIM existante sous forme de recharge. S’il s’agit de votre premier achat, nous vous enverrons votre code QR par courriel après la confirmation de votre paiement.</p>",Quebec eSIM,,eSIM,"eSIM, Saudi Arabia, Telna",false,Plan,1GB / 5 Days,,,,,,,,TELNA-SAUDI-ARABIA-1GB-5D,0.0,,0,deny,manual,3.99,,false,false,,,,,,,,,false,,,,kg,,,active
saudi-arabia,,,,,,,,,1GB / 10 Days,,,,,,,,TELNA-SAUDI-ARABIA-1GB-10D,0.0,,0,deny,manual,4.99,,false,false,,,,,,,,,,,,,kg,,,
saudi-arabia,,,,,,,,,1GB / 15 Days,,,,,,,,TELNA-SAUDI-ARABIA-1GB-15D,0.0,,0,deny,manual,4.99,,false,false,,,,,,,,,,,,,kg,,,
saudi-arabia,,,,,,,,,1GB / 30 Days,,,,,,,,TELNA-SAUDI-ARABIA-1GB-30D,0.0,,0,deny,manual,7.99,,false,false,,,,,,,,,,,,,kg,,,
saudi-arabia,,,,,,,,,3GB / 5 Days,,,,,,,,TELNA-SAUDI-ARABIA-3GB-5D,0.0,,0,deny,manual,9.99,,false,false,,,,,,,,,,,,,kg,,,
saudi-arabia,,,,,,,,,3GB / 10 Days,,,,,,,,TELNA-SAUDI-ARABIA-3GB-10D,0.0,,0,deny,manual,10.99,,false,false,,,,,,,,,,,,,kg,,,
saudi-arabia,,,,,,,,,3GB / 15 Days,,,,,,,,TELNA-SAUDI-ARABIA-3GB-15D,0.0,,0,deny,manual,11.99,,false,false,,,,,,,,,,,,,kg,,,
saudi-arabia,,,,,,,,,3GB / 30 Days,,,,,,,,TELNA-SAUDI-ARABIA-3GB-30D,0.0,,0,deny,manual,13.99,,false,false,,,,,,,,,,,,,kg,,,
saudi-arabia,,,,,,,,,5GB / 5 Days,,,,,,,,TELNA-SAUDI-ARABIA-5GB-5D,0.0,,0,deny,manual,7.99,,false,false,,,,,,,,,,,,,kg,,,
saudi-arabia,,,,,,,,,5GB / 10 Days,,,,,,,,TELNA-SAUDI-ARABIA-5GB-10D,0.0,,0,deny,manual,8.99,,false,false,,,,,,,,,,,,,kg,,,
saudi-arabia,,,,,,,,,5GB / 15 Days,,,,,,,,TELNA-SAUDI-ARABIA-5GB-15D,0.0,,0,deny,manual,9.99,,false,false,,,,,,,,,,,,,kg,,,
saudi-arabia,,,,,,,,,5GB / 30 Days,,,,,,,,TELNA-SAUDI-ARABIA-5GB-30D,0.0,,0,deny,manual,11.99,,false,false,,,,,,,,,,,,,kg,,,
saudi-arabia,,,,,,,,,10GB / 5 Days,,,,,,,,TELNA-SAUDI-ARABIA-10GB-5D,0.0,,0,deny,manual,14.99,,false,false,,,,,,,,,,,,,kg,,,
saudi-arabia,,,,,,,,,10GB / 10 Days,,,,,,,,TELNA-SAUDI-ARABIA-10GB-10D,0.0,,0,deny,manual,15.99,,false,false,,,,,,,,,,,,,kg,,,
saudi-arabia,,,,,,,,,10GB / 15 Days,,,,,,,,TELNA-SAUDI-ARABIA-10GB-15D,0.0,,0,deny,manual,16.99,,false,false,,,,,,,,,,,,,kg,,,
saudi-arabia,,,,,,,,,10GB / 30 Days,,,,,,,,TELNA-SAUDI-ARABIA-10GB-30D,0.0,,0,deny,manual,18.99,,false,false,,,,,,,,,,,,,kg,,,
saudi-arabia,,,,,,,,,20GB / 5 Days,,,,,,,,TELNA-SAUDI-ARABIA-20GB-5D,0.0,,0,deny,manual,24.99,,false,false,,,,,,,,,,,,,kg,,,
saudi-arabia,,,,,,,,,20GB / 10 Days,,,,,,,,TELNA-SAUDI-ARABIA-20GB-10D,0.0,,0,deny,manual,25.99,,false,false,,,,,,,,,,,,,kg,,,
saudi-arabia,,,,,,,,,20GB / 15 Days,,,,,,,,TELNA-SAUDI-ARABIA-20GB-15D,0.0,,0,deny,manual,26.99,,false,false,,,,,,,,,,,,,kg,,,
saudi-arabia,,,,,,,,,20GB / 30 Days,,,,,,,,TELNA-SAUDI-ARABIA-20GB-30D,0.0,,0,deny,manual,28.99,,false,false,,,,,,,,,,,,,kg,,,
saudi-arabia,,,,,,,,,Unlimited / 5 Days,,,,,,,,TELNA-SAUDI-ARABIA-UNLIMITED-5D,0.0,,0,deny,manual,17.99,,false,false,,,,,,,,,,,,,kg,,,
saudi-arabia,,,,,,,,,Unlimited / 10 Days,,,,,,,,TELNA-SAUDI-ARABIA-UNLIMITED-10D,0.0,,0,deny,manual,29.99,,false,false,,,,,,,,,,,,,kg,,,
saudi-arabia,,,,,,,,,Unlimited / 15 Days,,,,,,,,TELNA-SAUDI-ARABIA-UNLIMITED-15D,0.0,,0,deny,manual,44.99,,false,false,,,,,,,,,,,,,kg,,,
saudi-arabia,,,,,,,,,Unlimited / 30 Days,,,,,,,,TELNA-SAUDI-ARABIA-UNLIMITED-30D,0.0,,0,deny,manual,59.99,,false,false,,,,,,,,,,,,,kg,,,
san-marino,San Marino,"<p>Travel eSIM data plan for San Marino.</p>
<p>Si vous possédez déjà une eSIM de chez nous, cet achat sera ajouté à votre eSIM existante sous forme de recharge. S’il s’agit de votre premier achat, nous vous enverrons votre code QR par courriel après la confirmation de votre paiement.</p>",Quebec eSIM,,eSIM,"eSIM, San Marino, Telna",false,Plan,1GB / 5 Days,,,,,,,,TELNA-SAN-MARINO-1GB-5D,0.0,,0,deny,manual,2.99,,false,false,,,,,,,,,false,,,,kg,,,active
san-marino,,,,,,,,,1GB / 10 Days,,,,,,,,TELNA-SAN-MARINO-1GB-10D,0.0,,0,deny,manual,3.99,,false,false,,,,,,,,,,,,,kg,,,
san-marino,,,,,,,,,1GB / 15 Days,,,,,,,,TELNA-SAN-MARINO-1GB-15D,0.0,,0,deny,manual,4.99,,false,false,,,,,,,,,,,,,kg,,,
san-marino,,,,,,,,,1GB / 30 Days,,,,,,,,TELNA-SAN-MARINO-1GB-30D,0.0,,0,deny,manual,6.99,,false,false,,,,,,,,,,,,,kg,,,
san-marino,,,,,,,,,3GB / 5 Days,,,,,,,,TELNA-SAN-MARINO-3GB-5D,0.0,,0,deny,manual,5.99,,false,false,,,,,,,,,,,,,kg,,,
san-marino,,,,,,,,,3GB / 10 Days,,,,,,,,TELNA-SAN-MARINO-3GB-10D,0.0,,0,deny,manual,5.99,,false,false,,,,,,,,,,,,,kg,,,
san-marino,,,,,,,,,3GB / 15 Days,,,,,,,,TELNA-SAN-MARINO-3GB-15D,0.0,,0,deny,manual,6.99,,false,false,,,,,,,,,,,,,kg,,,
san-marino,,,,,,,,,3GB / 30 Days,,,,,,,,TELNA-SAN-MARINO-3GB-30D,0.0,,0,deny,manual,7.99,,false,false,,,,,,,,,,,,,kg,,,
san-marino,,,,,,,,,5GB / 5 Days,,,,,,,,TELNA-SAN-MARINO-5GB-5D,0.0,,0,deny,manual,4.99,,false,false,,,,,,,,,,,,,kg,,,
san-marino,,,,,,,,,5GB / 10 Days,,,,,,,,TELNA-SAN-MARINO-5GB-10D,0.0,,0,deny,manual,5.99,,false,false,,,,,,,,,,,,,kg,,,
san-marino,,,,,,,,,5GB / 15 Days,,,,,,,,TELNA-SAN-MARINO-5GB-15D,0.0,,0,deny,manual,6.99,,false,false,,,,,,,,,,,,,kg,,,
san-marino,,,,,,,,,5GB / 30 Days,,,,,,,,TELNA-SAN-MARINO-5GB-30D,0.0,,0,deny,manual,8.99,,false,false,,,,,,,,,,,,,kg,,,
san-marino,,,,,,,,,10GB / 5 Days,,,,,,,,TELNA-SAN-MARINO-10GB-5D,0.0,,0,deny,manual,8.99,,false,false,,,,,,,,,,,,,kg,,,
san-marino,,,,,,,,,10GB / 10 Days,,,,,,,,TELNA-SAN-MARINO-10GB-10D,0.0,,0,deny,manual,9.99,,false,false,,,,,,,,,,,,,kg,,,
san-marino,,,,,,,,,10GB / 15 Days,,,,,,,,TELNA-SAN-MARINO-10GB-15D,0.0,,0,deny,manual,9.99,,false,false,,,,,,,,,,,,,kg,,,
san-marino,,,,,,,,,10GB / 30 Days,,,,,,,,TELNA-SAN-MARINO-10GB-30D,0.0,,0,deny,manual,12.99,,false,false,,,,,,,,,,,,,kg,,,
san-marino,,,,,,,,,20GB / 5 Days,,,,,,,,TELNA-SAN-MARINO-20GB-5D,0.0,,0,deny,manual,17.99,,false,false,,,,,,,,,,,,,kg,,,
san-marino,,,,,,,,,20GB / 10 Days,,,,,,,,TELNA-SAN-MARINO-20GB-10D,0.0,,0,deny,manual,18.99,,false,false,,,,,,,,,,,,,kg,,,
san-marino,,,,,,,,,20GB / 15 Days,,,,,,,,TELNA-SAN-MARINO-20GB-15D,0.0,,0,deny,manual,19.99,,false,false,,,,,,,,,,,,,kg,,,
san-marino,,,,,,,,,20GB / 30 Days,,,,,,,,TELNA-SAN-MARINO-20GB-30D,0.0,,0,deny,manual,21.99,,false,false,,,,,,,,,,,,,kg,,,
san-marino,,,,,,,,,Unlimited / 5 Days,,,,,,,,TELNA-SAN-MARINO-UNLIMITED-5D,0.0,,0,deny,manual,19.99,,false,false,,,,,,,,,,,,,kg,,,
san-marino,,,,,,,,,Unlimited / 10 Days,,,,,,,,TELNA-SAN-MARINO-UNLIMITED-10D,0.0,,0,deny,manual,29.99,,false,false,,,,,,,,,,,,,kg,,,
san-marino,,,,,,,,,Unlimited / 15 Days,,,,,,,,TELNA-SAN-MARINO-UNLIMITED-15D,0.0,,0,deny,manual,39.99,,false,false,,,,,,,,,,,,,kg,,,
san-marino,,,,,,,,,Unlimited / 30 Days,,,,,,,,TELNA-SAN-MARINO-UNLIMITED-30D,0.0,,0,deny,manual,49.99,,false,false,,,,,,,,,,,,,kg,,,
samoa,Samoa,"<p>Travel eSIM data plan for Samoa.</p>
<p>Si vous possédez déjà une eSIM de chez nous, cet achat sera ajouté à votre eSIM existante sous forme de recharge. S’il s’agit de votre premier achat, nous vous enverrons votre code QR par courriel après la confirmation de votre paiement.</p>",Quebec eSIM,,eSIM,"eSIM, Samoa, Telna",false,Plan,1GB / 5 Days,,,,,,,,TELNA-SAMOA-1GB-5D,0.0,,0,deny,manual,8.99,,false,false,,,,,,,,,false,,,,kg,,,active
samoa,,,,,,,,,1GB / 10 Days,,,,,,,,TELNA-SAMOA-1GB-10D,0.0,,0,deny,manual,9.99,,false,false,,,,,,,,,,,,,kg,,,
samoa,,,,,,,,,1GB / 15 Days,,,,,,,,TELNA-SAMOA-1GB-15D,0.0,,0,deny,manual,9.99,,false,false,,,,,,,,,,,,,kg,,,
samoa,,,,,,,,,1GB / 30 Days,,,,,,,,TELNA-SAMOA-1GB-30D,0.0,,0,deny,manual,12.99,,false,false,,,,,,,,,,,,,kg,,,
samoa,,,,,,,,,3GB / 5 Days,,,,,,,,TELNA-SAMOA-3GB-5D,0.0,,0,deny,manual,18.99,,false,false,,,,,,,,,,,,,kg,,,
samoa,,,,,,,,,3GB / 10 Days,,,,,,,,TELNA-SAMOA-3GB-10D,0.0,,0,deny,manual,19.99,,false,false,,,,,,,,,,,,,kg,,,
samoa,,,,,,,,,3GB / 15 Days,,,,,,,,TELNA-SAMOA-3GB-15D,0.0,,0,deny,manual,19.99,,false,false,,,,,,,,,,,,,kg,,,
samoa,,,,,,,,,3GB / 30 Days,,,,,,,,TELNA-SAMOA-3GB-30D,0.0,,0,deny,manual,22.99,,false,false,,,,,,,,,,,,,kg,,,
samoa,,,,,,,,,5GB / 5 Days,,,,,,,,TELNA-SAMOA-5GB-5D,0.0,,0,deny,manual,32.99,,false,false,,,,,,,,,,,,,kg,,,
samoa,,,,,,,,,5GB / 10 Days,,,,,,,,TELNA-SAMOA-5GB-10D,0.0,,0,deny,manual,33.99,,false,false,,,,,,,,,,,,,kg,,,
samoa,,,,,,,,,5GB / 15 Days,,,,,,,,TELNA-SAMOA-5GB-15D,0.0,,0,deny,manual,34.99,,false,false,,,,,,,,,,,,,kg,,,
samoa,,,,,,,,,5GB / 30 Days,,,,,,,,TELNA-SAMOA-5GB-30D,0.0,,0,deny,manual,36.99,,false,false,,,,,,,,,,,,,kg,,,
saint-martin,Saint Martin,"<p>Travel eSIM data plan for Saint Martin.</p>
<p>Si vous possédez déjà une eSIM de chez nous, cet achat sera ajouté à votre eSIM existante sous forme de recharge. S’il s’agit de votre premier achat, nous vous enverrons votre code QR par courriel après la confirmation de votre paiement.</p>",Quebec eSIM,,eSIM,"eSIM, Saint Martin, Telna",false,Plan,1GB / 5 Days,,,,,,,,TELNA-SAINT-MARTIN-1GB-5D,0.0,,0,deny,manual,2.99,,false,false,,,,,,,,,false,,,,kg,,,active
saint-martin,,,,,,,,,1GB / 10 Days,,,,,,,,TELNA-SAINT-MARTIN-1GB-10D,0.0,,0,deny,manual,3.99,,false,false,,,,,,,,,,,,,kg,,,
saint-martin,,,,,,,,,1GB / 15 Days,,,,,,,,TELNA-SAINT-MARTIN-1GB-15D,0.0,,0,deny,manual,4.99,,false,false,,,,,,,,,,,,,kg,,,
saint-martin,,,,,,,,,1GB / 30 Days,,,,,,,,TELNA-SAINT-MARTIN-1GB-30D,0.0,,0,deny,manual,6.99,,false,false,,,,,,,,,,,,,kg,,,
saint-martin,,,,,,,,,3GB / 5 Days,,,,,,,,TELNA-SAINT-MARTIN-3GB-5D,0.0,,0,deny,manual,17.99,,false,false,,,,,,,,,,,,,kg,,,
saint-martin,,,,,,,,,3GB / 10 Days,,,,,,,,TELNA-SAINT-MARTIN-3GB-10D,0.0,,0,deny,manual,18.99,,false,false,,,,,,,,,,,,,kg,,,
saint-martin,,,,,,,,,3GB / 15 Days,,,,,,,,TELNA-SAINT-MARTIN-3GB-15D,0.0,,0,deny,manual,19.99,,false,false,,,,,,,,,,,,,kg,,,
saint-martin,,,,,,,,,3GB / 30 Days,,,,,,,,TELNA-SAINT-MARTIN-3GB-30D,0.0,,0,deny,manual,20.99,,false,false,,,,,,,,,,,,,kg,,,
saint-martin,,,,,,,,,5GB / 5 Days,,,,,,,,TELNA-SAINT-MARTIN-5GB-5D,0.0,,0,deny,manual,4.99,,false,false,,,,,,,,,,,,,kg,,,
saint-martin,,,,,,,,,5GB / 10 Days,,,,,,,,TELNA-SAINT-MARTIN-5GB-10D,0.0,,0,deny,manual,5.99,,false,false,,,,,,,,,,,,,kg,,,
saint-martin,,,,,,,,,5GB / 15 Days,,,,,,,,TELNA-SAINT-MARTIN-5GB-15D,0.0,,0,deny,manual,6.99,,false,false,,,,,,,,,,,,,kg,,,
saint-martin,,,,,,,,,5GB / 30 Days,,,,,,,,TELNA-SAINT-MARTIN-5GB-30D,0.0,,0,deny,manual,8.99,,false,false,,,,,,,,,,,,,kg,,,
saint-martin,,,,,,,,,10GB / 5 Days,,,,,,,,TELNA-SAINT-MARTIN-10GB-5D,0.0,,0,deny,manual,8.99,,false,false,,,,,,,,,,,,,kg,,,
saint-martin,,,,,,,,,10GB / 10 Days,,,,,,,,TELNA-SAINT-MARTIN-10GB-10D,0.0,,0,deny,manual,9.99,,false,false,,,,,,,,,,,,,kg,,,
saint-martin,,,,,,,,,10GB / 15 Days,,,,,,,,TELNA-SAINT-MARTIN-10GB-15D,0.0,,0,deny,manual,9.99,,false,false,,,,,,,,,,,,,kg,,,
saint-martin,,,,,,,,,10GB / 30 Days,,,,,,,,TELNA-SAINT-MARTIN-10GB-30D,0.0,,0,deny,manual,12.99,,false,false,,,,,,,,,,,,,kg,,,
saint-martin,,,,,,,,,20GB / 5 Days,,,,,,,,TELNA-SAINT-MARTIN-20GB-5D,0.0,,0,deny,manual,17.99,,false,false,,,,,,,,,,,,,kg,,,
saint-martin,,,,,,,,,20GB / 10 Days,,,,,,,,TELNA-SAINT-MARTIN-20GB-10D,0.0,,0,deny,manual,18.99,,false,false,,,,,,,,,,,,,kg,,,
saint-martin,,,,,,,,,20GB / 15 Days,,,,,,,,TELNA-SAINT-MARTIN-20GB-15D,0.0,,0,deny,manual,19.99,,false,false,,,,,,,,,,,,,kg,,,
saint-martin,,,,,,,,,20GB / 30 Days,,,,,,,,TELNA-SAINT-MARTIN-20GB-30D,0.0,,0,deny,manual,21.99,,false,false,,,,,,,,,,,,,kg,,,
saint-lucia,Saint Lucia,"<p>Travel eSIM data plan for Saint Lucia.</p>
<p>Si vous possédez déjà une eSIM de chez nous, cet achat sera ajouté à votre eSIM existante sous forme de recharge. S’il s’agit de votre premier achat, nous vous enverrons votre code QR par courriel après la confirmation de votre paiement.</p>",Quebec eSIM,,eSIM,"eSIM, Saint Lucia, Telna",false,Plan,1GB / 5 Days,,,,,,,,TELNA-SAINT-LUCIA-1GB-5D,0.0,,0,deny,manual,4.99,,false,false,,,,,,,,,false,,,,kg,,,active
saint-lucia,,,,,,,,,1GB / 10 Days,,,,,,,,TELNA-SAINT-LUCIA-1GB-10D,0.0,,0,deny,manual,5.99,,false,false,,,,,,,,,,,,,kg,,,
saint-lucia,,,,,,,,,1GB / 15 Days,,,,,,,,TELNA-SAINT-LUCIA-1GB-15D,0.0,,0,deny,manual,6.99,,false,false,,,,,,,,,,,,,kg,,,
saint-lucia,,,,,,,,,1GB / 30 Days,,,,,,,,TELNA-SAINT-LUCIA-1GB-30D,0.0,,0,deny,manual,8.99,,false,false,,,,,,,,,,,,,kg,,,
saint-lucia,,,,,,,,,3GB / 5 Days,,,,,,,,TELNA-SAINT-LUCIA-3GB-5D,0.0,,0,deny,manual,13.99,,false,false,,,,,,,,,,,,,kg,,,
saint-lucia,,,,,,,,,3GB / 10 Days,,,,,,,,TELNA-SAINT-LUCIA-3GB-10D,0.0,,0,deny,manual,14.99,,false,false,,,,,,,,,,,,,kg,,,
saint-lucia,,,,,,,,,3GB / 15 Days,,,,,,,,TELNA-SAINT-LUCIA-3GB-15D,0.0,,0,deny,manual,14.99,,false,false,,,,,,,,,,,,,kg,,,
saint-lucia,,,,,,,,,3GB / 30 Days,,,,,,,,TELNA-SAINT-LUCIA-3GB-30D,0.0,,0,deny,manual,17.99,,false,false,,,,,,,,,,,,,kg,,,
saint-lucia,,,,,,,,,5GB / 5 Days,,,,,,,,TELNA-SAINT-LUCIA-5GB-5D,0.0,,0,deny,manual,23.99,,false,false,,,,,,,,,,,,,kg,,,
saint-lucia,,,,,,,,,5GB / 10 Days,,,,,,,,TELNA-SAINT-LUCIA-5GB-10D,0.0,,0,deny,manual,24.99,,false,false,,,,,,,,,,,,,kg,,,
saint-lucia,,,,,,,,,5GB / 15 Days,,,,,,,,TELNA-SAINT-LUCIA-5GB-15D,0.0,,0,deny,manual,24.99,,false,false,,,,,,,,,,,,,kg,,,
saint-lucia,,,,,,,,,5GB / 30 Days,,,,,,,,TELNA-SAINT-LUCIA-5GB-30D,0.0,,0,deny,manual,27.99,,false,false,,,,,,,,,,,,,kg,,,
saint-lucia,,,,,,,,,10GB / 5 Days,,,,,,,,TELNA-SAINT-LUCIA-10GB-5D,0.0,,0,deny,manual,40.99,,false,false,,,,,,,,,,,,,kg,,,
saint-lucia,,,,,,,,,10GB / 10 Days,,,,,,,,TELNA-SAINT-LUCIA-10GB-10D,0.0,,0,deny,manual,41.99,,false,false,,,,,,,,,,,,,kg,,,
saint-lucia,,,,,,,,,10GB / 15 Days,,,,,,,,TELNA-SAINT-LUCIA-10GB-15D,0.0,,0,deny,manual,42.99,,false,false,,,,,,,,,,,,,kg,,,
saint-lucia,,,,,,,,,10GB / 30 Days,,,,,,,,TELNA-SAINT-LUCIA-10GB-30D,0.0,,0,deny,manual,46.99,,false,false,,,,,,,,,,,,,kg,,,
saint-lucia,,,,,,,,,20GB / 5 Days,,,,,,,,TELNA-SAINT-LUCIA-20GB-5D,0.0,,0,deny,manual,60.99,,false,false,,,,,,,,,,,,,kg,,,
saint-lucia,,,,,,,,,20GB / 10 Days,,,,,,,,TELNA-SAINT-LUCIA-20GB-10D,0.0,,0,deny,manual,61.99,,false,false,,,,,,,,,,,,,kg,,,
saint-lucia,,,,,,,,,20GB / 15 Days,,,,,,,,TELNA-SAINT-LUCIA-20GB-15D,0.0,,0,deny,manual,62.99,,false,false,,,,,,,,,,,,,kg,,,
saint-lucia,,,,,,,,,20GB / 30 Days,,,,,,,,TELNA-SAINT-LUCIA-20GB-30D,0.0,,0,deny,manual,66.99,,false,false,,,,,,,,,,,,,kg,,,
saint-kitts-and-nevis,Saint Kitts and Nevis,"<p>Travel eSIM data plan for Saint Kitts and Nevis.</p>
<p>Si vous possédez déjà une eSIM de chez nous, cet achat sera ajouté à votre eSIM existante sous forme de recharge. S’il s’agit de votre premier achat, nous vous enverrons votre code QR par courriel après la confirmation de votre paiement.</p>",Quebec eSIM,,eSIM,"eSIM, Saint Kitts and Nevis, Telna",false,Plan,1GB / 5 Days,,,,,,,,TELNA-SAINT-KITTS-AND-NEVIS-1GB-5D,0.0,,0,deny,manual,4.99,,false,false,,,,,,,,,false,,,,kg,,,active
saint-kitts-and-nevis,,,,,,,,,1GB / 10 Days,,,,,,,,TELNA-SAINT-KITTS-AND-NEVIS-1GB-10D,0.0,,0,deny,manual,5.99,,false,false,,,,,,,,,,,,,kg,,,
saint-kitts-and-nevis,,,,,,,,,1GB / 15 Days,,,,,,,,TELNA-SAINT-KITTS-AND-NEVIS-1GB-15D,0.0,,0,deny,manual,6.99,,false,false,,,,,,,,,,,,,kg,,,
saint-kitts-and-nevis,,,,,,,,,1GB / 30 Days,,,,,,,,TELNA-SAINT-KITTS-AND-NEVIS-1GB-30D,0.0,,0,deny,manual,8.99,,false,false,,,,,,,,,,,,,kg,,,
saint-kitts-and-nevis,,,,,,,,,3GB / 5 Days,,,,,,,,TELNA-SAINT-KITTS-AND-NEVIS-3GB-5D,0.0,,0,deny,manual,13.99,,false,false,,,,,,,,,,,,,kg,,,
saint-kitts-and-nevis,,,,,,,,,3GB / 10 Days,,,,,,,,TELNA-SAINT-KITTS-AND-NEVIS-3GB-10D,0.0,,0,deny,manual,14.99,,false,false,,,,,,,,,,,,,kg,,,
saint-kitts-and-nevis,,,,,,,,,3GB / 15 Days,,,,,,,,TELNA-SAINT-KITTS-AND-NEVIS-3GB-15D,0.0,,0,deny,manual,14.99,,false,false,,,,,,,,,,,,,kg,,,
saint-kitts-and-nevis,,,,,,,,,3GB / 30 Days,,,,,,,,TELNA-SAINT-KITTS-AND-NEVIS-3GB-30D,0.0,,0,deny,manual,17.99,,false,false,,,,,,,,,,,,,kg,,,
saint-kitts-and-nevis,,,,,,,,,5GB / 5 Days,,,,,,,,TELNA-SAINT-KITTS-AND-NEVIS-5GB-5D,0.0,,0,deny,manual,23.99,,false,false,,,,,,,,,,,,,kg,,,
saint-kitts-and-nevis,,,,,,,,,5GB / 10 Days,,,,,,,,TELNA-SAINT-KITTS-AND-NEVIS-5GB-10D,0.0,,0,deny,manual,24.99,,false,false,,,,,,,,,,,,,kg,,,
saint-kitts-and-nevis,,,,,,,,,5GB / 15 Days,,,,,,,,TELNA-SAINT-KITTS-AND-NEVIS-5GB-15D,0.0,,0,deny,manual,24.99,,false,false,,,,,,,,,,,,,kg,,,
saint-kitts-and-nevis,,,,,,,,,5GB / 30 Days,,,,,,,,TELNA-SAINT-KITTS-AND-NEVIS-5GB-30D,0.0,,0,deny,manual,27.99,,false,false,,,,,,,,,,,,,kg,,,
saint-kitts-and-nevis,,,,,,,,,10GB / 5 Days,,,,,,,,TELNA-SAINT-KITTS-AND-NEVIS-10GB-5D,0.0,,0,deny,manual,40.99,,false,false,,,,,,,,,,,,,kg,,,
saint-kitts-and-nevis,,,,,,,,,10GB / 10 Days,,,,,,,,TELNA-SAINT-KITTS-AND-NEVIS-10GB-10D,0.0,,0,deny,manual,41.99,,false,false,,,,,,,,,,,,,kg,,,
saint-kitts-and-nevis,,,,,,,,,10GB / 15 Days,,,,,,,,TELNA-SAINT-KITTS-AND-NEVIS-10GB-15D,0.0,,0,deny,manual,42.99,,false,false,,,,,,,,,,,,,kg,,,
saint-kitts-and-nevis,,,,,,,,,10GB / 30 Days,,,,,,,,TELNA-SAINT-KITTS-AND-NEVIS-10GB-30D,0.0,,0,deny,manual,46.99,,false,false,,,,,,,,,,,,,kg,,,
saint-kitts-and-nevis,,,,,,,,,20GB / 5 Days,,,,,,,,TELNA-SAINT-KITTS-AND-NEVIS-20GB-5D,0.0,,0,deny,manual,60.99,,false,false,,,,,,,,,,,,,kg,,,
saint-kitts-and-nevis,,,,,,,,,20GB / 10 Days,,,,,,,,TELNA-SAINT-KITTS-AND-NEVIS-20GB-10D,0.0,,0,deny,manual,61.99,,false,false,,,,,,,,,,,,,kg,,,
saint-kitts-and-nevis,,,,,,,,,20GB / 15 Days,,,,,,,,TELNA-SAINT-KITTS-AND-NEVIS-20GB-15D,0.0,,0,deny,manual,62.99,,false,false,,,,,,,,,,,,,kg,,,
saint-kitts-and-nevis,,,,,,,,,20GB / 30 Days,,,,,,,,TELNA-SAINT-KITTS-AND-NEVIS-20GB-30D,0.0,,0,deny,manual,66.99,,false,false,,,,,,,,,,,,,kg,,,
saint-barthelemy,Saint Barthelemy,"<p>Travel eSIM data plan for Saint Barthelemy.</p>
<p>Si vous possédez déjà une eSIM de chez nous, cet achat sera ajouté à votre eSIM existante sous forme de recharge. S’il s’agit de votre premier achat, nous vous enverrons votre code QR par courriel après la confirmation de votre paiement.</p>",Quebec eSIM,,eSIM,"eSIM, Saint Barthelemy, Telna",false,Plan,1GB / 5 Days,,,,,,,,TELNA-SAINT-BARTHELEMY-1GB-5D,0.0,,0,deny,manual,2.99,,false,false,,,,,,,,,false,,,,kg,,,active
saint-barthelemy,,,,,,,,,1GB / 10 Days,,,,,,,,TELNA-SAINT-BARTHELEMY-1GB-10D,0.0,,0,deny,manual,3.99,,false,false,,,,,,,,,,,,,kg,,,
saint-barthelemy,,,,,,,,,1GB / 15 Days,,,,,,,,TELNA-SAINT-BARTHELEMY-1GB-15D,0.0,,0,deny,manual,4.99,,false,false,,,,,,,,,,,,,kg,,,
saint-barthelemy,,,,,,,,,1GB / 30 Days,,,,,,,,TELNA-SAINT-BARTHELEMY-1GB-30D,0.0,,0,deny,manual,6.99,,false,false,,,,,,,,,,,,,kg,,,
saint-barthelemy,,,,,,,,,3GB / 5 Days,,,,,,,,TELNA-SAINT-BARTHELEMY-3GB-5D,0.0,,0,deny,manual,13.99,,false,false,,,,,,,,,,,,,kg,,,
saint-barthelemy,,,,,,,,,3GB / 10 Days,,,,,,,,TELNA-SAINT-BARTHELEMY-3GB-10D,0.0,,0,deny,manual,14.99,,false,false,,,,,,,,,,,,,kg,,,
saint-barthelemy,,,,,,,,,3GB / 15 Days,,,,,,,,TELNA-SAINT-BARTHELEMY-3GB-15D,0.0,,0,deny,manual,14.99,,false,false,,,,,,,,,,,,,kg,,,
saint-barthelemy,,,,,,,,,3GB / 30 Days,,,,,,,,TELNA-SAINT-BARTHELEMY-3GB-30D,0.0,,0,deny,manual,17.99,,false,false,,,,,,,,,,,,,kg,,,
saint-barthelemy,,,,,,,,,5GB / 5 Days,,,,,,,,TELNA-SAINT-BARTHELEMY-5GB-5D,0.0,,0,deny,manual,4.99,,false,false,,,,,,,,,,,,,kg,,,
saint-barthelemy,,,,,,,,,5GB / 10 Days,,,,,,,,TELNA-SAINT-BARTHELEMY-5GB-10D,0.0,,0,deny,manual,5.99,,false,false,,,,,,,,,,,,,kg,,,
saint-barthelemy,,,,,,,,,5GB / 15 Days,,,,,,,,TELNA-SAINT-BARTHELEMY-5GB-15D,0.0,,0,deny,manual,6.99,,false,false,,,,,,,,,,,,,kg,,,
saint-barthelemy,,,,,,,,,5GB / 30 Days,,,,,,,,TELNA-SAINT-BARTHELEMY-5GB-30D,0.0,,0,deny,manual,8.99,,false,false,,,,,,,,,,,,,kg,,,
saint-barthelemy,,,,,,,,,10GB / 5 Days,,,,,,,,TELNA-SAINT-BARTHELEMY-10GB-5D,0.0,,0,deny,manual,8.99,,false,false,,,,,,,,,,,,,kg,,,
saint-barthelemy,,,,,,,,,10GB / 10 Days,,,,,,,,TELNA-SAINT-BARTHELEMY-10GB-10D,0.0,,0,deny,manual,9.99,,false,false,,,,,,,,,,,,,kg,,,
saint-barthelemy,,,,,,,,,10GB / 15 Days,,,,,,,,TELNA-SAINT-BARTHELEMY-10GB-15D,0.0,,0,deny,manual,9.99,,false,false,,,,,,,,,,,,,kg,,,
saint-barthelemy,,,,,,,,,10GB / 30 Days,,,,,,,,TELNA-SAINT-BARTHELEMY-10GB-30D,0.0,,0,deny,manual,12.99,,false,false,,,,,,,,,,,,,kg,,,
saint-barthelemy,,,,,,,,,20GB / 5 Days,,,,,,,,TELNA-SAINT-BARTHELEMY-20GB-5D,0.0,,0,deny,manual,17.99,,false,false,,,,,,,,,,,,,kg,,,
saint-barthelemy,,,,,,,,,20GB / 10 Days,,,,,,,,TELNA-SAINT-BARTHELEMY-20GB-10D,0.0,,0,deny,manual,18.99,,false,false,,,,,,,,,,,,,kg,,,
saint-barthelemy,,,,,,,,,20GB / 15 Days,,,,,,,,TELNA-SAINT-BARTHELEMY-20GB-15D,0.0,,0,deny,manual,19.99,,false,false,,,,,,,,,,,,,kg,,,
saint-barthelemy,,,,,,,,,20GB / 30 Days,,,,,,,,TELNA-SAINT-BARTHELEMY-20GB-30D,0.0,,0,deny,manual,21.99,,false,false,,,,,,,,,,,,,kg,,,
rwanda,Rwanda,"<p>Travel eSIM data plan for Rwanda.</p>
<p>Si vous possédez déjà une eSIM de chez nous, cet achat sera ajouté à votre eSIM existante sous forme de recharge. S’il s’agit de votre premier achat, nous vous enverrons votre code QR par courriel après la confirmation de votre paiement.</p>",Quebec eSIM,,eSIM,"eSIM, Rwanda, Telna",false,Plan,1GB / 5 Days,,,,,,,,TELNA-RWANDA-1GB-5D,0.0,,0,deny,manual,4.99,,false,false,,,,,,,,,false,,,,kg,,,active
rwanda,,,,,,,,,1GB / 10 Days,,,,,,,,TELNA-RWANDA-1GB-10D,0.0,,0,deny,manual,5.99,,false,false,,,,,,,,,,,,,kg,,,
rwanda,,,,,,,,,1GB / 15 Days,,,,,,,,TELNA-RWANDA-1GB-15D,0.0,,0,deny,manual,6.99,,false,false,,,,,,,,,,,,,kg,,,
rwanda,,,,,,,,,1GB / 30 Days,,,,,,,,TELNA-RWANDA-1GB-30D,0.0,,0,deny,manual,8.99,,false,false,,,,,,,,,,,,,kg,,,
rwanda,,,,,,,,,3GB / 5 Days,,,,,,,,TELNA-RWANDA-3GB-5D,0.0,,0,deny,manual,13.99,,false,false,,,,,,,,,,,,,kg,,,
rwanda,,,,,,,,,3GB / 10 Days,,,,,,,,TELNA-RWANDA-3GB-10D,0.0,,0,deny,manual,14.99,,false,false,,,,,,,,,,,,,kg,,,
rwanda,,,,,,,,,3GB / 15 Days,,,,,,,,TELNA-RWANDA-3GB-15D,0.0,,0,deny,manual,14.99,,false,false,,,,,,,,,,,,,kg,,,
rwanda,,,,,,,,,3GB / 30 Days,,,,,,,,TELNA-RWANDA-3GB-30D,0.0,,0,deny,manual,17.99,,false,false,,,,,,,,,,,,,kg,,,
rwanda,,,,,,,,,5GB / 5 Days,,,,,,,,TELNA-RWANDA-5GB-5D,0.0,,0,deny,manual,23.99,,false,false,,,,,,,,,,,,,kg,,,
rwanda,,,,,,,,,5GB / 10 Days,,,,,,,,TELNA-RWANDA-5GB-10D,0.0,,0,deny,manual,24.99,,false,false,,,,,,,,,,,,,kg,,,
rwanda,,,,,,,,,5GB / 15 Days,,,,,,,,TELNA-RWANDA-5GB-15D,0.0,,0,deny,manual,24.99,,false,false,,,,,,,,,,,,,kg,,,
rwanda,,,,,,,,,5GB / 30 Days,,,,,,,,TELNA-RWANDA-5GB-30D,0.0,,0,deny,manual,27.99,,false,false,,,,,,,,,,,,,kg,,,
rwanda,,,,,,,,,10GB / 5 Days,,,,,,,,TELNA-RWANDA-10GB-5D,0.0,,0,deny,manual,40.99,,false,false,,,,,,,,,,,,,kg,,,
rwanda,,,,,,,,,10GB / 10 Days,,,,,,,,TELNA-RWANDA-10GB-10D,0.0,,0,deny,manual,41.99,,false,false,,,,,,,,,,,,,kg,,,
rwanda,,,,,,,,,10GB / 15 Days,,,,,,,,TELNA-RWANDA-10GB-15D,0.0,,0,deny,manual,42.99,,false,false,,,,,,,,,,,,,kg,,,
rwanda,,,,,,,,,10GB / 30 Days,,,,,,,,TELNA-RWANDA-10GB-30D,0.0,,0,deny,manual,46.99,,false,false,,,,,,,,,,,,,kg,,,
russia,Russia,"<p>Travel eSIM data plan for Russia.</p>
<p>Si vous possédez déjà une eSIM de chez nous, cet achat sera ajouté à votre eSIM existante sous forme de recharge. S’il s’agit de votre premier achat, nous vous enverrons votre code QR par courriel après la confirmation de votre paiement.</p>",Quebec eSIM,,eSIM,"eSIM, Russia, Telna",false,Plan,1GB / 5 Days,,,,,,,,TELNA-RUSSIA-1GB-5D,0.0,,0,deny,manual,3.99,,false,false,,,,,,,,,false,,,,kg,,,active
russia,,,,,,,,,1GB / 10 Days,,,,,,,,TELNA-RUSSIA-1GB-10D,0.0,,0,deny,manual,4.99,,false,false,,,,,,,,,,,,,kg,,,
russia,,,,,,,,,1GB / 15 Days,,,,,,,,TELNA-RUSSIA-1GB-15D,0.0,,0,deny,manual,4.99,,false,false,,,,,,,,,,,,,kg,,,
russia,,,,,,,,,1GB / 30 Days,,,,,,,,TELNA-RUSSIA-1GB-30D,0.0,,0,deny,manual,7.99,,false,false,,,,,,,,,,,,,kg,,,
russia,,,,,,,,,3GB / 5 Days,,,,,,,,TELNA-RUSSIA-3GB-5D,0.0,,0,deny,manual,8.99,,false,false,,,,,,,,,,,,,kg,,,
russia,,,,,,,,,3GB / 10 Days,,,,,,,,TELNA-RUSSIA-3GB-10D,0.0,,0,deny,manual,9.99,,false,false,,,,,,,,,,,,,kg,,,
russia,,,,,,,,,3GB / 15 Days,,,,,,,,TELNA-RUSSIA-3GB-15D,0.0,,0,deny,manual,10.99,,false,false,,,,,,,,,,,,,kg,,,
russia,,,,,,,,,3GB / 30 Days,,,,,,,,TELNA-RUSSIA-3GB-30D,0.0,,0,deny,manual,11.99,,false,false,,,,,,,,,,,,,kg,,,
russia,,,,,,,,,5GB / 5 Days,,,,,,,,TELNA-RUSSIA-5GB-5D,0.0,,0,deny,manual,5.99,,false,false,,,,,,,,,,,,,kg,,,
russia,,,,,,,,,5GB / 10 Days,,,,,,,,TELNA-RUSSIA-5GB-10D,0.0,,0,deny,manual,6.99,,false,false,,,,,,,,,,,,,kg,,,
russia,,,,,,,,,5GB / 15 Days,,,,,,,,TELNA-RUSSIA-5GB-15D,0.0,,0,deny,manual,7.99,,false,false,,,,,,,,,,,,,kg,,,
russia,,,,,,,,,5GB / 30 Days,,,,,,,,TELNA-RUSSIA-5GB-30D,0.0,,0,deny,manual,9.99,,false,false,,,,,,,,,,,,,kg,,,
russia,,,,,,,,,10GB / 5 Days,,,,,,,,TELNA-RUSSIA-10GB-5D,0.0,,0,deny,manual,12.99,,false,false,,,,,,,,,,,,,kg,,,
russia,,,,,,,,,10GB / 10 Days,,,,,,,,TELNA-RUSSIA-10GB-10D,0.0,,0,deny,manual,13.99,,false,false,,,,,,,,,,,,,kg,,,
russia,,,,,,,,,10GB / 15 Days,,,,,,,,TELNA-RUSSIA-10GB-15D,0.0,,0,deny,manual,14.99,,false,false,,,,,,,,,,,,,kg,,,
russia,,,,,,,,,10GB / 30 Days,,,,,,,,TELNA-RUSSIA-10GB-30D,0.0,,0,deny,manual,16.99,,false,false,,,,,,,,,,,,,kg,,,
russia,,,,,,,,,20GB / 5 Days,,,,,,,,TELNA-RUSSIA-20GB-5D,0.0,,0,deny,manual,23.99,,false,false,,,,,,,,,,,,,kg,,,
russia,,,,,,,,,20GB / 10 Days,,,,,,,,TELNA-RUSSIA-20GB-10D,0.0,,0,deny,manual,24.99,,false,false,,,,,,,,,,,,,kg,,,
russia,,,,,,,,,20GB / 15 Days,,,,,,,,TELNA-RUSSIA-20GB-15D,0.0,,0,deny,manual,24.99,,false,false,,,,,,,,,,,,,kg,,,
russia,,,,,,,,,20GB / 30 Days,,,,,,,,TELNA-RUSSIA-20GB-30D,0.0,,0,deny,manual,27.99,,false,false,,,,,,,,,,,,,kg,,,
russia,,,,,,,,,Unlimited / 5 Days,,,,,,,,TELNA-RUSSIA-UNLIMITED-5D,0.0,,0,deny,manual,24.99,,false,false,,,,,,,,,,,,,kg,,,
russia,,,,,,,,,Unlimited / 10 Days,,,,,,,,TELNA-RUSSIA-UNLIMITED-10D,0.0,,0,deny,manual,44.99,,false,false,,,,,,,,,,,,,kg,,,
russia,,,,,,,,,Unlimited / 15 Days,,,,,,,,TELNA-RUSSIA-UNLIMITED-15D,0.0,,0,deny,manual,49.99,,false,false,,,,,,,,,,,,,kg,,,
russia,,,,,,,,,Unlimited / 30 Days,,,,,,,,TELNA-RUSSIA-UNLIMITED-30D,0.0,,0,deny,manual,79.99,,false,false,,,,,,,,,,,,,kg,,,
romania,Romania,"<p>Travel eSIM data plan for Romania.</p>
<p>Si vous possédez déjà une eSIM de chez nous, cet achat sera ajouté à votre eSIM existante sous forme de recharge. S’il s’agit de votre premier achat, nous vous enverrons votre code QR par courriel après la confirmation de votre paiement.</p>",Quebec eSIM,,eSIM,"eSIM, Romania, Telna",false,Plan,1GB / 5 Days,,,,,,,,TELNA-ROMANIA-1GB-5D,0.0,,0,deny,manual,2.99,,false,false,,,,,,,,,false,,,,kg,,,active
romania,,,,,,,,,1GB / 10 Days,,,,,,,,TELNA-ROMANIA-1GB-10D,0.0,,0,deny,manual,3.99,,false,false,,,,,,,,,,,,,kg,,,
romania,,,,,,,,,1GB / 15 Days,,,,,,,,TELNA-ROMANIA-1GB-15D,0.0,,0,deny,manual,4.99,,false,false,,,,,,,,,,,,,kg,,,
romania,,,,,,,,,1GB / 30 Days,,,,,,,,TELNA-ROMANIA-1GB-30D,0.0,,0,deny,manual,6.99,,false,false,,,,,,,,,,,,,kg,,,
romania,,,,,,,,,3GB / 5 Days,,,,,,,,TELNA-ROMANIA-3GB-5D,0.0,,0,deny,manual,7.99,,false,false,,,,,,,,,,,,,kg,,,
romania,,,,,,,,,3GB / 10 Days,,,,,,,,TELNA-ROMANIA-3GB-10D,0.0,,0,deny,manual,7.99,,false,false,,,,,,,,,,,,,kg,,,
romania,,,,,,,,,3GB / 15 Days,,,,,,,,TELNA-ROMANIA-3GB-15D,0.0,,0,deny,manual,8.99,,false,false,,,,,,,,,,,,,kg,,,
romania,,,,,,,,,3GB / 30 Days,,,,,,,,TELNA-ROMANIA-3GB-30D,0.0,,0,deny,manual,9.99,,false,false,,,,,,,,,,,,,kg,,,
romania,,,,,,,,,5GB / 5 Days,,,,,,,,TELNA-ROMANIA-5GB-5D,0.0,,0,deny,manual,4.99,,false,false,,,,,,,,,,,,,kg,,,
romania,,,,,,,,,5GB / 10 Days,,,,,,,,TELNA-ROMANIA-5GB-10D,0.0,,0,deny,manual,5.99,,false,false,,,,,,,,,,,,,kg,,,
romania,,,,,,,,,5GB / 15 Days,,,,,,,,TELNA-ROMANIA-5GB-15D,0.0,,0,deny,manual,6.99,,false,false,,,,,,,,,,,,,kg,,,
romania,,,,,,,,,5GB / 30 Days,,,,,,,,TELNA-ROMANIA-5GB-30D,0.0,,0,deny,manual,8.99,,false,false,,,,,,,,,,,,,kg,,,
romania,,,,,,,,,10GB / 5 Days,,,,,,,,TELNA-ROMANIA-10GB-5D,0.0,,0,deny,manual,8.99,,false,false,,,,,,,,,,,,,kg,,,
romania,,,,,,,,,10GB / 10 Days,,,,,,,,TELNA-ROMANIA-10GB-10D,0.0,,0,deny,manual,9.99,,false,false,,,,,,,,,,,,,kg,,,
romania,,,,,,,,,10GB / 15 Days,,,,,,,,TELNA-ROMANIA-10GB-15D,0.0,,0,deny,manual,9.99,,false,false,,,,,,,,,,,,,kg,,,
romania,,,,,,,,,10GB / 30 Days,,,,,,,,TELNA-ROMANIA-10GB-30D,0.0,,0,deny,manual,12.99,,false,false,,,,,,,,,,,,,kg,,,
romania,,,,,,,,,20GB / 5 Days,,,,,,,,TELNA-ROMANIA-20GB-5D,0.0,,0,deny,manual,17.99,,false,false,,,,,,,,,,,,,kg,,,
romania,,,,,,,,,20GB / 10 Days,,,,,,,,TELNA-ROMANIA-20GB-10D,0.0,,0,deny,manual,18.99,,false,false,,,,,,,,,,,,,kg,,,
romania,,,,,,,,,20GB / 15 Days,,,,,,,,TELNA-ROMANIA-20GB-15D,0.0,,0,deny,manual,19.99,,false,false,,,,,,,,,,,,,kg,,,
romania,,,,,,,,,20GB / 30 Days,,,,,,,,TELNA-ROMANIA-20GB-30D,0.0,,0,deny,manual,21.99,,false,false,,,,,,,,,,,,,kg,,,
romania,,,,,,,,,Unlimited / 5 Days,,,,,,,,TELNA-ROMANIA-UNLIMITED-5D,0.0,,0,deny,manual,14.99,,false,false,,,,,,,,,,,,,kg,,,
romania,,,,,,,,,Unlimited / 10 Days,,,,,,,,TELNA-ROMANIA-UNLIMITED-10D,0.0,,0,deny,manual,24.99,,false,false,,,,,,,,,,,,,kg,,,
romania,,,,,,,,,Unlimited / 15 Days,,,,,,,,TELNA-ROMANIA-UNLIMITED-15D,0.0,,0,deny,manual,39.99,,false,false,,,,,,,,,,,,,kg,,,
romania,,,,,,,,,Unlimited / 30 Days,,,,,,,,TELNA-ROMANIA-UNLIMITED-30D,0.0,,0,deny,manual,49.99,,false,false,,,,,,,,,,,,,kg,,,
reunion,Reunion,"<p>Travel eSIM data plan for Reunion.</p>
<p>Si vous possédez déjà une eSIM de chez nous, cet achat sera ajouté à votre eSIM existante sous forme de recharge. S’il s’agit de votre premier achat, nous vous enverrons votre code QR par courriel après la confirmation de votre paiement.</p>",Quebec eSIM,,eSIM,"eSIM, Reunion, Telna",false,Plan,1GB / 5 Days,,,,,,,,TELNA-REUNION-1GB-5D,0.0,,0,deny,manual,2.99,,false,false,,,,,,,,,false,,,,kg,,,active
reunion,,,,,,,,,1GB / 10 Days,,,,,,,,TELNA-REUNION-1GB-10D,0.0,,0,deny,manual,3.99,,false,false,,,,,,,,,,,,,kg,,,
reunion,,,,,,,,,1GB / 15 Days,,,,,,,,TELNA-REUNION-1GB-15D,0.0,,0,deny,manual,4.99,,false,false,,,,,,,,,,,,,kg,,,
reunion,,,,,,,,,1GB / 30 Days,,,,,,,,TELNA-REUNION-1GB-30D,0.0,,0,deny,manual,6.99,,false,false,,,,,,,,,,,,,kg,,,
reunion,,,,,,,,,3GB / 5 Days,,,,,,,,TELNA-REUNION-3GB-5D,0.0,,0,deny,manual,4.99,,false,false,,,,,,,,,,,,,kg,,,
reunion,,,,,,,,,3GB / 10 Days,,,,,,,,TELNA-REUNION-3GB-10D,0.0,,0,deny,manual,5.99,,false,false,,,,,,,,,,,,,kg,,,
reunion,,,,,,,,,3GB / 15 Days,,,,,,,,TELNA-REUNION-3GB-15D,0.0,,0,deny,manual,6.99,,false,false,,,,,,,,,,,,,kg,,,
reunion,,,,,,,,,3GB / 30 Days,,,,,,,,TELNA-REUNION-3GB-30D,0.0,,0,deny,manual,8.99,,false,false,,,,,,,,,,,,,kg,,,
reunion,,,,,,,,,5GB / 5 Days,,,,,,,,TELNA-REUNION-5GB-5D,0.0,,0,deny,manual,4.99,,false,false,,,,,,,,,,,,,kg,,,
reunion,,,,,,,,,5GB / 10 Days,,,,,,,,TELNA-REUNION-5GB-10D,0.0,,0,deny,manual,5.99,,false,false,,,,,,,,,,,,,kg,,,
reunion,,,,,,,,,5GB / 15 Days,,,,,,,,TELNA-REUNION-5GB-15D,0.0,,0,deny,manual,6.99,,false,false,,,,,,,,,,,,,kg,,,
reunion,,,,,,,,,5GB / 30 Days,,,,,,,,TELNA-REUNION-5GB-30D,0.0,,0,deny,manual,8.99,,false,false,,,,,,,,,,,,,kg,,,
reunion,,,,,,,,,10GB / 5 Days,,,,,,,,TELNA-REUNION-10GB-5D,0.0,,0,deny,manual,8.99,,false,false,,,,,,,,,,,,,kg,,,
reunion,,,,,,,,,10GB / 10 Days,,,,,,,,TELNA-REUNION-10GB-10D,0.0,,0,deny,manual,9.99,,false,false,,,,,,,,,,,,,kg,,,
reunion,,,,,,,,,10GB / 15 Days,,,,,,,,TELNA-REUNION-10GB-15D,0.0,,0,deny,manual,9.99,,false,false,,,,,,,,,,,,,kg,,,
reunion,,,,,,,,,10GB / 30 Days,,,,,,,,TELNA-REUNION-10GB-30D,0.0,,0,deny,manual,12.99,,false,false,,,,,,,,,,,,,kg,,,
reunion,,,,,,,,,20GB / 5 Days,,,,,,,,TELNA-REUNION-20GB-5D,0.0,,0,deny,manual,17.99,,false,false,,,,,,,,,,,,,kg,,,
reunion,,,,,,,,,20GB / 10 Days,,,,,,,,TELNA-REUNION-20GB-10D,0.0,,0,deny,manual,18.99,,false,false,,,,,,,,,,,,,kg,,,
reunion,,,,,,,,,20GB / 15 Days,,,,,,,,TELNA-REUNION-20GB-15D,0.0,,0,deny,manual,19.99,,false,false,,,,,,,,,,,,,kg,,,
reunion,,,,,,,,,20GB / 30 Days,,,,,,,,TELNA-REUNION-20GB-30D,0.0,,0,deny,manual,21.99,,false,false,,,,,,,,,,,,,kg,,,
reunion,,,,,,,,,Unlimited / 5 Days,,,,,,,,TELNA-REUNION-UNLIMITED-5D,0.0,,0,deny,manual,14.99,,false,false,,,,,,,,,,,,,kg,,,
reunion,,,,,,,,,Unlimited / 10 Days,,,,,,,,TELNA-REUNION-UNLIMITED-10D,0.0,,0,deny,manual,24.99,,false,false,,,,,,,,,,,,,kg,,,
reunion,,,,,,,,,Unlimited / 15 Days,,,,,,,,TELNA-REUNION-UNLIMITED-15D,0.0,,0,deny,manual,44.99,,false,false,,,,,,,,,,,,,kg,,,
reunion,,,,,,,,,Unlimited / 30 Days,,,,,,,,TELNA-REUNION-UNLIMITED-30D,0.0,,0,deny,manual,59.99,,false,false,,,,,,,,,,,,,kg,,,
republic-of-the-congo,Republic of the Congo,"<p>Travel eSIM data plan for Republic of the Congo.</p>
<p>Si vous possédez déjà une eSIM de chez nous, cet achat sera ajouté à votre eSIM existante sous forme de recharge. S’il s’agit de votre premier achat, nous vous enverrons votre code QR par courriel après la confirmation de votre paiement.</p>",Quebec eSIM,,eSIM,"eSIM, Republic of the Congo, Telna",false,Plan,1GB / 5 Days,,,,,,,,TELNA-REPUBLIC-OF-THE-CONGO-1GB-5D,0.0,,0,deny,manual,4.99,,false,false,,,,,,,,,false,,,,kg,,,active
republic-of-the-congo,,,,,,,,,1GB / 10 Days,,,,,,,,TELNA-REPUBLIC-OF-THE-CONGO-1GB-10D,0.0,,0,deny,manual,5.99,,false,false,,,,,,,,,,,,,kg,,,
republic-of-the-congo,,,,,,,,,1GB / 15 Days,,,,,,,,TELNA-REPUBLIC-OF-THE-CONGO-1GB-15D,0.0,,0,deny,manual,6.99,,false,false,,,,,,,,,,,,,kg,,,
republic-of-the-congo,,,,,,,,,1GB / 30 Days,,,,,,,,TELNA-REPUBLIC-OF-THE-CONGO-1GB-30D,0.0,,0,deny,manual,8.99,,false,false,,,,,,,,,,,,,kg,,,
republic-of-the-congo,,,,,,,,,3GB / 5 Days,,,,,,,,TELNA-REPUBLIC-OF-THE-CONGO-3GB-5D,0.0,,0,deny,manual,13.99,,false,false,,,,,,,,,,,,,kg,,,
republic-of-the-congo,,,,,,,,,3GB / 10 Days,,,,,,,,TELNA-REPUBLIC-OF-THE-CONGO-3GB-10D,0.0,,0,deny,manual,14.99,,false,false,,,,,,,,,,,,,kg,,,
republic-of-the-congo,,,,,,,,,3GB / 15 Days,,,,,,,,TELNA-REPUBLIC-OF-THE-CONGO-3GB-15D,0.0,,0,deny,manual,14.99,,false,false,,,,,,,,,,,,,kg,,,
republic-of-the-congo,,,,,,,,,3GB / 30 Days,,,,,,,,TELNA-REPUBLIC-OF-THE-CONGO-3GB-30D,0.0,,0,deny,manual,17.99,,false,false,,,,,,,,,,,,,kg,,,
republic-of-the-congo,,,,,,,,,5GB / 5 Days,,,,,,,,TELNA-REPUBLIC-OF-THE-CONGO-5GB-5D,0.0,,0,deny,manual,23.99,,false,false,,,,,,,,,,,,,kg,,,
republic-of-the-congo,,,,,,,,,5GB / 10 Days,,,,,,,,TELNA-REPUBLIC-OF-THE-CONGO-5GB-10D,0.0,,0,deny,manual,24.99,,false,false,,,,,,,,,,,,,kg,,,
republic-of-the-congo,,,,,,,,,5GB / 15 Days,,,,,,,,TELNA-REPUBLIC-OF-THE-CONGO-5GB-15D,0.0,,0,deny,manual,24.99,,false,false,,,,,,,,,,,,,kg,,,
republic-of-the-congo,,,,,,,,,5GB / 30 Days,,,,,,,,TELNA-REPUBLIC-OF-THE-CONGO-5GB-30D,0.0,,0,deny,manual,27.99,,false,false,,,,,,,,,,,,,kg,,,
republic-of-the-congo,,,,,,,,,10GB / 5 Days,,,,,,,,TELNA-REPUBLIC-OF-THE-CONGO-10GB-5D,0.0,,0,deny,manual,40.99,,false,false,,,,,,,,,,,,,kg,,,
republic-of-the-congo,,,,,,,,,10GB / 10 Days,,,,,,,,TELNA-REPUBLIC-OF-THE-CONGO-10GB-10D,0.0,,0,deny,manual,41.99,,false,false,,,,,,,,,,,,,kg,,,
republic-of-the-congo,,,,,,,,,10GB / 15 Days,,,,,,,,TELNA-REPUBLIC-OF-THE-CONGO-10GB-15D,0.0,,0,deny,manual,42.99,,false,false,,,,,,,,,,,,,kg,,,
republic-of-the-congo,,,,,,,,,10GB / 30 Days,,,,,,,,TELNA-REPUBLIC-OF-THE-CONGO-10GB-30D,0.0,,0,deny,manual,46.99,,false,false,,,,,,,,,,,,,kg,,,
republic-of-the-congo,,,,,,,,,20GB / 5 Days,,,,,,,,TELNA-REPUBLIC-OF-THE-CONGO-20GB-5D,0.0,,0,deny,manual,60.99,,false,false,,,,,,,,,,,,,kg,,,
republic-of-the-congo,,,,,,,,,20GB / 10 Days,,,,,,,,TELNA-REPUBLIC-OF-THE-CONGO-20GB-10D,0.0,,0,deny,manual,61.99,,false,false,,,,,,,,,,,,,kg,,,
republic-of-the-congo,,,,,,,,,20GB / 15 Days,,,,,,,,TELNA-REPUBLIC-OF-THE-CONGO-20GB-15D,0.0,,0,deny,manual,62.99,,false,false,,,,,,,,,,,,,kg,,,
republic-of-the-congo,,,,,,,,,20GB / 30 Days,,,,,,,,TELNA-REPUBLIC-OF-THE-CONGO-20GB-30D,0.0,,0,deny,manual,66.99,,false,false,,,,,,,,,,,,,kg,,,
qatar,Qatar,"<p>Travel eSIM data plan for Qatar.</p>
<p>Si vous possédez déjà une eSIM de chez nous, cet achat sera ajouté à votre eSIM existante sous forme de recharge. S’il s’agit de votre premier achat, nous vous enverrons votre code QR par courriel après la confirmation de votre paiement.</p>",Quebec eSIM,,eSIM,"eSIM, Qatar, Telna",false,Plan,1GB / 5 Days,,,,,,,,TELNA-QATAR-1GB-5D,0.0,,0,deny,manual,4.99,,false,false,,,,,,,,,false,,,,kg,,,active
qatar,,,,,,,,,1GB / 10 Days,,,,,,,,TELNA-QATAR-1GB-10D,0.0,,0,deny,manual,5.99,,false,false,,,,,,,,,,,,,kg,,,
qatar,,,,,,,,,1GB / 15 Days,,,,,,,,TELNA-QATAR-1GB-15D,0.0,,0,deny,manual,6.99,,false,false,,,,,,,,,,,,,kg,,,
qatar,,,,,,,,,1GB / 30 Days,,,,,,,,TELNA-QATAR-1GB-30D,0.0,,0,deny,manual,8.99,,false,false,,,,,,,,,,,,,kg,,,
qatar,,,,,,,,,3GB / 5 Days,,,,,,,,TELNA-QATAR-3GB-5D,0.0,,0,deny,manual,8.99,,false,false,,,,,,,,,,,,,kg,,,
qatar,,,,,,,,,3GB / 10 Days,,,,,,,,TELNA-QATAR-3GB-10D,0.0,,0,deny,manual,9.99,,false,false,,,,,,,,,,,,,kg,,,
qatar,,,,,,,,,3GB / 15 Days,,,,,,,,TELNA-QATAR-3GB-15D,0.0,,0,deny,manual,9.99,,false,false,,,,,,,,,,,,,kg,,,
qatar,,,,,,,,,3GB / 30 Days,,,,,,,,TELNA-QATAR-3GB-30D,0.0,,0,deny,manual,12.99,,false,false,,,,,,,,,,,,,kg,,,
qatar,,,,,,,,,5GB / 5 Days,,,,,,,,TELNA-QATAR-5GB-5D,0.0,,0,deny,manual,11.99,,false,false,,,,,,,,,,,,,kg,,,
qatar,,,,,,,,,5GB / 10 Days,,,,,,,,TELNA-QATAR-5GB-10D,0.0,,0,deny,manual,12.99,,false,false,,,,,,,,,,,,,kg,,,
qatar,,,,,,,,,5GB / 15 Days,,,,,,,,TELNA-QATAR-5GB-15D,0.0,,0,deny,manual,13.99,,false,false,,,,,,,,,,,,,kg,,,
qatar,,,,,,,,,5GB / 30 Days,,,,,,,,TELNA-QATAR-5GB-30D,0.0,,0,deny,manual,15.99,,false,false,,,,,,,,,,,,,kg,,,
qatar,,,,,,,,,10GB / 5 Days,,,,,,,,TELNA-QATAR-10GB-5D,0.0,,0,deny,manual,21.99,,false,false,,,,,,,,,,,,,kg,,,
qatar,,,,,,,,,10GB / 10 Days,,,,,,,,TELNA-QATAR-10GB-10D,0.0,,0,deny,manual,22.99,,false,false,,,,,,,,,,,,,kg,,,
qatar,,,,,,,,,10GB / 15 Days,,,,,,,,TELNA-QATAR-10GB-15D,0.0,,0,deny,manual,23.99,,false,false,,,,,,,,,,,,,kg,,,
qatar,,,,,,,,,10GB / 30 Days,,,,,,,,TELNA-QATAR-10GB-30D,0.0,,0,deny,manual,25.99,,false,false,,,,,,,,,,,,,kg,,,
qatar,,,,,,,,,20GB / 5 Days,,,,,,,,TELNA-QATAR-20GB-5D,0.0,,0,deny,manual,40.99,,false,false,,,,,,,,,,,,,kg,,,
qatar,,,,,,,,,20GB / 10 Days,,,,,,,,TELNA-QATAR-20GB-10D,0.0,,0,deny,manual,41.99,,false,false,,,,,,,,,,,,,kg,,,
qatar,,,,,,,,,20GB / 15 Days,,,,,,,,TELNA-QATAR-20GB-15D,0.0,,0,deny,manual,42.99,,false,false,,,,,,,,,,,,,kg,,,
qatar,,,,,,,,,20GB / 30 Days,,,,,,,,TELNA-QATAR-20GB-30D,0.0,,0,deny,manual,46.99,,false,false,,,,,,,,,,,,,kg,,,
puerto-rico,Puerto Rico,"<p>Travel eSIM data plan for Puerto Rico.</p>
<p>Si vous possédez déjà une eSIM de chez nous, cet achat sera ajouté à votre eSIM existante sous forme de recharge. S’il s’agit de votre premier achat, nous vous enverrons votre code QR par courriel après la confirmation de votre paiement.</p>",Quebec eSIM,,eSIM,"eSIM, Puerto Rico, Telna",false,Plan,1GB / 5 Days,,,,,,,,TELNA-PUERTO-RICO-1GB-5D,0.0,,0,deny,manual,4.99,,false,false,,,,,,,,,false,,,,kg,,,active
puerto-rico,,,,,,,,,1GB / 10 Days,,,,,,,,TELNA-PUERTO-RICO-1GB-10D,0.0,,0,deny,manual,5.99,,false,false,,,,,,,,,,,,,kg,,,
puerto-rico,,,,,,,,,1GB / 15 Days,,,,,,,,TELNA-PUERTO-RICO-1GB-15D,0.0,,0,deny,manual,6.99,,false,false,,,,,,,,,,,,,kg,,,
puerto-rico,,,,,,,,,1GB / 30 Days,,,,,,,,TELNA-PUERTO-RICO-1GB-30D,0.0,,0,deny,manual,8.99,,false,false,,,,,,,,,,,,,kg,,,
puerto-rico,,,,,,,,,3GB / 5 Days,,,,,,,,TELNA-PUERTO-RICO-3GB-5D,0.0,,0,deny,manual,13.99,,false,false,,,,,,,,,,,,,kg,,,
puerto-rico,,,,,,,,,3GB / 10 Days,,,,,,,,TELNA-PUERTO-RICO-3GB-10D,0.0,,0,deny,manual,14.99,,false,false,,,,,,,,,,,,,kg,,,
puerto-rico,,,,,,,,,3GB / 15 Days,,,,,,,,TELNA-PUERTO-RICO-3GB-15D,0.0,,0,deny,manual,14.99,,false,false,,,,,,,,,,,,,kg,,,
puerto-rico,,,,,,,,,3GB / 30 Days,,,,,,,,TELNA-PUERTO-RICO-3GB-30D,0.0,,0,deny,manual,17.99,,false,false,,,,,,,,,,,,,kg,,,
puerto-rico,,,,,,,,,5GB / 5 Days,,,,,,,,TELNA-PUERTO-RICO-5GB-5D,0.0,,0,deny,manual,23.99,,false,false,,,,,,,,,,,,,kg,,,
puerto-rico,,,,,,,,,5GB / 10 Days,,,,,,,,TELNA-PUERTO-RICO-5GB-10D,0.0,,0,deny,manual,24.99,,false,false,,,,,,,,,,,,,kg,,,
puerto-rico,,,,,,,,,5GB / 15 Days,,,,,,,,TELNA-PUERTO-RICO-5GB-15D,0.0,,0,deny,manual,24.99,,false,false,,,,,,,,,,,,,kg,,,
puerto-rico,,,,,,,,,5GB / 30 Days,,,,,,,,TELNA-PUERTO-RICO-5GB-30D,0.0,,0,deny,manual,27.99,,false,false,,,,,,,,,,,,,kg,,,
puerto-rico,,,,,,,,,10GB / 5 Days,,,,,,,,TELNA-PUERTO-RICO-10GB-5D,0.0,,0,deny,manual,42.99,,false,false,,,,,,,,,,,,,kg,,,
puerto-rico,,,,,,,,,10GB / 10 Days,,,,,,,,TELNA-PUERTO-RICO-10GB-10D,0.0,,0,deny,manual,43.99,,false,false,,,,,,,,,,,,,kg,,,
puerto-rico,,,,,,,,,10GB / 15 Days,,,,,,,,TELNA-PUERTO-RICO-10GB-15D,0.0,,0,deny,manual,44.99,,false,false,,,,,,,,,,,,,kg,,,
puerto-rico,,,,,,,,,10GB / 30 Days,,,,,,,,TELNA-PUERTO-RICO-10GB-30D,0.0,,0,deny,manual,48.99,,false,false,,,,,,,,,,,,,kg,,,
puerto-rico,,,,,,,,,20GB / 5 Days,,,,,,,,TELNA-PUERTO-RICO-20GB-5D,0.0,,0,deny,manual,72.99,,false,false,,,,,,,,,,,,,kg,,,
puerto-rico,,,,,,,,,20GB / 10 Days,,,,,,,,TELNA-PUERTO-RICO-20GB-10D,0.0,,0,deny,manual,73.99,,false,false,,,,,,,,,,,,,kg,,,
puerto-rico,,,,,,,,,20GB / 15 Days,,,,,,,,TELNA-PUERTO-RICO-20GB-15D,0.0,,0,deny,manual,74.99,,false,false,,,,,,,,,,,,,kg,,,
puerto-rico,,,,,,,,,20GB / 30 Days,,,,,,,,TELNA-PUERTO-RICO-20GB-30D,0.0,,0,deny,manual,78.99,,false,false,,,,,,,,,,,,,kg,,,
portugal,Portugal,"<p>Travel eSIM data plan for Portugal.</p>
<p>Si vous possédez déjà une eSIM de chez nous, cet achat sera ajouté à votre eSIM existante sous forme de recharge. S’il s’agit de votre premier achat, nous vous enverrons votre code QR par courriel après la confirmation de votre paiement.</p>",Quebec eSIM,,eSIM,"eSIM, Portugal, Telna",false,Plan,1GB / 5 Days,,,,,,,,TELNA-PORTUGAL-1GB-5D,0.0,,0,deny,manual,3.99,,false,false,,,,,,,,,false,,,,kg,,,active
portugal,,,,,,,,,1GB / 10 Days,,,,,,,,TELNA-PORTUGAL-1GB-10D,0.0,,0,deny,manual,4.99,,false,false,,,,,,,,,,,,,kg,,,
portugal,,,,,,,,,1GB / 15 Days,,,,,,,,TELNA-PORTUGAL-1GB-15D,0.0,,0,deny,manual,4.99,,false,false,,,,,,,,,,,,,kg,,,
portugal,,,,,,,,,1GB / 30 Days,,,,,,,,TELNA-PORTUGAL-1GB-30D,0.0,,0,deny,manual,7.99,,false,false,,,,,,,,,,,,,kg,,,
portugal,,,,,,,,,3GB / 5 Days,,,,,,,,TELNA-PORTUGAL-3GB-5D,0.0,,0,deny,manual,6.99,,false,false,,,,,,,,,,,,,kg,,,
portugal,,,,,,,,,3GB / 10 Days,,,,,,,,TELNA-PORTUGAL-3GB-10D,0.0,,0,deny,manual,6.99,,false,false,,,,,,,,,,,,,kg,,,
portugal,,,,,,,,,3GB / 15 Days,,,,,,,,TELNA-PORTUGAL-3GB-15D,0.0,,0,deny,manual,7.99,,false,false,,,,,,,,,,,,,kg,,,
portugal,,,,,,,,,3GB / 30 Days,,,,,,,,TELNA-PORTUGAL-3GB-30D,0.0,,0,deny,manual,8.99,,false,false,,,,,,,,,,,,,kg,,,
portugal,,,,,,,,,5GB / 5 Days,,,,,,,,TELNA-PORTUGAL-5GB-5D,0.0,,0,deny,manual,5.99,,false,false,,,,,,,,,,,,,kg,,,
portugal,,,,,,,,,5GB / 10 Days,,,,,,,,TELNA-PORTUGAL-5GB-10D,0.0,,0,deny,manual,6.99,,false,false,,,,,,,,,,,,,kg,,,
portugal,,,,,,,,,5GB / 15 Days,,,,,,,,TELNA-PORTUGAL-5GB-15D,0.0,,0,deny,manual,7.99,,false,false,,,,,,,,,,,,,kg,,,
portugal,,,,,,,,,5GB / 30 Days,,,,,,,,TELNA-PORTUGAL-5GB-30D,0.0,,0,deny,manual,9.99,,false,false,,,,,,,,,,,,,kg,,,
portugal,,,,,,,,,10GB / 5 Days,,,,,,,,TELNA-PORTUGAL-10GB-5D,0.0,,0,deny,manual,11.99,,false,false,,,,,,,,,,,,,kg,,,
portugal,,,,,,,,,10GB / 10 Days,,,,,,,,TELNA-PORTUGAL-10GB-10D,0.0,,0,deny,manual,12.99,,false,false,,,,,,,,,,,,,kg,,,
portugal,,,,,,,,,10GB / 15 Days,,,,,,,,TELNA-PORTUGAL-10GB-15D,0.0,,0,deny,manual,13.99,,false,false,,,,,,,,,,,,,kg,,,
portugal,,,,,,,,,10GB / 30 Days,,,,,,,,TELNA-PORTUGAL-10GB-30D,0.0,,0,deny,manual,15.99,,false,false,,,,,,,,,,,,,kg,,,
portugal,,,,,,,,,20GB / 5 Days,,,,,,,,TELNA-PORTUGAL-20GB-5D,0.0,,0,deny,manual,20.99,,false,false,,,,,,,,,,,,,kg,,,
portugal,,,,,,,,,20GB / 10 Days,,,,,,,,TELNA-PORTUGAL-20GB-10D,0.0,,0,deny,manual,21.99,,false,false,,,,,,,,,,,,,kg,,,
portugal,,,,,,,,,20GB / 15 Days,,,,,,,,TELNA-PORTUGAL-20GB-15D,0.0,,0,deny,manual,22.99,,false,false,,,,,,,,,,,,,kg,,,
portugal,,,,,,,,,20GB / 30 Days,,,,,,,,TELNA-PORTUGAL-20GB-30D,0.0,,0,deny,manual,24.99,,false,false,,,,,,,,,,,,,kg,,,
portugal,,,,,,,,,Unlimited / 5 Days,,,,,,,,TELNA-PORTUGAL-UNLIMITED-5D,0.0,,0,deny,manual,14.99,,false,false,,,,,,,,,,,,,kg,,,
portugal,,,,,,,,,Unlimited / 10 Days,,,,,,,,TELNA-PORTUGAL-UNLIMITED-10D,0.0,,0,deny,manual,19.99,,false,false,,,,,,,,,,,,,kg,,,
portugal,,,,,,,,,Unlimited / 15 Days,,,,,,,,TELNA-PORTUGAL-UNLIMITED-15D,0.0,,0,deny,manual,29.99,,false,false,,,,,,,,,,,,,kg,,,
portugal,,,,,,,,,Unlimited / 30 Days,,,,,,,,TELNA-PORTUGAL-UNLIMITED-30D,0.0,,0,deny,manual,39.99,,false,false,,,,,,,,,,,,,kg,,,
poland,Poland,"<p>Travel eSIM data plan for Poland.</p>
<p>Si vous possédez déjà une eSIM de chez nous, cet achat sera ajouté à votre eSIM existante sous forme de recharge. S’il s’agit de votre premier achat, nous vous enverrons votre code QR par courriel après la confirmation de votre paiement.</p>",Quebec eSIM,,eSIM,"eSIM, Poland, Telna",false,Plan,1GB / 5 Days,,,,,,,,TELNA-POLAND-1GB-5D,0.0,,0,deny,manual,2.99,,false,false,,,,,,,,,false,,,,kg,,,active
poland,,,,,,,,,1GB / 10 Days,,,,,,,,TELNA-POLAND-1GB-10D,0.0,,0,deny,manual,3.99,,false,false,,,,,,,,,,,,,kg,,,
poland,,,,,,,,,1GB / 15 Days,,,,,,,,TELNA-POLAND-1GB-15D,0.0,,0,deny,manual,4.99,,false,false,,,,,,,,,,,,,kg,,,
poland,,,,,,,,,1GB / 30 Days,,,,,,,,TELNA-POLAND-1GB-30D,0.0,,0,deny,manual,6.99,,false,false,,,,,,,,,,,,,kg,,,
poland,,,,,,,,,3GB / 5 Days,,,,,,,,TELNA-POLAND-3GB-5D,0.0,,0,deny,manual,7.99,,false,false,,,,,,,,,,,,,kg,,,
poland,,,,,,,,,3GB / 10 Days,,,,,,,,TELNA-POLAND-3GB-10D,0.0,,0,deny,manual,7.99,,false,false,,,,,,,,,,,,,kg,,,
poland,,,,,,,,,3GB / 15 Days,,,,,,,,TELNA-POLAND-3GB-15D,0.0,,0,deny,manual,8.99,,false,false,,,,,,,,,,,,,kg,,,
poland,,,,,,,,,3GB / 30 Days,,,,,,,,TELNA-POLAND-3GB-30D,0.0,,0,deny,manual,9.99,,false,false,,,,,,,,,,,,,kg,,,
poland,,,,,,,,,5GB / 5 Days,,,,,,,,TELNA-POLAND-5GB-5D,0.0,,0,deny,manual,4.99,,false,false,,,,,,,,,,,,,kg,,,
poland,,,,,,,,,5GB / 10 Days,,,,,,,,TELNA-POLAND-5GB-10D,0.0,,0,deny,manual,5.99,,false,false,,,,,,,,,,,,,kg,,,
poland,,,,,,,,,5GB / 15 Days,,,,,,,,TELNA-POLAND-5GB-15D,0.0,,0,deny,manual,6.99,,false,false,,,,,,,,,,,,,kg,,,
poland,,,,,,,,,5GB / 30 Days,,,,,,,,TELNA-POLAND-5GB-30D,0.0,,0,deny,manual,8.99,,false,false,,,,,,,,,,,,,kg,,,
poland,,,,,,,,,10GB / 5 Days,,,,,,,,TELNA-POLAND-10GB-5D,0.0,,0,deny,manual,8.99,,false,false,,,,,,,,,,,,,kg,,,
poland,,,,,,,,,10GB / 10 Days,,,,,,,,TELNA-POLAND-10GB-10D,0.0,,0,deny,manual,9.99,,false,false,,,,,,,,,,,,,kg,,,
poland,,,,,,,,,10GB / 15 Days,,,,,,,,TELNA-POLAND-10GB-15D,0.0,,0,deny,manual,9.99,,false,false,,,,,,,,,,,,,kg,,,
poland,,,,,,,,,10GB / 30 Days,,,,,,,,TELNA-POLAND-10GB-30D,0.0,,0,deny,manual,12.99,,false,false,,,,,,,,,,,,,kg,,,
poland,,,,,,,,,20GB / 5 Days,,,,,,,,TELNA-POLAND-20GB-5D,0.0,,0,deny,manual,17.99,,false,false,,,,,,,,,,,,,kg,,,
poland,,,,,,,,,20GB / 10 Days,,,,,,,,TELNA-POLAND-20GB-10D,0.0,,0,deny,manual,18.99,,false,false,,,,,,,,,,,,,kg,,,
poland,,,,,,,,,20GB / 15 Days,,,,,,,,TELNA-POLAND-20GB-15D,0.0,,0,deny,manual,19.99,,false,false,,,,,,,,,,,,,kg,,,
poland,,,,,,,,,20GB / 30 Days,,,,,,,,TELNA-POLAND-20GB-30D,0.0,,0,deny,manual,21.99,,false,false,,,,,,,,,,,,,kg,,,
poland,,,,,,,,,Unlimited / 5 Days,,,,,,,,TELNA-POLAND-UNLIMITED-5D,0.0,,0,deny,manual,14.99,,false,false,,,,,,,,,,,,,kg,,,
poland,,,,,,,,,Unlimited / 10 Days,,,,,,,,TELNA-POLAND-UNLIMITED-10D,0.0,,0,deny,manual,24.99,,false,false,,,,,,,,,,,,,kg,,,
poland,,,,,,,,,Unlimited / 15 Days,,,,,,,,TELNA-POLAND-UNLIMITED-15D,0.0,,0,deny,manual,39.99,,false,false,,,,,,,,,,,,,kg,,,
poland,,,,,,,,,Unlimited / 30 Days,,,,,,,,TELNA-POLAND-UNLIMITED-30D,0.0,,0,deny,manual,49.99,,false,false,,,,,,,,,,,,,kg,,,
philippines,Philippines,"<p>Travel eSIM data plan for Philippines.</p>
<p>Si vous possédez déjà une eSIM de chez nous, cet achat sera ajouté à votre eSIM existante sous forme de recharge. S’il s’agit de votre premier achat, nous vous enverrons votre code QR par courriel après la confirmation de votre paiement.</p>",Quebec eSIM,,eSIM,"eSIM, Philippines, Telna",false,Plan,1GB / 5 Days,,,,,,,,TELNA-PHILIPPINES-1GB-5D,0.0,,0,deny,manual,3.99,,false,false,,,,,,,,,false,,,,kg,,,active
philippines,,,,,,,,,1GB / 10 Days,,,,,,,,TELNA-PHILIPPINES-1GB-10D,0.0,,0,deny,manual,4.99,,false,false,,,,,,,,,,,,,kg,,,
philippines,,,,,,,,,1GB / 15 Days,,,,,,,,TELNA-PHILIPPINES-1GB-15D,0.0,,0,deny,manual,4.99,,false,false,,,,,,,,,,,,,kg,,,
philippines,,,,,,,,,1GB / 30 Days,,,,,,,,TELNA-PHILIPPINES-1GB-30D,0.0,,0,deny,manual,7.99,,false,false,,,,,,,,,,,,,kg,,,
philippines,,,,,,,,,3GB / 5 Days,,,,,,,,TELNA-PHILIPPINES-3GB-5D,0.0,,0,deny,manual,4.99,,false,false,,,,,,,,,,,,,kg,,,
philippines,,,,,,,,,3GB / 10 Days,,,,,,,,TELNA-PHILIPPINES-3GB-10D,0.0,,0,deny,manual,5.99,,false,false,,,,,,,,,,,,,kg,,,
philippines,,,,,,,,,3GB / 15 Days,,,,,,,,TELNA-PHILIPPINES-3GB-15D,0.0,,0,deny,manual,6.99,,false,false,,,,,,,,,,,,,kg,,,
philippines,,,,,,,,,3GB / 30 Days,,,,,,,,TELNA-PHILIPPINES-3GB-30D,0.0,,0,deny,manual,8.99,,false,false,,,,,,,,,,,,,kg,,,
philippines,,,,,,,,,5GB / 5 Days,,,,,,,,TELNA-PHILIPPINES-5GB-5D,0.0,,0,deny,manual,5.99,,false,false,,,,,,,,,,,,,kg,,,
philippines,,,,,,,,,5GB / 10 Days,,,,,,,,TELNA-PHILIPPINES-5GB-10D,0.0,,0,deny,manual,6.99,,false,false,,,,,,,,,,,,,kg,,,
philippines,,,,,,,,,5GB / 15 Days,,,,,,,,TELNA-PHILIPPINES-5GB-15D,0.0,,0,deny,manual,7.99,,false,false,,,,,,,,,,,,,kg,,,
philippines,,,,,,,,,5GB / 30 Days,,,,,,,,TELNA-PHILIPPINES-5GB-30D,0.0,,0,deny,manual,9.99,,false,false,,,,,,,,,,,,,kg,,,
philippines,,,,,,,,,10GB / 5 Days,,,,,,,,TELNA-PHILIPPINES-10GB-5D,0.0,,0,deny,manual,12.99,,false,false,,,,,,,,,,,,,kg,,,
philippines,,,,,,,,,10GB / 10 Days,,,,,,,,TELNA-PHILIPPINES-10GB-10D,0.0,,0,deny,manual,13.99,,false,false,,,,,,,,,,,,,kg,,,
philippines,,,,,,,,,10GB / 15 Days,,,,,,,,TELNA-PHILIPPINES-10GB-15D,0.0,,0,deny,manual,14.99,,false,false,,,,,,,,,,,,,kg,,,
philippines,,,,,,,,,10GB / 30 Days,,,,,,,,TELNA-PHILIPPINES-10GB-30D,0.0,,0,deny,manual,16.99,,false,false,,,,,,,,,,,,,kg,,,
philippines,,,,,,,,,20GB / 5 Days,,,,,,,,TELNA-PHILIPPINES-20GB-5D,0.0,,0,deny,manual,23.99,,false,false,,,,,,,,,,,,,kg,,,
philippines,,,,,,,,,20GB / 10 Days,,,,,,,,TELNA-PHILIPPINES-20GB-10D,0.0,,0,deny,manual,24.99,,false,false,,,,,,,,,,,,,kg,,,
philippines,,,,,,,,,20GB / 15 Days,,,,,,,,TELNA-PHILIPPINES-20GB-15D,0.0,,0,deny,manual,24.99,,false,false,,,,,,,,,,,,,kg,,,
philippines,,,,,,,,,20GB / 30 Days,,,,,,,,TELNA-PHILIPPINES-20GB-30D,0.0,,0,deny,manual,27.99,,false,false,,,,,,,,,,,,,kg,,,
philippines,,,,,,,,,Unlimited / 5 Days,,,,,,,,TELNA-PHILIPPINES-UNLIMITED-5D,0.0,,0,deny,manual,17.99,,false,false,,,,,,,,,,,,,kg,,,
philippines,,,,,,,,,Unlimited / 10 Days,,,,,,,,TELNA-PHILIPPINES-UNLIMITED-10D,0.0,,0,deny,manual,29.99,,false,false,,,,,,,,,,,,,kg,,,
philippines,,,,,,,,,Unlimited / 15 Days,,,,,,,,TELNA-PHILIPPINES-UNLIMITED-15D,0.0,,0,deny,manual,44.99,,false,false,,,,,,,,,,,,,kg,,,
philippines,,,,,,,,,Unlimited / 30 Days,,,,,,,,TELNA-PHILIPPINES-UNLIMITED-30D,0.0,,0,deny,manual,54.99,,false,false,,,,,,,,,,,,,kg,,,
peru,Peru,"<p>Travel eSIM data plan for Peru.</p>
<p>Si vous possédez déjà une eSIM de chez nous, cet achat sera ajouté à votre eSIM existante sous forme de recharge. S’il s’agit de votre premier achat, nous vous enverrons votre code QR par courriel après la confirmation de votre paiement.</p>",Quebec eSIM,,eSIM,"eSIM, Peru, Telna",false,Plan,1GB / 5 Days,,,,,,,,TELNA-PERU-1GB-5D,0.0,,0,deny,manual,4.99,,false,false,,,,,,,,,false,,,,kg,,,active
peru,,,,,,,,,1GB / 10 Days,,,,,,,,TELNA-PERU-1GB-10D,0.0,,0,deny,manual,5.99,,false,false,,,,,,,,,,,,,kg,,,
peru,,,,,,,,,1GB / 15 Days,,,,,,,,TELNA-PERU-1GB-15D,0.0,,0,deny,manual,6.99,,false,false,,,,,,,,,,,,,kg,,,
peru,,,,,,,,,1GB / 30 Days,,,,,,,,TELNA-PERU-1GB-30D,0.0,,0,deny,manual,8.99,,false,false,,,,,,,,,,,,,kg,,,
peru,,,,,,,,,3GB / 5 Days,,,,,,,,TELNA-PERU-3GB-5D,0.0,,0,deny,manual,8.99,,false,false,,,,,,,,,,,,,kg,,,
peru,,,,,,,,,3GB / 10 Days,,,,,,,,TELNA-PERU-3GB-10D,0.0,,0,deny,manual,9.99,,false,false,,,,,,,,,,,,,kg,,,
peru,,,,,,,,,3GB / 15 Days,,,,,,,,TELNA-PERU-3GB-15D,0.0,,0,deny,manual,9.99,,false,false,,,,,,,,,,,,,kg,,,
peru,,,,,,,,,3GB / 30 Days,,,,,,,,TELNA-PERU-3GB-30D,0.0,,0,deny,manual,12.99,,false,false,,,,,,,,,,,,,kg,,,
peru,,,,,,,,,5GB / 5 Days,,,,,,,,TELNA-PERU-5GB-5D,0.0,,0,deny,manual,11.99,,false,false,,,,,,,,,,,,,kg,,,
peru,,,,,,,,,5GB / 10 Days,,,,,,,,TELNA-PERU-5GB-10D,0.0,,0,deny,manual,12.99,,false,false,,,,,,,,,,,,,kg,,,
peru,,,,,,,,,5GB / 15 Days,,,,,,,,TELNA-PERU-5GB-15D,0.0,,0,deny,manual,13.99,,false,false,,,,,,,,,,,,,kg,,,
peru,,,,,,,,,5GB / 30 Days,,,,,,,,TELNA-PERU-5GB-30D,0.0,,0,deny,manual,15.99,,false,false,,,,,,,,,,,,,kg,,,
peru,,,,,,,,,10GB / 5 Days,,,,,,,,TELNA-PERU-10GB-5D,0.0,,0,deny,manual,21.99,,false,false,,,,,,,,,,,,,kg,,,
peru,,,,,,,,,10GB / 10 Days,,,,,,,,TELNA-PERU-10GB-10D,0.0,,0,deny,manual,22.99,,false,false,,,,,,,,,,,,,kg,,,
peru,,,,,,,,,10GB / 15 Days,,,,,,,,TELNA-PERU-10GB-15D,0.0,,0,deny,manual,23.99,,false,false,,,,,,,,,,,,,kg,,,
peru,,,,,,,,,10GB / 30 Days,,,,,,,,TELNA-PERU-10GB-30D,0.0,,0,deny,manual,25.99,,false,false,,,,,,,,,,,,,kg,,,
peru,,,,,,,,,20GB / 5 Days,,,,,,,,TELNA-PERU-20GB-5D,0.0,,0,deny,manual,40.99,,false,false,,,,,,,,,,,,,kg,,,
peru,,,,,,,,,20GB / 10 Days,,,,,,,,TELNA-PERU-20GB-10D,0.0,,0,deny,manual,41.99,,false,false,,,,,,,,,,,,,kg,,,
peru,,,,,,,,,20GB / 15 Days,,,,,,,,TELNA-PERU-20GB-15D,0.0,,0,deny,manual,42.99,,false,false,,,,,,,,,,,,,kg,,,
peru,,,,,,,,,20GB / 30 Days,,,,,,,,TELNA-PERU-20GB-30D,0.0,,0,deny,manual,46.99,,false,false,,,,,,,,,,,,,kg,,,
peru,,,,,,,,,Unlimited / 5 Days,,,,,,,,TELNA-PERU-UNLIMITED-5D,0.0,,0,deny,manual,24.99,,false,false,,,,,,,,,,,,,kg,,,
peru,,,,,,,,,Unlimited / 10 Days,,,,,,,,TELNA-PERU-UNLIMITED-10D,0.0,,0,deny,manual,39.99,,false,false,,,,,,,,,,,,,kg,,,
peru,,,,,,,,,Unlimited / 15 Days,,,,,,,,TELNA-PERU-UNLIMITED-15D,0.0,,0,deny,manual,59.99,,false,false,,,,,,,,,,,,,kg,,,
peru,,,,,,,,,Unlimited / 30 Days,,,,,,,,TELNA-PERU-UNLIMITED-30D,0.0,,0,deny,manual,89.99,,false,false,,,,,,,,,,,,,kg,,,
paraguay,Paraguay,"<p>Travel eSIM data plan for Paraguay.</p>
<p>Si vous possédez déjà une eSIM de chez nous, cet achat sera ajouté à votre eSIM existante sous forme de recharge. S’il s’agit de votre premier achat, nous vous enverrons votre code QR par courriel après la confirmation de votre paiement.</p>",Quebec eSIM,,eSIM,"eSIM, Paraguay, Telna",false,Plan,1GB / 5 Days,,,,,,,,TELNA-PARAGUAY-1GB-5D,0.0,,0,deny,manual,4.99,,false,false,,,,,,,,,false,,,,kg,,,active
paraguay,,,,,,,,,1GB / 10 Days,,,,,,,,TELNA-PARAGUAY-1GB-10D,0.0,,0,deny,manual,5.99,,false,false,,,,,,,,,,,,,kg,,,
paraguay,,,,,,,,,1GB / 15 Days,,,,,,,,TELNA-PARAGUAY-1GB-15D,0.0,,0,deny,manual,6.99,,false,false,,,,,,,,,,,,,kg,,,
paraguay,,,,,,,,,1GB / 30 Days,,,,,,,,TELNA-PARAGUAY-1GB-30D,0.0,,0,deny,manual,8.99,,false,false,,,,,,,,,,,,,kg,,,
paraguay,,,,,,,,,3GB / 5 Days,,,,,,,,TELNA-PARAGUAY-3GB-5D,0.0,,0,deny,manual,13.99,,false,false,,,,,,,,,,,,,kg,,,
paraguay,,,,,,,,,3GB / 10 Days,,,,,,,,TELNA-PARAGUAY-3GB-10D,0.0,,0,deny,manual,14.99,,false,false,,,,,,,,,,,,,kg,,,
paraguay,,,,,,,,,3GB / 15 Days,,,,,,,,TELNA-PARAGUAY-3GB-15D,0.0,,0,deny,manual,14.99,,false,false,,,,,,,,,,,,,kg,,,
paraguay,,,,,,,,,3GB / 30 Days,,,,,,,,TELNA-PARAGUAY-3GB-30D,0.0,,0,deny,manual,17.99,,false,false,,,,,,,,,,,,,kg,,,
paraguay,,,,,,,,,5GB / 5 Days,,,,,,,,TELNA-PARAGUAY-5GB-5D,0.0,,0,deny,manual,23.99,,false,false,,,,,,,,,,,,,kg,,,
paraguay,,,,,,,,,5GB / 10 Days,,,,,,,,TELNA-PARAGUAY-5GB-10D,0.0,,0,deny,manual,24.99,,false,false,,,,,,,,,,,,,kg,,,
paraguay,,,,,,,,,5GB / 15 Days,,,,,,,,TELNA-PARAGUAY-5GB-15D,0.0,,0,deny,manual,24.99,,false,false,,,,,,,,,,,,,kg,,,
paraguay,,,,,,,,,5GB / 30 Days,,,,,,,,TELNA-PARAGUAY-5GB-30D,0.0,,0,deny,manual,27.99,,false,false,,,,,,,,,,,,,kg,,,
paraguay,,,,,,,,,10GB / 5 Days,,,,,,,,TELNA-PARAGUAY-10GB-5D,0.0,,0,deny,manual,40.99,,false,false,,,,,,,,,,,,,kg,,,
paraguay,,,,,,,,,10GB / 10 Days,,,,,,,,TELNA-PARAGUAY-10GB-10D,0.0,,0,deny,manual,41.99,,false,false,,,,,,,,,,,,,kg,,,
paraguay,,,,,,,,,10GB / 15 Days,,,,,,,,TELNA-PARAGUAY-10GB-15D,0.0,,0,deny,manual,42.99,,false,false,,,,,,,,,,,,,kg,,,
paraguay,,,,,,,,,10GB / 30 Days,,,,,,,,TELNA-PARAGUAY-10GB-30D,0.0,,0,deny,manual,46.99,,false,false,,,,,,,,,,,,,kg,,,
paraguay,,,,,,,,,20GB / 5 Days,,,,,,,,TELNA-PARAGUAY-20GB-5D,0.0,,0,deny,manual,60.99,,false,false,,,,,,,,,,,,,kg,,,
paraguay,,,,,,,,,20GB / 10 Days,,,,,,,,TELNA-PARAGUAY-20GB-10D,0.0,,0,deny,manual,61.99,,false,false,,,,,,,,,,,,,kg,,,
paraguay,,,,,,,,,20GB / 15 Days,,,,,,,,TELNA-PARAGUAY-20GB-15D,0.0,,0,deny,manual,62.99,,false,false,,,,,,,,,,,,,kg,,,
paraguay,,,,,,,,,20GB / 30 Days,,,,,,,,TELNA-PARAGUAY-20GB-30D,0.0,,0,deny,manual,66.99,,false,false,,,,,,,,,,,,,kg,,,
paraguay,,,,,,,,,Unlimited / 5 Days,,,,,,,,TELNA-PARAGUAY-UNLIMITED-5D,0.0,,0,deny,manual,24.99,,false,false,,,,,,,,,,,,,kg,,,
paraguay,,,,,,,,,Unlimited / 10 Days,,,,,,,,TELNA-PARAGUAY-UNLIMITED-10D,0.0,,0,deny,manual,49.99,,false,false,,,,,,,,,,,,,kg,,,
paraguay,,,,,,,,,Unlimited / 15 Days,,,,,,,,TELNA-PARAGUAY-UNLIMITED-15D,0.0,,0,deny,manual,79.99,,false,false,,,,,,,,,,,,,kg,,,
paraguay,,,,,,,,,Unlimited / 30 Days,,,,,,,,TELNA-PARAGUAY-UNLIMITED-30D,0.0,,0,deny,manual,99.99,,false,false,,,,,,,,,,,,,kg,,,
papua-new-guinea,Papua New Guinea,"<p>Travel eSIM data plan for Papua New Guinea.</p>
<p>Si vous possédez déjà une eSIM de chez nous, cet achat sera ajouté à votre eSIM existante sous forme de recharge. S’il s’agit de votre premier achat, nous vous enverrons votre code QR par courriel après la confirmation de votre paiement.</p>",Quebec eSIM,,eSIM,"eSIM, Papua New Guinea, Telna",false,Plan,1GB / 5 Days,,,,,,,,TELNA-PAPUA-NEW-GUINEA-1GB-5D,0.0,,0,deny,manual,9.99,,false,false,,,,,,,,,false,,,,kg,,,active
papua-new-guinea,,,,,,,,,1GB / 10 Days,,,,,,,,TELNA-PAPUA-NEW-GUINEA-1GB-10D,0.0,,0,deny,manual,10.99,,false,false,,,,,,,,,,,,,kg,,,
papua-new-guinea,,,,,,,,,1GB / 15 Days,,,,,,,,TELNA-PAPUA-NEW-GUINEA-1GB-15D,0.0,,0,deny,manual,11.99,,false,false,,,,,,,,,,,,,kg,,,
papua-new-guinea,,,,,,,,,1GB / 30 Days,,,,,,,,TELNA-PAPUA-NEW-GUINEA-1GB-30D,0.0,,0,deny,manual,13.99,,false,false,,,,,,,,,,,,,kg,,,
papua-new-guinea,,,,,,,,,3GB / 5 Days,,,,,,,,TELNA-PAPUA-NEW-GUINEA-3GB-5D,0.0,,0,deny,manual,28.99,,false,false,,,,,,,,,,,,,kg,,,
papua-new-guinea,,,,,,,,,3GB / 10 Days,,,,,,,,TELNA-PAPUA-NEW-GUINEA-3GB-10D,0.0,,0,deny,manual,29.99,,false,false,,,,,,,,,,,,,kg,,,
papua-new-guinea,,,,,,,,,3GB / 15 Days,,,,,,,,TELNA-PAPUA-NEW-GUINEA-3GB-15D,0.0,,0,deny,manual,29.99,,false,false,,,,,,,,,,,,,kg,,,
papua-new-guinea,,,,,,,,,3GB / 30 Days,,,,,,,,TELNA-PAPUA-NEW-GUINEA-3GB-30D,0.0,,0,deny,manual,32.99,,false,false,,,,,,,,,,,,,kg,,,
papua-new-guinea,,,,,,,,,5GB / 5 Days,,,,,,,,TELNA-PAPUA-NEW-GUINEA-5GB-5D,0.0,,0,deny,manual,48.99,,false,false,,,,,,,,,,,,,kg,,,
papua-new-guinea,,,,,,,,,5GB / 10 Days,,,,,,,,TELNA-PAPUA-NEW-GUINEA-5GB-10D,0.0,,0,deny,manual,49.99,,false,false,,,,,,,,,,,,,kg,,,
papua-new-guinea,,,,,,,,,5GB / 15 Days,,,,,,,,TELNA-PAPUA-NEW-GUINEA-5GB-15D,0.0,,0,deny,manual,49.99,,false,false,,,,,,,,,,,,,kg,,,
papua-new-guinea,,,,,,,,,5GB / 30 Days,,,,,,,,TELNA-PAPUA-NEW-GUINEA-5GB-30D,0.0,,0,deny,manual,54.99,,false,false,,,,,,,,,,,,,kg,,,
panama,Panama,"<p>Travel eSIM data plan for Panama.</p>
<p>Si vous possédez déjà une eSIM de chez nous, cet achat sera ajouté à votre eSIM existante sous forme de recharge. S’il s’agit de votre premier achat, nous vous enverrons votre code QR par courriel après la confirmation de votre paiement.</p>",Quebec eSIM,,eSIM,"eSIM, Panama, Telna",false,Plan,1GB / 5 Days,,,,,,,,TELNA-PANAMA-1GB-5D,0.0,,0,deny,manual,4.99,,false,false,,,,,,,,,false,,,,kg,,,active
panama,,,,,,,,,1GB / 10 Days,,,,,,,,TELNA-PANAMA-1GB-10D,0.0,,0,deny,manual,5.99,,false,false,,,,,,,,,,,,,kg,,,
panama,,,,,,,,,1GB / 15 Days,,,,,,,,TELNA-PANAMA-1GB-15D,0.0,,0,deny,manual,6.99,,false,false,,,,,,,,,,,,,kg,,,
panama,,,,,,,,,1GB / 30 Days,,,,,,,,TELNA-PANAMA-1GB-30D,0.0,,0,deny,manual,8.99,,false,false,,,,,,,,,,,,,kg,,,
panama,,,,,,,,,3GB / 5 Days,,,,,,,,TELNA-PANAMA-3GB-5D,0.0,,0,deny,manual,13.99,,false,false,,,,,,,,,,,,,kg,,,
panama,,,,,,,,,3GB / 10 Days,,,,,,,,TELNA-PANAMA-3GB-10D,0.0,,0,deny,manual,14.99,,false,false,,,,,,,,,,,,,kg,,,
panama,,,,,,,,,3GB / 15 Days,,,,,,,,TELNA-PANAMA-3GB-15D,0.0,,0,deny,manual,14.99,,false,false,,,,,,,,,,,,,kg,,,
panama,,,,,,,,,3GB / 30 Days,,,,,,,,TELNA-PANAMA-3GB-30D,0.0,,0,deny,manual,17.99,,false,false,,,,,,,,,,,,,kg,,,
panama,,,,,,,,,5GB / 5 Days,,,,,,,,TELNA-PANAMA-5GB-5D,0.0,,0,deny,manual,23.99,,false,false,,,,,,,,,,,,,kg,,,
panama,,,,,,,,,5GB / 10 Days,,,,,,,,TELNA-PANAMA-5GB-10D,0.0,,0,deny,manual,24.99,,false,false,,,,,,,,,,,,,kg,,,
panama,,,,,,,,,5GB / 15 Days,,,,,,,,TELNA-PANAMA-5GB-15D,0.0,,0,deny,manual,24.99,,false,false,,,,,,,,,,,,,kg,,,
panama,,,,,,,,,5GB / 30 Days,,,,,,,,TELNA-PANAMA-5GB-30D,0.0,,0,deny,manual,27.99,,false,false,,,,,,,,,,,,,kg,,,
panama,,,,,,,,,10GB / 5 Days,,,,,,,,TELNA-PANAMA-10GB-5D,0.0,,0,deny,manual,40.99,,false,false,,,,,,,,,,,,,kg,,,
panama,,,,,,,,,10GB / 10 Days,,,,,,,,TELNA-PANAMA-10GB-10D,0.0,,0,deny,manual,41.99,,false,false,,,,,,,,,,,,,kg,,,
panama,,,,,,,,,10GB / 15 Days,,,,,,,,TELNA-PANAMA-10GB-15D,0.0,,0,deny,manual,42.99,,false,false,,,,,,,,,,,,,kg,,,
panama,,,,,,,,,10GB / 30 Days,,,,,,,,TELNA-PANAMA-10GB-30D,0.0,,0,deny,manual,46.99,,false,false,,,,,,,,,,,,,kg,,,
panama,,,,,,,,,20GB / 5 Days,,,,,,,,TELNA-PANAMA-20GB-5D,0.0,,0,deny,manual,60.99,,false,false,,,,,,,,,,,,,kg,,,
panama,,,,,,,,,20GB / 10 Days,,,,,,,,TELNA-PANAMA-20GB-10D,0.0,,0,deny,manual,61.99,,false,false,,,,,,,,,,,,,kg,,,
panama,,,,,,,,,20GB / 15 Days,,,,,,,,TELNA-PANAMA-20GB-15D,0.0,,0,deny,manual,62.99,,false,false,,,,,,,,,,,,,kg,,,
panama,,,,,,,,,20GB / 30 Days,,,,,,,,TELNA-PANAMA-20GB-30D,0.0,,0,deny,manual,66.99,,false,false,,,,,,,,,,,,,kg,,,
pakistan,Pakistan,"<p>Travel eSIM data plan for Pakistan.</p>
<p>Si vous possédez déjà une eSIM de chez nous, cet achat sera ajouté à votre eSIM existante sous forme de recharge. S’il s’agit de votre premier achat, nous vous enverrons votre code QR par courriel après la confirmation de votre paiement.</p>",Quebec eSIM,,eSIM,"eSIM, Pakistan, Telna",false,Plan,1GB / 5 Days,,,,,,,,TELNA-PAKISTAN-1GB-5D,0.0,,0,deny,manual,3.99,,false,false,,,,,,,,,false,,,,kg,,,active
pakistan,,,,,,,,,1GB / 10 Days,,,,,,,,TELNA-PAKISTAN-1GB-10D,0.0,,0,deny,manual,4.99,,false,false,,,,,,,,,,,,,kg,,,
pakistan,,,,,,,,,1GB / 15 Days,,,,,,,,TELNA-PAKISTAN-1GB-15D,0.0,,0,deny,manual,4.99,,false,false,,,,,,,,,,,,,kg,,,
pakistan,,,,,,,,,1GB / 30 Days,,,,,,,,TELNA-PAKISTAN-1GB-30D,0.0,,0,deny,manual,7.99,,false,false,,,,,,,,,,,,,kg,,,
pakistan,,,,,,,,,3GB / 5 Days,,,,,,,,TELNA-PAKISTAN-3GB-5D,0.0,,0,deny,manual,4.99,,false,false,,,,,,,,,,,,,kg,,,
pakistan,,,,,,,,,3GB / 10 Days,,,,,,,,TELNA-PAKISTAN-3GB-10D,0.0,,0,deny,manual,5.99,,false,false,,,,,,,,,,,,,kg,,,
pakistan,,,,,,,,,3GB / 15 Days,,,,,,,,TELNA-PAKISTAN-3GB-15D,0.0,,0,deny,manual,6.99,,false,false,,,,,,,,,,,,,kg,,,
pakistan,,,,,,,,,3GB / 30 Days,,,,,,,,TELNA-PAKISTAN-3GB-30D,0.0,,0,deny,manual,8.99,,false,false,,,,,,,,,,,,,kg,,,
pakistan,,,,,,,,,5GB / 5 Days,,,,,,,,TELNA-PAKISTAN-5GB-5D,0.0,,0,deny,manual,5.99,,false,false,,,,,,,,,,,,,kg,,,
pakistan,,,,,,,,,5GB / 10 Days,,,,,,,,TELNA-PAKISTAN-5GB-10D,0.0,,0,deny,manual,6.99,,false,false,,,,,,,,,,,,,kg,,,
pakistan,,,,,,,,,5GB / 15 Days,,,,,,,,TELNA-PAKISTAN-5GB-15D,0.0,,0,deny,manual,7.99,,false,false,,,,,,,,,,,,,kg,,,
pakistan,,,,,,,,,5GB / 30 Days,,,,,,,,TELNA-PAKISTAN-5GB-30D,0.0,,0,deny,manual,9.99,,false,false,,,,,,,,,,,,,kg,,,
pakistan,,,,,,,,,10GB / 5 Days,,,,,,,,TELNA-PAKISTAN-10GB-5D,0.0,,0,deny,manual,12.99,,false,false,,,,,,,,,,,,,kg,,,
pakistan,,,,,,,,,10GB / 10 Days,,,,,,,,TELNA-PAKISTAN-10GB-10D,0.0,,0,deny,manual,13.99,,false,false,,,,,,,,,,,,,kg,,,
pakistan,,,,,,,,,10GB / 15 Days,,,,,,,,TELNA-PAKISTAN-10GB-15D,0.0,,0,deny,manual,14.99,,false,false,,,,,,,,,,,,,kg,,,
pakistan,,,,,,,,,10GB / 30 Days,,,,,,,,TELNA-PAKISTAN-10GB-30D,0.0,,0,deny,manual,16.99,,false,false,,,,,,,,,,,,,kg,,,
pakistan,,,,,,,,,20GB / 5 Days,,,,,,,,TELNA-PAKISTAN-20GB-5D,0.0,,0,deny,manual,23.99,,false,false,,,,,,,,,,,,,kg,,,
pakistan,,,,,,,,,20GB / 10 Days,,,,,,,,TELNA-PAKISTAN-20GB-10D,0.0,,0,deny,manual,24.99,,false,false,,,,,,,,,,,,,kg,,,
pakistan,,,,,,,,,20GB / 15 Days,,,,,,,,TELNA-PAKISTAN-20GB-15D,0.0,,0,deny,manual,24.99,,false,false,,,,,,,,,,,,,kg,,,
pakistan,,,,,,,,,20GB / 30 Days,,,,,,,,TELNA-PAKISTAN-20GB-30D,0.0,,0,deny,manual,27.99,,false,false,,,,,,,,,,,,,kg,,,
pakistan,,,,,,,,,Unlimited / 5 Days,,,,,,,,TELNA-PAKISTAN-UNLIMITED-5D,0.0,,0,deny,manual,14.99,,false,false,,,,,,,,,,,,,kg,,,
pakistan,,,,,,,,,Unlimited / 10 Days,,,,,,,,TELNA-PAKISTAN-UNLIMITED-10D,0.0,,0,deny,manual,24.99,,false,false,,,,,,,,,,,,,kg,,,
pakistan,,,,,,,,,Unlimited / 15 Days,,,,,,,,TELNA-PAKISTAN-UNLIMITED-15D,0.0,,0,deny,manual,39.99,,false,false,,,,,,,,,,,,,kg,,,
pakistan,,,,,,,,,Unlimited / 30 Days,,,,,,,,TELNA-PAKISTAN-UNLIMITED-30D,0.0,,0,deny,manual,49.99,,false,false,,,,,,,,,,,,,kg,,,
oman,Oman,"<p>Travel eSIM data plan for Oman.</p>
<p>Si vous possédez déjà une eSIM de chez nous, cet achat sera ajouté à votre eSIM existante sous forme de recharge. S’il s’agit de votre premier achat, nous vous enverrons votre code QR par courriel après la confirmation de votre paiement.</p>",Quebec eSIM,,eSIM,"eSIM, Oman, Telna",false,Plan,1GB / 5 Days,,,,,,,,TELNA-OMAN-1GB-5D,0.0,,0,deny,manual,3.99,,false,false,,,,,,,,,false,,,,kg,,,active
oman,,,,,,,,,1GB / 10 Days,,,,,,,,TELNA-OMAN-1GB-10D,0.0,,0,deny,manual,4.99,,false,false,,,,,,,,,,,,,kg,,,
oman,,,,,,,,,1GB / 15 Days,,,,,,,,TELNA-OMAN-1GB-15D,0.0,,0,deny,manual,4.99,,false,false,,,,,,,,,,,,,kg,,,
oman,,,,,,,,,1GB / 30 Days,,,,,,,,TELNA-OMAN-1GB-30D,0.0,,0,deny,manual,7.99,,false,false,,,,,,,,,,,,,kg,,,
oman,,,,,,,,,3GB / 5 Days,,,,,,,,TELNA-OMAN-3GB-5D,0.0,,0,deny,manual,11.99,,false,false,,,,,,,,,,,,,kg,,,
oman,,,,,,,,,3GB / 10 Days,,,,,,,,TELNA-OMAN-3GB-10D,0.0,,0,deny,manual,13.99,,false,false,,,,,,,,,,,,,kg,,,
oman,,,,,,,,,3GB / 15 Days,,,,,,,,TELNA-OMAN-3GB-15D,0.0,,0,deny,manual,14.99,,false,false,,,,,,,,,,,,,kg,,,
oman,,,,,,,,,3GB / 30 Days,,,,,,,,TELNA-OMAN-3GB-30D,0.0,,0,deny,manual,14.99,,false,false,,,,,,,,,,,,,kg,,,
oman,,,,,,,,,5GB / 5 Days,,,,,,,,TELNA-OMAN-5GB-5D,0.0,,0,deny,manual,7.99,,false,false,,,,,,,,,,,,,kg,,,
oman,,,,,,,,,5GB / 10 Days,,,,,,,,TELNA-OMAN-5GB-10D,0.0,,0,deny,manual,8.99,,false,false,,,,,,,,,,,,,kg,,,
oman,,,,,,,,,5GB / 15 Days,,,,,,,,TELNA-OMAN-5GB-15D,0.0,,0,deny,manual,9.99,,false,false,,,,,,,,,,,,,kg,,,
oman,,,,,,,,,5GB / 30 Days,,,,,,,,TELNA-OMAN-5GB-30D,0.0,,0,deny,manual,11.99,,false,false,,,,,,,,,,,,,kg,,,
oman,,,,,,,,,10GB / 5 Days,,,,,,,,TELNA-OMAN-10GB-5D,0.0,,0,deny,manual,14.99,,false,false,,,,,,,,,,,,,kg,,,
oman,,,,,,,,,10GB / 10 Days,,,,,,,,TELNA-OMAN-10GB-10D,0.0,,0,deny,manual,15.99,,false,false,,,,,,,,,,,,,kg,,,
oman,,,,,,,,,10GB / 15 Days,,,,,,,,TELNA-OMAN-10GB-15D,0.0,,0,deny,manual,16.99,,false,false,,,,,,,,,,,,,kg,,,
oman,,,,,,,,,10GB / 30 Days,,,,,,,,TELNA-OMAN-10GB-30D,0.0,,0,deny,manual,18.99,,false,false,,,,,,,,,,,,,kg,,,
oman,,,,,,,,,20GB / 5 Days,,,,,,,,TELNA-OMAN-20GB-5D,0.0,,0,deny,manual,24.99,,false,false,,,,,,,,,,,,,kg,,,
oman,,,,,,,,,20GB / 10 Days,,,,,,,,TELNA-OMAN-20GB-10D,0.0,,0,deny,manual,25.99,,false,false,,,,,,,,,,,,,kg,,,
oman,,,,,,,,,20GB / 15 Days,,,,,,,,TELNA-OMAN-20GB-15D,0.0,,0,deny,manual,26.99,,false,false,,,,,,,,,,,,,kg,,,
oman,,,,,,,,,20GB / 30 Days,,,,,,,,TELNA-OMAN-20GB-30D,0.0,,0,deny,manual,28.99,,false,false,,,,,,,,,,,,,kg,,,
norway,Norway,"<p>Travel eSIM data plan for Norway.</p>
<p>Si vous possédez déjà une eSIM de chez nous, cet achat sera ajouté à votre eSIM existante sous forme de recharge. S’il s’agit de votre premier achat, nous vous enverrons votre code QR par courriel après la confirmation de votre paiement.</p>",Quebec eSIM,,eSIM,"eSIM, Norway, Telna",false,Plan,1GB / 5 Days,,,,,,,,TELNA-NORWAY-1GB-5D,0.0,,0,deny,manual,2.99,,false,false,,,,,,,,,false,,,,kg,,,active
norway,,,,,,,,,1GB / 10 Days,,,,,,,,TELNA-NORWAY-1GB-10D,0.0,,0,deny,manual,3.99,,false,false,,,,,,,,,,,,,kg,,,
norway,,,,,,,,,1GB / 15 Days,,,,,,,,TELNA-NORWAY-1GB-15D,0.0,,0,deny,manual,4.99,,false,false,,,,,,,,,,,,,kg,,,
norway,,,,,,,,,1GB / 30 Days,,,,,,,,TELNA-NORWAY-1GB-30D,0.0,,0,deny,manual,6.99,,false,false,,,,,,,,,,,,,kg,,,
norway,,,,,,,,,3GB / 5 Days,,,,,,,,TELNA-NORWAY-3GB-5D,0.0,,0,deny,manual,7.99,,false,false,,,,,,,,,,,,,kg,,,
norway,,,,,,,,,3GB / 10 Days,,,,,,,,TELNA-NORWAY-3GB-10D,0.0,,0,deny,manual,7.99,,false,false,,,,,,,,,,,,,kg,,,
norway,,,,,,,,,3GB / 15 Days,,,,,,,,TELNA-NORWAY-3GB-15D,0.0,,0,deny,manual,8.99,,false,false,,,,,,,,,,,,,kg,,,
norway,,,,,,,,,3GB / 30 Days,,,,,,,,TELNA-NORWAY-3GB-30D,0.0,,0,deny,manual,9.99,,false,false,,,,,,,,,,,,,kg,,,
norway,,,,,,,,,5GB / 5 Days,,,,,,,,TELNA-NORWAY-5GB-5D,0.0,,0,deny,manual,4.99,,false,false,,,,,,,,,,,,,kg,,,
norway,,,,,,,,,5GB / 10 Days,,,,,,,,TELNA-NORWAY-5GB-10D,0.0,,0,deny,manual,5.99,,false,false,,,,,,,,,,,,,kg,,,
norway,,,,,,,,,5GB / 15 Days,,,,,,,,TELNA-NORWAY-5GB-15D,0.0,,0,deny,manual,6.99,,false,false,,,,,,,,,,,,,kg,,,
norway,,,,,,,,,5GB / 30 Days,,,,,,,,TELNA-NORWAY-5GB-30D,0.0,,0,deny,manual,8.99,,false,false,,,,,,,,,,,,,kg,,,
norway,,,,,,,,,10GB / 5 Days,,,,,,,,TELNA-NORWAY-10GB-5D,0.0,,0,deny,manual,8.99,,false,false,,,,,,,,,,,,,kg,,,
norway,,,,,,,,,10GB / 10 Days,,,,,,,,TELNA-NORWAY-10GB-10D,0.0,,0,deny,manual,9.99,,false,false,,,,,,,,,,,,,kg,,,
norway,,,,,,,,,10GB / 15 Days,,,,,,,,TELNA-NORWAY-10GB-15D,0.0,,0,deny,manual,9.99,,false,false,,,,,,,,,,,,,kg,,,
norway,,,,,,,,,10GB / 30 Days,,,,,,,,TELNA-NORWAY-10GB-30D,0.0,,0,deny,manual,12.99,,false,false,,,,,,,,,,,,,kg,,,
norway,,,,,,,,,20GB / 5 Days,,,,,,,,TELNA-NORWAY-20GB-5D,0.0,,0,deny,manual,17.99,,false,false,,,,,,,,,,,,,kg,,,
norway,,,,,,,,,20GB / 10 Days,,,,,,,,TELNA-NORWAY-20GB-10D,0.0,,0,deny,manual,18.99,,false,false,,,,,,,,,,,,,kg,,,
norway,,,,,,,,,20GB / 15 Days,,,,,,,,TELNA-NORWAY-20GB-15D,0.0,,0,deny,manual,19.99,,false,false,,,,,,,,,,,,,kg,,,
norway,,,,,,,,,20GB / 30 Days,,,,,,,,TELNA-NORWAY-20GB-30D,0.0,,0,deny,manual,21.99,,false,false,,,,,,,,,,,,,kg,,,
norway,,,,,,,,,Unlimited / 5 Days,,,,,,,,TELNA-NORWAY-UNLIMITED-5D,0.0,,0,deny,manual,17.99,,false,false,,,,,,,,,,,,,kg,,,
norway,,,,,,,,,Unlimited / 10 Days,,,,,,,,TELNA-NORWAY-UNLIMITED-10D,0.0,,0,deny,manual,29.99,,false,false,,,,,,,,,,,,,kg,,,
norway,,,,,,,,,Unlimited / 15 Days,,,,,,,,TELNA-NORWAY-UNLIMITED-15D,0.0,,0,deny,manual,39.99,,false,false,,,,,,,,,,,,,kg,,,
norway,,,,,,,,,Unlimited / 30 Days,,,,,,,,TELNA-NORWAY-UNLIMITED-30D,0.0,,0,deny,manual,49.99,,false,false,,,,,,,,,,,,,kg,,,
saipan-cnmi,Saipan (CNMI),"<p>Travel eSIM data plan for Saipan (CNMI).</p>
<p>Si vous possédez déjà une eSIM de chez nous, cet achat sera ajouté à votre eSIM existante sous forme de recharge. S’il s’agit de votre premier achat, nous vous enverrons votre code QR par courriel après la confirmation de votre paiement.</p>",Quebec eSIM,,eSIM,"eSIM, Saipan (CNMI), Telna",false,Plan,1GB / 5 Days,,,,,,,,TELNA-SAIPAN-CNMI-1GB-5D,0.0,,0,deny,manual,14.99,,false,false,,,,,,,,,false,,,,kg,,,active
saipan-cnmi,,,,,,,,,1GB / 10 Days,,,,,,,,TELNA-SAIPAN-CNMI-1GB-10D,0.0,,0,deny,manual,15.99,,false,false,,,,,,,,,,,,,kg,,,
saipan-cnmi,,,,,,,,,1GB / 15 Days,,,,,,,,TELNA-SAIPAN-CNMI-1GB-15D,0.0,,0,deny,manual,16.99,,false,false,,,,,,,,,,,,,kg,,,
saipan-cnmi,,,,,,,,,1GB / 30 Days,,,,,,,,TELNA-SAIPAN-CNMI-1GB-30D,0.0,,0,deny,manual,18.99,,false,false,,,,,,,,,,,,,kg,,,
saipan-cnmi,,,,,,,,,3GB / 5 Days,,,,,,,,TELNA-SAIPAN-CNMI-3GB-5D,0.0,,0,deny,manual,42.99,,false,false,,,,,,,,,,,,,kg,,,
saipan-cnmi,,,,,,,,,3GB / 10 Days,,,,,,,,TELNA-SAIPAN-CNMI-3GB-10D,0.0,,0,deny,manual,43.99,,false,false,,,,,,,,,,,,,kg,,,
saipan-cnmi,,,,,,,,,3GB / 15 Days,,,,,,,,TELNA-SAIPAN-CNMI-3GB-15D,0.0,,0,deny,manual,44.99,,false,false,,,,,,,,,,,,,kg,,,
saipan-cnmi,,,,,,,,,3GB / 30 Days,,,,,,,,TELNA-SAIPAN-CNMI-3GB-30D,0.0,,0,deny,manual,48.99,,false,false,,,,,,,,,,,,,kg,,,
saipan-cnmi,,,,,,,,,5GB / 5 Days,,,,,,,,TELNA-SAIPAN-CNMI-5GB-5D,0.0,,0,deny,manual,70.99,,false,false,,,,,,,,,,,,,kg,,,
saipan-cnmi,,,,,,,,,5GB / 10 Days,,,,,,,,TELNA-SAIPAN-CNMI-5GB-10D,0.0,,0,deny,manual,71.99,,false,false,,,,,,,,,,,,,kg,,,
saipan-cnmi,,,,,,,,,5GB / 15 Days,,,,,,,,TELNA-SAIPAN-CNMI-5GB-15D,0.0,,0,deny,manual,72.99,,false,false,,,,,,,,,,,,,kg,,,
saipan-cnmi,,,,,,,,,5GB / 30 Days,,,,,,,,TELNA-SAIPAN-CNMI-5GB-30D,0.0,,0,deny,manual,76.99,,false,false,,,,,,,,,,,,,kg,,,
saipan-cnmi,,,,,,,,,10GB / 5 Days,,,,,,,,TELNA-SAIPAN-CNMI-10GB-5D,0.0,,0,deny,manual,114.99,,false,false,,,,,,,,,,,,,kg,,,
saipan-cnmi,,,,,,,,,10GB / 10 Days,,,,,,,,TELNA-SAIPAN-CNMI-10GB-10D,0.0,,0,deny,manual,114.99,,false,false,,,,,,,,,,,,,kg,,,
saipan-cnmi,,,,,,,,,10GB / 15 Days,,,,,,,,TELNA-SAIPAN-CNMI-10GB-15D,0.0,,0,deny,manual,119.99,,false,false,,,,,,,,,,,,,kg,,,
saipan-cnmi,,,,,,,,,10GB / 30 Days,,,,,,,,TELNA-SAIPAN-CNMI-10GB-30D,0.0,,0,deny,manual,119.99,,false,false,,,,,,,,,,,,,kg,,,
nigeria,Nigeria,"<p>Travel eSIM data plan for Nigeria.</p>
<p>Si vous possédez déjà une eSIM de chez nous, cet achat sera ajouté à votre eSIM existante sous forme de recharge. S’il s’agit de votre premier achat, nous vous enverrons votre code QR par courriel après la confirmation de votre paiement.</p>",Quebec eSIM,,eSIM,"eSIM, Nigeria, Telna",false,Plan,1GB / 5 Days,,,,,,,,TELNA-NIGERIA-1GB-5D,0.0,,0,deny,manual,4.99,,false,false,,,,,,,,,false,,,,kg,,,active
nigeria,,,,,,,,,1GB / 10 Days,,,,,,,,TELNA-NIGERIA-1GB-10D,0.0,,0,deny,manual,5.99,,false,false,,,,,,,,,,,,,kg,,,
nigeria,,,,,,,,,1GB / 15 Days,,,,,,,,TELNA-NIGERIA-1GB-15D,0.0,,0,deny,manual,6.99,,false,false,,,,,,,,,,,,,kg,,,
nigeria,,,,,,,,,1GB / 30 Days,,,,,,,,TELNA-NIGERIA-1GB-30D,0.0,,0,deny,manual,8.99,,false,false,,,,,,,,,,,,,kg,,,
nigeria,,,,,,,,,3GB / 5 Days,,,,,,,,TELNA-NIGERIA-3GB-5D,0.0,,0,deny,manual,13.99,,false,false,,,,,,,,,,,,,kg,,,
nigeria,,,,,,,,,3GB / 10 Days,,,,,,,,TELNA-NIGERIA-3GB-10D,0.0,,0,deny,manual,14.99,,false,false,,,,,,,,,,,,,kg,,,
nigeria,,,,,,,,,3GB / 15 Days,,,,,,,,TELNA-NIGERIA-3GB-15D,0.0,,0,deny,manual,14.99,,false,false,,,,,,,,,,,,,kg,,,
nigeria,,,,,,,,,3GB / 30 Days,,,,,,,,TELNA-NIGERIA-3GB-30D,0.0,,0,deny,manual,17.99,,false,false,,,,,,,,,,,,,kg,,,
nigeria,,,,,,,,,5GB / 5 Days,,,,,,,,TELNA-NIGERIA-5GB-5D,0.0,,0,deny,manual,23.99,,false,false,,,,,,,,,,,,,kg,,,
nigeria,,,,,,,,,5GB / 10 Days,,,,,,,,TELNA-NIGERIA-5GB-10D,0.0,,0,deny,manual,24.99,,false,false,,,,,,,,,,,,,kg,,,
nigeria,,,,,,,,,5GB / 15 Days,,,,,,,,TELNA-NIGERIA-5GB-15D,0.0,,0,deny,manual,24.99,,false,false,,,,,,,,,,,,,kg,,,
nigeria,,,,,,,,,5GB / 30 Days,,,,,,,,TELNA-NIGERIA-5GB-30D,0.0,,0,deny,manual,27.99,,false,false,,,,,,,,,,,,,kg,,,
nigeria,,,,,,,,,10GB / 5 Days,,,,,,,,TELNA-NIGERIA-10GB-5D,0.0,,0,deny,manual,40.99,,false,false,,,,,,,,,,,,,kg,,,
nigeria,,,,,,,,,10GB / 10 Days,,,,,,,,TELNA-NIGERIA-10GB-10D,0.0,,0,deny,manual,41.99,,false,false,,,,,,,,,,,,,kg,,,
nigeria,,,,,,,,,10GB / 15 Days,,,,,,,,TELNA-NIGERIA-10GB-15D,0.0,,0,deny,manual,42.99,,false,false,,,,,,,,,,,,,kg,,,
nigeria,,,,,,,,,10GB / 30 Days,,,,,,,,TELNA-NIGERIA-10GB-30D,0.0,,0,deny,manual,46.99,,false,false,,,,,,,,,,,,,kg,,,
nigeria,,,,,,,,,20GB / 5 Days,,,,,,,,TELNA-NIGERIA-20GB-5D,0.0,,0,deny,manual,60.99,,false,false,,,,,,,,,,,,,kg,,,
nigeria,,,,,,,,,20GB / 10 Days,,,,,,,,TELNA-NIGERIA-20GB-10D,0.0,,0,deny,manual,61.99,,false,false,,,,,,,,,,,,,kg,,,
nigeria,,,,,,,,,20GB / 15 Days,,,,,,,,TELNA-NIGERIA-20GB-15D,0.0,,0,deny,manual,62.99,,false,false,,,,,,,,,,,,,kg,,,
nigeria,,,,,,,,,20GB / 30 Days,,,,,,,,TELNA-NIGERIA-20GB-30D,0.0,,0,deny,manual,66.99,,false,false,,,,,,,,,,,,,kg,,,
niger,Niger,"<p>Travel eSIM data plan for Niger.</p>
<p>Si vous possédez déjà une eSIM de chez nous, cet achat sera ajouté à votre eSIM existante sous forme de recharge. S’il s’agit de votre premier achat, nous vous enverrons votre code QR par courriel après la confirmation de votre paiement.</p>",Quebec eSIM,,eSIM,"eSIM, Niger, Telna",false,Plan,1GB / 5 Days,,,,,,,,TELNA-NIGER-1GB-5D,0.0,,0,deny,manual,4.99,,false,false,,,,,,,,,false,,,,kg,,,active
niger,,,,,,,,,1GB / 10 Days,,,,,,,,TELNA-NIGER-1GB-10D,0.0,,0,deny,manual,5.99,,false,false,,,,,,,,,,,,,kg,,,
niger,,,,,,,,,1GB / 15 Days,,,,,,,,TELNA-NIGER-1GB-15D,0.0,,0,deny,manual,6.99,,false,false,,,,,,,,,,,,,kg,,,
niger,,,,,,,,,1GB / 30 Days,,,,,,,,TELNA-NIGER-1GB-30D,0.0,,0,deny,manual,8.99,,false,false,,,,,,,,,,,,,kg,,,
niger,,,,,,,,,3GB / 5 Days,,,,,,,,TELNA-NIGER-3GB-5D,0.0,,0,deny,manual,13.99,,false,false,,,,,,,,,,,,,kg,,,
niger,,,,,,,,,3GB / 10 Days,,,,,,,,TELNA-NIGER-3GB-10D,0.0,,0,deny,manual,14.99,,false,false,,,,,,,,,,,,,kg,,,
niger,,,,,,,,,3GB / 15 Days,,,,,,,,TELNA-NIGER-3GB-15D,0.0,,0,deny,manual,14.99,,false,false,,,,,,,,,,,,,kg,,,
niger,,,,,,,,,3GB / 30 Days,,,,,,,,TELNA-NIGER-3GB-30D,0.0,,0,deny,manual,17.99,,false,false,,,,,,,,,,,,,kg,,,
niger,,,,,,,,,5GB / 5 Days,,,,,,,,TELNA-NIGER-5GB-5D,0.0,,0,deny,manual,23.99,,false,false,,,,,,,,,,,,,kg,,,
niger,,,,,,,,,5GB / 10 Days,,,,,,,,TELNA-NIGER-5GB-10D,0.0,,0,deny,manual,24.99,,false,false,,,,,,,,,,,,,kg,,,
niger,,,,,,,,,5GB / 15 Days,,,,,,,,TELNA-NIGER-5GB-15D,0.0,,0,deny,manual,24.99,,false,false,,,,,,,,,,,,,kg,,,
niger,,,,,,,,,5GB / 30 Days,,,,,,,,TELNA-NIGER-5GB-30D,0.0,,0,deny,manual,27.99,,false,false,,,,,,,,,,,,,kg,,,
nicaragua,Nicaragua,"<p>Travel eSIM data plan for Nicaragua.</p>
<p>Si vous possédez déjà une eSIM de chez nous, cet achat sera ajouté à votre eSIM existante sous forme de recharge. S’il s’agit de votre premier achat, nous vous enverrons votre code QR par courriel après la confirmation de votre paiement.</p>",Quebec eSIM,,eSIM,"eSIM, Nicaragua, Telna",false,Plan,1GB / 5 Days,,,,,,,,TELNA-NICARAGUA-1GB-5D,0.0,,0,deny,manual,4.99,,false,false,,,,,,,,,false,,,,kg,,,active
nicaragua,,,,,,,,,1GB / 10 Days,,,,,,,,TELNA-NICARAGUA-1GB-10D,0.0,,0,deny,manual,5.99,,false,false,,,,,,,,,,,,,kg,,,
nicaragua,,,,,,,,,1GB / 15 Days,,,,,,,,TELNA-NICARAGUA-1GB-15D,0.0,,0,deny,manual,6.99,,false,false,,,,,,,,,,,,,kg,,,
nicaragua,,,,,,,,,1GB / 30 Days,,,,,,,,TELNA-NICARAGUA-1GB-30D,0.0,,0,deny,manual,8.99,,false,false,,,,,,,,,,,,,kg,,,
nicaragua,,,,,,,,,3GB / 5 Days,,,,,,,,TELNA-NICARAGUA-3GB-5D,0.0,,0,deny,manual,13.99,,false,false,,,,,,,,,,,,,kg,,,
nicaragua,,,,,,,,,3GB / 10 Days,,,,,,,,TELNA-NICARAGUA-3GB-10D,0.0,,0,deny,manual,14.99,,false,false,,,,,,,,,,,,,kg,,,
nicaragua,,,,,,,,,3GB / 15 Days,,,,,,,,TELNA-NICARAGUA-3GB-15D,0.0,,0,deny,manual,14.99,,false,false,,,,,,,,,,,,,kg,,,
nicaragua,,,,,,,,,3GB / 30 Days,,,,,,,,TELNA-NICARAGUA-3GB-30D,0.0,,0,deny,manual,17.99,,false,false,,,,,,,,,,,,,kg,,,
nicaragua,,,,,,,,,5GB / 5 Days,,,,,,,,TELNA-NICARAGUA-5GB-5D,0.0,,0,deny,manual,23.99,,false,false,,,,,,,,,,,,,kg,,,
nicaragua,,,,,,,,,5GB / 10 Days,,,,,,,,TELNA-NICARAGUA-5GB-10D,0.0,,0,deny,manual,24.99,,false,false,,,,,,,,,,,,,kg,,,
nicaragua,,,,,,,,,5GB / 15 Days,,,,,,,,TELNA-NICARAGUA-5GB-15D,0.0,,0,deny,manual,24.99,,false,false,,,,,,,,,,,,,kg,,,
nicaragua,,,,,,,,,5GB / 30 Days,,,,,,,,TELNA-NICARAGUA-5GB-30D,0.0,,0,deny,manual,27.99,,false,false,,,,,,,,,,,,,kg,,,
nicaragua,,,,,,,,,10GB / 5 Days,,,,,,,,TELNA-NICARAGUA-10GB-5D,0.0,,0,deny,manual,40.99,,false,false,,,,,,,,,,,,,kg,,,
nicaragua,,,,,,,,,10GB / 10 Days,,,,,,,,TELNA-NICARAGUA-10GB-10D,0.0,,0,deny,manual,41.99,,false,false,,,,,,,,,,,,,kg,,,
nicaragua,,,,,,,,,10GB / 15 Days,,,,,,,,TELNA-NICARAGUA-10GB-15D,0.0,,0,deny,manual,42.99,,false,false,,,,,,,,,,,,,kg,,,
nicaragua,,,,,,,,,10GB / 30 Days,,,,,,,,TELNA-NICARAGUA-10GB-30D,0.0,,0,deny,manual,46.99,,false,false,,,,,,,,,,,,,kg,,,
nicaragua,,,,,,,,,20GB / 5 Days,,,,,,,,TELNA-NICARAGUA-20GB-5D,0.0,,0,deny,manual,60.99,,false,false,,,,,,,,,,,,,kg,,,
nicaragua,,,,,,,,,20GB / 10 Days,,,,,,,,TELNA-NICARAGUA-20GB-10D,0.0,,0,deny,manual,61.99,,false,false,,,,,,,,,,,,,kg,,,
nicaragua,,,,,,,,,20GB / 15 Days,,,,,,,,TELNA-NICARAGUA-20GB-15D,0.0,,0,deny,manual,62.99,,false,false,,,,,,,,,,,,,kg,,,
nicaragua,,,,,,,,,20GB / 30 Days,,,,,,,,TELNA-NICARAGUA-20GB-30D,0.0,,0,deny,manual,66.99,,false,false,,,,,,,,,,,,,kg,,,
nicaragua,,,,,,,,,Unlimited / 5 Days,,,,,,,,TELNA-NICARAGUA-UNLIMITED-5D,0.0,,0,deny,manual,24.99,,false,false,,,,,,,,,,,,,kg,,,
nicaragua,,,,,,,,,Unlimited / 10 Days,,,,,,,,TELNA-NICARAGUA-UNLIMITED-10D,0.0,,0,deny,manual,54.99,,false,false,,,,,,,,,,,,,kg,,,
nicaragua,,,,,,,,,Unlimited / 15 Days,,,,,,,,TELNA-NICARAGUA-UNLIMITED-15D,0.0,,0,deny,manual,79.99,,false,false,,,,,,,,,,,,,kg,,,
nicaragua,,,,,,,,,Unlimited / 30 Days,,,,,,,,TELNA-NICARAGUA-UNLIMITED-30D,0.0,,0,deny,manual,99.99,,false,false,,,,,,,,,,,,,kg,,,
new-zealand,New Zealand,"<p>Travel eSIM data plan for New Zealand.</p>
<p>Si vous possédez déjà une eSIM de chez nous, cet achat sera ajouté à votre eSIM existante sous forme de recharge. S’il s’agit de votre premier achat, nous vous enverrons votre code QR par courriel après la confirmation de votre paiement.</p>",Quebec eSIM,,eSIM,"eSIM, New Zealand, Telna",false,Plan,1GB / 5 Days,,,,,,,,TELNA-NEW-ZEALAND-1GB-5D,0.0,,0,deny,manual,3.99,,false,false,,,,,,,,,false,,,,kg,,,active
new-zealand,,,,,,,,,1GB / 10 Days,,,,,,,,TELNA-NEW-ZEALAND-1GB-10D,0.0,,0,deny,manual,4.99,,false,false,,,,,,,,,,,,,kg,,,
new-zealand,,,,,,,,,1GB / 15 Days,,,,,,,,TELNA-NEW-ZEALAND-1GB-15D,0.0,,0,deny,manual,4.99,,false,false,,,,,,,,,,,,,kg,,,
new-zealand,,,,,,,,,1GB / 30 Days,,,,,,,,TELNA-NEW-ZEALAND-1GB-30D,0.0,,0,deny,manual,7.99,,false,false,,,,,,,,,,,,,kg,,,
new-zealand,,,,,,,,,3GB / 5 Days,,,,,,,,TELNA-NEW-ZEALAND-3GB-5D,0.0,,0,deny,manual,4.99,,false,false,,,,,,,,,,,,,kg,,,
new-zealand,,,,,,,,,3GB / 10 Days,,,,,,,,TELNA-NEW-ZEALAND-3GB-10D,0.0,,0,deny,manual,5.99,,false,false,,,,,,,,,,,,,kg,,,
new-zealand,,,,,,,,,3GB / 15 Days,,,,,,,,TELNA-NEW-ZEALAND-3GB-15D,0.0,,0,deny,manual,6.99,,false,false,,,,,,,,,,,,,kg,,,
new-zealand,,,,,,,,,3GB / 30 Days,,,,,,,,TELNA-NEW-ZEALAND-3GB-30D,0.0,,0,deny,manual,8.99,,false,false,,,,,,,,,,,,,kg,,,
new-zealand,,,,,,,,,5GB / 5 Days,,,,,,,,TELNA-NEW-ZEALAND-5GB-5D,0.0,,0,deny,manual,5.99,,false,false,,,,,,,,,,,,,kg,,,
new-zealand,,,,,,,,,5GB / 10 Days,,,,,,,,TELNA-NEW-ZEALAND-5GB-10D,0.0,,0,deny,manual,6.99,,false,false,,,,,,,,,,,,,kg,,,
new-zealand,,,,,,,,,5GB / 15 Days,,,,,,,,TELNA-NEW-ZEALAND-5GB-15D,0.0,,0,deny,manual,7.99,,false,false,,,,,,,,,,,,,kg,,,
new-zealand,,,,,,,,,5GB / 30 Days,,,,,,,,TELNA-NEW-ZEALAND-5GB-30D,0.0,,0,deny,manual,9.99,,false,false,,,,,,,,,,,,,kg,,,
new-zealand,,,,,,,,,10GB / 5 Days,,,,,,,,TELNA-NEW-ZEALAND-10GB-5D,0.0,,0,deny,manual,12.99,,false,false,,,,,,,,,,,,,kg,,,
new-zealand,,,,,,,,,10GB / 10 Days,,,,,,,,TELNA-NEW-ZEALAND-10GB-10D,0.0,,0,deny,manual,13.99,,false,false,,,,,,,,,,,,,kg,,,
new-zealand,,,,,,,,,10GB / 15 Days,,,,,,,,TELNA-NEW-ZEALAND-10GB-15D,0.0,,0,deny,manual,14.99,,false,false,,,,,,,,,,,,,kg,,,
new-zealand,,,,,,,,,10GB / 30 Days,,,,,,,,TELNA-NEW-ZEALAND-10GB-30D,0.0,,0,deny,manual,16.99,,false,false,,,,,,,,,,,,,kg,,,
new-zealand,,,,,,,,,20GB / 5 Days,,,,,,,,TELNA-NEW-ZEALAND-20GB-5D,0.0,,0,deny,manual,23.99,,false,false,,,,,,,,,,,,,kg,,,
new-zealand,,,,,,,,,20GB / 10 Days,,,,,,,,TELNA-NEW-ZEALAND-20GB-10D,0.0,,0,deny,manual,24.99,,false,false,,,,,,,,,,,,,kg,,,
new-zealand,,,,,,,,,20GB / 15 Days,,,,,,,,TELNA-NEW-ZEALAND-20GB-15D,0.0,,0,deny,manual,24.99,,false,false,,,,,,,,,,,,,kg,,,
new-zealand,,,,,,,,,20GB / 30 Days,,,,,,,,TELNA-NEW-ZEALAND-20GB-30D,0.0,,0,deny,manual,27.99,,false,false,,,,,,,,,,,,,kg,,,
new-zealand,,,,,,,,,Unlimited / 5 Days,,,,,,,,TELNA-NEW-ZEALAND-UNLIMITED-5D,0.0,,0,deny,manual,14.99,,false,false,,,,,,,,,,,,,kg,,,
new-zealand,,,,,,,,,Unlimited / 10 Days,,,,,,,,TELNA-NEW-ZEALAND-UNLIMITED-10D,0.0,,0,deny,manual,24.99,,false,false,,,,,,,,,,,,,kg,,,
new-zealand,,,,,,,,,Unlimited / 15 Days,,,,,,,,TELNA-NEW-ZEALAND-UNLIMITED-15D,0.0,,0,deny,manual,39.99,,false,false,,,,,,,,,,,,,kg,,,
new-zealand,,,,,,,,,Unlimited / 30 Days,,,,,,,,TELNA-NEW-ZEALAND-UNLIMITED-30D,0.0,,0,deny,manual,49.99,,false,false,,,,,,,,,,,,,kg,,,
netherlands,Netherlands,"<p>Travel eSIM data plan for Netherlands.</p>
<p>Si vous possédez déjà une eSIM de chez nous, cet achat sera ajouté à votre eSIM existante sous forme de recharge. S’il s’agit de votre premier achat, nous vous enverrons votre code QR par courriel après la confirmation de votre paiement.</p>",Quebec eSIM,,eSIM,"eSIM, Netherlands, Telna",false,Plan,1GB / 5 Days,,,,,,,,TELNA-NETHERLANDS-1GB-5D,0.0,,0,deny,manual,2.99,,false,false,,,,,,,,,false,,,,kg,,,active
netherlands,,,,,,,,,1GB / 10 Days,,,,,,,,TELNA-NETHERLANDS-1GB-10D,0.0,,0,deny,manual,3.99,,false,false,,,,,,,,,,,,,kg,,,
netherlands,,,,,,,,,1GB / 15 Days,,,,,,,,TELNA-NETHERLANDS-1GB-15D,0.0,,0,deny,manual,4.99,,false,false,,,,,,,,,,,,,kg,,,
netherlands,,,,,,,,,1GB / 30 Days,,,,,,,,TELNA-NETHERLANDS-1GB-30D,0.0,,0,deny,manual,6.99,,false,false,,,,,,,,,,,,,kg,,,
netherlands,,,,,,,,,3GB / 5 Days,,,,,,,,TELNA-NETHERLANDS-3GB-5D,0.0,,0,deny,manual,7.99,,false,false,,,,,,,,,,,,,kg,,,
netherlands,,,,,,,,,3GB / 10 Days,,,,,,,,TELNA-NETHERLANDS-3GB-10D,0.0,,0,deny,manual,7.99,,false,false,,,,,,,,,,,,,kg,,,
netherlands,,,,,,,,,3GB / 15 Days,,,,,,,,TELNA-NETHERLANDS-3GB-15D,0.0,,0,deny,manual,8.99,,false,false,,,,,,,,,,,,,kg,,,
netherlands,,,,,,,,,3GB / 30 Days,,,,,,,,TELNA-NETHERLANDS-3GB-30D,0.0,,0,deny,manual,9.99,,false,false,,,,,,,,,,,,,kg,,,
netherlands,,,,,,,,,5GB / 5 Days,,,,,,,,TELNA-NETHERLANDS-5GB-5D,0.0,,0,deny,manual,4.99,,false,false,,,,,,,,,,,,,kg,,,
netherlands,,,,,,,,,5GB / 10 Days,,,,,,,,TELNA-NETHERLANDS-5GB-10D,0.0,,0,deny,manual,5.99,,false,false,,,,,,,,,,,,,kg,,,
netherlands,,,,,,,,,5GB / 15 Days,,,,,,,,TELNA-NETHERLANDS-5GB-15D,0.0,,0,deny,manual,6.99,,false,false,,,,,,,,,,,,,kg,,,
netherlands,,,,,,,,,5GB / 30 Days,,,,,,,,TELNA-NETHERLANDS-5GB-30D,0.0,,0,deny,manual,8.99,,false,false,,,,,,,,,,,,,kg,,,
netherlands,,,,,,,,,10GB / 5 Days,,,,,,,,TELNA-NETHERLANDS-10GB-5D,0.0,,0,deny,manual,8.99,,false,false,,,,,,,,,,,,,kg,,,
netherlands,,,,,,,,,10GB / 10 Days,,,,,,,,TELNA-NETHERLANDS-10GB-10D,0.0,,0,deny,manual,9.99,,false,false,,,,,,,,,,,,,kg,,,
netherlands,,,,,,,,,10GB / 15 Days,,,,,,,,TELNA-NETHERLANDS-10GB-15D,0.0,,0,deny,manual,9.99,,false,false,,,,,,,,,,,,,kg,,,
netherlands,,,,,,,,,10GB / 30 Days,,,,,,,,TELNA-NETHERLANDS-10GB-30D,0.0,,0,deny,manual,12.99,,false,false,,,,,,,,,,,,,kg,,,
netherlands,,,,,,,,,20GB / 5 Days,,,,,,,,TELNA-NETHERLANDS-20GB-5D,0.0,,0,deny,manual,17.99,,false,false,,,,,,,,,,,,,kg,,,
netherlands,,,,,,,,,20GB / 10 Days,,,,,,,,TELNA-NETHERLANDS-20GB-10D,0.0,,0,deny,manual,18.99,,false,false,,,,,,,,,,,,,kg,,,
netherlands,,,,,,,,,20GB / 15 Days,,,,,,,,TELNA-NETHERLANDS-20GB-15D,0.0,,0,deny,manual,19.99,,false,false,,,,,,,,,,,,,kg,,,
netherlands,,,,,,,,,20GB / 30 Days,,,,,,,,TELNA-NETHERLANDS-20GB-30D,0.0,,0,deny,manual,21.99,,false,false,,,,,,,,,,,,,kg,,,
netherlands,,,,,,,,,Unlimited / 5 Days,,,,,,,,TELNA-NETHERLANDS-UNLIMITED-5D,0.0,,0,deny,manual,14.99,,false,false,,,,,,,,,,,,,kg,,,
netherlands,,,,,,,,,Unlimited / 10 Days,,,,,,,,TELNA-NETHERLANDS-UNLIMITED-10D,0.0,,0,deny,manual,24.99,,false,false,,,,,,,,,,,,,kg,,,
netherlands,,,,,,,,,Unlimited / 15 Days,,,,,,,,TELNA-NETHERLANDS-UNLIMITED-15D,0.0,,0,deny,manual,39.99,,false,false,,,,,,,,,,,,,kg,,,
netherlands,,,,,,,,,Unlimited / 30 Days,,,,,,,,TELNA-NETHERLANDS-UNLIMITED-30D,0.0,,0,deny,manual,49.99,,false,false,,,,,,,,,,,,,kg,,,
nepal,Nepal,"<p>Travel eSIM data plan for Nepal.</p>
<p>Si vous possédez déjà une eSIM de chez nous, cet achat sera ajouté à votre eSIM existante sous forme de recharge. S’il s’agit de votre premier achat, nous vous enverrons votre code QR par courriel après la confirmation de votre paiement.</p>",Quebec eSIM,,eSIM,"eSIM, Nepal, Telna",false,Plan,1GB / 5 Days,,,,,,,,TELNA-NEPAL-1GB-5D,0.0,,0,deny,manual,9.99,,false,false,,,,,,,,,false,,,,kg,,,active
nepal,,,,,,,,,1GB / 10 Days,,,,,,,,TELNA-NEPAL-1GB-10D,0.0,,0,deny,manual,10.99,,false,false,,,,,,,,,,,,,kg,,,
nepal,,,,,,,,,1GB / 15 Days,,,,,,,,TELNA-NEPAL-1GB-15D,0.0,,0,deny,manual,11.99,,false,false,,,,,,,,,,,,,kg,,,
nepal,,,,,,,,,1GB / 30 Days,,,,,,,,TELNA-NEPAL-1GB-30D,0.0,,0,deny,manual,13.99,,false,false,,,,,,,,,,,,,kg,,,
nepal,,,,,,,,,3GB / 5 Days,,,,,,,,TELNA-NEPAL-3GB-5D,0.0,,0,deny,manual,28.99,,false,false,,,,,,,,,,,,,kg,,,
nepal,,,,,,,,,3GB / 10 Days,,,,,,,,TELNA-NEPAL-3GB-10D,0.0,,0,deny,manual,29.99,,false,false,,,,,,,,,,,,,kg,,,
nepal,,,,,,,,,3GB / 15 Days,,,,,,,,TELNA-NEPAL-3GB-15D,0.0,,0,deny,manual,29.99,,false,false,,,,,,,,,,,,,kg,,,
nepal,,,,,,,,,3GB / 30 Days,,,,,,,,TELNA-NEPAL-3GB-30D,0.0,,0,deny,manual,32.99,,false,false,,,,,,,,,,,,,kg,,,
nepal,,,,,,,,,5GB / 5 Days,,,,,,,,TELNA-NEPAL-5GB-5D,0.0,,0,deny,manual,48.99,,false,false,,,,,,,,,,,,,kg,,,
nepal,,,,,,,,,5GB / 10 Days,,,,,,,,TELNA-NEPAL-5GB-10D,0.0,,0,deny,manual,49.99,,false,false,,,,,,,,,,,,,kg,,,
nepal,,,,,,,,,5GB / 15 Days,,,,,,,,TELNA-NEPAL-5GB-15D,0.0,,0,deny,manual,49.99,,false,false,,,,,,,,,,,,,kg,,,
nepal,,,,,,,,,5GB / 30 Days,,,,,,,,TELNA-NEPAL-5GB-30D,0.0,,0,deny,manual,54.99,,false,false,,,,,,,,,,,,,kg,,,
nepal,,,,,,,,,10GB / 5 Days,,,,,,,,TELNA-NEPAL-10GB-5D,0.0,,0,deny,manual,78.99,,false,false,,,,,,,,,,,,,kg,,,
nepal,,,,,,,,,10GB / 10 Days,,,,,,,,TELNA-NEPAL-10GB-10D,0.0,,0,deny,manual,79.99,,false,false,,,,,,,,,,,,,kg,,,
nepal,,,,,,,,,10GB / 15 Days,,,,,,,,TELNA-NEPAL-10GB-15D,0.0,,0,deny,manual,79.99,,false,false,,,,,,,,,,,,,kg,,,
nepal,,,,,,,,,10GB / 30 Days,,,,,,,,TELNA-NEPAL-10GB-30D,0.0,,0,deny,manual,84.99,,false,false,,,,,,,,,,,,,kg,,,
nauru,Nauru,"<p>Travel eSIM data plan for Nauru.</p>
<p>Si vous possédez déjà une eSIM de chez nous, cet achat sera ajouté à votre eSIM existante sous forme de recharge. S’il s’agit de votre premier achat, nous vous enverrons votre code QR par courriel après la confirmation de votre paiement.</p>",Quebec eSIM,,eSIM,"eSIM, Nauru, Telna",false,Plan,1GB / 5 Days,,,,,,,,TELNA-NAURU-1GB-5D,0.0,,0,deny,manual,59.99,,false,false,,,,,,,,,false,,,,kg,,,active
nauru,,,,,,,,,1GB / 10 Days,,,,,,,,TELNA-NAURU-1GB-10D,0.0,,0,deny,manual,60.99,,false,false,,,,,,,,,,,,,kg,,,
nauru,,,,,,,,,1GB / 15 Days,,,,,,,,TELNA-NAURU-1GB-15D,0.0,,0,deny,manual,61.99,,false,false,,,,,,,,,,,,,kg,,,
nauru,,,,,,,,,1GB / 30 Days,,,,,,,,TELNA-NAURU-1GB-30D,0.0,,0,deny,manual,65.99,,false,false,,,,,,,,,,,,,kg,,,
nauru,,,,,,,,,3GB / 5 Days,,,,,,,,TELNA-NAURU-3GB-5D,0.0,,0,deny,manual,164.99,,false,false,,,,,,,,,,,,,kg,,,
nauru,,,,,,,,,3GB / 10 Days,,,,,,,,TELNA-NAURU-3GB-10D,0.0,,0,deny,manual,164.99,,false,false,,,,,,,,,,,,,kg,,,
nauru,,,,,,,,,3GB / 15 Days,,,,,,,,TELNA-NAURU-3GB-15D,0.0,,0,deny,manual,164.99,,false,false,,,,,,,,,,,,,kg,,,
nauru,,,,,,,,,3GB / 30 Days,,,,,,,,TELNA-NAURU-3GB-30D,0.0,,0,deny,manual,169.99,,false,false,,,,,,,,,,,,,kg,,,
nauru,,,,,,,,,5GB / 5 Days,,,,,,,,TELNA-NAURU-5GB-5D,0.0,,0,deny,manual,274.99,,false,false,,,,,,,,,,,,,kg,,,
nauru,,,,,,,,,5GB / 10 Days,,,,,,,,TELNA-NAURU-5GB-10D,0.0,,0,deny,manual,274.99,,false,false,,,,,,,,,,,,,kg,,,
nauru,,,,,,,,,5GB / 15 Days,,,,,,,,TELNA-NAURU-5GB-15D,0.0,,0,deny,manual,274.99,,false,false,,,,,,,,,,,,,kg,,,
nauru,,,,,,,,,5GB / 30 Days,,,,,,,,TELNA-NAURU-5GB-30D,0.0,,0,deny,manual,279.99,,false,false,,,,,,,,,,,,,kg,,,
mozambique,Mozambique,"<p>Travel eSIM data plan for Mozambique.</p>
<p>Si vous possédez déjà une eSIM de chez nous, cet achat sera ajouté à votre eSIM existante sous forme de recharge. S’il s’agit de votre premier achat, nous vous enverrons votre code QR par courriel après la confirmation de votre paiement.</p>",Quebec eSIM,,eSIM,"eSIM, Mozambique, Telna",false,Plan,1GB / 5 Days,,,,,,,,TELNA-MOZAMBIQUE-1GB-5D,0.0,,0,deny,manual,4.99,,false,false,,,,,,,,,false,,,,kg,,,active
mozambique,,,,,,,,,1GB / 10 Days,,,,,,,,TELNA-MOZAMBIQUE-1GB-10D,0.0,,0,deny,manual,5.99,,false,false,,,,,,,,,,,,,kg,,,
mozambique,,,,,,,,,1GB / 15 Days,,,,,,,,TELNA-MOZAMBIQUE-1GB-15D,0.0,,0,deny,manual,6.99,,false,false,,,,,,,,,,,,,kg,,,
mozambique,,,,,,,,,1GB / 30 Days,,,,,,,,TELNA-MOZAMBIQUE-1GB-30D,0.0,,0,deny,manual,8.99,,false,false,,,,,,,,,,,,,kg,,,
mozambique,,,,,,,,,3GB / 5 Days,,,,,,,,TELNA-MOZAMBIQUE-3GB-5D,0.0,,0,deny,manual,13.99,,false,false,,,,,,,,,,,,,kg,,,
mozambique,,,,,,,,,3GB / 10 Days,,,,,,,,TELNA-MOZAMBIQUE-3GB-10D,0.0,,0,deny,manual,14.99,,false,false,,,,,,,,,,,,,kg,,,
mozambique,,,,,,,,,3GB / 15 Days,,,,,,,,TELNA-MOZAMBIQUE-3GB-15D,0.0,,0,deny,manual,14.99,,false,false,,,,,,,,,,,,,kg,,,
mozambique,,,,,,,,,3GB / 30 Days,,,,,,,,TELNA-MOZAMBIQUE-3GB-30D,0.0,,0,deny,manual,17.99,,false,false,,,,,,,,,,,,,kg,,,
mozambique,,,,,,,,,5GB / 5 Days,,,,,,,,TELNA-MOZAMBIQUE-5GB-5D,0.0,,0,deny,manual,23.99,,false,false,,,,,,,,,,,,,kg,,,
mozambique,,,,,,,,,5GB / 10 Days,,,,,,,,TELNA-MOZAMBIQUE-5GB-10D,0.0,,0,deny,manual,24.99,,false,false,,,,,,,,,,,,,kg,,,
mozambique,,,,,,,,,5GB / 15 Days,,,,,,,,TELNA-MOZAMBIQUE-5GB-15D,0.0,,0,deny,manual,24.99,,false,false,,,,,,,,,,,,,kg,,,
mozambique,,,,,,,,,5GB / 30 Days,,,,,,,,TELNA-MOZAMBIQUE-5GB-30D,0.0,,0,deny,manual,27.99,,false,false,,,,,,,,,,,,,kg,,,
mozambique,,,,,,,,,10GB / 5 Days,,,,,,,,TELNA-MOZAMBIQUE-10GB-5D,0.0,,0,deny,manual,40.99,,false,false,,,,,,,,,,,,,kg,,,
mozambique,,,,,,,,,10GB / 10 Days,,,,,,,,TELNA-MOZAMBIQUE-10GB-10D,0.0,,0,deny,manual,41.99,,false,false,,,,,,,,,,,,,kg,,,
mozambique,,,,,,,,,10GB / 15 Days,,,,,,,,TELNA-MOZAMBIQUE-10GB-15D,0.0,,0,deny,manual,42.99,,false,false,,,,,,,,,,,,,kg,,,
mozambique,,,,,,,,,10GB / 30 Days,,,,,,,,TELNA-MOZAMBIQUE-10GB-30D,0.0,,0,deny,manual,46.99,,false,false,,,,,,,,,,,,,kg,,,
morocco,Morocco,"<p>Travel eSIM data plan for Morocco.</p>
<p>Si vous possédez déjà une eSIM de chez nous, cet achat sera ajouté à votre eSIM existante sous forme de recharge. S’il s’agit de votre premier achat, nous vous enverrons votre code QR par courriel après la confirmation de votre paiement.</p>",Quebec eSIM,,eSIM,"eSIM, Morocco, Telna",false,Plan,1GB / 5 Days,,,,,,,,TELNA-MOROCCO-1GB-5D,0.0,,0,deny,manual,4.99,,false,false,,,,,,,,,false,,,,kg,,,active
morocco,,,,,,,,,1GB / 10 Days,,,,,,,,TELNA-MOROCCO-1GB-10D,0.0,,0,deny,manual,5.99,,false,false,,,,,,,,,,,,,kg,,,
morocco,,,,,,,,,1GB / 15 Days,,,,,,,,TELNA-MOROCCO-1GB-15D,0.0,,0,deny,manual,6.99,,false,false,,,,,,,,,,,,,kg,,,
morocco,,,,,,,,,1GB / 30 Days,,,,,,,,TELNA-MOROCCO-1GB-30D,0.0,,0,deny,manual,8.99,,false,false,,,,,,,,,,,,,kg,,,
morocco,,,,,,,,,3GB / 5 Days,,,,,,,,TELNA-MOROCCO-3GB-5D,0.0,,0,deny,manual,8.99,,false,false,,,,,,,,,,,,,kg,,,
morocco,,,,,,,,,3GB / 10 Days,,,,,,,,TELNA-MOROCCO-3GB-10D,0.0,,0,deny,manual,9.99,,false,false,,,,,,,,,,,,,kg,,,
morocco,,,,,,,,,3GB / 15 Days,,,,,,,,TELNA-MOROCCO-3GB-15D,0.0,,0,deny,manual,9.99,,false,false,,,,,,,,,,,,,kg,,,
morocco,,,,,,,,,3GB / 30 Days,,,,,,,,TELNA-MOROCCO-3GB-30D,0.0,,0,deny,manual,12.99,,false,false,,,,,,,,,,,,,kg,,,
morocco,,,,,,,,,5GB / 5 Days,,,,,,,,TELNA-MOROCCO-5GB-5D,0.0,,0,deny,manual,11.99,,false,false,,,,,,,,,,,,,kg,,,
morocco,,,,,,,,,5GB / 10 Days,,,,,,,,TELNA-MOROCCO-5GB-10D,0.0,,0,deny,manual,12.99,,false,false,,,,,,,,,,,,,kg,,,
morocco,,,,,,,,,5GB / 15 Days,,,,,,,,TELNA-MOROCCO-5GB-15D,0.0,,0,deny,manual,13.99,,false,false,,,,,,,,,,,,,kg,,,
morocco,,,,,,,,,5GB / 30 Days,,,,,,,,TELNA-MOROCCO-5GB-30D,0.0,,0,deny,manual,15.99,,false,false,,,,,,,,,,,,,kg,,,
morocco,,,,,,,,,10GB / 5 Days,,,,,,,,TELNA-MOROCCO-10GB-5D,0.0,,0,deny,manual,21.99,,false,false,,,,,,,,,,,,,kg,,,
morocco,,,,,,,,,10GB / 10 Days,,,,,,,,TELNA-MOROCCO-10GB-10D,0.0,,0,deny,manual,22.99,,false,false,,,,,,,,,,,,,kg,,,
morocco,,,,,,,,,10GB / 15 Days,,,,,,,,TELNA-MOROCCO-10GB-15D,0.0,,0,deny,manual,23.99,,false,false,,,,,,,,,,,,,kg,,,
morocco,,,,,,,,,10GB / 30 Days,,,,,,,,TELNA-MOROCCO-10GB-30D,0.0,,0,deny,manual,25.99,,false,false,,,,,,,,,,,,,kg,,,
morocco,,,,,,,,,20GB / 5 Days,,,,,,,,TELNA-MOROCCO-20GB-5D,0.0,,0,deny,manual,40.99,,false,false,,,,,,,,,,,,,kg,,,
morocco,,,,,,,,,20GB / 10 Days,,,,,,,,TELNA-MOROCCO-20GB-10D,0.0,,0,deny,manual,41.99,,false,false,,,,,,,,,,,,,kg,,,
morocco,,,,,,,,,20GB / 15 Days,,,,,,,,TELNA-MOROCCO-20GB-15D,0.0,,0,deny,manual,42.99,,false,false,,,,,,,,,,,,,kg,,,
morocco,,,,,,,,,20GB / 30 Days,,,,,,,,TELNA-MOROCCO-20GB-30D,0.0,,0,deny,manual,46.99,,false,false,,,,,,,,,,,,,kg,,,
montserrat,Montserrat,"<p>Travel eSIM data plan for Montserrat.</p>
<p>Si vous possédez déjà une eSIM de chez nous, cet achat sera ajouté à votre eSIM existante sous forme de recharge. S’il s’agit de votre premier achat, nous vous enverrons votre code QR par courriel après la confirmation de votre paiement.</p>",Quebec eSIM,,eSIM,"eSIM, Montserrat, Telna",false,Plan,1GB / 5 Days,,,,,,,,TELNA-MONTSERRAT-1GB-5D,0.0,,0,deny,manual,4.99,,false,false,,,,,,,,,false,,,,kg,,,active
montserrat,,,,,,,,,1GB / 10 Days,,,,,,,,TELNA-MONTSERRAT-1GB-10D,0.0,,0,deny,manual,5.99,,false,false,,,,,,,,,,,,,kg,,,
montserrat,,,,,,,,,1GB / 15 Days,,,,,,,,TELNA-MONTSERRAT-1GB-15D,0.0,,0,deny,manual,6.99,,false,false,,,,,,,,,,,,,kg,,,
montserrat,,,,,,,,,1GB / 30 Days,,,,,,,,TELNA-MONTSERRAT-1GB-30D,0.0,,0,deny,manual,8.99,,false,false,,,,,,,,,,,,,kg,,,
montserrat,,,,,,,,,3GB / 5 Days,,,,,,,,TELNA-MONTSERRAT-3GB-5D,0.0,,0,deny,manual,13.99,,false,false,,,,,,,,,,,,,kg,,,
montserrat,,,,,,,,,3GB / 10 Days,,,,,,,,TELNA-MONTSERRAT-3GB-10D,0.0,,0,deny,manual,14.99,,false,false,,,,,,,,,,,,,kg,,,
montserrat,,,,,,,,,3GB / 15 Days,,,,,,,,TELNA-MONTSERRAT-3GB-15D,0.0,,0,deny,manual,14.99,,false,false,,,,,,,,,,,,,kg,,,
montserrat,,,,,,,,,3GB / 30 Days,,,,,,,,TELNA-MONTSERRAT-3GB-30D,0.0,,0,deny,manual,17.99,,false,false,,,,,,,,,,,,,kg,,,
montserrat,,,,,,,,,5GB / 5 Days,,,,,,,,TELNA-MONTSERRAT-5GB-5D,0.0,,0,deny,manual,23.99,,false,false,,,,,,,,,,,,,kg,,,
montserrat,,,,,,,,,5GB / 10 Days,,,,,,,,TELNA-MONTSERRAT-5GB-10D,0.0,,0,deny,manual,24.99,,false,false,,,,,,,,,,,,,kg,,,
montserrat,,,,,,,,,5GB / 15 Days,,,,,,,,TELNA-MONTSERRAT-5GB-15D,0.0,,0,deny,manual,24.99,,false,false,,,,,,,,,,,,,kg,,,
montserrat,,,,,,,,,5GB / 30 Days,,,,,,,,TELNA-MONTSERRAT-5GB-30D,0.0,,0,deny,manual,27.99,,false,false,,,,,,,,,,,,,kg,,,
montserrat,,,,,,,,,10GB / 5 Days,,,,,,,,TELNA-MONTSERRAT-10GB-5D,0.0,,0,deny,manual,40.99,,false,false,,,,,,,,,,,,,kg,,,
montserrat,,,,,,,,,10GB / 10 Days,,,,,,,,TELNA-MONTSERRAT-10GB-10D,0.0,,0,deny,manual,41.99,,false,false,,,,,,,,,,,,,kg,,,
montserrat,,,,,,,,,10GB / 15 Days,,,,,,,,TELNA-MONTSERRAT-10GB-15D,0.0,,0,deny,manual,42.99,,false,false,,,,,,,,,,,,,kg,,,
montserrat,,,,,,,,,10GB / 30 Days,,,,,,,,TELNA-MONTSERRAT-10GB-30D,0.0,,0,deny,manual,46.99,,false,false,,,,,,,,,,,,,kg,,,
montserrat,,,,,,,,,20GB / 5 Days,,,,,,,,TELNA-MONTSERRAT-20GB-5D,0.0,,0,deny,manual,60.99,,false,false,,,,,,,,,,,,,kg,,,
montserrat,,,,,,,,,20GB / 10 Days,,,,,,,,TELNA-MONTSERRAT-20GB-10D,0.0,,0,deny,manual,61.99,,false,false,,,,,,,,,,,,,kg,,,
montserrat,,,,,,,,,20GB / 15 Days,,,,,,,,TELNA-MONTSERRAT-20GB-15D,0.0,,0,deny,manual,62.99,,false,false,,,,,,,,,,,,,kg,,,
montserrat,,,,,,,,,20GB / 30 Days,,,,,,,,TELNA-MONTSERRAT-20GB-30D,0.0,,0,deny,manual,66.99,,false,false,,,,,,,,,,,,,kg,,,
montenegro,Montenegro,"<p>Travel eSIM data plan for Montenegro.</p>
<p>Si vous possédez déjà une eSIM de chez nous, cet achat sera ajouté à votre eSIM existante sous forme de recharge. S’il s’agit de votre premier achat, nous vous enverrons votre code QR par courriel après la confirmation de votre paiement.</p>",Quebec eSIM,,eSIM,"eSIM, Montenegro, Telna",false,Plan,1GB / 5 Days,,,,,,,,TELNA-MONTENEGRO-1GB-5D,0.0,,0,deny,manual,3.99,,false,false,,,,,,,,,false,,,,kg,,,active
montenegro,,,,,,,,,1GB / 10 Days,,,,,,,,TELNA-MONTENEGRO-1GB-10D,0.0,,0,deny,manual,4.99,,false,false,,,,,,,,,,,,,kg,,,
montenegro,,,,,,,,,1GB / 15 Days,,,,,,,,TELNA-MONTENEGRO-1GB-15D,0.0,,0,deny,manual,4.99,,false,false,,,,,,,,,,,,,kg,,,
montenegro,,,,,,,,,1GB / 30 Days,,,,,,,,TELNA-MONTENEGRO-1GB-30D,0.0,,0,deny,manual,7.99,,false,false,,,,,,,,,,,,,kg,,,
montenegro,,,,,,,,,3GB / 5 Days,,,,,,,,TELNA-MONTENEGRO-3GB-5D,0.0,,0,deny,manual,4.99,,false,false,,,,,,,,,,,,,kg,,,
montenegro,,,,,,,,,3GB / 10 Days,,,,,,,,TELNA-MONTENEGRO-3GB-10D,0.0,,0,deny,manual,5.99,,false,false,,,,,,,,,,,,,kg,,,
montenegro,,,,,,,,,3GB / 15 Days,,,,,,,,TELNA-MONTENEGRO-3GB-15D,0.0,,0,deny,manual,6.99,,false,false,,,,,,,,,,,,,kg,,,
montenegro,,,,,,,,,3GB / 30 Days,,,,,,,,TELNA-MONTENEGRO-3GB-30D,0.0,,0,deny,manual,8.99,,false,false,,,,,,,,,,,,,kg,,,
montenegro,,,,,,,,,5GB / 5 Days,,,,,,,,TELNA-MONTENEGRO-5GB-5D,0.0,,0,deny,manual,5.99,,false,false,,,,,,,,,,,,,kg,,,
montenegro,,,,,,,,,5GB / 10 Days,,,,,,,,TELNA-MONTENEGRO-5GB-10D,0.0,,0,deny,manual,6.99,,false,false,,,,,,,,,,,,,kg,,,
montenegro,,,,,,,,,5GB / 15 Days,,,,,,,,TELNA-MONTENEGRO-5GB-15D,0.0,,0,deny,manual,7.99,,false,false,,,,,,,,,,,,,kg,,,
montenegro,,,,,,,,,5GB / 30 Days,,,,,,,,TELNA-MONTENEGRO-5GB-30D,0.0,,0,deny,manual,9.99,,false,false,,,,,,,,,,,,,kg,,,
montenegro,,,,,,,,,10GB / 5 Days,,,,,,,,TELNA-MONTENEGRO-10GB-5D,0.0,,0,deny,manual,12.99,,false,false,,,,,,,,,,,,,kg,,,
montenegro,,,,,,,,,10GB / 10 Days,,,,,,,,TELNA-MONTENEGRO-10GB-10D,0.0,,0,deny,manual,13.99,,false,false,,,,,,,,,,,,,kg,,,
montenegro,,,,,,,,,10GB / 15 Days,,,,,,,,TELNA-MONTENEGRO-10GB-15D,0.0,,0,deny,manual,14.99,,false,false,,,,,,,,,,,,,kg,,,
montenegro,,,,,,,,,10GB / 30 Days,,,,,,,,TELNA-MONTENEGRO-10GB-30D,0.0,,0,deny,manual,16.99,,false,false,,,,,,,,,,,,,kg,,,
montenegro,,,,,,,,,20GB / 5 Days,,,,,,,,TELNA-MONTENEGRO-20GB-5D,0.0,,0,deny,manual,23.99,,false,false,,,,,,,,,,,,,kg,,,
montenegro,,,,,,,,,20GB / 10 Days,,,,,,,,TELNA-MONTENEGRO-20GB-10D,0.0,,0,deny,manual,24.99,,false,false,,,,,,,,,,,,,kg,,,
montenegro,,,,,,,,,20GB / 15 Days,,,,,,,,TELNA-MONTENEGRO-20GB-15D,0.0,,0,deny,manual,24.99,,false,false,,,,,,,,,,,,,kg,,,
montenegro,,,,,,,,,20GB / 30 Days,,,,,,,,TELNA-MONTENEGRO-20GB-30D,0.0,,0,deny,manual,27.99,,false,false,,,,,,,,,,,,,kg,,,
montenegro,,,,,,,,,Unlimited / 5 Days,,,,,,,,TELNA-MONTENEGRO-UNLIMITED-5D,0.0,,0,deny,manual,14.99,,false,false,,,,,,,,,,,,,kg,,,
montenegro,,,,,,,,,Unlimited / 10 Days,,,,,,,,TELNA-MONTENEGRO-UNLIMITED-10D,0.0,,0,deny,manual,34.99,,false,false,,,,,,,,,,,,,kg,,,
montenegro,,,,,,,,,Unlimited / 15 Days,,,,,,,,TELNA-MONTENEGRO-UNLIMITED-15D,0.0,,0,deny,manual,64.99,,false,false,,,,,,,,,,,,,kg,,,
montenegro,,,,,,,,,Unlimited / 30 Days,,,,,,,,TELNA-MONTENEGRO-UNLIMITED-30D,0.0,,0,deny,manual,79.99,,false,false,,,,,,,,,,,,,kg,,,
mongolia,Mongolia,"<p>Travel eSIM data plan for Mongolia.</p>
<p>Si vous possédez déjà une eSIM de chez nous, cet achat sera ajouté à votre eSIM existante sous forme de recharge. S’il s’agit de votre premier achat, nous vous enverrons votre code QR par courriel après la confirmation de votre paiement.</p>",Quebec eSIM,,eSIM,"eSIM, Mongolia, Telna",false,Plan,1GB / 5 Days,,,,,,,,TELNA-MONGOLIA-1GB-5D,0.0,,0,deny,manual,4.99,,false,false,,,,,,,,,false,,,,kg,,,active
mongolia,,,,,,,,,1GB / 10 Days,,,,,,,,TELNA-MONGOLIA-1GB-10D,0.0,,0,deny,manual,5.99,,false,false,,,,,,,,,,,,,kg,,,
mongolia,,,,,,,,,1GB / 15 Days,,,,,,,,TELNA-MONGOLIA-1GB-15D,0.0,,0,deny,manual,6.99,,false,false,,,,,,,,,,,,,kg,,,
mongolia,,,,,,,,,1GB / 30 Days,,,,,,,,TELNA-MONGOLIA-1GB-30D,0.0,,0,deny,manual,8.99,,false,false,,,,,,,,,,,,,kg,,,
mongolia,,,,,,,,,3GB / 5 Days,,,,,,,,TELNA-MONGOLIA-3GB-5D,0.0,,0,deny,manual,13.99,,false,false,,,,,,,,,,,,,kg,,,
mongolia,,,,,,,,,3GB / 10 Days,,,,,,,,TELNA-MONGOLIA-3GB-10D,0.0,,0,deny,manual,14.99,,false,false,,,,,,,,,,,,,kg,,,
mongolia,,,,,,,,,3GB / 15 Days,,,,,,,,TELNA-MONGOLIA-3GB-15D,0.0,,0,deny,manual,14.99,,false,false,,,,,,,,,,,,,kg,,,
mongolia,,,,,,,,,3GB / 30 Days,,,,,,,,TELNA-MONGOLIA-3GB-30D,0.0,,0,deny,manual,17.99,,false,false,,,,,,,,,,,,,kg,,,
mongolia,,,,,,,,,5GB / 5 Days,,,,,,,,TELNA-MONGOLIA-5GB-5D,0.0,,0,deny,manual,23.99,,false,false,,,,,,,,,,,,,kg,,,
mongolia,,,,,,,,,5GB / 10 Days,,,,,,,,TELNA-MONGOLIA-5GB-10D,0.0,,0,deny,manual,24.99,,false,false,,,,,,,,,,,,,kg,,,
mongolia,,,,,,,,,5GB / 15 Days,,,,,,,,TELNA-MONGOLIA-5GB-15D,0.0,,0,deny,manual,24.99,,false,false,,,,,,,,,,,,,kg,,,
mongolia,,,,,,,,,5GB / 30 Days,,,,,,,,TELNA-MONGOLIA-5GB-30D,0.0,,0,deny,manual,27.99,,false,false,,,,,,,,,,,,,kg,,,
mongolia,,,,,,,,,10GB / 5 Days,,,,,,,,TELNA-MONGOLIA-10GB-5D,0.0,,0,deny,manual,40.99,,false,false,,,,,,,,,,,,,kg,,,
mongolia,,,,,,,,,10GB / 10 Days,,,,,,,,TELNA-MONGOLIA-10GB-10D,0.0,,0,deny,manual,41.99,,false,false,,,,,,,,,,,,,kg,,,
mongolia,,,,,,,,,10GB / 15 Days,,,,,,,,TELNA-MONGOLIA-10GB-15D,0.0,,0,deny,manual,42.99,,false,false,,,,,,,,,,,,,kg,,,
mongolia,,,,,,,,,10GB / 30 Days,,,,,,,,TELNA-MONGOLIA-10GB-30D,0.0,,0,deny,manual,46.99,,false,false,,,,,,,,,,,,,kg,,,
monaco,Monaco,"<p>Travel eSIM data plan for Monaco.</p>
<p>Si vous possédez déjà une eSIM de chez nous, cet achat sera ajouté à votre eSIM existante sous forme de recharge. S’il s’agit de votre premier achat, nous vous enverrons votre code QR par courriel après la confirmation de votre paiement.</p>",Quebec eSIM,,eSIM,"eSIM, Monaco, Telna",false,Plan,1GB / 5 Days,,,,,,,,TELNA-MONACO-1GB-5D,0.0,,0,deny,manual,4.99,,false,false,,,,,,,,,false,,,,kg,,,active
monaco,,,,,,,,,1GB / 10 Days,,,,,,,,TELNA-MONACO-1GB-10D,0.0,,0,deny,manual,5.99,,false,false,,,,,,,,,,,,,kg,,,
monaco,,,,,,,,,1GB / 15 Days,,,,,,,,TELNA-MONACO-1GB-15D,0.0,,0,deny,manual,6.99,,false,false,,,,,,,,,,,,,kg,,,
monaco,,,,,,,,,1GB / 30 Days,,,,,,,,TELNA-MONACO-1GB-30D,0.0,,0,deny,manual,8.99,,false,false,,,,,,,,,,,,,kg,,,
monaco,,,,,,,,,3GB / 5 Days,,,,,,,,TELNA-MONACO-3GB-5D,0.0,,0,deny,manual,12.99,,false,false,,,,,,,,,,,,,kg,,,
monaco,,,,,,,,,3GB / 10 Days,,,,,,,,TELNA-MONACO-3GB-10D,0.0,,0,deny,manual,13.99,,false,false,,,,,,,,,,,,,kg,,,
monaco,,,,,,,,,3GB / 15 Days,,,,,,,,TELNA-MONACO-3GB-15D,0.0,,0,deny,manual,14.99,,false,false,,,,,,,,,,,,,kg,,,
monaco,,,,,,,,,3GB / 30 Days,,,,,,,,TELNA-MONACO-3GB-30D,0.0,,0,deny,manual,16.99,,false,false,,,,,,,,,,,,,kg,,,
monaco,,,,,,,,,5GB / 5 Days,,,,,,,,TELNA-MONACO-5GB-5D,0.0,,0,deny,manual,18.99,,false,false,,,,,,,,,,,,,kg,,,
monaco,,,,,,,,,5GB / 10 Days,,,,,,,,TELNA-MONACO-5GB-10D,0.0,,0,deny,manual,19.99,,false,false,,,,,,,,,,,,,kg,,,
monaco,,,,,,,,,5GB / 15 Days,,,,,,,,TELNA-MONACO-5GB-15D,0.0,,0,deny,manual,19.99,,false,false,,,,,,,,,,,,,kg,,,
monaco,,,,,,,,,5GB / 30 Days,,,,,,,,TELNA-MONACO-5GB-30D,0.0,,0,deny,manual,22.99,,false,false,,,,,,,,,,,,,kg,,,
monaco,,,,,,,,,10GB / 5 Days,,,,,,,,TELNA-MONACO-10GB-5D,0.0,,0,deny,manual,33.99,,false,false,,,,,,,,,,,,,kg,,,
monaco,,,,,,,,,10GB / 10 Days,,,,,,,,TELNA-MONACO-10GB-10D,0.0,,0,deny,manual,34.99,,false,false,,,,,,,,,,,,,kg,,,
monaco,,,,,,,,,10GB / 15 Days,,,,,,,,TELNA-MONACO-10GB-15D,0.0,,0,deny,manual,34.99,,false,false,,,,,,,,,,,,,kg,,,
monaco,,,,,,,,,10GB / 30 Days,,,,,,,,TELNA-MONACO-10GB-30D,0.0,,0,deny,manual,37.99,,false,false,,,,,,,,,,,,,kg,,,
moldova,Moldova,"<p>Travel eSIM data plan for Moldova.</p>
<p>Si vous possédez déjà une eSIM de chez nous, cet achat sera ajouté à votre eSIM existante sous forme de recharge. S’il s’agit de votre premier achat, nous vous enverrons votre code QR par courriel après la confirmation de votre paiement.</p>",Quebec eSIM,,eSIM,"eSIM, Moldova, Telna",false,Plan,1GB / 5 Days,,,,,,,,TELNA-MOLDOVA-1GB-5D,0.0,,0,deny,manual,2.99,,false,false,,,,,,,,,false,,,,kg,,,active
moldova,,,,,,,,,1GB / 10 Days,,,,,,,,TELNA-MOLDOVA-1GB-10D,0.0,,0,deny,manual,3.99,,false,false,,,,,,,,,,,,,kg,,,
moldova,,,,,,,,,1GB / 15 Days,,,,,,,,TELNA-MOLDOVA-1GB-15D,0.0,,0,deny,manual,4.99,,false,false,,,,,,,,,,,,,kg,,,
moldova,,,,,,,,,1GB / 30 Days,,,,,,,,TELNA-MOLDOVA-1GB-30D,0.0,,0,deny,manual,6.99,,false,false,,,,,,,,,,,,,kg,,,
moldova,,,,,,,,,3GB / 5 Days,,,,,,,,TELNA-MOLDOVA-3GB-5D,0.0,,0,deny,manual,7.99,,false,false,,,,,,,,,,,,,kg,,,
moldova,,,,,,,,,3GB / 10 Days,,,,,,,,TELNA-MOLDOVA-3GB-10D,0.0,,0,deny,manual,8.99,,false,false,,,,,,,,,,,,,kg,,,
moldova,,,,,,,,,3GB / 15 Days,,,,,,,,TELNA-MOLDOVA-3GB-15D,0.0,,0,deny,manual,9.99,,false,false,,,,,,,,,,,,,kg,,,
moldova,,,,,,,,,3GB / 30 Days,,,,,,,,TELNA-MOLDOVA-3GB-30D,0.0,,0,deny,manual,10.99,,false,false,,,,,,,,,,,,,kg,,,
moldova,,,,,,,,,5GB / 5 Days,,,,,,,,TELNA-MOLDOVA-5GB-5D,0.0,,0,deny,manual,4.99,,false,false,,,,,,,,,,,,,kg,,,
moldova,,,,,,,,,5GB / 10 Days,,,,,,,,TELNA-MOLDOVA-5GB-10D,0.0,,0,deny,manual,5.99,,false,false,,,,,,,,,,,,,kg,,,
moldova,,,,,,,,,5GB / 15 Days,,,,,,,,TELNA-MOLDOVA-5GB-15D,0.0,,0,deny,manual,6.99,,false,false,,,,,,,,,,,,,kg,,,
moldova,,,,,,,,,5GB / 30 Days,,,,,,,,TELNA-MOLDOVA-5GB-30D,0.0,,0,deny,manual,8.99,,false,false,,,,,,,,,,,,,kg,,,
moldova,,,,,,,,,10GB / 5 Days,,,,,,,,TELNA-MOLDOVA-10GB-5D,0.0,,0,deny,manual,8.99,,false,false,,,,,,,,,,,,,kg,,,
moldova,,,,,,,,,10GB / 10 Days,,,,,,,,TELNA-MOLDOVA-10GB-10D,0.0,,0,deny,manual,9.99,,false,false,,,,,,,,,,,,,kg,,,
moldova,,,,,,,,,10GB / 15 Days,,,,,,,,TELNA-MOLDOVA-10GB-15D,0.0,,0,deny,manual,9.99,,false,false,,,,,,,,,,,,,kg,,,
moldova,,,,,,,,,10GB / 30 Days,,,,,,,,TELNA-MOLDOVA-10GB-30D,0.0,,0,deny,manual,12.99,,false,false,,,,,,,,,,,,,kg,,,
moldova,,,,,,,,,20GB / 5 Days,,,,,,,,TELNA-MOLDOVA-20GB-5D,0.0,,0,deny,manual,17.99,,false,false,,,,,,,,,,,,,kg,,,
moldova,,,,,,,,,20GB / 10 Days,,,,,,,,TELNA-MOLDOVA-20GB-10D,0.0,,0,deny,manual,18.99,,false,false,,,,,,,,,,,,,kg,,,
moldova,,,,,,,,,20GB / 15 Days,,,,,,,,TELNA-MOLDOVA-20GB-15D,0.0,,0,deny,manual,19.99,,false,false,,,,,,,,,,,,,kg,,,
moldova,,,,,,,,,20GB / 30 Days,,,,,,,,TELNA-MOLDOVA-20GB-30D,0.0,,0,deny,manual,21.99,,false,false,,,,,,,,,,,,,kg,,,
mexico,Mexico,"<p>Travel eSIM data plan for Mexico.</p>
<p>Si vous possédez déjà une eSIM de chez nous, cet achat sera ajouté à votre eSIM existante sous forme de recharge. S’il s’agit de votre premier achat, nous vous enverrons votre code QR par courriel après la confirmation de votre paiement.</p>",Quebec eSIM,,eSIM,"eSIM, Mexico, Telna",false,Plan,1GB / 5 Days,,,,,,,,TELNA-MEXICO-1GB-5D,0.0,,0,deny,manual,4.99,,false,false,,,,,,,,,false,,,,kg,,,active
mexico,,,,,,,,,1GB / 10 Days,,,,,,,,TELNA-MEXICO-1GB-10D,0.0,,0,deny,manual,5.99,,false,false,,,,,,,,,,,,,kg,,,
mexico,,,,,,,,,1GB / 15 Days,,,,,,,,TELNA-MEXICO-1GB-15D,0.0,,0,deny,manual,6.99,,false,false,,,,,,,,,,,,,kg,,,
mexico,,,,,,,,,1GB / 30 Days,,,,,,,,TELNA-MEXICO-1GB-30D,0.0,,0,deny,manual,8.99,,false,false,,,,,,,,,,,,,kg,,,
mexico,,,,,,,,,3GB / 5 Days,,,,,,,,TELNA-MEXICO-3GB-5D,0.0,,0,deny,manual,13.99,,false,false,,,,,,,,,,,,,kg,,,
mexico,,,,,,,,,3GB / 10 Days,,,,,,,,TELNA-MEXICO-3GB-10D,0.0,,0,deny,manual,14.99,,false,false,,,,,,,,,,,,,kg,,,
mexico,,,,,,,,,3GB / 15 Days,,,,,,,,TELNA-MEXICO-3GB-15D,0.0,,0,deny,manual,14.99,,false,false,,,,,,,,,,,,,kg,,,
mexico,,,,,,,,,3GB / 30 Days,,,,,,,,TELNA-MEXICO-3GB-30D,0.0,,0,deny,manual,17.99,,false,false,,,,,,,,,,,,,kg,,,
mexico,,,,,,,,,5GB / 5 Days,,,,,,,,TELNA-MEXICO-5GB-5D,0.0,,0,deny,manual,23.99,,false,false,,,,,,,,,,,,,kg,,,
mexico,,,,,,,,,5GB / 10 Days,,,,,,,,TELNA-MEXICO-5GB-10D,0.0,,0,deny,manual,24.99,,false,false,,,,,,,,,,,,,kg,,,
mexico,,,,,,,,,5GB / 15 Days,,,,,,,,TELNA-MEXICO-5GB-15D,0.0,,0,deny,manual,24.99,,false,false,,,,,,,,,,,,,kg,,,
mexico,,,,,,,,,5GB / 30 Days,,,,,,,,TELNA-MEXICO-5GB-30D,0.0,,0,deny,manual,27.99,,false,false,,,,,,,,,,,,,kg,,,
mexico,,,,,,,,,10GB / 5 Days,,,,,,,,TELNA-MEXICO-10GB-5D,0.0,,0,deny,manual,40.99,,false,false,,,,,,,,,,,,,kg,,,
mexico,,,,,,,,,10GB / 10 Days,,,,,,,,TELNA-MEXICO-10GB-10D,0.0,,0,deny,manual,41.99,,false,false,,,,,,,,,,,,,kg,,,
mexico,,,,,,,,,10GB / 15 Days,,,,,,,,TELNA-MEXICO-10GB-15D,0.0,,0,deny,manual,42.99,,false,false,,,,,,,,,,,,,kg,,,
mexico,,,,,,,,,10GB / 30 Days,,,,,,,,TELNA-MEXICO-10GB-30D,0.0,,0,deny,manual,46.99,,false,false,,,,,,,,,,,,,kg,,,
mexico,,,,,,,,,20GB / 5 Days,,,,,,,,TELNA-MEXICO-20GB-5D,0.0,,0,deny,manual,60.99,,false,false,,,,,,,,,,,,,kg,,,
mexico,,,,,,,,,20GB / 10 Days,,,,,,,,TELNA-MEXICO-20GB-10D,0.0,,0,deny,manual,61.99,,false,false,,,,,,,,,,,,,kg,,,
mexico,,,,,,,,,20GB / 15 Days,,,,,,,,TELNA-MEXICO-20GB-15D,0.0,,0,deny,manual,62.99,,false,false,,,,,,,,,,,,,kg,,,
mexico,,,,,,,,,20GB / 30 Days,,,,,,,,TELNA-MEXICO-20GB-30D,0.0,,0,deny,manual,66.99,,false,false,,,,,,,,,,,,,kg,,,
mayotte,Mayotte,"<p>Travel eSIM data plan for Mayotte.</p>
<p>Si vous possédez déjà une eSIM de chez nous, cet achat sera ajouté à votre eSIM existante sous forme de recharge. S’il s’agit de votre premier achat, nous vous enverrons votre code QR par courriel après la confirmation de votre paiement.</p>",Quebec eSIM,,eSIM,"eSIM, Mayotte, Telna",false,Plan,1GB / 5 Days,,,,,,,,TELNA-MAYOTTE-1GB-5D,0.0,,0,deny,manual,2.99,,false,false,,,,,,,,,false,,,,kg,,,active
mayotte,,,,,,,,,1GB / 10 Days,,,,,,,,TELNA-MAYOTTE-1GB-10D,0.0,,0,deny,manual,3.99,,false,false,,,,,,,,,,,,,kg,,,
mayotte,,,,,,,,,1GB / 15 Days,,,,,,,,TELNA-MAYOTTE-1GB-15D,0.0,,0,deny,manual,4.99,,false,false,,,,,,,,,,,,,kg,,,
mayotte,,,,,,,,,1GB / 30 Days,,,,,,,,TELNA-MAYOTTE-1GB-30D,0.0,,0,deny,manual,6.99,,false,false,,,,,,,,,,,,,kg,,,
mayotte,,,,,,,,,3GB / 5 Days,,,,,,,,TELNA-MAYOTTE-3GB-5D,0.0,,0,deny,manual,6.99,,false,false,,,,,,,,,,,,,kg,,,
mayotte,,,,,,,,,3GB / 10 Days,,,,,,,,TELNA-MAYOTTE-3GB-10D,0.0,,0,deny,manual,7.99,,false,false,,,,,,,,,,,,,kg,,,
mayotte,,,,,,,,,3GB / 15 Days,,,,,,,,TELNA-MAYOTTE-3GB-15D,0.0,,0,deny,manual,8.99,,false,false,,,,,,,,,,,,,kg,,,
mayotte,,,,,,,,,3GB / 30 Days,,,,,,,,TELNA-MAYOTTE-3GB-30D,0.0,,0,deny,manual,9.99,,false,false,,,,,,,,,,,,,kg,,,
mayotte,,,,,,,,,5GB / 5 Days,,,,,,,,TELNA-MAYOTTE-5GB-5D,0.0,,0,deny,manual,4.99,,false,false,,,,,,,,,,,,,kg,,,
mayotte,,,,,,,,,5GB / 10 Days,,,,,,,,TELNA-MAYOTTE-5GB-10D,0.0,,0,deny,manual,5.99,,false,false,,,,,,,,,,,,,kg,,,
mayotte,,,,,,,,,5GB / 15 Days,,,,,,,,TELNA-MAYOTTE-5GB-15D,0.0,,0,deny,manual,6.99,,false,false,,,,,,,,,,,,,kg,,,
mayotte,,,,,,,,,5GB / 30 Days,,,,,,,,TELNA-MAYOTTE-5GB-30D,0.0,,0,deny,manual,8.99,,false,false,,,,,,,,,,,,,kg,,,
mayotte,,,,,,,,,10GB / 5 Days,,,,,,,,TELNA-MAYOTTE-10GB-5D,0.0,,0,deny,manual,8.99,,false,false,,,,,,,,,,,,,kg,,,
mayotte,,,,,,,,,10GB / 10 Days,,,,,,,,TELNA-MAYOTTE-10GB-10D,0.0,,0,deny,manual,9.99,,false,false,,,,,,,,,,,,,kg,,,
mayotte,,,,,,,,,10GB / 15 Days,,,,,,,,TELNA-MAYOTTE-10GB-15D,0.0,,0,deny,manual,9.99,,false,false,,,,,,,,,,,,,kg,,,
mayotte,,,,,,,,,10GB / 30 Days,,,,,,,,TELNA-MAYOTTE-10GB-30D,0.0,,0,deny,manual,12.99,,false,false,,,,,,,,,,,,,kg,,,
mayotte,,,,,,,,,20GB / 5 Days,,,,,,,,TELNA-MAYOTTE-20GB-5D,0.0,,0,deny,manual,17.99,,false,false,,,,,,,,,,,,,kg,,,
mayotte,,,,,,,,,20GB / 10 Days,,,,,,,,TELNA-MAYOTTE-20GB-10D,0.0,,0,deny,manual,18.99,,false,false,,,,,,,,,,,,,kg,,,
mayotte,,,,,,,,,20GB / 15 Days,,,,,,,,TELNA-MAYOTTE-20GB-15D,0.0,,0,deny,manual,19.99,,false,false,,,,,,,,,,,,,kg,,,
mayotte,,,,,,,,,20GB / 30 Days,,,,,,,,TELNA-MAYOTTE-20GB-30D,0.0,,0,deny,manual,21.99,,false,false,,,,,,,,,,,,,kg,,,
mayotte,,,,,,,,,Unlimited / 5 Days,,,,,,,,TELNA-MAYOTTE-UNLIMITED-5D,0.0,,0,deny,manual,29.99,,false,false,,,,,,,,,,,,,kg,,,
mayotte,,,,,,,,,Unlimited / 10 Days,,,,,,,,TELNA-MAYOTTE-UNLIMITED-10D,0.0,,0,deny,manual,49.99,,false,false,,,,,,,,,,,,,kg,,,
mayotte,,,,,,,,,Unlimited / 15 Days,,,,,,,,TELNA-MAYOTTE-UNLIMITED-15D,0.0,,0,deny,manual,89.99,,false,false,,,,,,,,,,,,,kg,,,
mayotte,,,,,,,,,Unlimited / 30 Days,,,,,,,,TELNA-MAYOTTE-UNLIMITED-30D,0.0,,0,deny,manual,129.99,,false,false,,,,,,,,,,,,,kg,,,
mauritius,Mauritius,"<p>Travel eSIM data plan for Mauritius.</p>
<p>Si vous possédez déjà une eSIM de chez nous, cet achat sera ajouté à votre eSIM existante sous forme de recharge. S’il s’agit de votre premier achat, nous vous enverrons votre code QR par courriel après la confirmation de votre paiement.</p>",Quebec eSIM,,eSIM,"eSIM, Mauritius, Telna",false,Plan,1GB / 5 Days,,,,,,,,TELNA-MAURITIUS-1GB-5D,0.0,,0,deny,manual,8.99,,false,false,,,,,,,,,false,,,,kg,,,active
mauritius,,,,,,,,,1GB / 10 Days,,,,,,,,TELNA-MAURITIUS-1GB-10D,0.0,,0,deny,manual,9.99,,false,false,,,,,,,,,,,,,kg,,,
mauritius,,,,,,,,,1GB / 15 Days,,,,,,,,TELNA-MAURITIUS-1GB-15D,0.0,,0,deny,manual,9.99,,false,false,,,,,,,,,,,,,kg,,,
mauritius,,,,,,,,,1GB / 30 Days,,,,,,,,TELNA-MAURITIUS-1GB-30D,0.0,,0,deny,manual,12.99,,false,false,,,,,,,,,,,,,kg,,,
mauritius,,,,,,,,,3GB / 5 Days,,,,,,,,TELNA-MAURITIUS-3GB-5D,0.0,,0,deny,manual,18.99,,false,false,,,,,,,,,,,,,kg,,,
mauritius,,,,,,,,,3GB / 10 Days,,,,,,,,TELNA-MAURITIUS-3GB-10D,0.0,,0,deny,manual,19.99,,false,false,,,,,,,,,,,,,kg,,,
mauritius,,,,,,,,,3GB / 15 Days,,,,,,,,TELNA-MAURITIUS-3GB-15D,0.0,,0,deny,manual,19.99,,false,false,,,,,,,,,,,,,kg,,,
mauritius,,,,,,,,,3GB / 30 Days,,,,,,,,TELNA-MAURITIUS-3GB-30D,0.0,,0,deny,manual,22.99,,false,false,,,,,,,,,,,,,kg,,,
mauritius,,,,,,,,,5GB / 5 Days,,,,,,,,TELNA-MAURITIUS-5GB-5D,0.0,,0,deny,manual,32.99,,false,false,,,,,,,,,,,,,kg,,,
mauritius,,,,,,,,,5GB / 10 Days,,,,,,,,TELNA-MAURITIUS-5GB-10D,0.0,,0,deny,manual,33.99,,false,false,,,,,,,,,,,,,kg,,,
mauritius,,,,,,,,,5GB / 15 Days,,,,,,,,TELNA-MAURITIUS-5GB-15D,0.0,,0,deny,manual,34.99,,false,false,,,,,,,,,,,,,kg,,,
mauritius,,,,,,,,,5GB / 30 Days,,,,,,,,TELNA-MAURITIUS-5GB-30D,0.0,,0,deny,manual,36.99,,false,false,,,,,,,,,,,,,kg,,,
mauritius,,,,,,,,,10GB / 5 Days,,,,,,,,TELNA-MAURITIUS-10GB-5D,0.0,,0,deny,manual,52.99,,false,false,,,,,,,,,,,,,kg,,,
mauritius,,,,,,,,,10GB / 10 Days,,,,,,,,TELNA-MAURITIUS-10GB-10D,0.0,,0,deny,manual,53.99,,false,false,,,,,,,,,,,,,kg,,,
mauritius,,,,,,,,,10GB / 15 Days,,,,,,,,TELNA-MAURITIUS-10GB-15D,0.0,,0,deny,manual,54.99,,false,false,,,,,,,,,,,,,kg,,,
mauritius,,,,,,,,,10GB / 30 Days,,,,,,,,TELNA-MAURITIUS-10GB-30D,0.0,,0,deny,manual,58.99,,false,false,,,,,,,,,,,,,kg,,,
mauritius,,,,,,,,,20GB / 5 Days,,,,,,,,TELNA-MAURITIUS-20GB-5D,0.0,,0,deny,manual,189.99,,false,false,,,,,,,,,,,,,kg,,,
mauritius,,,,,,,,,20GB / 10 Days,,,,,,,,TELNA-MAURITIUS-20GB-10D,0.0,,0,deny,manual,189.99,,false,false,,,,,,,,,,,,,kg,,,
mauritius,,,,,,,,,20GB / 15 Days,,,,,,,,TELNA-MAURITIUS-20GB-15D,0.0,,0,deny,manual,194.99,,false,false,,,,,,,,,,,,,kg,,,
mauritius,,,,,,,,,20GB / 30 Days,,,,,,,,TELNA-MAURITIUS-20GB-30D,0.0,,0,deny,manual,194.99,,false,false,,,,,,,,,,,,,kg,,,
mauritania,Mauritania,"<p>Travel eSIM data plan for Mauritania.</p>
<p>Si vous possédez déjà une eSIM de chez nous, cet achat sera ajouté à votre eSIM existante sous forme de recharge. S’il s’agit de votre premier achat, nous vous enverrons votre code QR par courriel après la confirmation de votre paiement.</p>",Quebec eSIM,,eSIM,"eSIM, Mauritania, Telna",false,Plan,1GB / 5 Days,,,,,,,,TELNA-MAURITANIA-1GB-5D,0.0,,0,deny,manual,9.99,,false,false,,,,,,,,,false,,,,kg,,,active
mauritania,,,,,,,,,1GB / 10 Days,,,,,,,,TELNA-MAURITANIA-1GB-10D,0.0,,0,deny,manual,10.99,,false,false,,,,,,,,,,,,,kg,,,
mauritania,,,,,,,,,1GB / 15 Days,,,,,,,,TELNA-MAURITANIA-1GB-15D,0.0,,0,deny,manual,11.99,,false,false,,,,,,,,,,,,,kg,,,
mauritania,,,,,,,,,1GB / 30 Days,,,,,,,,TELNA-MAURITANIA-1GB-30D,0.0,,0,deny,manual,13.99,,false,false,,,,,,,,,,,,,kg,,,
mauritania,,,,,,,,,3GB / 5 Days,,,,,,,,TELNA-MAURITANIA-3GB-5D,0.0,,0,deny,manual,28.99,,false,false,,,,,,,,,,,,,kg,,,
mauritania,,,,,,,,,3GB / 10 Days,,,,,,,,TELNA-MAURITANIA-3GB-10D,0.0,,0,deny,manual,29.99,,false,false,,,,,,,,,,,,,kg,,,
mauritania,,,,,,,,,3GB / 15 Days,,,,,,,,TELNA-MAURITANIA-3GB-15D,0.0,,0,deny,manual,29.99,,false,false,,,,,,,,,,,,,kg,,,
mauritania,,,,,,,,,3GB / 30 Days,,,,,,,,TELNA-MAURITANIA-3GB-30D,0.0,,0,deny,manual,32.99,,false,false,,,,,,,,,,,,,kg,,,
mauritania,,,,,,,,,5GB / 5 Days,,,,,,,,TELNA-MAURITANIA-5GB-5D,0.0,,0,deny,manual,48.99,,false,false,,,,,,,,,,,,,kg,,,
mauritania,,,,,,,,,5GB / 10 Days,,,,,,,,TELNA-MAURITANIA-5GB-10D,0.0,,0,deny,manual,49.99,,false,false,,,,,,,,,,,,,kg,,,
mauritania,,,,,,,,,5GB / 15 Days,,,,,,,,TELNA-MAURITANIA-5GB-15D,0.0,,0,deny,manual,49.99,,false,false,,,,,,,,,,,,,kg,,,
mauritania,,,,,,,,,5GB / 30 Days,,,,,,,,TELNA-MAURITANIA-5GB-30D,0.0,,0,deny,manual,54.99,,false,false,,,,,,,,,,,,,kg,,,
martinique,Martinique,"<p>Travel eSIM data plan for Martinique.</p>
<p>Si vous possédez déjà une eSIM de chez nous, cet achat sera ajouté à votre eSIM existante sous forme de recharge. S’il s’agit de votre premier achat, nous vous enverrons votre code QR par courriel après la confirmation de votre paiement.</p>",Quebec eSIM,,eSIM,"eSIM, Martinique, Telna",false,Plan,1GB / 5 Days,,,,,,,,TELNA-MARTINIQUE-1GB-5D,0.0,,0,deny,manual,2.99,,false,false,,,,,,,,,false,,,,kg,,,active
martinique,,,,,,,,,1GB / 10 Days,,,,,,,,TELNA-MARTINIQUE-1GB-10D,0.0,,0,deny,manual,3.99,,false,false,,,,,,,,,,,,,kg,,,
martinique,,,,,,,,,1GB / 15 Days,,,,,,,,TELNA-MARTINIQUE-1GB-15D,0.0,,0,deny,manual,4.99,,false,false,,,,,,,,,,,,,kg,,,
martinique,,,,,,,,,1GB / 30 Days,,,,,,,,TELNA-MARTINIQUE-1GB-30D,0.0,,0,deny,manual,6.99,,false,false,,,,,,,,,,,,,kg,,,
martinique,,,,,,,,,3GB / 5 Days,,,,,,,,TELNA-MARTINIQUE-3GB-5D,0.0,,0,deny,manual,13.99,,false,false,,,,,,,,,,,,,kg,,,
martinique,,,,,,,,,3GB / 10 Days,,,,,,,,TELNA-MARTINIQUE-3GB-10D,0.0,,0,deny,manual,14.99,,false,false,,,,,,,,,,,,,kg,,,
martinique,,,,,,,,,3GB / 15 Days,,,,,,,,TELNA-MARTINIQUE-3GB-15D,0.0,,0,deny,manual,15.99,,false,false,,,,,,,,,,,,,kg,,,
martinique,,,,,,,,,3GB / 30 Days,,,,,,,,TELNA-MARTINIQUE-3GB-30D,0.0,,0,deny,manual,16.99,,false,false,,,,,,,,,,,,,kg,,,
martinique,,,,,,,,,5GB / 5 Days,,,,,,,,TELNA-MARTINIQUE-5GB-5D,0.0,,0,deny,manual,4.99,,false,false,,,,,,,,,,,,,kg,,,
martinique,,,,,,,,,5GB / 10 Days,,,,,,,,TELNA-MARTINIQUE-5GB-10D,0.0,,0,deny,manual,5.99,,false,false,,,,,,,,,,,,,kg,,,
martinique,,,,,,,,,5GB / 15 Days,,,,,,,,TELNA-MARTINIQUE-5GB-15D,0.0,,0,deny,manual,6.99,,false,false,,,,,,,,,,,,,kg,,,
martinique,,,,,,,,,5GB / 30 Days,,,,,,,,TELNA-MARTINIQUE-5GB-30D,0.0,,0,deny,manual,8.99,,false,false,,,,,,,,,,,,,kg,,,
martinique,,,,,,,,,10GB / 5 Days,,,,,,,,TELNA-MARTINIQUE-10GB-5D,0.0,,0,deny,manual,8.99,,false,false,,,,,,,,,,,,,kg,,,
martinique,,,,,,,,,10GB / 10 Days,,,,,,,,TELNA-MARTINIQUE-10GB-10D,0.0,,0,deny,manual,9.99,,false,false,,,,,,,,,,,,,kg,,,
martinique,,,,,,,,,10GB / 15 Days,,,,,,,,TELNA-MARTINIQUE-10GB-15D,0.0,,0,deny,manual,9.99,,false,false,,,,,,,,,,,,,kg,,,
martinique,,,,,,,,,10GB / 30 Days,,,,,,,,TELNA-MARTINIQUE-10GB-30D,0.0,,0,deny,manual,12.99,,false,false,,,,,,,,,,,,,kg,,,
martinique,,,,,,,,,20GB / 5 Days,,,,,,,,TELNA-MARTINIQUE-20GB-5D,0.0,,0,deny,manual,17.99,,false,false,,,,,,,,,,,,,kg,,,
martinique,,,,,,,,,20GB / 10 Days,,,,,,,,TELNA-MARTINIQUE-20GB-10D,0.0,,0,deny,manual,18.99,,false,false,,,,,,,,,,,,,kg,,,
martinique,,,,,,,,,20GB / 15 Days,,,,,,,,TELNA-MARTINIQUE-20GB-15D,0.0,,0,deny,manual,19.99,,false,false,,,,,,,,,,,,,kg,,,
martinique,,,,,,,,,20GB / 30 Days,,,,,,,,TELNA-MARTINIQUE-20GB-30D,0.0,,0,deny,manual,21.99,,false,false,,,,,,,,,,,,,kg,,,
malta,Malta,"<p>Travel eSIM data plan for Malta.</p>
<p>Si vous possédez déjà une eSIM de chez nous, cet achat sera ajouté à votre eSIM existante sous forme de recharge. S’il s’agit de votre premier achat, nous vous enverrons votre code QR par courriel après la confirmation de votre paiement.</p>",Quebec eSIM,,eSIM,"eSIM, Malta, Telna",false,Plan,1GB / 5 Days,,,,,,,,TELNA-MALTA-1GB-5D,0.0,,0,deny,manual,3.99,,false,false,,,,,,,,,false,,,,kg,,,active
malta,,,,,,,,,1GB / 10 Days,,,,,,,,TELNA-MALTA-1GB-10D,0.0,,0,deny,manual,4.99,,false,false,,,,,,,,,,,,,kg,,,
malta,,,,,,,,,1GB / 15 Days,,,,,,,,TELNA-MALTA-1GB-15D,0.0,,0,deny,manual,4.99,,false,false,,,,,,,,,,,,,kg,,,
malta,,,,,,,,,1GB / 30 Days,,,,,,,,TELNA-MALTA-1GB-30D,0.0,,0,deny,manual,7.99,,false,false,,,,,,,,,,,,,kg,,,
malta,,,,,,,,,3GB / 5 Days,,,,,,,,TELNA-MALTA-3GB-5D,0.0,,0,deny,manual,7.99,,false,false,,,,,,,,,,,,,kg,,,
malta,,,,,,,,,3GB / 10 Days,,,,,,,,TELNA-MALTA-3GB-10D,0.0,,0,deny,manual,7.99,,false,false,,,,,,,,,,,,,kg,,,
malta,,,,,,,,,3GB / 15 Days,,,,,,,,TELNA-MALTA-3GB-15D,0.0,,0,deny,manual,8.99,,false,false,,,,,,,,,,,,,kg,,,
malta,,,,,,,,,3GB / 30 Days,,,,,,,,TELNA-MALTA-3GB-30D,0.0,,0,deny,manual,9.99,,false,false,,,,,,,,,,,,,kg,,,
malta,,,,,,,,,5GB / 5 Days,,,,,,,,TELNA-MALTA-5GB-5D,0.0,,0,deny,manual,5.99,,false,false,,,,,,,,,,,,,kg,,,
malta,,,,,,,,,5GB / 10 Days,,,,,,,,TELNA-MALTA-5GB-10D,0.0,,0,deny,manual,6.99,,false,false,,,,,,,,,,,,,kg,,,
malta,,,,,,,,,5GB / 15 Days,,,,,,,,TELNA-MALTA-5GB-15D,0.0,,0,deny,manual,7.99,,false,false,,,,,,,,,,,,,kg,,,
malta,,,,,,,,,5GB / 30 Days,,,,,,,,TELNA-MALTA-5GB-30D,0.0,,0,deny,manual,9.99,,false,false,,,,,,,,,,,,,kg,,,
malta,,,,,,,,,10GB / 5 Days,,,,,,,,TELNA-MALTA-10GB-5D,0.0,,0,deny,manual,11.99,,false,false,,,,,,,,,,,,,kg,,,
malta,,,,,,,,,10GB / 10 Days,,,,,,,,TELNA-MALTA-10GB-10D,0.0,,0,deny,manual,12.99,,false,false,,,,,,,,,,,,,kg,,,
malta,,,,,,,,,10GB / 15 Days,,,,,,,,TELNA-MALTA-10GB-15D,0.0,,0,deny,manual,13.99,,false,false,,,,,,,,,,,,,kg,,,
malta,,,,,,,,,10GB / 30 Days,,,,,,,,TELNA-MALTA-10GB-30D,0.0,,0,deny,manual,15.99,,false,false,,,,,,,,,,,,,kg,,,
malta,,,,,,,,,20GB / 5 Days,,,,,,,,TELNA-MALTA-20GB-5D,0.0,,0,deny,manual,20.99,,false,false,,,,,,,,,,,,,kg,,,
malta,,,,,,,,,20GB / 10 Days,,,,,,,,TELNA-MALTA-20GB-10D,0.0,,0,deny,manual,21.99,,false,false,,,,,,,,,,,,,kg,,,
malta,,,,,,,,,20GB / 15 Days,,,,,,,,TELNA-MALTA-20GB-15D,0.0,,0,deny,manual,22.99,,false,false,,,,,,,,,,,,,kg,,,
malta,,,,,,,,,20GB / 30 Days,,,,,,,,TELNA-MALTA-20GB-30D,0.0,,0,deny,manual,24.99,,false,false,,,,,,,,,,,,,kg,,,
malta,,,,,,,,,Unlimited / 5 Days,,,,,,,,TELNA-MALTA-UNLIMITED-5D,0.0,,0,deny,manual,14.99,,false,false,,,,,,,,,,,,,kg,,,
malta,,,,,,,,,Unlimited / 10 Days,,,,,,,,TELNA-MALTA-UNLIMITED-10D,0.0,,0,deny,manual,24.99,,false,false,,,,,,,,,,,,,kg,,,
malta,,,,,,,,,Unlimited / 15 Days,,,,,,,,TELNA-MALTA-UNLIMITED-15D,0.0,,0,deny,manual,39.99,,false,false,,,,,,,,,,,,,kg,,,
malta,,,,,,,,,Unlimited / 30 Days,,,,,,,,TELNA-MALTA-UNLIMITED-30D,0.0,,0,deny,manual,49.99,,false,false,,,,,,,,,,,,,kg,,,
mali,Mali,"<p>Travel eSIM data plan for Mali.</p>
<p>Si vous possédez déjà une eSIM de chez nous, cet achat sera ajouté à votre eSIM existante sous forme de recharge. S’il s’agit de votre premier achat, nous vous enverrons votre code QR par courriel après la confirmation de votre paiement.</p>",Quebec eSIM,,eSIM,"eSIM, Mali, Telna",false,Plan,1GB / 5 Days,,,,,,,,TELNA-MALI-1GB-5D,0.0,,0,deny,manual,4.99,,false,false,,,,,,,,,false,,,,kg,,,active
mali,,,,,,,,,1GB / 10 Days,,,,,,,,TELNA-MALI-1GB-10D,0.0,,0,deny,manual,5.99,,false,false,,,,,,,,,,,,,kg,,,
mali,,,,,,,,,1GB / 15 Days,,,,,,,,TELNA-MALI-1GB-15D,0.0,,0,deny,manual,6.99,,false,false,,,,,,,,,,,,,kg,,,
mali,,,,,,,,,1GB / 30 Days,,,,,,,,TELNA-MALI-1GB-30D,0.0,,0,deny,manual,8.99,,false,false,,,,,,,,,,,,,kg,,,
maldives,Maldives,"<p>Travel eSIM data plan for Maldives.</p>
<p>Si vous possédez déjà une eSIM de chez nous, cet achat sera ajouté à votre eSIM existante sous forme de recharge. S’il s’agit de votre premier achat, nous vous enverrons votre code QR par courriel après la confirmation de votre paiement.</p>",Quebec eSIM,,eSIM,"eSIM, Maldives, Telna",false,Plan,1GB / 5 Days,,,,,,,,TELNA-MALDIVES-1GB-5D,0.0,,0,deny,manual,9.99,,false,false,,,,,,,,,false,,,,kg,,,active
maldives,,,,,,,,,1GB / 10 Days,,,,,,,,TELNA-MALDIVES-1GB-10D,0.0,,0,deny,manual,10.99,,false,false,,,,,,,,,,,,,kg,,,
maldives,,,,,,,,,1GB / 15 Days,,,,,,,,TELNA-MALDIVES-1GB-15D,0.0,,0,deny,manual,11.99,,false,false,,,,,,,,,,,,,kg,,,
maldives,,,,,,,,,1GB / 30 Days,,,,,,,,TELNA-MALDIVES-1GB-30D,0.0,,0,deny,manual,13.99,,false,false,,,,,,,,,,,,,kg,,,
malaysia,Malaysia,"<p>Travel eSIM data plan for Malaysia.</p>
<p>Si vous possédez déjà une eSIM de chez nous, cet achat sera ajouté à votre eSIM existante sous forme de recharge. S’il s’agit de votre premier achat, nous vous enverrons votre code QR par courriel après la confirmation de votre paiement.</p>",Quebec eSIM,,eSIM,"eSIM, Malaysia, Telna",false,Plan,1GB / 5 Days,,,,,,,,TELNA-MALAYSIA-1GB-5D,0.0,,0,deny,manual,3.99,,false,false,,,,,,,,,false,,,,kg,,,active
malaysia,,,,,,,,,1GB / 10 Days,,,,,,,,TELNA-MALAYSIA-1GB-10D,0.0,,0,deny,manual,4.99,,false,false,,,,,,,,,,,,,kg,,,
malaysia,,,,,,,,,1GB / 15 Days,,,,,,,,TELNA-MALAYSIA-1GB-15D,0.0,,0,deny,manual,4.99,,false,false,,,,,,,,,,,,,kg,,,
malaysia,,,,,,,,,1GB / 30 Days,,,,,,,,TELNA-MALAYSIA-1GB-30D,0.0,,0,deny,manual,7.99,,false,false,,,,,,,,,,,,,kg,,,
malaysia,,,,,,,,,3GB / 5 Days,,,,,,,,TELNA-MALAYSIA-3GB-5D,0.0,,0,deny,manual,6.99,,false,false,,,,,,,,,,,,,kg,,,
malaysia,,,,,,,,,3GB / 10 Days,,,,,,,,TELNA-MALAYSIA-3GB-10D,0.0,,0,deny,manual,6.99,,false,false,,,,,,,,,,,,,kg,,,
malaysia,,,,,,,,,3GB / 15 Days,,,,,,,,TELNA-MALAYSIA-3GB-15D,0.0,,0,deny,manual,7.99,,false,false,,,,,,,,,,,,,kg,,,
malaysia,,,,,,,,,3GB / 30 Days,,,,,,,,TELNA-MALAYSIA-3GB-30D,0.0,,0,deny,manual,8.99,,false,false,,,,,,,,,,,,,kg,,,
malaysia,,,,,,,,,5GB / 5 Days,,,,,,,,TELNA-MALAYSIA-5GB-5D,0.0,,0,deny,manual,5.99,,false,false,,,,,,,,,,,,,kg,,,
malaysia,,,,,,,,,5GB / 10 Days,,,,,,,,TELNA-MALAYSIA-5GB-10D,0.0,,0,deny,manual,6.99,,false,false,,,,,,,,,,,,,kg,,,
malaysia,,,,,,,,,5GB / 15 Days,,,,,,,,TELNA-MALAYSIA-5GB-15D,0.0,,0,deny,manual,7.99,,false,false,,,,,,,,,,,,,kg,,,
malaysia,,,,,,,,,5GB / 30 Days,,,,,,,,TELNA-MALAYSIA-5GB-30D,0.0,,0,deny,manual,9.99,,false,false,,,,,,,,,,,,,kg,,,
malaysia,,,,,,,,,10GB / 5 Days,,,,,,,,TELNA-MALAYSIA-10GB-5D,0.0,,0,deny,manual,12.99,,false,false,,,,,,,,,,,,,kg,,,
malaysia,,,,,,,,,10GB / 10 Days,,,,,,,,TELNA-MALAYSIA-10GB-10D,0.0,,0,deny,manual,13.99,,false,false,,,,,,,,,,,,,kg,,,
malaysia,,,,,,,,,10GB / 15 Days,,,,,,,,TELNA-MALAYSIA-10GB-15D,0.0,,0,deny,manual,14.99,,false,false,,,,,,,,,,,,,kg,,,
malaysia,,,,,,,,,10GB / 30 Days,,,,,,,,TELNA-MALAYSIA-10GB-30D,0.0,,0,deny,manual,16.99,,false,false,,,,,,,,,,,,,kg,,,
malaysia,,,,,,,,,20GB / 5 Days,,,,,,,,TELNA-MALAYSIA-20GB-5D,0.0,,0,deny,manual,23.99,,false,false,,,,,,,,,,,,,kg,,,
malaysia,,,,,,,,,20GB / 10 Days,,,,,,,,TELNA-MALAYSIA-20GB-10D,0.0,,0,deny,manual,24.99,,false,false,,,,,,,,,,,,,kg,,,
malaysia,,,,,,,,,20GB / 15 Days,,,,,,,,TELNA-MALAYSIA-20GB-15D,0.0,,0,deny,manual,24.99,,false,false,,,,,,,,,,,,,kg,,,
malaysia,,,,,,,,,20GB / 30 Days,,,,,,,,TELNA-MALAYSIA-20GB-30D,0.0,,0,deny,manual,27.99,,false,false,,,,,,,,,,,,,kg,,,
malaysia,,,,,,,,,Unlimited / 5 Days,,,,,,,,TELNA-MALAYSIA-UNLIMITED-5D,0.0,,0,deny,manual,14.99,,false,false,,,,,,,,,,,,,kg,,,
malaysia,,,,,,,,,Unlimited / 10 Days,,,,,,,,TELNA-MALAYSIA-UNLIMITED-10D,0.0,,0,deny,manual,24.99,,false,false,,,,,,,,,,,,,kg,,,
malaysia,,,,,,,,,Unlimited / 15 Days,,,,,,,,TELNA-MALAYSIA-UNLIMITED-15D,0.0,,0,deny,manual,39.99,,false,false,,,,,,,,,,,,,kg,,,
malaysia,,,,,,,,,Unlimited / 30 Days,,,,,,,,TELNA-MALAYSIA-UNLIMITED-30D,0.0,,0,deny,manual,49.99,,false,false,,,,,,,,,,,,,kg,,,
malawi,Malawi,"<p>Travel eSIM data plan for Malawi.</p>
<p>Si vous possédez déjà une eSIM de chez nous, cet achat sera ajouté à votre eSIM existante sous forme de recharge. S’il s’agit de votre premier achat, nous vous enverrons votre code QR par courriel après la confirmation de votre paiement.</p>",Quebec eSIM,,eSIM,"eSIM, Malawi, Telna",false,Plan,1GB / 5 Days,,,,,,,,TELNA-MALAWI-1GB-5D,0.0,,0,deny,manual,4.99,,false,false,,,,,,,,,false,,,,kg,,,active
malawi,,,,,,,,,1GB / 10 Days,,,,,,,,TELNA-MALAWI-1GB-10D,0.0,,0,deny,manual,5.99,,false,false,,,,,,,,,,,,,kg,,,
malawi,,,,,,,,,1GB / 15 Days,,,,,,,,TELNA-MALAWI-1GB-15D,0.0,,0,deny,manual,6.99,,false,false,,,,,,,,,,,,,kg,,,
malawi,,,,,,,,,1GB / 30 Days,,,,,,,,TELNA-MALAWI-1GB-30D,0.0,,0,deny,manual,8.99,,false,false,,,,,,,,,,,,,kg,,,
malawi,,,,,,,,,3GB / 5 Days,,,,,,,,TELNA-MALAWI-3GB-5D,0.0,,0,deny,manual,13.99,,false,false,,,,,,,,,,,,,kg,,,
malawi,,,,,,,,,3GB / 10 Days,,,,,,,,TELNA-MALAWI-3GB-10D,0.0,,0,deny,manual,14.99,,false,false,,,,,,,,,,,,,kg,,,
malawi,,,,,,,,,3GB / 15 Days,,,,,,,,TELNA-MALAWI-3GB-15D,0.0,,0,deny,manual,14.99,,false,false,,,,,,,,,,,,,kg,,,
malawi,,,,,,,,,3GB / 30 Days,,,,,,,,TELNA-MALAWI-3GB-30D,0.0,,0,deny,manual,17.99,,false,false,,,,,,,,,,,,,kg,,,
malawi,,,,,,,,,5GB / 5 Days,,,,,,,,TELNA-MALAWI-5GB-5D,0.0,,0,deny,manual,23.99,,false,false,,,,,,,,,,,,,kg,,,
malawi,,,,,,,,,5GB / 10 Days,,,,,,,,TELNA-MALAWI-5GB-10D,0.0,,0,deny,manual,24.99,,false,false,,,,,,,,,,,,,kg,,,
malawi,,,,,,,,,5GB / 15 Days,,,,,,,,TELNA-MALAWI-5GB-15D,0.0,,0,deny,manual,24.99,,false,false,,,,,,,,,,,,,kg,,,
malawi,,,,,,,,,5GB / 30 Days,,,,,,,,TELNA-MALAWI-5GB-30D,0.0,,0,deny,manual,27.99,,false,false,,,,,,,,,,,,,kg,,,
malawi,,,,,,,,,10GB / 5 Days,,,,,,,,TELNA-MALAWI-10GB-5D,0.0,,0,deny,manual,40.99,,false,false,,,,,,,,,,,,,kg,,,
malawi,,,,,,,,,10GB / 10 Days,,,,,,,,TELNA-MALAWI-10GB-10D,0.0,,0,deny,manual,41.99,,false,false,,,,,,,,,,,,,kg,,,
malawi,,,,,,,,,10GB / 15 Days,,,,,,,,TELNA-MALAWI-10GB-15D,0.0,,0,deny,manual,42.99,,false,false,,,,,,,,,,,,,kg,,,
malawi,,,,,,,,,10GB / 30 Days,,,,,,,,TELNA-MALAWI-10GB-30D,0.0,,0,deny,manual,46.99,,false,false,,,,,,,,,,,,,kg,,,
malawi,,,,,,,,,20GB / 5 Days,,,,,,,,TELNA-MALAWI-20GB-5D,0.0,,0,deny,manual,60.99,,false,false,,,,,,,,,,,,,kg,,,
malawi,,,,,,,,,20GB / 10 Days,,,,,,,,TELNA-MALAWI-20GB-10D,0.0,,0,deny,manual,61.99,,false,false,,,,,,,,,,,,,kg,,,
malawi,,,,,,,,,20GB / 15 Days,,,,,,,,TELNA-MALAWI-20GB-15D,0.0,,0,deny,manual,62.99,,false,false,,,,,,,,,,,,,kg,,,
malawi,,,,,,,,,20GB / 30 Days,,,,,,,,TELNA-MALAWI-20GB-30D,0.0,,0,deny,manual,66.99,,false,false,,,,,,,,,,,,,kg,,,
madagascar,Madagascar,"<p>Travel eSIM data plan for Madagascar.</p>
<p>Si vous possédez déjà une eSIM de chez nous, cet achat sera ajouté à votre eSIM existante sous forme de recharge. S’il s’agit de votre premier achat, nous vous enverrons votre code QR par courriel après la confirmation de votre paiement.</p>",Quebec eSIM,,eSIM,"eSIM, Madagascar, Telna",false,Plan,1GB / 5 Days,,,,,,,,TELNA-MADAGASCAR-1GB-5D,0.0,,0,deny,manual,4.99,,false,false,,,,,,,,,false,,,,kg,,,active
madagascar,,,,,,,,,1GB / 10 Days,,,,,,,,TELNA-MADAGASCAR-1GB-10D,0.0,,0,deny,manual,5.99,,false,false,,,,,,,,,,,,,kg,,,
madagascar,,,,,,,,,1GB / 15 Days,,,,,,,,TELNA-MADAGASCAR-1GB-15D,0.0,,0,deny,manual,6.99,,false,false,,,,,,,,,,,,,kg,,,
madagascar,,,,,,,,,1GB / 30 Days,,,,,,,,TELNA-MADAGASCAR-1GB-30D,0.0,,0,deny,manual,8.99,,false,false,,,,,,,,,,,,,kg,,,
madagascar,,,,,,,,,3GB / 5 Days,,,,,,,,TELNA-MADAGASCAR-3GB-5D,0.0,,0,deny,manual,12.99,,false,false,,,,,,,,,,,,,kg,,,
madagascar,,,,,,,,,3GB / 10 Days,,,,,,,,TELNA-MADAGASCAR-3GB-10D,0.0,,0,deny,manual,13.99,,false,false,,,,,,,,,,,,,kg,,,
madagascar,,,,,,,,,3GB / 15 Days,,,,,,,,TELNA-MADAGASCAR-3GB-15D,0.0,,0,deny,manual,14.99,,false,false,,,,,,,,,,,,,kg,,,
madagascar,,,,,,,,,3GB / 30 Days,,,,,,,,TELNA-MADAGASCAR-3GB-30D,0.0,,0,deny,manual,16.99,,false,false,,,,,,,,,,,,,kg,,,
madagascar,,,,,,,,,5GB / 5 Days,,,,,,,,TELNA-MADAGASCAR-5GB-5D,0.0,,0,deny,manual,18.99,,false,false,,,,,,,,,,,,,kg,,,
madagascar,,,,,,,,,5GB / 10 Days,,,,,,,,TELNA-MADAGASCAR-5GB-10D,0.0,,0,deny,manual,19.99,,false,false,,,,,,,,,,,,,kg,,,
madagascar,,,,,,,,,5GB / 15 Days,,,,,,,,TELNA-MADAGASCAR-5GB-15D,0.0,,0,deny,manual,19.99,,false,false,,,,,,,,,,,,,kg,,,
madagascar,,,,,,,,,5GB / 30 Days,,,,,,,,TELNA-MADAGASCAR-5GB-30D,0.0,,0,deny,manual,22.99,,false,false,,,,,,,,,,,,,kg,,,
madagascar,,,,,,,,,10GB / 5 Days,,,,,,,,TELNA-MADAGASCAR-10GB-5D,0.0,,0,deny,manual,33.99,,false,false,,,,,,,,,,,,,kg,,,
madagascar,,,,,,,,,10GB / 10 Days,,,,,,,,TELNA-MADAGASCAR-10GB-10D,0.0,,0,deny,manual,34.99,,false,false,,,,,,,,,,,,,kg,,,
madagascar,,,,,,,,,10GB / 15 Days,,,,,,,,TELNA-MADAGASCAR-10GB-15D,0.0,,0,deny,manual,34.99,,false,false,,,,,,,,,,,,,kg,,,
madagascar,,,,,,,,,10GB / 30 Days,,,,,,,,TELNA-MADAGASCAR-10GB-30D,0.0,,0,deny,manual,37.99,,false,false,,,,,,,,,,,,,kg,,,
madagascar,,,,,,,,,20GB / 5 Days,,,,,,,,TELNA-MADAGASCAR-20GB-5D,0.0,,0,deny,manual,52.99,,false,false,,,,,,,,,,,,,kg,,,
madagascar,,,,,,,,,20GB / 10 Days,,,,,,,,TELNA-MADAGASCAR-20GB-10D,0.0,,0,deny,manual,53.99,,false,false,,,,,,,,,,,,,kg,,,
madagascar,,,,,,,,,20GB / 15 Days,,,,,,,,TELNA-MADAGASCAR-20GB-15D,0.0,,0,deny,manual,54.99,,false,false,,,,,,,,,,,,,kg,,,
madagascar,,,,,,,,,20GB / 30 Days,,,,,,,,TELNA-MADAGASCAR-20GB-30D,0.0,,0,deny,manual,58.99,,false,false,,,,,,,,,,,,,kg,,,
macedonia,Macedonia,"<p>Travel eSIM data plan for Macedonia.</p>
<p>Si vous possédez déjà une eSIM de chez nous, cet achat sera ajouté à votre eSIM existante sous forme de recharge. S’il s’agit de votre premier achat, nous vous enverrons votre code QR par courriel après la confirmation de votre paiement.</p>",Quebec eSIM,,eSIM,"eSIM, Macedonia, Telna",false,Plan,1GB / 5 Days,,,,,,,,TELNA-MACEDONIA-1GB-5D,0.0,,0,deny,manual,4.99,,false,false,,,,,,,,,false,,,,kg,,,active
macedonia,,,,,,,,,1GB / 10 Days,,,,,,,,TELNA-MACEDONIA-1GB-10D,0.0,,0,deny,manual,5.99,,false,false,,,,,,,,,,,,,kg,,,
macedonia,,,,,,,,,1GB / 15 Days,,,,,,,,TELNA-MACEDONIA-1GB-15D,0.0,,0,deny,manual,6.99,,false,false,,,,,,,,,,,,,kg,,,
macedonia,,,,,,,,,1GB / 30 Days,,,,,,,,TELNA-MACEDONIA-1GB-30D,0.0,,0,deny,manual,8.99,,false,false,,,,,,,,,,,,,kg,,,
macedonia,,,,,,,,,3GB / 5 Days,,,,,,,,TELNA-MACEDONIA-3GB-5D,0.0,,0,deny,manual,8.99,,false,false,,,,,,,,,,,,,kg,,,
macedonia,,,,,,,,,3GB / 10 Days,,,,,,,,TELNA-MACEDONIA-3GB-10D,0.0,,0,deny,manual,9.99,,false,false,,,,,,,,,,,,,kg,,,
macedonia,,,,,,,,,3GB / 15 Days,,,,,,,,TELNA-MACEDONIA-3GB-15D,0.0,,0,deny,manual,9.99,,false,false,,,,,,,,,,,,,kg,,,
macedonia,,,,,,,,,3GB / 30 Days,,,,,,,,TELNA-MACEDONIA-3GB-30D,0.0,,0,deny,manual,12.99,,false,false,,,,,,,,,,,,,kg,,,
macedonia,,,,,,,,,5GB / 5 Days,,,,,,,,TELNA-MACEDONIA-5GB-5D,0.0,,0,deny,manual,11.99,,false,false,,,,,,,,,,,,,kg,,,
macedonia,,,,,,,,,5GB / 10 Days,,,,,,,,TELNA-MACEDONIA-5GB-10D,0.0,,0,deny,manual,12.99,,false,false,,,,,,,,,,,,,kg,,,
macedonia,,,,,,,,,5GB / 15 Days,,,,,,,,TELNA-MACEDONIA-5GB-15D,0.0,,0,deny,manual,13.99,,false,false,,,,,,,,,,,,,kg,,,
macedonia,,,,,,,,,5GB / 30 Days,,,,,,,,TELNA-MACEDONIA-5GB-30D,0.0,,0,deny,manual,15.99,,false,false,,,,,,,,,,,,,kg,,,
macedonia,,,,,,,,,10GB / 5 Days,,,,,,,,TELNA-MACEDONIA-10GB-5D,0.0,,0,deny,manual,21.99,,false,false,,,,,,,,,,,,,kg,,,
macedonia,,,,,,,,,10GB / 10 Days,,,,,,,,TELNA-MACEDONIA-10GB-10D,0.0,,0,deny,manual,22.99,,false,false,,,,,,,,,,,,,kg,,,
macedonia,,,,,,,,,10GB / 15 Days,,,,,,,,TELNA-MACEDONIA-10GB-15D,0.0,,0,deny,manual,23.99,,false,false,,,,,,,,,,,,,kg,,,
macedonia,,,,,,,,,10GB / 30 Days,,,,,,,,TELNA-MACEDONIA-10GB-30D,0.0,,0,deny,manual,25.99,,false,false,,,,,,,,,,,,,kg,,,
macedonia,,,,,,,,,20GB / 5 Days,,,,,,,,TELNA-MACEDONIA-20GB-5D,0.0,,0,deny,manual,40.99,,false,false,,,,,,,,,,,,,kg,,,
macedonia,,,,,,,,,20GB / 10 Days,,,,,,,,TELNA-MACEDONIA-20GB-10D,0.0,,0,deny,manual,41.99,,false,false,,,,,,,,,,,,,kg,,,
macedonia,,,,,,,,,20GB / 15 Days,,,,,,,,TELNA-MACEDONIA-20GB-15D,0.0,,0,deny,manual,42.99,,false,false,,,,,,,,,,,,,kg,,,
macedonia,,,,,,,,,20GB / 30 Days,,,,,,,,TELNA-MACEDONIA-20GB-30D,0.0,,0,deny,manual,46.99,,false,false,,,,,,,,,,,,,kg,,,
macau,Macau,"<p>Travel eSIM data plan for Macau.</p>
<p>Si vous possédez déjà une eSIM de chez nous, cet achat sera ajouté à votre eSIM existante sous forme de recharge. S’il s’agit de votre premier achat, nous vous enverrons votre code QR par courriel après la confirmation de votre paiement.</p>",Quebec eSIM,,eSIM,"eSIM, Macau, Telna",false,Plan,1GB / 5 Days,,,,,,,,TELNA-MACAU-1GB-5D,0.0,,0,deny,manual,3.99,,false,false,,,,,,,,,false,,,,kg,,,active
macau,,,,,,,,,1GB / 10 Days,,,,,,,,TELNA-MACAU-1GB-10D,0.0,,0,deny,manual,4.99,,false,false,,,,,,,,,,,,,kg,,,
macau,,,,,,,,,1GB / 15 Days,,,,,,,,TELNA-MACAU-1GB-15D,0.0,,0,deny,manual,4.99,,false,false,,,,,,,,,,,,,kg,,,
macau,,,,,,,,,1GB / 30 Days,,,,,,,,TELNA-MACAU-1GB-30D,0.0,,0,deny,manual,7.99,,false,false,,,,,,,,,,,,,kg,,,
macau,,,,,,,,,3GB / 5 Days,,,,,,,,TELNA-MACAU-3GB-5D,0.0,,0,deny,manual,4.99,,false,false,,,,,,,,,,,,,kg,,,
macau,,,,,,,,,3GB / 10 Days,,,,,,,,TELNA-MACAU-3GB-10D,0.0,,0,deny,manual,5.99,,false,false,,,,,,,,,,,,,kg,,,
macau,,,,,,,,,3GB / 15 Days,,,,,,,,TELNA-MACAU-3GB-15D,0.0,,0,deny,manual,6.99,,false,false,,,,,,,,,,,,,kg,,,
macau,,,,,,,,,3GB / 30 Days,,,,,,,,TELNA-MACAU-3GB-30D,0.0,,0,deny,manual,8.99,,false,false,,,,,,,,,,,,,kg,,,
macau,,,,,,,,,5GB / 5 Days,,,,,,,,TELNA-MACAU-5GB-5D,0.0,,0,deny,manual,5.99,,false,false,,,,,,,,,,,,,kg,,,
macau,,,,,,,,,5GB / 10 Days,,,,,,,,TELNA-MACAU-5GB-10D,0.0,,0,deny,manual,6.99,,false,false,,,,,,,,,,,,,kg,,,
macau,,,,,,,,,5GB / 15 Days,,,,,,,,TELNA-MACAU-5GB-15D,0.0,,0,deny,manual,7.99,,false,false,,,,,,,,,,,,,kg,,,
macau,,,,,,,,,5GB / 30 Days,,,,,,,,TELNA-MACAU-5GB-30D,0.0,,0,deny,manual,9.99,,false,false,,,,,,,,,,,,,kg,,,
macau,,,,,,,,,10GB / 5 Days,,,,,,,,TELNA-MACAU-10GB-5D,0.0,,0,deny,manual,12.99,,false,false,,,,,,,,,,,,,kg,,,
macau,,,,,,,,,10GB / 10 Days,,,,,,,,TELNA-MACAU-10GB-10D,0.0,,0,deny,manual,13.99,,false,false,,,,,,,,,,,,,kg,,,
macau,,,,,,,,,10GB / 15 Days,,,,,,,,TELNA-MACAU-10GB-15D,0.0,,0,deny,manual,14.99,,false,false,,,,,,,,,,,,,kg,,,
macau,,,,,,,,,10GB / 30 Days,,,,,,,,TELNA-MACAU-10GB-30D,0.0,,0,deny,manual,16.99,,false,false,,,,,,,,,,,,,kg,,,
macau,,,,,,,,,20GB / 5 Days,,,,,,,,TELNA-MACAU-20GB-5D,0.0,,0,deny,manual,23.99,,false,false,,,,,,,,,,,,,kg,,,
macau,,,,,,,,,20GB / 10 Days,,,,,,,,TELNA-MACAU-20GB-10D,0.0,,0,deny,manual,24.99,,false,false,,,,,,,,,,,,,kg,,,
macau,,,,,,,,,20GB / 15 Days,,,,,,,,TELNA-MACAU-20GB-15D,0.0,,0,deny,manual,24.99,,false,false,,,,,,,,,,,,,kg,,,
macau,,,,,,,,,20GB / 30 Days,,,,,,,,TELNA-MACAU-20GB-30D,0.0,,0,deny,manual,27.99,,false,false,,,,,,,,,,,,,kg,,,
luxembourg,Luxembourg,"<p>Travel eSIM data plan for Luxembourg.</p>
<p>Si vous possédez déjà une eSIM de chez nous, cet achat sera ajouté à votre eSIM existante sous forme de recharge. S’il s’agit de votre premier achat, nous vous enverrons votre code QR par courriel après la confirmation de votre paiement.</p>",Quebec eSIM,,eSIM,"eSIM, Luxembourg, Telna",false,Plan,1GB / 5 Days,,,,,,,,TELNA-LUXEMBOURG-1GB-5D,0.0,,0,deny,manual,2.99,,false,false,,,,,,,,,false,,,,kg,,,active
luxembourg,,,,,,,,,1GB / 10 Days,,,,,,,,TELNA-LUXEMBOURG-1GB-10D,0.0,,0,deny,manual,3.99,,false,false,,,,,,,,,,,,,kg,,,
luxembourg,,,,,,,,,1GB / 15 Days,,,,,,,,TELNA-LUXEMBOURG-1GB-15D,0.0,,0,deny,manual,4.99,,false,false,,,,,,,,,,,,,kg,,,
luxembourg,,,,,,,,,1GB / 30 Days,,,,,,,,TELNA-LUXEMBOURG-1GB-30D,0.0,,0,deny,manual,6.99,,false,false,,,,,,,,,,,,,kg,,,
luxembourg,,,,,,,,,3GB / 5 Days,,,,,,,,TELNA-LUXEMBOURG-3GB-5D,0.0,,0,deny,manual,6.99,,false,false,,,,,,,,,,,,,kg,,,
luxembourg,,,,,,,,,3GB / 10 Days,,,,,,,,TELNA-LUXEMBOURG-3GB-10D,0.0,,0,deny,manual,6.99,,false,false,,,,,,,,,,,,,kg,,,
luxembourg,,,,,,,,,3GB / 15 Days,,,,,,,,TELNA-LUXEMBOURG-3GB-15D,0.0,,0,deny,manual,7.99,,false,false,,,,,,,,,,,,,kg,,,
luxembourg,,,,,,,,,3GB / 30 Days,,,,,,,,TELNA-LUXEMBOURG-3GB-30D,0.0,,0,deny,manual,8.99,,false,false,,,,,,,,,,,,,kg,,,
luxembourg,,,,,,,,,5GB / 5 Days,,,,,,,,TELNA-LUXEMBOURG-5GB-5D,0.0,,0,deny,manual,4.99,,false,false,,,,,,,,,,,,,kg,,,
luxembourg,,,,,,,,,5GB / 10 Days,,,,,,,,TELNA-LUXEMBOURG-5GB-10D,0.0,,0,deny,manual,5.99,,false,false,,,,,,,,,,,,,kg,,,
luxembourg,,,,,,,,,5GB / 15 Days,,,,,,,,TELNA-LUXEMBOURG-5GB-15D,0.0,,0,deny,manual,6.99,,false,false,,,,,,,,,,,,,kg,,,
luxembourg,,,,,,,,,5GB / 30 Days,,,,,,,,TELNA-LUXEMBOURG-5GB-30D,0.0,,0,deny,manual,8.99,,false,false,,,,,,,,,,,,,kg,,,
luxembourg,,,,,,,,,10GB / 5 Days,,,,,,,,TELNA-LUXEMBOURG-10GB-5D,0.0,,0,deny,manual,8.99,,false,false,,,,,,,,,,,,,kg,,,
luxembourg,,,,,,,,,10GB / 10 Days,,,,,,,,TELNA-LUXEMBOURG-10GB-10D,0.0,,0,deny,manual,9.99,,false,false,,,,,,,,,,,,,kg,,,
luxembourg,,,,,,,,,10GB / 15 Days,,,,,,,,TELNA-LUXEMBOURG-10GB-15D,0.0,,0,deny,manual,9.99,,false,false,,,,,,,,,,,,,kg,,,
luxembourg,,,,,,,,,10GB / 30 Days,,,,,,,,TELNA-LUXEMBOURG-10GB-30D,0.0,,0,deny,manual,12.99,,false,false,,,,,,,,,,,,,kg,,,
luxembourg,,,,,,,,,20GB / 5 Days,,,,,,,,TELNA-LUXEMBOURG-20GB-5D,0.0,,0,deny,manual,17.99,,false,false,,,,,,,,,,,,,kg,,,
luxembourg,,,,,,,,,20GB / 10 Days,,,,,,,,TELNA-LUXEMBOURG-20GB-10D,0.0,,0,deny,manual,18.99,,false,false,,,,,,,,,,,,,kg,,,
luxembourg,,,,,,,,,20GB / 15 Days,,,,,,,,TELNA-LUXEMBOURG-20GB-15D,0.0,,0,deny,manual,19.99,,false,false,,,,,,,,,,,,,kg,,,
luxembourg,,,,,,,,,20GB / 30 Days,,,,,,,,TELNA-LUXEMBOURG-20GB-30D,0.0,,0,deny,manual,21.99,,false,false,,,,,,,,,,,,,kg,,,
luxembourg,,,,,,,,,Unlimited / 5 Days,,,,,,,,TELNA-LUXEMBOURG-UNLIMITED-5D,0.0,,0,deny,manual,17.99,,false,false,,,,,,,,,,,,,kg,,,
luxembourg,,,,,,,,,Unlimited / 10 Days,,,,,,,,TELNA-LUXEMBOURG-UNLIMITED-10D,0.0,,0,deny,manual,24.99,,false,false,,,,,,,,,,,,,kg,,,
luxembourg,,,,,,,,,Unlimited / 15 Days,,,,,,,,TELNA-LUXEMBOURG-UNLIMITED-15D,0.0,,0,deny,manual,34.99,,false,false,,,,,,,,,,,,,kg,,,
luxembourg,,,,,,,,,Unlimited / 30 Days,,,,,,,,TELNA-LUXEMBOURG-UNLIMITED-30D,0.0,,0,deny,manual,39.99,,false,false,,,,,,,,,,,,,kg,,,
lithuania,Lithuania,"<p>Travel eSIM data plan for Lithuania.</p>
<p>Si vous possédez déjà une eSIM de chez nous, cet achat sera ajouté à votre eSIM existante sous forme de recharge. S’il s’agit de votre premier achat, nous vous enverrons votre code QR par courriel après la confirmation de votre paiement.</p>",Quebec eSIM,,eSIM,"eSIM, Lithuania, Telna",false,Plan,1GB / 5 Days,,,,,,,,TELNA-LITHUANIA-1GB-5D,0.0,,0,deny,manual,2.99,,false,false,,,,,,,,,false,,,,kg,,,active
lithuania,,,,,,,,,1GB / 10 Days,,,,,,,,TELNA-LITHUANIA-1GB-10D,0.0,,0,deny,manual,3.99,,false,false,,,,,,,,,,,,,kg,,,
lithuania,,,,,,,,,1GB / 15 Days,,,,,,,,TELNA-LITHUANIA-1GB-15D,0.0,,0,deny,manual,4.99,,false,false,,,,,,,,,,,,,kg,,,
lithuania,,,,,,,,,1GB / 30 Days,,,,,,,,TELNA-LITHUANIA-1GB-30D,0.0,,0,deny,manual,6.99,,false,false,,,,,,,,,,,,,kg,,,
lithuania,,,,,,,,,3GB / 5 Days,,,,,,,,TELNA-LITHUANIA-3GB-5D,0.0,,0,deny,manual,6.99,,false,false,,,,,,,,,,,,,kg,,,
lithuania,,,,,,,,,3GB / 10 Days,,,,,,,,TELNA-LITHUANIA-3GB-10D,0.0,,0,deny,manual,6.99,,false,false,,,,,,,,,,,,,kg,,,
lithuania,,,,,,,,,3GB / 15 Days,,,,,,,,TELNA-LITHUANIA-3GB-15D,0.0,,0,deny,manual,7.99,,false,false,,,,,,,,,,,,,kg,,,
lithuania,,,,,,,,,3GB / 30 Days,,,,,,,,TELNA-LITHUANIA-3GB-30D,0.0,,0,deny,manual,8.99,,false,false,,,,,,,,,,,,,kg,,,
lithuania,,,,,,,,,5GB / 5 Days,,,,,,,,TELNA-LITHUANIA-5GB-5D,0.0,,0,deny,manual,4.99,,false,false,,,,,,,,,,,,,kg,,,
lithuania,,,,,,,,,5GB / 10 Days,,,,,,,,TELNA-LITHUANIA-5GB-10D,0.0,,0,deny,manual,5.99,,false,false,,,,,,,,,,,,,kg,,,
lithuania,,,,,,,,,5GB / 15 Days,,,,,,,,TELNA-LITHUANIA-5GB-15D,0.0,,0,deny,manual,6.99,,false,false,,,,,,,,,,,,,kg,,,
lithuania,,,,,,,,,5GB / 30 Days,,,,,,,,TELNA-LITHUANIA-5GB-30D,0.0,,0,deny,manual,8.99,,false,false,,,,,,,,,,,,,kg,,,
lithuania,,,,,,,,,10GB / 5 Days,,,,,,,,TELNA-LITHUANIA-10GB-5D,0.0,,0,deny,manual,8.99,,false,false,,,,,,,,,,,,,kg,,,
lithuania,,,,,,,,,10GB / 10 Days,,,,,,,,TELNA-LITHUANIA-10GB-10D,0.0,,0,deny,manual,9.99,,false,false,,,,,,,,,,,,,kg,,,
lithuania,,,,,,,,,10GB / 15 Days,,,,,,,,TELNA-LITHUANIA-10GB-15D,0.0,,0,deny,manual,9.99,,false,false,,,,,,,,,,,,,kg,,,
lithuania,,,,,,,,,10GB / 30 Days,,,,,,,,TELNA-LITHUANIA-10GB-30D,0.0,,0,deny,manual,12.99,,false,false,,,,,,,,,,,,,kg,,,
lithuania,,,,,,,,,20GB / 5 Days,,,,,,,,TELNA-LITHUANIA-20GB-5D,0.0,,0,deny,manual,17.99,,false,false,,,,,,,,,,,,,kg,,,
lithuania,,,,,,,,,20GB / 10 Days,,,,,,,,TELNA-LITHUANIA-20GB-10D,0.0,,0,deny,manual,18.99,,false,false,,,,,,,,,,,,,kg,,,
lithuania,,,,,,,,,20GB / 15 Days,,,,,,,,TELNA-LITHUANIA-20GB-15D,0.0,,0,deny,manual,19.99,,false,false,,,,,,,,,,,,,kg,,,
lithuania,,,,,,,,,20GB / 30 Days,,,,,,,,TELNA-LITHUANIA-20GB-30D,0.0,,0,deny,manual,21.99,,false,false,,,,,,,,,,,,,kg,,,
lithuania,,,,,,,,,Unlimited / 5 Days,,,,,,,,TELNA-LITHUANIA-UNLIMITED-5D,0.0,,0,deny,manual,17.99,,false,false,,,,,,,,,,,,,kg,,,
lithuania,,,,,,,,,Unlimited / 10 Days,,,,,,,,TELNA-LITHUANIA-UNLIMITED-10D,0.0,,0,deny,manual,24.99,,false,false,,,,,,,,,,,,,kg,,,
lithuania,,,,,,,,,Unlimited / 15 Days,,,,,,,,TELNA-LITHUANIA-UNLIMITED-15D,0.0,,0,deny,manual,34.99,,false,false,,,,,,,,,,,,,kg,,,
lithuania,,,,,,,,,Unlimited / 30 Days,,,,,,,,TELNA-LITHUANIA-UNLIMITED-30D,0.0,,0,deny,manual,39.99,,false,false,,,,,,,,,,,,,kg,,,
liechtenstein,Liechtenstein,"<p>Travel eSIM data plan for Liechtenstein.</p>
<p>Si vous possédez déjà une eSIM de chez nous, cet achat sera ajouté à votre eSIM existante sous forme de recharge. S’il s’agit de votre premier achat, nous vous enverrons votre code QR par courriel après la confirmation de votre paiement.</p>",Quebec eSIM,,eSIM,"eSIM, Liechtenstein, Telna",false,Plan,1GB / 5 Days,,,,,,,,TELNA-LIECHTENSTEIN-1GB-5D,0.0,,0,deny,manual,2.99,,false,false,,,,,,,,,false,,,,kg,,,active
liechtenstein,,,,,,,,,1GB / 10 Days,,,,,,,,TELNA-LIECHTENSTEIN-1GB-10D,0.0,,0,deny,manual,3.99,,false,false,,,,,,,,,,,,,kg,,,
liechtenstein,,,,,,,,,1GB / 15 Days,,,,,,,,TELNA-LIECHTENSTEIN-1GB-15D,0.0,,0,deny,manual,4.99,,false,false,,,,,,,,,,,,,kg,,,
liechtenstein,,,,,,,,,1GB / 30 Days,,,,,,,,TELNA-LIECHTENSTEIN-1GB-30D,0.0,,0,deny,manual,6.99,,false,false,,,,,,,,,,,,,kg,,,
liechtenstein,,,,,,,,,3GB / 5 Days,,,,,,,,TELNA-LIECHTENSTEIN-3GB-5D,0.0,,0,deny,manual,5.99,,false,false,,,,,,,,,,,,,kg,,,
liechtenstein,,,,,,,,,3GB / 10 Days,,,,,,,,TELNA-LIECHTENSTEIN-3GB-10D,0.0,,0,deny,manual,5.99,,false,false,,,,,,,,,,,,,kg,,,
liechtenstein,,,,,,,,,3GB / 15 Days,,,,,,,,TELNA-LIECHTENSTEIN-3GB-15D,0.0,,0,deny,manual,6.99,,false,false,,,,,,,,,,,,,kg,,,
liechtenstein,,,,,,,,,3GB / 30 Days,,,,,,,,TELNA-LIECHTENSTEIN-3GB-30D,0.0,,0,deny,manual,7.99,,false,false,,,,,,,,,,,,,kg,,,
liechtenstein,,,,,,,,,5GB / 5 Days,,,,,,,,TELNA-LIECHTENSTEIN-5GB-5D,0.0,,0,deny,manual,4.99,,false,false,,,,,,,,,,,,,kg,,,
liechtenstein,,,,,,,,,5GB / 10 Days,,,,,,,,TELNA-LIECHTENSTEIN-5GB-10D,0.0,,0,deny,manual,5.99,,false,false,,,,,,,,,,,,,kg,,,
liechtenstein,,,,,,,,,5GB / 15 Days,,,,,,,,TELNA-LIECHTENSTEIN-5GB-15D,0.0,,0,deny,manual,6.99,,false,false,,,,,,,,,,,,,kg,,,
liechtenstein,,,,,,,,,5GB / 30 Days,,,,,,,,TELNA-LIECHTENSTEIN-5GB-30D,0.0,,0,deny,manual,8.99,,false,false,,,,,,,,,,,,,kg,,,
liechtenstein,,,,,,,,,10GB / 5 Days,,,,,,,,TELNA-LIECHTENSTEIN-10GB-5D,0.0,,0,deny,manual,8.99,,false,false,,,,,,,,,,,,,kg,,,
liechtenstein,,,,,,,,,10GB / 10 Days,,,,,,,,TELNA-LIECHTENSTEIN-10GB-10D,0.0,,0,deny,manual,9.99,,false,false,,,,,,,,,,,,,kg,,,
liechtenstein,,,,,,,,,10GB / 15 Days,,,,,,,,TELNA-LIECHTENSTEIN-10GB-15D,0.0,,0,deny,manual,9.99,,false,false,,,,,,,,,,,,,kg,,,
liechtenstein,,,,,,,,,10GB / 30 Days,,,,,,,,TELNA-LIECHTENSTEIN-10GB-30D,0.0,,0,deny,manual,12.99,,false,false,,,,,,,,,,,,,kg,,,
liechtenstein,,,,,,,,,20GB / 5 Days,,,,,,,,TELNA-LIECHTENSTEIN-20GB-5D,0.0,,0,deny,manual,17.99,,false,false,,,,,,,,,,,,,kg,,,
liechtenstein,,,,,,,,,20GB / 10 Days,,,,,,,,TELNA-LIECHTENSTEIN-20GB-10D,0.0,,0,deny,manual,18.99,,false,false,,,,,,,,,,,,,kg,,,
liechtenstein,,,,,,,,,20GB / 15 Days,,,,,,,,TELNA-LIECHTENSTEIN-20GB-15D,0.0,,0,deny,manual,19.99,,false,false,,,,,,,,,,,,,kg,,,
liechtenstein,,,,,,,,,20GB / 30 Days,,,,,,,,TELNA-LIECHTENSTEIN-20GB-30D,0.0,,0,deny,manual,21.99,,false,false,,,,,,,,,,,,,kg,,,
liechtenstein,,,,,,,,,Unlimited / 5 Days,,,,,,,,TELNA-LIECHTENSTEIN-UNLIMITED-5D,0.0,,0,deny,manual,19.99,,false,false,,,,,,,,,,,,,kg,,,
liechtenstein,,,,,,,,,Unlimited / 10 Days,,,,,,,,TELNA-LIECHTENSTEIN-UNLIMITED-10D,0.0,,0,deny,manual,29.99,,false,false,,,,,,,,,,,,,kg,,,
liechtenstein,,,,,,,,,Unlimited / 15 Days,,,,,,,,TELNA-LIECHTENSTEIN-UNLIMITED-15D,0.0,,0,deny,manual,39.99,,false,false,,,,,,,,,,,,,kg,,,
liechtenstein,,,,,,,,,Unlimited / 30 Days,,,,,,,,TELNA-LIECHTENSTEIN-UNLIMITED-30D,0.0,,0,deny,manual,49.99,,false,false,,,,,,,,,,,,,kg,,,
liberia,Liberia,"<p>Travel eSIM data plan for Liberia.</p>
<p>Si vous possédez déjà une eSIM de chez nous, cet achat sera ajouté à votre eSIM existante sous forme de recharge. S’il s’agit de votre premier achat, nous vous enverrons votre code QR par courriel après la confirmation de votre paiement.</p>",Quebec eSIM,,eSIM,"eSIM, Liberia, Telna",false,Plan,1GB / 5 Days,,,,,,,,TELNA-LIBERIA-1GB-5D,0.0,,0,deny,manual,4.99,,false,false,,,,,,,,,false,,,,kg,,,active
liberia,,,,,,,,,1GB / 10 Days,,,,,,,,TELNA-LIBERIA-1GB-10D,0.0,,0,deny,manual,5.99,,false,false,,,,,,,,,,,,,kg,,,
liberia,,,,,,,,,1GB / 15 Days,,,,,,,,TELNA-LIBERIA-1GB-15D,0.0,,0,deny,manual,6.99,,false,false,,,,,,,,,,,,,kg,,,
liberia,,,,,,,,,1GB / 30 Days,,,,,,,,TELNA-LIBERIA-1GB-30D,0.0,,0,deny,manual,8.99,,false,false,,,,,,,,,,,,,kg,,,
liberia,,,,,,,,,3GB / 5 Days,,,,,,,,TELNA-LIBERIA-3GB-5D,0.0,,0,deny,manual,13.99,,false,false,,,,,,,,,,,,,kg,,,
liberia,,,,,,,,,3GB / 10 Days,,,,,,,,TELNA-LIBERIA-3GB-10D,0.0,,0,deny,manual,14.99,,false,false,,,,,,,,,,,,,kg,,,
liberia,,,,,,,,,3GB / 15 Days,,,,,,,,TELNA-LIBERIA-3GB-15D,0.0,,0,deny,manual,14.99,,false,false,,,,,,,,,,,,,kg,,,
liberia,,,,,,,,,3GB / 30 Days,,,,,,,,TELNA-LIBERIA-3GB-30D,0.0,,0,deny,manual,17.99,,false,false,,,,,,,,,,,,,kg,,,
liberia,,,,,,,,,5GB / 5 Days,,,,,,,,TELNA-LIBERIA-5GB-5D,0.0,,0,deny,manual,23.99,,false,false,,,,,,,,,,,,,kg,,,
liberia,,,,,,,,,5GB / 10 Days,,,,,,,,TELNA-LIBERIA-5GB-10D,0.0,,0,deny,manual,24.99,,false,false,,,,,,,,,,,,,kg,,,
liberia,,,,,,,,,5GB / 15 Days,,,,,,,,TELNA-LIBERIA-5GB-15D,0.0,,0,deny,manual,24.99,,false,false,,,,,,,,,,,,,kg,,,
liberia,,,,,,,,,5GB / 30 Days,,,,,,,,TELNA-LIBERIA-5GB-30D,0.0,,0,deny,manual,27.99,,false,false,,,,,,,,,,,,,kg,,,
liberia,,,,,,,,,10GB / 5 Days,,,,,,,,TELNA-LIBERIA-10GB-5D,0.0,,0,deny,manual,40.99,,false,false,,,,,,,,,,,,,kg,,,
liberia,,,,,,,,,10GB / 10 Days,,,,,,,,TELNA-LIBERIA-10GB-10D,0.0,,0,deny,manual,41.99,,false,false,,,,,,,,,,,,,kg,,,
liberia,,,,,,,,,10GB / 15 Days,,,,,,,,TELNA-LIBERIA-10GB-15D,0.0,,0,deny,manual,42.99,,false,false,,,,,,,,,,,,,kg,,,
liberia,,,,,,,,,10GB / 30 Days,,,,,,,,TELNA-LIBERIA-10GB-30D,0.0,,0,deny,manual,46.99,,false,false,,,,,,,,,,,,,kg,,,
latvia,Latvia,"<p>Travel eSIM data plan for Latvia.</p>
<p>Si vous possédez déjà une eSIM de chez nous, cet achat sera ajouté à votre eSIM existante sous forme de recharge. S’il s’agit de votre premier achat, nous vous enverrons votre code QR par courriel après la confirmation de votre paiement.</p>",Quebec eSIM,,eSIM,"eSIM, Latvia, Telna",false,Plan,1GB / 5 Days,,,,,,,,TELNA-LATVIA-1GB-5D,0.0,,0,deny,manual,2.99,,false,false,,,,,,,,,false,,,,kg,,,active
latvia,,,,,,,,,1GB / 10 Days,,,,,,,,TELNA-LATVIA-1GB-10D,0.0,,0,deny,manual,3.99,,false,false,,,,,,,,,,,,,kg,,,
latvia,,,,,,,,,1GB / 15 Days,,,,,,,,TELNA-LATVIA-1GB-15D,0.0,,0,deny,manual,4.99,,false,false,,,,,,,,,,,,,kg,,,
latvia,,,,,,,,,1GB / 30 Days,,,,,,,,TELNA-LATVIA-1GB-30D,0.0,,0,deny,manual,6.99,,false,false,,,,,,,,,,,,,kg,,,
latvia,,,,,,,,,3GB / 5 Days,,,,,,,,TELNA-LATVIA-3GB-5D,0.0,,0,deny,manual,6.99,,false,false,,,,,,,,,,,,,kg,,,
latvia,,,,,,,,,3GB / 10 Days,,,,,,,,TELNA-LATVIA-3GB-10D,0.0,,0,deny,manual,6.99,,false,false,,,,,,,,,,,,,kg,,,
latvia,,,,,,,,,3GB / 15 Days,,,,,,,,TELNA-LATVIA-3GB-15D,0.0,,0,deny,manual,7.99,,false,false,,,,,,,,,,,,,kg,,,
latvia,,,,,,,,,3GB / 30 Days,,,,,,,,TELNA-LATVIA-3GB-30D,0.0,,0,deny,manual,8.99,,false,false,,,,,,,,,,,,,kg,,,
latvia,,,,,,,,,5GB / 5 Days,,,,,,,,TELNA-LATVIA-5GB-5D,0.0,,0,deny,manual,4.99,,false,false,,,,,,,,,,,,,kg,,,
latvia,,,,,,,,,5GB / 10 Days,,,,,,,,TELNA-LATVIA-5GB-10D,0.0,,0,deny,manual,5.99,,false,false,,,,,,,,,,,,,kg,,,
latvia,,,,,,,,,5GB / 15 Days,,,,,,,,TELNA-LATVIA-5GB-15D,0.0,,0,deny,manual,6.99,,false,false,,,,,,,,,,,,,kg,,,
latvia,,,,,,,,,5GB / 30 Days,,,,,,,,TELNA-LATVIA-5GB-30D,0.0,,0,deny,manual,8.99,,false,false,,,,,,,,,,,,,kg,,,
latvia,,,,,,,,,10GB / 5 Days,,,,,,,,TELNA-LATVIA-10GB-5D,0.0,,0,deny,manual,8.99,,false,false,,,,,,,,,,,,,kg,,,
latvia,,,,,,,,,10GB / 10 Days,,,,,,,,TELNA-LATVIA-10GB-10D,0.0,,0,deny,manual,9.99,,false,false,,,,,,,,,,,,,kg,,,
latvia,,,,,,,,,10GB / 15 Days,,,,,,,,TELNA-LATVIA-10GB-15D,0.0,,0,deny,manual,9.99,,false,false,,,,,,,,,,,,,kg,,,
latvia,,,,,,,,,10GB / 30 Days,,,,,,,,TELNA-LATVIA-10GB-30D,0.0,,0,deny,manual,12.99,,false,false,,,,,,,,,,,,,kg,,,
latvia,,,,,,,,,20GB / 5 Days,,,,,,,,TELNA-LATVIA-20GB-5D,0.0,,0,deny,manual,17.99,,false,false,,,,,,,,,,,,,kg,,,
latvia,,,,,,,,,20GB / 10 Days,,,,,,,,TELNA-LATVIA-20GB-10D,0.0,,0,deny,manual,18.99,,false,false,,,,,,,,,,,,,kg,,,
latvia,,,,,,,,,20GB / 15 Days,,,,,,,,TELNA-LATVIA-20GB-15D,0.0,,0,deny,manual,19.99,,false,false,,,,,,,,,,,,,kg,,,
latvia,,,,,,,,,20GB / 30 Days,,,,,,,,TELNA-LATVIA-20GB-30D,0.0,,0,deny,manual,21.99,,false,false,,,,,,,,,,,,,kg,,,
latvia,,,,,,,,,Unlimited / 5 Days,,,,,,,,TELNA-LATVIA-UNLIMITED-5D,0.0,,0,deny,manual,14.99,,false,false,,,,,,,,,,,,,kg,,,
latvia,,,,,,,,,Unlimited / 10 Days,,,,,,,,TELNA-LATVIA-UNLIMITED-10D,0.0,,0,deny,manual,19.99,,false,false,,,,,,,,,,,,,kg,,,
latvia,,,,,,,,,Unlimited / 15 Days,,,,,,,,TELNA-LATVIA-UNLIMITED-15D,0.0,,0,deny,manual,29.99,,false,false,,,,,,,,,,,,,kg,,,
latvia,,,,,,,,,Unlimited / 30 Days,,,,,,,,TELNA-LATVIA-UNLIMITED-30D,0.0,,0,deny,manual,39.99,,false,false,,,,,,,,,,,,,kg,,,
laos,Laos,"<p>Travel eSIM data plan for Laos.</p>
<p>Si vous possédez déjà une eSIM de chez nous, cet achat sera ajouté à votre eSIM existante sous forme de recharge. S’il s’agit de votre premier achat, nous vous enverrons votre code QR par courriel après la confirmation de votre paiement.</p>",Quebec eSIM,,eSIM,"eSIM, Laos, Telna",false,Plan,1GB / 5 Days,,,,,,,,TELNA-LAOS-1GB-5D,0.0,,0,deny,manual,4.99,,false,false,,,,,,,,,false,,,,kg,,,active
laos,,,,,,,,,1GB / 10 Days,,,,,,,,TELNA-LAOS-1GB-10D,0.0,,0,deny,manual,5.99,,false,false,,,,,,,,,,,,,kg,,,
laos,,,,,,,,,1GB / 15 Days,,,,,,,,TELNA-LAOS-1GB-15D,0.0,,0,deny,manual,6.99,,false,false,,,,,,,,,,,,,kg,,,
laos,,,,,,,,,1GB / 30 Days,,,,,,,,TELNA-LAOS-1GB-30D,0.0,,0,deny,manual,8.99,,false,false,,,,,,,,,,,,,kg,,,
laos,,,,,,,,,3GB / 5 Days,,,,,,,,TELNA-LAOS-3GB-5D,0.0,,0,deny,manual,12.99,,false,false,,,,,,,,,,,,,kg,,,
laos,,,,,,,,,3GB / 10 Days,,,,,,,,TELNA-LAOS-3GB-10D,0.0,,0,deny,manual,13.99,,false,false,,,,,,,,,,,,,kg,,,
laos,,,,,,,,,3GB / 15 Days,,,,,,,,TELNA-LAOS-3GB-15D,0.0,,0,deny,manual,14.99,,false,false,,,,,,,,,,,,,kg,,,
laos,,,,,,,,,3GB / 30 Days,,,,,,,,TELNA-LAOS-3GB-30D,0.0,,0,deny,manual,16.99,,false,false,,,,,,,,,,,,,kg,,,
laos,,,,,,,,,5GB / 5 Days,,,,,,,,TELNA-LAOS-5GB-5D,0.0,,0,deny,manual,18.99,,false,false,,,,,,,,,,,,,kg,,,
laos,,,,,,,,,5GB / 10 Days,,,,,,,,TELNA-LAOS-5GB-10D,0.0,,0,deny,manual,19.99,,false,false,,,,,,,,,,,,,kg,,,
laos,,,,,,,,,5GB / 15 Days,,,,,,,,TELNA-LAOS-5GB-15D,0.0,,0,deny,manual,19.99,,false,false,,,,,,,,,,,,,kg,,,
laos,,,,,,,,,5GB / 30 Days,,,,,,,,TELNA-LAOS-5GB-30D,0.0,,0,deny,manual,22.99,,false,false,,,,,,,,,,,,,kg,,,
laos,,,,,,,,,10GB / 5 Days,,,,,,,,TELNA-LAOS-10GB-5D,0.0,,0,deny,manual,33.99,,false,false,,,,,,,,,,,,,kg,,,
laos,,,,,,,,,10GB / 10 Days,,,,,,,,TELNA-LAOS-10GB-10D,0.0,,0,deny,manual,34.99,,false,false,,,,,,,,,,,,,kg,,,
laos,,,,,,,,,10GB / 15 Days,,,,,,,,TELNA-LAOS-10GB-15D,0.0,,0,deny,manual,34.99,,false,false,,,,,,,,,,,,,kg,,,
laos,,,,,,,,,10GB / 30 Days,,,,,,,,TELNA-LAOS-10GB-30D,0.0,,0,deny,manual,37.99,,false,false,,,,,,,,,,,,,kg,,,
laos,,,,,,,,,20GB / 5 Days,,,,,,,,TELNA-LAOS-20GB-5D,0.0,,0,deny,manual,52.99,,false,false,,,,,,,,,,,,,kg,,,
laos,,,,,,,,,20GB / 10 Days,,,,,,,,TELNA-LAOS-20GB-10D,0.0,,0,deny,manual,53.99,,false,false,,,,,,,,,,,,,kg,,,
laos,,,,,,,,,20GB / 15 Days,,,,,,,,TELNA-LAOS-20GB-15D,0.0,,0,deny,manual,54.99,,false,false,,,,,,,,,,,,,kg,,,
laos,,,,,,,,,20GB / 30 Days,,,,,,,,TELNA-LAOS-20GB-30D,0.0,,0,deny,manual,58.99,,false,false,,,,,,,,,,,,,kg,,,
kyrgyzstan,Kyrgyzstan,"<p>Travel eSIM data plan for Kyrgyzstan.</p>
<p>Si vous possédez déjà une eSIM de chez nous, cet achat sera ajouté à votre eSIM existante sous forme de recharge. S’il s’agit de votre premier achat, nous vous enverrons votre code QR par courriel après la confirmation de votre paiement.</p>",Quebec eSIM,,eSIM,"eSIM, Kyrgyzstan, Telna",false,Plan,1GB / 5 Days,,,,,,,,TELNA-KYRGYZSTAN-1GB-5D,0.0,,0,deny,manual,3.99,,false,false,,,,,,,,,false,,,,kg,,,active
kyrgyzstan,,,,,,,,,1GB / 10 Days,,,,,,,,TELNA-KYRGYZSTAN-1GB-10D,0.0,,0,deny,manual,4.99,,false,false,,,,,,,,,,,,,kg,,,
kyrgyzstan,,,,,,,,,1GB / 15 Days,,,,,,,,TELNA-KYRGYZSTAN-1GB-15D,0.0,,0,deny,manual,4.99,,false,false,,,,,,,,,,,,,kg,,,
kyrgyzstan,,,,,,,,,1GB / 30 Days,,,,,,,,TELNA-KYRGYZSTAN-1GB-30D,0.0,,0,deny,manual,7.99,,false,false,,,,,,,,,,,,,kg,,,
kyrgyzstan,,,,,,,,,3GB / 5 Days,,,,,,,,TELNA-KYRGYZSTAN-3GB-5D,0.0,,0,deny,manual,4.99,,false,false,,,,,,,,,,,,,kg,,,
kyrgyzstan,,,,,,,,,3GB / 10 Days,,,,,,,,TELNA-KYRGYZSTAN-3GB-10D,0.0,,0,deny,manual,5.99,,false,false,,,,,,,,,,,,,kg,,,
kyrgyzstan,,,,,,,,,3GB / 15 Days,,,,,,,,TELNA-KYRGYZSTAN-3GB-15D,0.0,,0,deny,manual,6.99,,false,false,,,,,,,,,,,,,kg,,,
kyrgyzstan,,,,,,,,,3GB / 30 Days,,,,,,,,TELNA-KYRGYZSTAN-3GB-30D,0.0,,0,deny,manual,8.99,,false,false,,,,,,,,,,,,,kg,,,
kyrgyzstan,,,,,,,,,5GB / 5 Days,,,,,,,,TELNA-KYRGYZSTAN-5GB-5D,0.0,,0,deny,manual,5.99,,false,false,,,,,,,,,,,,,kg,,,
kyrgyzstan,,,,,,,,,5GB / 10 Days,,,,,,,,TELNA-KYRGYZSTAN-5GB-10D,0.0,,0,deny,manual,6.99,,false,false,,,,,,,,,,,,,kg,,,
kyrgyzstan,,,,,,,,,5GB / 15 Days,,,,,,,,TELNA-KYRGYZSTAN-5GB-15D,0.0,,0,deny,manual,7.99,,false,false,,,,,,,,,,,,,kg,,,
kyrgyzstan,,,,,,,,,5GB / 30 Days,,,,,,,,TELNA-KYRGYZSTAN-5GB-30D,0.0,,0,deny,manual,9.99,,false,false,,,,,,,,,,,,,kg,,,
kyrgyzstan,,,,,,,,,10GB / 5 Days,,,,,,,,TELNA-KYRGYZSTAN-10GB-5D,0.0,,0,deny,manual,12.99,,false,false,,,,,,,,,,,,,kg,,,
kyrgyzstan,,,,,,,,,10GB / 10 Days,,,,,,,,TELNA-KYRGYZSTAN-10GB-10D,0.0,,0,deny,manual,13.99,,false,false,,,,,,,,,,,,,kg,,,
kyrgyzstan,,,,,,,,,10GB / 15 Days,,,,,,,,TELNA-KYRGYZSTAN-10GB-15D,0.0,,0,deny,manual,14.99,,false,false,,,,,,,,,,,,,kg,,,
kyrgyzstan,,,,,,,,,10GB / 30 Days,,,,,,,,TELNA-KYRGYZSTAN-10GB-30D,0.0,,0,deny,manual,16.99,,false,false,,,,,,,,,,,,,kg,,,
kyrgyzstan,,,,,,,,,20GB / 5 Days,,,,,,,,TELNA-KYRGYZSTAN-20GB-5D,0.0,,0,deny,manual,23.99,,false,false,,,,,,,,,,,,,kg,,,
kyrgyzstan,,,,,,,,,20GB / 10 Days,,,,,,,,TELNA-KYRGYZSTAN-20GB-10D,0.0,,0,deny,manual,24.99,,false,false,,,,,,,,,,,,,kg,,,
kyrgyzstan,,,,,,,,,20GB / 15 Days,,,,,,,,TELNA-KYRGYZSTAN-20GB-15D,0.0,,0,deny,manual,24.99,,false,false,,,,,,,,,,,,,kg,,,
kyrgyzstan,,,,,,,,,20GB / 30 Days,,,,,,,,TELNA-KYRGYZSTAN-20GB-30D,0.0,,0,deny,manual,27.99,,false,false,,,,,,,,,,,,,kg,,,
kuwait,Kuwait,"<p>Travel eSIM data plan for Kuwait.</p>
<p>Si vous possédez déjà une eSIM de chez nous, cet achat sera ajouté à votre eSIM existante sous forme de recharge. S’il s’agit de votre premier achat, nous vous enverrons votre code QR par courriel après la confirmation de votre paiement.</p>",Quebec eSIM,,eSIM,"eSIM, Kuwait, Telna",false,Plan,1GB / 5 Days,,,,,,,,TELNA-KUWAIT-1GB-5D,0.0,,0,deny,manual,3.99,,false,false,,,,,,,,,false,,,,kg,,,active
kuwait,,,,,,,,,1GB / 10 Days,,,,,,,,TELNA-KUWAIT-1GB-10D,0.0,,0,deny,manual,4.99,,false,false,,,,,,,,,,,,,kg,,,
kuwait,,,,,,,,,1GB / 15 Days,,,,,,,,TELNA-KUWAIT-1GB-15D,0.0,,0,deny,manual,4.99,,false,false,,,,,,,,,,,,,kg,,,
kuwait,,,,,,,,,1GB / 30 Days,,,,,,,,TELNA-KUWAIT-1GB-30D,0.0,,0,deny,manual,7.99,,false,false,,,,,,,,,,,,,kg,,,
kuwait,,,,,,,,,3GB / 5 Days,,,,,,,,TELNA-KUWAIT-3GB-5D,0.0,,0,deny,manual,9.99,,false,false,,,,,,,,,,,,,kg,,,
kuwait,,,,,,,,,3GB / 10 Days,,,,,,,,TELNA-KUWAIT-3GB-10D,0.0,,0,deny,manual,10.99,,false,false,,,,,,,,,,,,,kg,,,
kuwait,,,,,,,,,3GB / 15 Days,,,,,,,,TELNA-KUWAIT-3GB-15D,0.0,,0,deny,manual,11.99,,false,false,,,,,,,,,,,,,kg,,,
kuwait,,,,,,,,,3GB / 30 Days,,,,,,,,TELNA-KUWAIT-3GB-30D,0.0,,0,deny,manual,13.99,,false,false,,,,,,,,,,,,,kg,,,
kuwait,,,,,,,,,5GB / 5 Days,,,,,,,,TELNA-KUWAIT-5GB-5D,0.0,,0,deny,manual,7.99,,false,false,,,,,,,,,,,,,kg,,,
kuwait,,,,,,,,,5GB / 10 Days,,,,,,,,TELNA-KUWAIT-5GB-10D,0.0,,0,deny,manual,8.99,,false,false,,,,,,,,,,,,,kg,,,
kuwait,,,,,,,,,5GB / 15 Days,,,,,,,,TELNA-KUWAIT-5GB-15D,0.0,,0,deny,manual,9.99,,false,false,,,,,,,,,,,,,kg,,,
kuwait,,,,,,,,,5GB / 30 Days,,,,,,,,TELNA-KUWAIT-5GB-30D,0.0,,0,deny,manual,11.99,,false,false,,,,,,,,,,,,,kg,,,
kuwait,,,,,,,,,10GB / 5 Days,,,,,,,,TELNA-KUWAIT-10GB-5D,0.0,,0,deny,manual,14.99,,false,false,,,,,,,,,,,,,kg,,,
kuwait,,,,,,,,,10GB / 10 Days,,,,,,,,TELNA-KUWAIT-10GB-10D,0.0,,0,deny,manual,15.99,,false,false,,,,,,,,,,,,,kg,,,
kuwait,,,,,,,,,10GB / 15 Days,,,,,,,,TELNA-KUWAIT-10GB-15D,0.0,,0,deny,manual,16.99,,false,false,,,,,,,,,,,,,kg,,,
kuwait,,,,,,,,,10GB / 30 Days,,,,,,,,TELNA-KUWAIT-10GB-30D,0.0,,0,deny,manual,18.99,,false,false,,,,,,,,,,,,,kg,,,
kuwait,,,,,,,,,20GB / 5 Days,,,,,,,,TELNA-KUWAIT-20GB-5D,0.0,,0,deny,manual,24.99,,false,false,,,,,,,,,,,,,kg,,,
kuwait,,,,,,,,,20GB / 10 Days,,,,,,,,TELNA-KUWAIT-20GB-10D,0.0,,0,deny,manual,25.99,,false,false,,,,,,,,,,,,,kg,,,
kuwait,,,,,,,,,20GB / 15 Days,,,,,,,,TELNA-KUWAIT-20GB-15D,0.0,,0,deny,manual,26.99,,false,false,,,,,,,,,,,,,kg,,,
kuwait,,,,,,,,,20GB / 30 Days,,,,,,,,TELNA-KUWAIT-20GB-30D,0.0,,0,deny,manual,28.99,,false,false,,,,,,,,,,,,,kg,,,
kiribati,Kiribati,"<p>Travel eSIM data plan for Kiribati.</p>
<p>Si vous possédez déjà une eSIM de chez nous, cet achat sera ajouté à votre eSIM existante sous forme de recharge. S’il s’agit de votre premier achat, nous vous enverrons votre code QR par courriel après la confirmation de votre paiement.</p>",Quebec eSIM,,eSIM,"eSIM, Kiribati, Telna",false,Plan,1GB / 5 Days,,,,,,,,TELNA-KIRIBATI-1GB-5D,0.0,,0,deny,manual,48.99,,false,false,,,,,,,,,false,,,,kg,,,active
kiribati,,,,,,,,,1GB / 10 Days,,,,,,,,TELNA-KIRIBATI-1GB-10D,0.0,,0,deny,manual,49.99,,false,false,,,,,,,,,,,,,kg,,,
kiribati,,,,,,,,,1GB / 15 Days,,,,,,,,TELNA-KIRIBATI-1GB-15D,0.0,,0,deny,manual,49.99,,false,false,,,,,,,,,,,,,kg,,,
kiribati,,,,,,,,,1GB / 30 Days,,,,,,,,TELNA-KIRIBATI-1GB-30D,0.0,,0,deny,manual,54.99,,false,false,,,,,,,,,,,,,kg,,,
kiribati,,,,,,,,,3GB / 5 Days,,,,,,,,TELNA-KIRIBATI-3GB-5D,0.0,,0,deny,manual,134.99,,false,false,,,,,,,,,,,,,kg,,,
kiribati,,,,,,,,,3GB / 10 Days,,,,,,,,TELNA-KIRIBATI-3GB-10D,0.0,,0,deny,manual,134.99,,false,false,,,,,,,,,,,,,kg,,,
kiribati,,,,,,,,,3GB / 15 Days,,,,,,,,TELNA-KIRIBATI-3GB-15D,0.0,,0,deny,manual,134.99,,false,false,,,,,,,,,,,,,kg,,,
kiribati,,,,,,,,,3GB / 30 Days,,,,,,,,TELNA-KIRIBATI-3GB-30D,0.0,,0,deny,manual,139.99,,false,false,,,,,,,,,,,,,kg,,,
kiribati,,,,,,,,,5GB / 5 Days,,,,,,,,TELNA-KIRIBATI-5GB-5D,0.0,,0,deny,manual,224.99,,false,false,,,,,,,,,,,,,kg,,,
kiribati,,,,,,,,,5GB / 10 Days,,,,,,,,TELNA-KIRIBATI-5GB-10D,0.0,,0,deny,manual,224.99,,false,false,,,,,,,,,,,,,kg,,,
kiribati,,,,,,,,,5GB / 15 Days,,,,,,,,TELNA-KIRIBATI-5GB-15D,0.0,,0,deny,manual,224.99,,false,false,,,,,,,,,,,,,kg,,,
kiribati,,,,,,,,,5GB / 30 Days,,,,,,,,TELNA-KIRIBATI-5GB-30D,0.0,,0,deny,manual,229.99,,false,false,,,,,,,,,,,,,kg,,,
kenya,Kenya,"<p>Travel eSIM data plan for Kenya.</p>
<p>Si vous possédez déjà une eSIM de chez nous, cet achat sera ajouté à votre eSIM existante sous forme de recharge. S’il s’agit de votre premier achat, nous vous enverrons votre code QR par courriel après la confirmation de votre paiement.</p>",Quebec eSIM,,eSIM,"eSIM, Kenya, Telna",false,Plan,1GB / 5 Days,,,,,,,,TELNA-KENYA-1GB-5D,0.0,,0,deny,manual,4.99,,false,false,,,,,,,,,false,,,,kg,,,active
kenya,,,,,,,,,1GB / 10 Days,,,,,,,,TELNA-KENYA-1GB-10D,0.0,,0,deny,manual,5.99,,false,false,,,,,,,,,,,,,kg,,,
kenya,,,,,,,,,1GB / 15 Days,,,,,,,,TELNA-KENYA-1GB-15D,0.0,,0,deny,manual,6.99,,false,false,,,,,,,,,,,,,kg,,,
kenya,,,,,,,,,1GB / 30 Days,,,,,,,,TELNA-KENYA-1GB-30D,0.0,,0,deny,manual,8.99,,false,false,,,,,,,,,,,,,kg,,,
kenya,,,,,,,,,3GB / 5 Days,,,,,,,,TELNA-KENYA-3GB-5D,0.0,,0,deny,manual,13.99,,false,false,,,,,,,,,,,,,kg,,,
kenya,,,,,,,,,3GB / 10 Days,,,,,,,,TELNA-KENYA-3GB-10D,0.0,,0,deny,manual,14.99,,false,false,,,,,,,,,,,,,kg,,,
kenya,,,,,,,,,3GB / 15 Days,,,,,,,,TELNA-KENYA-3GB-15D,0.0,,0,deny,manual,14.99,,false,false,,,,,,,,,,,,,kg,,,
kenya,,,,,,,,,3GB / 30 Days,,,,,,,,TELNA-KENYA-3GB-30D,0.0,,0,deny,manual,17.99,,false,false,,,,,,,,,,,,,kg,,,
kenya,,,,,,,,,5GB / 5 Days,,,,,,,,TELNA-KENYA-5GB-5D,0.0,,0,deny,manual,23.99,,false,false,,,,,,,,,,,,,kg,,,
kenya,,,,,,,,,5GB / 10 Days,,,,,,,,TELNA-KENYA-5GB-10D,0.0,,0,deny,manual,24.99,,false,false,,,,,,,,,,,,,kg,,,
kenya,,,,,,,,,5GB / 15 Days,,,,,,,,TELNA-KENYA-5GB-15D,0.0,,0,deny,manual,24.99,,false,false,,,,,,,,,,,,,kg,,,
kenya,,,,,,,,,5GB / 30 Days,,,,,,,,TELNA-KENYA-5GB-30D,0.0,,0,deny,manual,27.99,,false,false,,,,,,,,,,,,,kg,,,
kenya,,,,,,,,,10GB / 5 Days,,,,,,,,TELNA-KENYA-10GB-5D,0.0,,0,deny,manual,40.99,,false,false,,,,,,,,,,,,,kg,,,
kenya,,,,,,,,,10GB / 10 Days,,,,,,,,TELNA-KENYA-10GB-10D,0.0,,0,deny,manual,41.99,,false,false,,,,,,,,,,,,,kg,,,
kenya,,,,,,,,,10GB / 15 Days,,,,,,,,TELNA-KENYA-10GB-15D,0.0,,0,deny,manual,42.99,,false,false,,,,,,,,,,,,,kg,,,
kenya,,,,,,,,,10GB / 30 Days,,,,,,,,TELNA-KENYA-10GB-30D,0.0,,0,deny,manual,46.99,,false,false,,,,,,,,,,,,,kg,,,
kenya,,,,,,,,,20GB / 5 Days,,,,,,,,TELNA-KENYA-20GB-5D,0.0,,0,deny,manual,60.99,,false,false,,,,,,,,,,,,,kg,,,
kenya,,,,,,,,,20GB / 10 Days,,,,,,,,TELNA-KENYA-20GB-10D,0.0,,0,deny,manual,61.99,,false,false,,,,,,,,,,,,,kg,,,
kenya,,,,,,,,,20GB / 15 Days,,,,,,,,TELNA-KENYA-20GB-15D,0.0,,0,deny,manual,62.99,,false,false,,,,,,,,,,,,,kg,,,
kenya,,,,,,,,,20GB / 30 Days,,,,,,,,TELNA-KENYA-20GB-30D,0.0,,0,deny,manual,66.99,,false,false,,,,,,,,,,,,,kg,,,
kazakhstan,Kazakhstan,"<p>Travel eSIM data plan for Kazakhstan.</p>
<p>Si vous possédez déjà une eSIM de chez nous, cet achat sera ajouté à votre eSIM existante sous forme de recharge. S’il s’agit de votre premier achat, nous vous enverrons votre code QR par courriel après la confirmation de votre paiement.</p>",Quebec eSIM,,eSIM,"eSIM, Kazakhstan, Telna",false,Plan,1GB / 5 Days,,,,,,,,TELNA-KAZAKHSTAN-1GB-5D,0.0,,0,deny,manual,3.99,,false,false,,,,,,,,,false,,,,kg,,,active
kazakhstan,,,,,,,,,1GB / 10 Days,,,,,,,,TELNA-KAZAKHSTAN-1GB-10D,0.0,,0,deny,manual,4.99,,false,false,,,,,,,,,,,,,kg,,,
kazakhstan,,,,,,,,,1GB / 15 Days,,,,,,,,TELNA-KAZAKHSTAN-1GB-15D,0.0,,0,deny,manual,4.99,,false,false,,,,,,,,,,,,,kg,,,
kazakhstan,,,,,,,,,1GB / 30 Days,,,,,,,,TELNA-KAZAKHSTAN-1GB-30D,0.0,,0,deny,manual,7.99,,false,false,,,,,,,,,,,,,kg,,,
kazakhstan,,,,,,,,,3GB / 5 Days,,,,,,,,TELNA-KAZAKHSTAN-3GB-5D,0.0,,0,deny,manual,6.99,,false,false,,,,,,,,,,,,,kg,,,
kazakhstan,,,,,,,,,3GB / 10 Days,,,,,,,,TELNA-KAZAKHSTAN-3GB-10D,0.0,,0,deny,manual,6.99,,false,false,,,,,,,,,,,,,kg,,,
kazakhstan,,,,,,,,,3GB / 15 Days,,,,,,,,TELNA-KAZAKHSTAN-3GB-15D,0.0,,0,deny,manual,6.99,,false,false,,,,,,,,,,,,,kg,,,
kazakhstan,,,,,,,,,3GB / 30 Days,,,,,,,,TELNA-KAZAKHSTAN-3GB-30D,0.0,,0,deny,manual,7.99,,false,false,,,,,,,,,,,,,kg,,,
kazakhstan,,,,,,,,,5GB / 5 Days,,,,,,,,TELNA-KAZAKHSTAN-5GB-5D,0.0,,0,deny,manual,5.99,,false,false,,,,,,,,,,,,,kg,,,
kazakhstan,,,,,,,,,5GB / 10 Days,,,,,,,,TELNA-KAZAKHSTAN-5GB-10D,0.0,,0,deny,manual,6.99,,false,false,,,,,,,,,,,,,kg,,,
kazakhstan,,,,,,,,,5GB / 15 Days,,,,,,,,TELNA-KAZAKHSTAN-5GB-15D,0.0,,0,deny,manual,7.99,,false,false,,,,,,,,,,,,,kg,,,
kazakhstan,,,,,,,,,5GB / 30 Days,,,,,,,,TELNA-KAZAKHSTAN-5GB-30D,0.0,,0,deny,manual,9.99,,false,false,,,,,,,,,,,,,kg,,,
kazakhstan,,,,,,,,,10GB / 5 Days,,,,,,,,TELNA-KAZAKHSTAN-10GB-5D,0.0,,0,deny,manual,11.99,,false,false,,,,,,,,,,,,,kg,,,
kazakhstan,,,,,,,,,10GB / 10 Days,,,,,,,,TELNA-KAZAKHSTAN-10GB-10D,0.0,,0,deny,manual,12.99,,false,false,,,,,,,,,,,,,kg,,,
kazakhstan,,,,,,,,,10GB / 15 Days,,,,,,,,TELNA-KAZAKHSTAN-10GB-15D,0.0,,0,deny,manual,13.99,,false,false,,,,,,,,,,,,,kg,,,
kazakhstan,,,,,,,,,10GB / 30 Days,,,,,,,,TELNA-KAZAKHSTAN-10GB-30D,0.0,,0,deny,manual,15.99,,false,false,,,,,,,,,,,,,kg,,,
kazakhstan,,,,,,,,,20GB / 5 Days,,,,,,,,TELNA-KAZAKHSTAN-20GB-5D,0.0,,0,deny,manual,20.99,,false,false,,,,,,,,,,,,,kg,,,
kazakhstan,,,,,,,,,20GB / 10 Days,,,,,,,,TELNA-KAZAKHSTAN-20GB-10D,0.0,,0,deny,manual,21.99,,false,false,,,,,,,,,,,,,kg,,,
kazakhstan,,,,,,,,,20GB / 15 Days,,,,,,,,TELNA-KAZAKHSTAN-20GB-15D,0.0,,0,deny,manual,22.99,,false,false,,,,,,,,,,,,,kg,,,
kazakhstan,,,,,,,,,20GB / 30 Days,,,,,,,,TELNA-KAZAKHSTAN-20GB-30D,0.0,,0,deny,manual,24.99,,false,false,,,,,,,,,,,,,kg,,,
kazakhstan,,,,,,,,,Unlimited / 5 Days,,,,,,,,TELNA-KAZAKHSTAN-UNLIMITED-5D,0.0,,0,deny,manual,14.99,,false,false,,,,,,,,,,,,,kg,,,
kazakhstan,,,,,,,,,Unlimited / 10 Days,,,,,,,,TELNA-KAZAKHSTAN-UNLIMITED-10D,0.0,,0,deny,manual,19.99,,false,false,,,,,,,,,,,,,kg,,,
kazakhstan,,,,,,,,,Unlimited / 15 Days,,,,,,,,TELNA-KAZAKHSTAN-UNLIMITED-15D,0.0,,0,deny,manual,29.99,,false,false,,,,,,,,,,,,,kg,,,
kazakhstan,,,,,,,,,Unlimited / 30 Days,,,,,,,,TELNA-KAZAKHSTAN-UNLIMITED-30D,0.0,,0,deny,manual,39.99,,false,false,,,,,,,,,,,,,kg,,,
jordan,Jordan,"<p>Travel eSIM data plan for Jordan.</p>
<p>Si vous possédez déjà une eSIM de chez nous, cet achat sera ajouté à votre eSIM existante sous forme de recharge. S’il s’agit de votre premier achat, nous vous enverrons votre code QR par courriel après la confirmation de votre paiement.</p>",Quebec eSIM,,eSIM,"eSIM, Jordan, Telna",false,Plan,1GB / 5 Days,,,,,,,,TELNA-JORDAN-1GB-5D,0.0,,0,deny,manual,4.99,,false,false,,,,,,,,,false,,,,kg,,,active
jordan,,,,,,,,,1GB / 10 Days,,,,,,,,TELNA-JORDAN-1GB-10D,0.0,,0,deny,manual,5.99,,false,false,,,,,,,,,,,,,kg,,,
jordan,,,,,,,,,1GB / 15 Days,,,,,,,,TELNA-JORDAN-1GB-15D,0.0,,0,deny,manual,6.99,,false,false,,,,,,,,,,,,,kg,,,
jordan,,,,,,,,,1GB / 30 Days,,,,,,,,TELNA-JORDAN-1GB-30D,0.0,,0,deny,manual,8.99,,false,false,,,,,,,,,,,,,kg,,,
jordan,,,,,,,,,3GB / 5 Days,,,,,,,,TELNA-JORDAN-3GB-5D,0.0,,0,deny,manual,8.99,,false,false,,,,,,,,,,,,,kg,,,
jordan,,,,,,,,,3GB / 10 Days,,,,,,,,TELNA-JORDAN-3GB-10D,0.0,,0,deny,manual,9.99,,false,false,,,,,,,,,,,,,kg,,,
jordan,,,,,,,,,3GB / 15 Days,,,,,,,,TELNA-JORDAN-3GB-15D,0.0,,0,deny,manual,9.99,,false,false,,,,,,,,,,,,,kg,,,
jordan,,,,,,,,,3GB / 30 Days,,,,,,,,TELNA-JORDAN-3GB-30D,0.0,,0,deny,manual,12.99,,false,false,,,,,,,,,,,,,kg,,,
jordan,,,,,,,,,5GB / 5 Days,,,,,,,,TELNA-JORDAN-5GB-5D,0.0,,0,deny,manual,11.99,,false,false,,,,,,,,,,,,,kg,,,
jordan,,,,,,,,,5GB / 10 Days,,,,,,,,TELNA-JORDAN-5GB-10D,0.0,,0,deny,manual,12.99,,false,false,,,,,,,,,,,,,kg,,,
jordan,,,,,,,,,5GB / 15 Days,,,,,,,,TELNA-JORDAN-5GB-15D,0.0,,0,deny,manual,13.99,,false,false,,,,,,,,,,,,,kg,,,
jordan,,,,,,,,,5GB / 30 Days,,,,,,,,TELNA-JORDAN-5GB-30D,0.0,,0,deny,manual,15.99,,false,false,,,,,,,,,,,,,kg,,,
jordan,,,,,,,,,10GB / 5 Days,,,,,,,,TELNA-JORDAN-10GB-5D,0.0,,0,deny,manual,21.99,,false,false,,,,,,,,,,,,,kg,,,
jordan,,,,,,,,,10GB / 10 Days,,,,,,,,TELNA-JORDAN-10GB-10D,0.0,,0,deny,manual,22.99,,false,false,,,,,,,,,,,,,kg,,,
jordan,,,,,,,,,10GB / 15 Days,,,,,,,,TELNA-JORDAN-10GB-15D,0.0,,0,deny,manual,23.99,,false,false,,,,,,,,,,,,,kg,,,
jordan,,,,,,,,,10GB / 30 Days,,,,,,,,TELNA-JORDAN-10GB-30D,0.0,,0,deny,manual,25.99,,false,false,,,,,,,,,,,,,kg,,,
jordan,,,,,,,,,20GB / 5 Days,,,,,,,,TELNA-JORDAN-20GB-5D,0.0,,0,deny,manual,40.99,,false,false,,,,,,,,,,,,,kg,,,
jordan,,,,,,,,,20GB / 10 Days,,,,,,,,TELNA-JORDAN-20GB-10D,0.0,,0,deny,manual,41.99,,false,false,,,,,,,,,,,,,kg,,,
jordan,,,,,,,,,20GB / 15 Days,,,,,,,,TELNA-JORDAN-20GB-15D,0.0,,0,deny,manual,42.99,,false,false,,,,,,,,,,,,,kg,,,
jordan,,,,,,,,,20GB / 30 Days,,,,,,,,TELNA-JORDAN-20GB-30D,0.0,,0,deny,manual,46.99,,false,false,,,,,,,,,,,,,kg,,,
jersey,Jersey,"<p>Travel eSIM data plan for Jersey.</p>
<p>Si vous possédez déjà une eSIM de chez nous, cet achat sera ajouté à votre eSIM existante sous forme de recharge. S’il s’agit de votre premier achat, nous vous enverrons votre code QR par courriel après la confirmation de votre paiement.</p>",Quebec eSIM,,eSIM,"eSIM, Jersey, Telna",false,Plan,1GB / 5 Days,,,,,,,,TELNA-JERSEY-1GB-5D,0.0,,0,deny,manual,4.99,,false,false,,,,,,,,,false,,,,kg,,,active
jersey,,,,,,,,,1GB / 10 Days,,,,,,,,TELNA-JERSEY-1GB-10D,0.0,,0,deny,manual,5.99,,false,false,,,,,,,,,,,,,kg,,,
jersey,,,,,,,,,1GB / 15 Days,,,,,,,,TELNA-JERSEY-1GB-15D,0.0,,0,deny,manual,6.99,,false,false,,,,,,,,,,,,,kg,,,
jersey,,,,,,,,,1GB / 30 Days,,,,,,,,TELNA-JERSEY-1GB-30D,0.0,,0,deny,manual,8.99,,false,false,,,,,,,,,,,,,kg,,,
jersey,,,,,,,,,3GB / 5 Days,,,,,,,,TELNA-JERSEY-3GB-5D,0.0,,0,deny,manual,12.99,,false,false,,,,,,,,,,,,,kg,,,
jersey,,,,,,,,,3GB / 10 Days,,,,,,,,TELNA-JERSEY-3GB-10D,0.0,,0,deny,manual,13.99,,false,false,,,,,,,,,,,,,kg,,,
jersey,,,,,,,,,3GB / 15 Days,,,,,,,,TELNA-JERSEY-3GB-15D,0.0,,0,deny,manual,14.99,,false,false,,,,,,,,,,,,,kg,,,
jersey,,,,,,,,,3GB / 30 Days,,,,,,,,TELNA-JERSEY-3GB-30D,0.0,,0,deny,manual,16.99,,false,false,,,,,,,,,,,,,kg,,,
jersey,,,,,,,,,5GB / 5 Days,,,,,,,,TELNA-JERSEY-5GB-5D,0.0,,0,deny,manual,18.99,,false,false,,,,,,,,,,,,,kg,,,
jersey,,,,,,,,,5GB / 10 Days,,,,,,,,TELNA-JERSEY-5GB-10D,0.0,,0,deny,manual,19.99,,false,false,,,,,,,,,,,,,kg,,,
jersey,,,,,,,,,5GB / 15 Days,,,,,,,,TELNA-JERSEY-5GB-15D,0.0,,0,deny,manual,19.99,,false,false,,,,,,,,,,,,,kg,,,
jersey,,,,,,,,,5GB / 30 Days,,,,,,,,TELNA-JERSEY-5GB-30D,0.0,,0,deny,manual,22.99,,false,false,,,,,,,,,,,,,kg,,,
jersey,,,,,,,,,10GB / 5 Days,,,,,,,,TELNA-JERSEY-10GB-5D,0.0,,0,deny,manual,33.99,,false,false,,,,,,,,,,,,,kg,,,
jersey,,,,,,,,,10GB / 10 Days,,,,,,,,TELNA-JERSEY-10GB-10D,0.0,,0,deny,manual,34.99,,false,false,,,,,,,,,,,,,kg,,,
jersey,,,,,,,,,10GB / 15 Days,,,,,,,,TELNA-JERSEY-10GB-15D,0.0,,0,deny,manual,34.99,,false,false,,,,,,,,,,,,,kg,,,
jersey,,,,,,,,,10GB / 30 Days,,,,,,,,TELNA-JERSEY-10GB-30D,0.0,,0,deny,manual,37.99,,false,false,,,,,,,,,,,,,kg,,,
jersey,,,,,,,,,20GB / 5 Days,,,,,,,,TELNA-JERSEY-20GB-5D,0.0,,0,deny,manual,52.99,,false,false,,,,,,,,,,,,,kg,,,
jersey,,,,,,,,,20GB / 10 Days,,,,,,,,TELNA-JERSEY-20GB-10D,0.0,,0,deny,manual,53.99,,false,false,,,,,,,,,,,,,kg,,,
jersey,,,,,,,,,20GB / 15 Days,,,,,,,,TELNA-JERSEY-20GB-15D,0.0,,0,deny,manual,54.99,,false,false,,,,,,,,,,,,,kg,,,
jersey,,,,,,,,,20GB / 30 Days,,,,,,,,TELNA-JERSEY-20GB-30D,0.0,,0,deny,manual,58.99,,false,false,,,,,,,,,,,,,kg,,,
jersey,,,,,,,,,Unlimited / 5 Days,,,,,,,,TELNA-JERSEY-UNLIMITED-5D,0.0,,0,deny,manual,19.99,,false,false,,,,,,,,,,,,,kg,,,
jersey,,,,,,,,,Unlimited / 10 Days,,,,,,,,TELNA-JERSEY-UNLIMITED-10D,0.0,,0,deny,manual,39.99,,false,false,,,,,,,,,,,,,kg,,,
jersey,,,,,,,,,Unlimited / 15 Days,,,,,,,,TELNA-JERSEY-UNLIMITED-15D,0.0,,0,deny,manual,64.99,,false,false,,,,,,,,,,,,,kg,,,
jersey,,,,,,,,,Unlimited / 30 Days,,,,,,,,TELNA-JERSEY-UNLIMITED-30D,0.0,,0,deny,manual,89.99,,false,false,,,,,,,,,,,,,kg,,,
japan,Japan,"<p>Travel eSIM data plan for Japan.</p>
<p>Si vous possédez déjà une eSIM de chez nous, cet achat sera ajouté à votre eSIM existante sous forme de recharge. S’il s’agit de votre premier achat, nous vous enverrons votre code QR par courriel après la confirmation de votre paiement.</p>",Quebec eSIM,,eSIM,"eSIM, Japan, Telna",false,Plan,1GB / 5 Days,,,,,,,,TELNA-JAPAN-1GB-5D,0.0,,0,deny,manual,3.99,,false,false,,,,,,,,,false,,,,kg,,,active
japan,,,,,,,,,1GB / 10 Days,,,,,,,,TELNA-JAPAN-1GB-10D,0.0,,0,deny,manual,4.99,,false,false,,,,,,,,,,,,,kg,,,
japan,,,,,,,,,1GB / 15 Days,,,,,,,,TELNA-JAPAN-1GB-15D,0.0,,0,deny,manual,4.99,,false,false,,,,,,,,,,,,,kg,,,
japan,,,,,,,,,1GB / 30 Days,,,,,,,,TELNA-JAPAN-1GB-30D,0.0,,0,deny,manual,7.99,,false,false,,,,,,,,,,,,,kg,,,
japan,,,,,,,,,3GB / 5 Days,,,,,,,,TELNA-JAPAN-3GB-5D,0.0,,0,deny,manual,4.99,,false,false,,,,,,,,,,,,,kg,,,
japan,,,,,,,,,3GB / 10 Days,,,,,,,,TELNA-JAPAN-3GB-10D,0.0,,0,deny,manual,5.99,,false,false,,,,,,,,,,,,,kg,,,
japan,,,,,,,,,3GB / 15 Days,,,,,,,,TELNA-JAPAN-3GB-15D,0.0,,0,deny,manual,6.99,,false,false,,,,,,,,,,,,,kg,,,
japan,,,,,,,,,3GB / 30 Days,,,,,,,,TELNA-JAPAN-3GB-30D,0.0,,0,deny,manual,8.99,,false,false,,,,,,,,,,,,,kg,,,
japan,,,,,,,,,5GB / 5 Days,,,,,,,,TELNA-JAPAN-5GB-5D,0.0,,0,deny,manual,7.99,,false,false,,,,,,,,,,,,,kg,,,
japan,,,,,,,,,5GB / 10 Days,,,,,,,,TELNA-JAPAN-5GB-10D,0.0,,0,deny,manual,8.99,,false,false,,,,,,,,,,,,,kg,,,
japan,,,,,,,,,5GB / 15 Days,,,,,,,,TELNA-JAPAN-5GB-15D,0.0,,0,deny,manual,9.99,,false,false,,,,,,,,,,,,,kg,,,
japan,,,,,,,,,5GB / 30 Days,,,,,,,,TELNA-JAPAN-5GB-30D,0.0,,0,deny,manual,11.99,,false,false,,,,,,,,,,,,,kg,,,
japan,,,,,,,,,10GB / 5 Days,,,,,,,,TELNA-JAPAN-10GB-5D,0.0,,0,deny,manual,14.99,,false,false,,,,,,,,,,,,,kg,,,
japan,,,,,,,,,10GB / 10 Days,,,,,,,,TELNA-JAPAN-10GB-10D,0.0,,0,deny,manual,15.99,,false,false,,,,,,,,,,,,,kg,,,
japan,,,,,,,,,10GB / 15 Days,,,,,,,,TELNA-JAPAN-10GB-15D,0.0,,0,deny,manual,16.99,,false,false,,,,,,,,,,,,,kg,,,
japan,,,,,,,,,10GB / 30 Days,,,,,,,,TELNA-JAPAN-10GB-30D,0.0,,0,deny,manual,18.99,,false,false,,,,,,,,,,,,,kg,,,
japan,,,,,,,,,20GB / 5 Days,,,,,,,,TELNA-JAPAN-20GB-5D,0.0,,0,deny,manual,24.99,,false,false,,,,,,,,,,,,,kg,,,
japan,,,,,,,,,20GB / 10 Days,,,,,,,,TELNA-JAPAN-20GB-10D,0.0,,0,deny,manual,25.99,,false,false,,,,,,,,,,,,,kg,,,
japan,,,,,,,,,20GB / 15 Days,,,,,,,,TELNA-JAPAN-20GB-15D,0.0,,0,deny,manual,26.99,,false,false,,,,,,,,,,,,,kg,,,
japan,,,,,,,,,20GB / 30 Days,,,,,,,,TELNA-JAPAN-20GB-30D,0.0,,0,deny,manual,28.99,,false,false,,,,,,,,,,,,,kg,,,
japan,,,,,,,,,Unlimited / 5 Days,,,,,,,,TELNA-JAPAN-UNLIMITED-5D,0.0,,0,deny,manual,17.99,,false,false,,,,,,,,,,,,,kg,,,
japan,,,,,,,,,Unlimited / 10 Days,,,,,,,,TELNA-JAPAN-UNLIMITED-10D,0.0,,0,deny,manual,24.99,,false,false,,,,,,,,,,,,,kg,,,
japan,,,,,,,,,Unlimited / 15 Days,,,,,,,,TELNA-JAPAN-UNLIMITED-15D,0.0,,0,deny,manual,39.99,,false,false,,,,,,,,,,,,,kg,,,
japan,,,,,,,,,Unlimited / 30 Days,,,,,,,,TELNA-JAPAN-UNLIMITED-30D,0.0,,0,deny,manual,49.99,,false,false,,,,,,,,,,,,,kg,,,
jamaica,Jamaica,"<p>Travel eSIM data plan for Jamaica.</p>
<p>Si vous possédez déjà une eSIM de chez nous, cet achat sera ajouté à votre eSIM existante sous forme de recharge. S’il s’agit de votre premier achat, nous vous enverrons votre code QR par courriel après la confirmation de votre paiement.</p>",Quebec eSIM,,eSIM,"eSIM, Jamaica, Telna",false,Plan,1GB / 5 Days,,,,,,,,TELNA-JAMAICA-1GB-5D,0.0,,0,deny,manual,4.99,,false,false,,,,,,,,,false,,,,kg,,,active
jamaica,,,,,,,,,1GB / 10 Days,,,,,,,,TELNA-JAMAICA-1GB-10D,0.0,,0,deny,manual,5.99,,false,false,,,,,,,,,,,,,kg,,,
jamaica,,,,,,,,,1GB / 15 Days,,,,,,,,TELNA-JAMAICA-1GB-15D,0.0,,0,deny,manual,6.99,,false,false,,,,,,,,,,,,,kg,,,
jamaica,,,,,,,,,1GB / 30 Days,,,,,,,,TELNA-JAMAICA-1GB-30D,0.0,,0,deny,manual,8.99,,false,false,,,,,,,,,,,,,kg,,,
jamaica,,,,,,,,,3GB / 5 Days,,,,,,,,TELNA-JAMAICA-3GB-5D,0.0,,0,deny,manual,13.99,,false,false,,,,,,,,,,,,,kg,,,
jamaica,,,,,,,,,3GB / 10 Days,,,,,,,,TELNA-JAMAICA-3GB-10D,0.0,,0,deny,manual,14.99,,false,false,,,,,,,,,,,,,kg,,,
jamaica,,,,,,,,,3GB / 15 Days,,,,,,,,TELNA-JAMAICA-3GB-15D,0.0,,0,deny,manual,14.99,,false,false,,,,,,,,,,,,,kg,,,
jamaica,,,,,,,,,3GB / 30 Days,,,,,,,,TELNA-JAMAICA-3GB-30D,0.0,,0,deny,manual,17.99,,false,false,,,,,,,,,,,,,kg,,,
jamaica,,,,,,,,,5GB / 5 Days,,,,,,,,TELNA-JAMAICA-5GB-5D,0.0,,0,deny,manual,23.99,,false,false,,,,,,,,,,,,,kg,,,
jamaica,,,,,,,,,5GB / 10 Days,,,,,,,,TELNA-JAMAICA-5GB-10D,0.0,,0,deny,manual,24.99,,false,false,,,,,,,,,,,,,kg,,,
jamaica,,,,,,,,,5GB / 15 Days,,,,,,,,TELNA-JAMAICA-5GB-15D,0.0,,0,deny,manual,24.99,,false,false,,,,,,,,,,,,,kg,,,
jamaica,,,,,,,,,5GB / 30 Days,,,,,,,,TELNA-JAMAICA-5GB-30D,0.0,,0,deny,manual,27.99,,false,false,,,,,,,,,,,,,kg,,,
jamaica,,,,,,,,,10GB / 5 Days,,,,,,,,TELNA-JAMAICA-10GB-5D,0.0,,0,deny,manual,40.99,,false,false,,,,,,,,,,,,,kg,,,
jamaica,,,,,,,,,10GB / 10 Days,,,,,,,,TELNA-JAMAICA-10GB-10D,0.0,,0,deny,manual,41.99,,false,false,,,,,,,,,,,,,kg,,,
jamaica,,,,,,,,,10GB / 15 Days,,,,,,,,TELNA-JAMAICA-10GB-15D,0.0,,0,deny,manual,42.99,,false,false,,,,,,,,,,,,,kg,,,
jamaica,,,,,,,,,10GB / 30 Days,,,,,,,,TELNA-JAMAICA-10GB-30D,0.0,,0,deny,manual,46.99,,false,false,,,,,,,,,,,,,kg,,,
jamaica,,,,,,,,,20GB / 5 Days,,,,,,,,TELNA-JAMAICA-20GB-5D,0.0,,0,deny,manual,60.99,,false,false,,,,,,,,,,,,,kg,,,
jamaica,,,,,,,,,20GB / 10 Days,,,,,,,,TELNA-JAMAICA-20GB-10D,0.0,,0,deny,manual,61.99,,false,false,,,,,,,,,,,,,kg,,,
jamaica,,,,,,,,,20GB / 15 Days,,,,,,,,TELNA-JAMAICA-20GB-15D,0.0,,0,deny,manual,62.99,,false,false,,,,,,,,,,,,,kg,,,
jamaica,,,,,,,,,20GB / 30 Days,,,,,,,,TELNA-JAMAICA-20GB-30D,0.0,,0,deny,manual,66.99,,false,false,,,,,,,,,,,,,kg,,,
ivory-coast,Ivory Coast,"<p>Travel eSIM data plan for Ivory Coast.</p>
<p>Si vous possédez déjà une eSIM de chez nous, cet achat sera ajouté à votre eSIM existante sous forme de recharge. S’il s’agit de votre premier achat, nous vous enverrons votre code QR par courriel après la confirmation de votre paiement.</p>",Quebec eSIM,,eSIM,"eSIM, Ivory Coast, Telna",false,Plan,1GB / 5 Days,,,,,,,,TELNA-IVORY-COAST-1GB-5D,0.0,,0,deny,manual,4.99,,false,false,,,,,,,,,false,,,,kg,,,active
ivory-coast,,,,,,,,,1GB / 10 Days,,,,,,,,TELNA-IVORY-COAST-1GB-10D,0.0,,0,deny,manual,5.99,,false,false,,,,,,,,,,,,,kg,,,
ivory-coast,,,,,,,,,1GB / 15 Days,,,,,,,,TELNA-IVORY-COAST-1GB-15D,0.0,,0,deny,manual,6.99,,false,false,,,,,,,,,,,,,kg,,,
ivory-coast,,,,,,,,,1GB / 30 Days,,,,,,,,TELNA-IVORY-COAST-1GB-30D,0.0,,0,deny,manual,8.99,,false,false,,,,,,,,,,,,,kg,,,
ivory-coast,,,,,,,,,3GB / 5 Days,,,,,,,,TELNA-IVORY-COAST-3GB-5D,0.0,,0,deny,manual,13.99,,false,false,,,,,,,,,,,,,kg,,,
ivory-coast,,,,,,,,,3GB / 10 Days,,,,,,,,TELNA-IVORY-COAST-3GB-10D,0.0,,0,deny,manual,14.99,,false,false,,,,,,,,,,,,,kg,,,
ivory-coast,,,,,,,,,3GB / 15 Days,,,,,,,,TELNA-IVORY-COAST-3GB-15D,0.0,,0,deny,manual,14.99,,false,false,,,,,,,,,,,,,kg,,,
ivory-coast,,,,,,,,,3GB / 30 Days,,,,,,,,TELNA-IVORY-COAST-3GB-30D,0.0,,0,deny,manual,17.99,,false,false,,,,,,,,,,,,,kg,,,
ivory-coast,,,,,,,,,5GB / 5 Days,,,,,,,,TELNA-IVORY-COAST-5GB-5D,0.0,,0,deny,manual,23.99,,false,false,,,,,,,,,,,,,kg,,,
ivory-coast,,,,,,,,,5GB / 10 Days,,,,,,,,TELNA-IVORY-COAST-5GB-10D,0.0,,0,deny,manual,24.99,,false,false,,,,,,,,,,,,,kg,,,
ivory-coast,,,,,,,,,5GB / 15 Days,,,,,,,,TELNA-IVORY-COAST-5GB-15D,0.0,,0,deny,manual,24.99,,false,false,,,,,,,,,,,,,kg,,,
ivory-coast,,,,,,,,,5GB / 30 Days,,,,,,,,TELNA-IVORY-COAST-5GB-30D,0.0,,0,deny,manual,27.99,,false,false,,,,,,,,,,,,,kg,,,
ivory-coast,,,,,,,,,10GB / 5 Days,,,,,,,,TELNA-IVORY-COAST-10GB-5D,0.0,,0,deny,manual,40.99,,false,false,,,,,,,,,,,,,kg,,,
ivory-coast,,,,,,,,,10GB / 10 Days,,,,,,,,TELNA-IVORY-COAST-10GB-10D,0.0,,0,deny,manual,41.99,,false,false,,,,,,,,,,,,,kg,,,
ivory-coast,,,,,,,,,10GB / 15 Days,,,,,,,,TELNA-IVORY-COAST-10GB-15D,0.0,,0,deny,manual,42.99,,false,false,,,,,,,,,,,,,kg,,,
ivory-coast,,,,,,,,,10GB / 30 Days,,,,,,,,TELNA-IVORY-COAST-10GB-30D,0.0,,0,deny,manual,46.99,,false,false,,,,,,,,,,,,,kg,,,
ivory-coast,,,,,,,,,20GB / 5 Days,,,,,,,,TELNA-IVORY-COAST-20GB-5D,0.0,,0,deny,manual,60.99,,false,false,,,,,,,,,,,,,kg,,,
ivory-coast,,,,,,,,,20GB / 10 Days,,,,,,,,TELNA-IVORY-COAST-20GB-10D,0.0,,0,deny,manual,61.99,,false,false,,,,,,,,,,,,,kg,,,
ivory-coast,,,,,,,,,20GB / 15 Days,,,,,,,,TELNA-IVORY-COAST-20GB-15D,0.0,,0,deny,manual,62.99,,false,false,,,,,,,,,,,,,kg,,,
ivory-coast,,,,,,,,,20GB / 30 Days,,,,,,,,TELNA-IVORY-COAST-20GB-30D,0.0,,0,deny,manual,66.99,,false,false,,,,,,,,,,,,,kg,,,
italy,Italy,"<p>Travel eSIM data plan for Italy.</p>
<p>Si vous possédez déjà une eSIM de chez nous, cet achat sera ajouté à votre eSIM existante sous forme de recharge. S’il s’agit de votre premier achat, nous vous enverrons votre code QR par courriel après la confirmation de votre paiement.</p>",Quebec eSIM,,eSIM,"eSIM, Italy, Telna",false,Plan,1GB / 5 Days,,,,,,,,TELNA-ITALY-1GB-5D,0.0,,0,deny,manual,3.99,,false,false,,,,,,,,,false,,,,kg,,,active
italy,,,,,,,,,1GB / 10 Days,,,,,,,,TELNA-ITALY-1GB-10D,0.0,,0,deny,manual,4.99,,false,false,,,,,,,,,,,,,kg,,,
italy,,,,,,,,,1GB / 15 Days,,,,,,,,TELNA-ITALY-1GB-15D,0.0,,0,deny,manual,4.99,,false,false,,,,,,,,,,,,,kg,,,
italy,,,,,,,,,1GB / 30 Days,,,,,,,,TELNA-ITALY-1GB-30D,0.0,,0,deny,manual,7.99,,false,false,,,,,,,,,,,,,kg,,,
italy,,,,,,,,,3GB / 5 Days,,,,,,,,TELNA-ITALY-3GB-5D,0.0,,0,deny,manual,7.99,,false,false,,,,,,,,,,,,,kg,,,
italy,,,,,,,,,3GB / 10 Days,,,,,,,,TELNA-ITALY-3GB-10D,0.0,,0,deny,manual,7.99,,false,false,,,,,,,,,,,,,kg,,,
italy,,,,,,,,,3GB / 15 Days,,,,,,,,TELNA-ITALY-3GB-15D,0.0,,0,deny,manual,8.99,,false,false,,,,,,,,,,,,,kg,,,
italy,,,,,,,,,3GB / 30 Days,,,,,,,,TELNA-ITALY-3GB-30D,0.0,,0,deny,manual,9.99,,false,false,,,,,,,,,,,,,kg,,,
italy,,,,,,,,,5GB / 5 Days,,,,,,,,TELNA-ITALY-5GB-5D,0.0,,0,deny,manual,5.99,,false,false,,,,,,,,,,,,,kg,,,
italy,,,,,,,,,5GB / 10 Days,,,,,,,,TELNA-ITALY-5GB-10D,0.0,,0,deny,manual,6.99,,false,false,,,,,,,,,,,,,kg,,,
italy,,,,,,,,,5GB / 15 Days,,,,,,,,TELNA-ITALY-5GB-15D,0.0,,0,deny,manual,7.99,,false,false,,,,,,,,,,,,,kg,,,
italy,,,,,,,,,5GB / 30 Days,,,,,,,,TELNA-ITALY-5GB-30D,0.0,,0,deny,manual,9.99,,false,false,,,,,,,,,,,,,kg,,,
italy,,,,,,,,,10GB / 5 Days,,,,,,,,TELNA-ITALY-10GB-5D,0.0,,0,deny,manual,11.99,,false,false,,,,,,,,,,,,,kg,,,
italy,,,,,,,,,10GB / 10 Days,,,,,,,,TELNA-ITALY-10GB-10D,0.0,,0,deny,manual,12.99,,false,false,,,,,,,,,,,,,kg,,,
italy,,,,,,,,,10GB / 15 Days,,,,,,,,TELNA-ITALY-10GB-15D,0.0,,0,deny,manual,13.99,,false,false,,,,,,,,,,,,,kg,,,
italy,,,,,,,,,10GB / 30 Days,,,,,,,,TELNA-ITALY-10GB-30D,0.0,,0,deny,manual,15.99,,false,false,,,,,,,,,,,,,kg,,,
italy,,,,,,,,,20GB / 5 Days,,,,,,,,TELNA-ITALY-20GB-5D,0.0,,0,deny,manual,20.99,,false,false,,,,,,,,,,,,,kg,,,
italy,,,,,,,,,20GB / 10 Days,,,,,,,,TELNA-ITALY-20GB-10D,0.0,,0,deny,manual,21.99,,false,false,,,,,,,,,,,,,kg,,,
italy,,,,,,,,,20GB / 15 Days,,,,,,,,TELNA-ITALY-20GB-15D,0.0,,0,deny,manual,22.99,,false,false,,,,,,,,,,,,,kg,,,
italy,,,,,,,,,20GB / 30 Days,,,,,,,,TELNA-ITALY-20GB-30D,0.0,,0,deny,manual,24.99,,false,false,,,,,,,,,,,,,kg,,,
italy,,,,,,,,,Unlimited / 5 Days,,,,,,,,TELNA-ITALY-UNLIMITED-5D,0.0,,0,deny,manual,14.99,,false,false,,,,,,,,,,,,,kg,,,
italy,,,,,,,,,Unlimited / 10 Days,,,,,,,,TELNA-ITALY-UNLIMITED-10D,0.0,,0,deny,manual,24.99,,false,false,,,,,,,,,,,,,kg,,,
italy,,,,,,,,,Unlimited / 15 Days,,,,,,,,TELNA-ITALY-UNLIMITED-15D,0.0,,0,deny,manual,39.99,,false,false,,,,,,,,,,,,,kg,,,
italy,,,,,,,,,Unlimited / 30 Days,,,,,,,,TELNA-ITALY-UNLIMITED-30D,0.0,,0,deny,manual,49.99,,false,false,,,,,,,,,,,,,kg,,,
israel,Israel,"<p>Travel eSIM data plan for Israel.</p>
<p>Si vous possédez déjà une eSIM de chez nous, cet achat sera ajouté à votre eSIM existante sous forme de recharge. S’il s’agit de votre premier achat, nous vous enverrons votre code QR par courriel après la confirmation de votre paiement.</p>",Quebec eSIM,,eSIM,"eSIM, Israel, Telna",false,Plan,1GB / 5 Days,,,,,,,,TELNA-ISRAEL-1GB-5D,0.0,,0,deny,manual,3.99,,false,false,,,,,,,,,false,,,,kg,,,active
israel,,,,,,,,,1GB / 10 Days,,,,,,,,TELNA-ISRAEL-1GB-10D,0.0,,0,deny,manual,4.99,,false,false,,,,,,,,,,,,,kg,,,
israel,,,,,,,,,1GB / 15 Days,,,,,,,,TELNA-ISRAEL-1GB-15D,0.0,,0,deny,manual,4.99,,false,false,,,,,,,,,,,,,kg,,,
israel,,,,,,,,,1GB / 30 Days,,,,,,,,TELNA-ISRAEL-1GB-30D,0.0,,0,deny,manual,7.99,,false,false,,,,,,,,,,,,,kg,,,
israel,,,,,,,,,3GB / 5 Days,,,,,,,,TELNA-ISRAEL-3GB-5D,0.0,,0,deny,manual,4.99,,false,false,,,,,,,,,,,,,kg,,,
israel,,,,,,,,,3GB / 10 Days,,,,,,,,TELNA-ISRAEL-3GB-10D,0.0,,0,deny,manual,5.99,,false,false,,,,,,,,,,,,,kg,,,
israel,,,,,,,,,3GB / 15 Days,,,,,,,,TELNA-ISRAEL-3GB-15D,0.0,,0,deny,manual,6.99,,false,false,,,,,,,,,,,,,kg,,,
israel,,,,,,,,,3GB / 30 Days,,,,,,,,TELNA-ISRAEL-3GB-30D,0.0,,0,deny,manual,8.99,,false,false,,,,,,,,,,,,,kg,,,
israel,,,,,,,,,5GB / 5 Days,,,,,,,,TELNA-ISRAEL-5GB-5D,0.0,,0,deny,manual,7.99,,false,false,,,,,,,,,,,,,kg,,,
israel,,,,,,,,,5GB / 10 Days,,,,,,,,TELNA-ISRAEL-5GB-10D,0.0,,0,deny,manual,8.99,,false,false,,,,,,,,,,,,,kg,,,
israel,,,,,,,,,5GB / 15 Days,,,,,,,,TELNA-ISRAEL-5GB-15D,0.0,,0,deny,manual,9.99,,false,false,,,,,,,,,,,,,kg,,,
israel,,,,,,,,,5GB / 30 Days,,,,,,,,TELNA-ISRAEL-5GB-30D,0.0,,0,deny,manual,11.99,,false,false,,,,,,,,,,,,,kg,,,
israel,,,,,,,,,10GB / 5 Days,,,,,,,,TELNA-ISRAEL-10GB-5D,0.0,,0,deny,manual,14.99,,false,false,,,,,,,,,,,,,kg,,,
israel,,,,,,,,,10GB / 10 Days,,,,,,,,TELNA-ISRAEL-10GB-10D,0.0,,0,deny,manual,15.99,,false,false,,,,,,,,,,,,,kg,,,
israel,,,,,,,,,10GB / 15 Days,,,,,,,,TELNA-ISRAEL-10GB-15D,0.0,,0,deny,manual,16.99,,false,false,,,,,,,,,,,,,kg,,,
israel,,,,,,,,,10GB / 30 Days,,,,,,,,TELNA-ISRAEL-10GB-30D,0.0,,0,deny,manual,18.99,,false,false,,,,,,,,,,,,,kg,,,
israel,,,,,,,,,20GB / 5 Days,,,,,,,,TELNA-ISRAEL-20GB-5D,0.0,,0,deny,manual,24.99,,false,false,,,,,,,,,,,,,kg,,,
israel,,,,,,,,,20GB / 10 Days,,,,,,,,TELNA-ISRAEL-20GB-10D,0.0,,0,deny,manual,25.99,,false,false,,,,,,,,,,,,,kg,,,
israel,,,,,,,,,20GB / 15 Days,,,,,,,,TELNA-ISRAEL-20GB-15D,0.0,,0,deny,manual,26.99,,false,false,,,,,,,,,,,,,kg,,,
israel,,,,,,,,,20GB / 30 Days,,,,,,,,TELNA-ISRAEL-20GB-30D,0.0,,0,deny,manual,28.99,,false,false,,,,,,,,,,,,,kg,,,
israel,,,,,,,,,40GB / 5 Days,,,,,,,,TELNA-ISRAEL-40GB-5D,0.0,,0,deny,manual,34.99,,false,false,,,,,,,,,,,,,kg,,,
israel,,,,,,,,,40GB / 10 Days,,,,,,,,TELNA-ISRAEL-40GB-10D,0.0,,0,deny,manual,36.99,,false,false,,,,,,,,,,,,,kg,,,
israel,,,,,,,,,40GB / 15 Days,,,,,,,,TELNA-ISRAEL-40GB-15D,0.0,,0,deny,manual,37.99,,false,false,,,,,,,,,,,,,kg,,,
israel,,,,,,,,,40GB / 30 Days,,,,,,,,TELNA-ISRAEL-40GB-30D,0.0,,0,deny,manual,38.99,,false,false,,,,,,,,,,,,,kg,,,
israel,,,,,,,,,Unlimited / 5 Days,,,,,,,,TELNA-ISRAEL-UNLIMITED-5D,0.0,,0,deny,manual,17.99,,false,false,,,,,,,,,,,,,kg,,,
israel,,,,,,,,,Unlimited / 10 Days,,,,,,,,TELNA-ISRAEL-UNLIMITED-10D,0.0,,0,deny,manual,24.99,,false,false,,,,,,,,,,,,,kg,,,
israel,,,,,,,,,Unlimited / 15 Days,,,,,,,,TELNA-ISRAEL-UNLIMITED-15D,0.0,,0,deny,manual,39.99,,false,false,,,,,,,,,,,,,kg,,,
israel,,,,,,,,,Unlimited / 30 Days,,,,,,,,TELNA-ISRAEL-UNLIMITED-30D,0.0,,0,deny,manual,59.99,,false,false,,,,,,,,,,,,,kg,,,
isle-of-man,Isle of Man,"<p>Travel eSIM data plan for Isle of Man.</p>
<p>Si vous possédez déjà une eSIM de chez nous, cet achat sera ajouté à votre eSIM existante sous forme de recharge. S’il s’agit de votre premier achat, nous vous enverrons votre code QR par courriel après la confirmation de votre paiement.</p>",Quebec eSIM,,eSIM,"eSIM, Isle of Man, Telna",false,Plan,1GB / 5 Days,,,,,,,,TELNA-ISLE-OF-MAN-1GB-5D,0.0,,0,deny,manual,4.99,,false,false,,,,,,,,,false,,,,kg,,,active
isle-of-man,,,,,,,,,1GB / 10 Days,,,,,,,,TELNA-ISLE-OF-MAN-1GB-10D,0.0,,0,deny,manual,5.99,,false,false,,,,,,,,,,,,,kg,,,
isle-of-man,,,,,,,,,1GB / 15 Days,,,,,,,,TELNA-ISLE-OF-MAN-1GB-15D,0.0,,0,deny,manual,6.99,,false,false,,,,,,,,,,,,,kg,,,
isle-of-man,,,,,,,,,1GB / 30 Days,,,,,,,,TELNA-ISLE-OF-MAN-1GB-30D,0.0,,0,deny,manual,8.99,,false,false,,,,,,,,,,,,,kg,,,
isle-of-man,,,,,,,,,3GB / 5 Days,,,,,,,,TELNA-ISLE-OF-MAN-3GB-5D,0.0,,0,deny,manual,13.99,,false,false,,,,,,,,,,,,,kg,,,
isle-of-man,,,,,,,,,3GB / 10 Days,,,,,,,,TELNA-ISLE-OF-MAN-3GB-10D,0.0,,0,deny,manual,14.99,,false,false,,,,,,,,,,,,,kg,,,
isle-of-man,,,,,,,,,3GB / 15 Days,,,,,,,,TELNA-ISLE-OF-MAN-3GB-15D,0.0,,0,deny,manual,14.99,,false,false,,,,,,,,,,,,,kg,,,
isle-of-man,,,,,,,,,3GB / 30 Days,,,,,,,,TELNA-ISLE-OF-MAN-3GB-30D,0.0,,0,deny,manual,17.99,,false,false,,,,,,,,,,,,,kg,,,
isle-of-man,,,,,,,,,5GB / 5 Days,,,,,,,,TELNA-ISLE-OF-MAN-5GB-5D,0.0,,0,deny,manual,23.99,,false,false,,,,,,,,,,,,,kg,,,
isle-of-man,,,,,,,,,5GB / 10 Days,,,,,,,,TELNA-ISLE-OF-MAN-5GB-10D,0.0,,0,deny,manual,24.99,,false,false,,,,,,,,,,,,,kg,,,
isle-of-man,,,,,,,,,5GB / 15 Days,,,,,,,,TELNA-ISLE-OF-MAN-5GB-15D,0.0,,0,deny,manual,24.99,,false,false,,,,,,,,,,,,,kg,,,
isle-of-man,,,,,,,,,5GB / 30 Days,,,,,,,,TELNA-ISLE-OF-MAN-5GB-30D,0.0,,0,deny,manual,27.99,,false,false,,,,,,,,,,,,,kg,,,
isle-of-man,,,,,,,,,10GB / 5 Days,,,,,,,,TELNA-ISLE-OF-MAN-10GB-5D,0.0,,0,deny,manual,42.99,,false,false,,,,,,,,,,,,,kg,,,
isle-of-man,,,,,,,,,10GB / 10 Days,,,,,,,,TELNA-ISLE-OF-MAN-10GB-10D,0.0,,0,deny,manual,43.99,,false,false,,,,,,,,,,,,,kg,,,
isle-of-man,,,,,,,,,10GB / 15 Days,,,,,,,,TELNA-ISLE-OF-MAN-10GB-15D,0.0,,0,deny,manual,44.99,,false,false,,,,,,,,,,,,,kg,,,
isle-of-man,,,,,,,,,10GB / 30 Days,,,,,,,,TELNA-ISLE-OF-MAN-10GB-30D,0.0,,0,deny,manual,48.99,,false,false,,,,,,,,,,,,,kg,,,
isle-of-man,,,,,,,,,20GB / 5 Days,,,,,,,,TELNA-ISLE-OF-MAN-20GB-5D,0.0,,0,deny,manual,72.99,,false,false,,,,,,,,,,,,,kg,,,
isle-of-man,,,,,,,,,20GB / 10 Days,,,,,,,,TELNA-ISLE-OF-MAN-20GB-10D,0.0,,0,deny,manual,73.99,,false,false,,,,,,,,,,,,,kg,,,
isle-of-man,,,,,,,,,20GB / 15 Days,,,,,,,,TELNA-ISLE-OF-MAN-20GB-15D,0.0,,0,deny,manual,74.99,,false,false,,,,,,,,,,,,,kg,,,
isle-of-man,,,,,,,,,20GB / 30 Days,,,,,,,,TELNA-ISLE-OF-MAN-20GB-30D,0.0,,0,deny,manual,78.99,,false,false,,,,,,,,,,,,,kg,,,
ireland,Ireland,"<p>Travel eSIM data plan for Ireland.</p>
<p>Si vous possédez déjà une eSIM de chez nous, cet achat sera ajouté à votre eSIM existante sous forme de recharge. S’il s’agit de votre premier achat, nous vous enverrons votre code QR par courriel après la confirmation de votre paiement.</p>",Quebec eSIM,,eSIM,"eSIM, Ireland, Telna",false,Plan,1GB / 5 Days,,,,,,,,TELNA-IRELAND-1GB-5D,0.0,,0,deny,manual,2.99,,false,false,,,,,,,,,false,,,,kg,,,active
ireland,,,,,,,,,1GB / 10 Days,,,,,,,,TELNA-IRELAND-1GB-10D,0.0,,0,deny,manual,3.99,,false,false,,,,,,,,,,,,,kg,,,
ireland,,,,,,,,,1GB / 15 Days,,,,,,,,TELNA-IRELAND-1GB-15D,0.0,,0,deny,manual,4.99,,false,false,,,,,,,,,,,,,kg,,,
ireland,,,,,,,,,1GB / 30 Days,,,,,,,,TELNA-IRELAND-1GB-30D,0.0,,0,deny,manual,6.99,,false,false,,,,,,,,,,,,,kg,,,
ireland,,,,,,,,,3GB / 5 Days,,,,,,,,TELNA-IRELAND-3GB-5D,0.0,,0,deny,manual,7.99,,false,false,,,,,,,,,,,,,kg,,,
ireland,,,,,,,,,3GB / 10 Days,,,,,,,,TELNA-IRELAND-3GB-10D,0.0,,0,deny,manual,7.99,,false,false,,,,,,,,,,,,,kg,,,
ireland,,,,,,,,,3GB / 15 Days,,,,,,,,TELNA-IRELAND-3GB-15D,0.0,,0,deny,manual,8.99,,false,false,,,,,,,,,,,,,kg,,,
ireland,,,,,,,,,3GB / 30 Days,,,,,,,,TELNA-IRELAND-3GB-30D,0.0,,0,deny,manual,9.99,,false,false,,,,,,,,,,,,,kg,,,
ireland,,,,,,,,,5GB / 5 Days,,,,,,,,TELNA-IRELAND-5GB-5D,0.0,,0,deny,manual,4.99,,false,false,,,,,,,,,,,,,kg,,,
ireland,,,,,,,,,5GB / 10 Days,,,,,,,,TELNA-IRELAND-5GB-10D,0.0,,0,deny,manual,5.99,,false,false,,,,,,,,,,,,,kg,,,
ireland,,,,,,,,,5GB / 15 Days,,,,,,,,TELNA-IRELAND-5GB-15D,0.0,,0,deny,manual,6.99,,false,false,,,,,,,,,,,,,kg,,,
ireland,,,,,,,,,5GB / 30 Days,,,,,,,,TELNA-IRELAND-5GB-30D,0.0,,0,deny,manual,8.99,,false,false,,,,,,,,,,,,,kg,,,
ireland,,,,,,,,,10GB / 5 Days,,,,,,,,TELNA-IRELAND-10GB-5D,0.0,,0,deny,manual,8.99,,false,false,,,,,,,,,,,,,kg,,,
ireland,,,,,,,,,10GB / 10 Days,,,,,,,,TELNA-IRELAND-10GB-10D,0.0,,0,deny,manual,9.99,,false,false,,,,,,,,,,,,,kg,,,
ireland,,,,,,,,,10GB / 15 Days,,,,,,,,TELNA-IRELAND-10GB-15D,0.0,,0,deny,manual,9.99,,false,false,,,,,,,,,,,,,kg,,,
ireland,,,,,,,,,10GB / 30 Days,,,,,,,,TELNA-IRELAND-10GB-30D,0.0,,0,deny,manual,12.99,,false,false,,,,,,,,,,,,,kg,,,
ireland,,,,,,,,,20GB / 5 Days,,,,,,,,TELNA-IRELAND-20GB-5D,0.0,,0,deny,manual,17.99,,false,false,,,,,,,,,,,,,kg,,,
ireland,,,,,,,,,20GB / 10 Days,,,,,,,,TELNA-IRELAND-20GB-10D,0.0,,0,deny,manual,18.99,,false,false,,,,,,,,,,,,,kg,,,
ireland,,,,,,,,,20GB / 15 Days,,,,,,,,TELNA-IRELAND-20GB-15D,0.0,,0,deny,manual,19.99,,false,false,,,,,,,,,,,,,kg,,,
ireland,,,,,,,,,20GB / 30 Days,,,,,,,,TELNA-IRELAND-20GB-30D,0.0,,0,deny,manual,21.99,,false,false,,,,,,,,,,,,,kg,,,
ireland,,,,,,,,,Unlimited / 5 Days,,,,,,,,TELNA-IRELAND-UNLIMITED-5D,0.0,,0,deny,manual,14.99,,false,false,,,,,,,,,,,,,kg,,,
ireland,,,,,,,,,Unlimited / 10 Days,,,,,,,,TELNA-IRELAND-UNLIMITED-10D,0.0,,0,deny,manual,24.99,,false,false,,,,,,,,,,,,,kg,,,
ireland,,,,,,,,,Unlimited / 15 Days,,,,,,,,TELNA-IRELAND-UNLIMITED-15D,0.0,,0,deny,manual,39.99,,false,false,,,,,,,,,,,,,kg,,,
ireland,,,,,,,,,Unlimited / 30 Days,,,,,,,,TELNA-IRELAND-UNLIMITED-30D,0.0,,0,deny,manual,49.99,,false,false,,,,,,,,,,,,,kg,,,
iraq,Iraq,"<p>Travel eSIM data plan for Iraq.</p>
<p>Si vous possédez déjà une eSIM de chez nous, cet achat sera ajouté à votre eSIM existante sous forme de recharge. S’il s’agit de votre premier achat, nous vous enverrons votre code QR par courriel après la confirmation de votre paiement.</p>",Quebec eSIM,,eSIM,"eSIM, Iraq, Telna",false,Plan,1GB / 5 Days,,,,,,,,TELNA-IRAQ-1GB-5D,0.0,,0,deny,manual,4.99,,false,false,,,,,,,,,false,,,,kg,,,active
iraq,,,,,,,,,1GB / 10 Days,,,,,,,,TELNA-IRAQ-1GB-10D,0.0,,0,deny,manual,5.99,,false,false,,,,,,,,,,,,,kg,,,
iraq,,,,,,,,,1GB / 15 Days,,,,,,,,TELNA-IRAQ-1GB-15D,0.0,,0,deny,manual,6.99,,false,false,,,,,,,,,,,,,kg,,,
iraq,,,,,,,,,1GB / 30 Days,,,,,,,,TELNA-IRAQ-1GB-30D,0.0,,0,deny,manual,8.99,,false,false,,,,,,,,,,,,,kg,,,
iraq,,,,,,,,,3GB / 5 Days,,,,,,,,TELNA-IRAQ-3GB-5D,0.0,,0,deny,manual,12.99,,false,false,,,,,,,,,,,,,kg,,,
iraq,,,,,,,,,3GB / 10 Days,,,,,,,,TELNA-IRAQ-3GB-10D,0.0,,0,deny,manual,13.99,,false,false,,,,,,,,,,,,,kg,,,
iraq,,,,,,,,,3GB / 15 Days,,,,,,,,TELNA-IRAQ-3GB-15D,0.0,,0,deny,manual,14.99,,false,false,,,,,,,,,,,,,kg,,,
iraq,,,,,,,,,3GB / 30 Days,,,,,,,,TELNA-IRAQ-3GB-30D,0.0,,0,deny,manual,16.99,,false,false,,,,,,,,,,,,,kg,,,
iraq,,,,,,,,,5GB / 5 Days,,,,,,,,TELNA-IRAQ-5GB-5D,0.0,,0,deny,manual,18.99,,false,false,,,,,,,,,,,,,kg,,,
iraq,,,,,,,,,5GB / 10 Days,,,,,,,,TELNA-IRAQ-5GB-10D,0.0,,0,deny,manual,19.99,,false,false,,,,,,,,,,,,,kg,,,
iraq,,,,,,,,,5GB / 15 Days,,,,,,,,TELNA-IRAQ-5GB-15D,0.0,,0,deny,manual,19.99,,false,false,,,,,,,,,,,,,kg,,,
iraq,,,,,,,,,5GB / 30 Days,,,,,,,,TELNA-IRAQ-5GB-30D,0.0,,0,deny,manual,22.99,,false,false,,,,,,,,,,,,,kg,,,
iraq,,,,,,,,,10GB / 5 Days,,,,,,,,TELNA-IRAQ-10GB-5D,0.0,,0,deny,manual,33.99,,false,false,,,,,,,,,,,,,kg,,,
iraq,,,,,,,,,10GB / 10 Days,,,,,,,,TELNA-IRAQ-10GB-10D,0.0,,0,deny,manual,34.99,,false,false,,,,,,,,,,,,,kg,,,
iraq,,,,,,,,,10GB / 15 Days,,,,,,,,TELNA-IRAQ-10GB-15D,0.0,,0,deny,manual,34.99,,false,false,,,,,,,,,,,,,kg,,,
iraq,,,,,,,,,10GB / 30 Days,,,,,,,,TELNA-IRAQ-10GB-30D,0.0,,0,deny,manual,37.99,,false,false,,,,,,,,,,,,,kg,,,
iraq,,,,,,,,,20GB / 5 Days,,,,,,,,TELNA-IRAQ-20GB-5D,0.0,,0,deny,manual,52.99,,false,false,,,,,,,,,,,,,kg,,,
iraq,,,,,,,,,20GB / 10 Days,,,,,,,,TELNA-IRAQ-20GB-10D,0.0,,0,deny,manual,53.99,,false,false,,,,,,,,,,,,,kg,,,
iraq,,,,,,,,,20GB / 15 Days,,,,,,,,TELNA-IRAQ-20GB-15D,0.0,,0,deny,manual,54.99,,false,false,,,,,,,,,,,,,kg,,,
iraq,,,,,,,,,20GB / 30 Days,,,,,,,,TELNA-IRAQ-20GB-30D,0.0,,0,deny,manual,58.99,,false,false,,,,,,,,,,,,,kg,,,
iraq,,,,,,,,,Unlimited / 5 Days,,,,,,,,TELNA-IRAQ-UNLIMITED-5D,0.0,,0,deny,manual,17.99,,false,false,,,,,,,,,,,,,kg,,,
iraq,,,,,,,,,Unlimited / 10 Days,,,,,,,,TELNA-IRAQ-UNLIMITED-10D,0.0,,0,deny,manual,34.99,,false,false,,,,,,,,,,,,,kg,,,
iraq,,,,,,,,,Unlimited / 15 Days,,,,,,,,TELNA-IRAQ-UNLIMITED-15D,0.0,,0,deny,manual,64.99,,false,false,,,,,,,,,,,,,kg,,,
iraq,,,,,,,,,Unlimited / 30 Days,,,,,,,,TELNA-IRAQ-UNLIMITED-30D,0.0,,0,deny,manual,79.99,,false,false,,,,,,,,,,,,,kg,,,
indonesia,Indonesia,"<p>Travel eSIM data plan for Indonesia.</p>
<p>Si vous possédez déjà une eSIM de chez nous, cet achat sera ajouté à votre eSIM existante sous forme de recharge. S’il s’agit de votre premier achat, nous vous enverrons votre code QR par courriel après la confirmation de votre paiement.</p>",Quebec eSIM,,eSIM,"eSIM, Indonesia, Telna",false,Plan,1GB / 5 Days,,,,,,,,TELNA-INDONESIA-1GB-5D,0.0,,0,deny,manual,3.99,,false,false,,,,,,,,,false,,,,kg,,,active
indonesia,,,,,,,,,1GB / 10 Days,,,,,,,,TELNA-INDONESIA-1GB-10D,0.0,,0,deny,manual,4.99,,false,false,,,,,,,,,,,,,kg,,,
indonesia,,,,,,,,,1GB / 15 Days,,,,,,,,TELNA-INDONESIA-1GB-15D,0.0,,0,deny,manual,4.99,,false,false,,,,,,,,,,,,,kg,,,
indonesia,,,,,,,,,1GB / 30 Days,,,,,,,,TELNA-INDONESIA-1GB-30D,0.0,,0,deny,manual,7.99,,false,false,,,,,,,,,,,,,kg,,,
indonesia,,,,,,,,,3GB / 5 Days,,,,,,,,TELNA-INDONESIA-3GB-5D,0.0,,0,deny,manual,6.99,,false,false,,,,,,,,,,,,,kg,,,
indonesia,,,,,,,,,3GB / 10 Days,,,,,,,,TELNA-INDONESIA-3GB-10D,0.0,,0,deny,manual,6.99,,false,false,,,,,,,,,,,,,kg,,,
indonesia,,,,,,,,,3GB / 15 Days,,,,,,,,TELNA-INDONESIA-3GB-15D,0.0,,0,deny,manual,7.99,,false,false,,,,,,,,,,,,,kg,,,
indonesia,,,,,,,,,3GB / 30 Days,,,,,,,,TELNA-INDONESIA-3GB-30D,0.0,,0,deny,manual,8.99,,false,false,,,,,,,,,,,,,kg,,,
indonesia,,,,,,,,,5GB / 5 Days,,,,,,,,TELNA-INDONESIA-5GB-5D,0.0,,0,deny,manual,5.99,,false,false,,,,,,,,,,,,,kg,,,
indonesia,,,,,,,,,5GB / 10 Days,,,,,,,,TELNA-INDONESIA-5GB-10D,0.0,,0,deny,manual,6.99,,false,false,,,,,,,,,,,,,kg,,,
indonesia,,,,,,,,,5GB / 15 Days,,,,,,,,TELNA-INDONESIA-5GB-15D,0.0,,0,deny,manual,7.99,,false,false,,,,,,,,,,,,,kg,,,
indonesia,,,,,,,,,5GB / 30 Days,,,,,,,,TELNA-INDONESIA-5GB-30D,0.0,,0,deny,manual,9.99,,false,false,,,,,,,,,,,,,kg,,,
indonesia,,,,,,,,,10GB / 5 Days,,,,,,,,TELNA-INDONESIA-10GB-5D,0.0,,0,deny,manual,12.99,,false,false,,,,,,,,,,,,,kg,,,
indonesia,,,,,,,,,10GB / 10 Days,,,,,,,,TELNA-INDONESIA-10GB-10D,0.0,,0,deny,manual,13.99,,false,false,,,,,,,,,,,,,kg,,,
indonesia,,,,,,,,,10GB / 15 Days,,,,,,,,TELNA-INDONESIA-10GB-15D,0.0,,0,deny,manual,14.99,,false,false,,,,,,,,,,,,,kg,,,
indonesia,,,,,,,,,10GB / 30 Days,,,,,,,,TELNA-INDONESIA-10GB-30D,0.0,,0,deny,manual,16.99,,false,false,,,,,,,,,,,,,kg,,,
indonesia,,,,,,,,,20GB / 5 Days,,,,,,,,TELNA-INDONESIA-20GB-5D,0.0,,0,deny,manual,23.99,,false,false,,,,,,,,,,,,,kg,,,
indonesia,,,,,,,,,20GB / 10 Days,,,,,,,,TELNA-INDONESIA-20GB-10D,0.0,,0,deny,manual,24.99,,false,false,,,,,,,,,,,,,kg,,,
indonesia,,,,,,,,,20GB / 15 Days,,,,,,,,TELNA-INDONESIA-20GB-15D,0.0,,0,deny,manual,24.99,,false,false,,,,,,,,,,,,,kg,,,
indonesia,,,,,,,,,20GB / 30 Days,,,,,,,,TELNA-INDONESIA-20GB-30D,0.0,,0,deny,manual,27.99,,false,false,,,,,,,,,,,,,kg,,,
indonesia,,,,,,,,,Unlimited / 5 Days,,,,,,,,TELNA-INDONESIA-UNLIMITED-5D,0.0,,0,deny,manual,14.99,,false,false,,,,,,,,,,,,,kg,,,
indonesia,,,,,,,,,Unlimited / 10 Days,,,,,,,,TELNA-INDONESIA-UNLIMITED-10D,0.0,,0,deny,manual,24.99,,false,false,,,,,,,,,,,,,kg,,,
indonesia,,,,,,,,,Unlimited / 15 Days,,,,,,,,TELNA-INDONESIA-UNLIMITED-15D,0.0,,0,deny,manual,39.99,,false,false,,,,,,,,,,,,,kg,,,
indonesia,,,,,,,,,Unlimited / 30 Days,,,,,,,,TELNA-INDONESIA-UNLIMITED-30D,0.0,,0,deny,manual,49.99,,false,false,,,,,,,,,,,,,kg,,,
india,India,"<p>Travel eSIM data plan for India.</p>
<p>Si vous possédez déjà une eSIM de chez nous, cet achat sera ajouté à votre eSIM existante sous forme de recharge. S’il s’agit de votre premier achat, nous vous enverrons votre code QR par courriel après la confirmation de votre paiement.</p>",Quebec eSIM,,eSIM,"eSIM, India, Telna",false,Plan,1GB / 5 Days,,,,,,,,TELNA-INDIA-1GB-5D,0.0,,0,deny,manual,3.99,,false,false,,,,,,,,,false,,,,kg,,,active
india,,,,,,,,,1GB / 10 Days,,,,,,,,TELNA-INDIA-1GB-10D,0.0,,0,deny,manual,4.99,,false,false,,,,,,,,,,,,,kg,,,
india,,,,,,,,,1GB / 15 Days,,,,,,,,TELNA-INDIA-1GB-15D,0.0,,0,deny,manual,4.99,,false,false,,,,,,,,,,,,,kg,,,
india,,,,,,,,,1GB / 30 Days,,,,,,,,TELNA-INDIA-1GB-30D,0.0,,0,deny,manual,7.99,,false,false,,,,,,,,,,,,,kg,,,
india,,,,,,,,,3GB / 5 Days,,,,,,,,TELNA-INDIA-3GB-5D,0.0,,0,deny,manual,4.99,,false,false,,,,,,,,,,,,,kg,,,
india,,,,,,,,,3GB / 10 Days,,,,,,,,TELNA-INDIA-3GB-10D,0.0,,0,deny,manual,5.99,,false,false,,,,,,,,,,,,,kg,,,
india,,,,,,,,,3GB / 15 Days,,,,,,,,TELNA-INDIA-3GB-15D,0.0,,0,deny,manual,6.99,,false,false,,,,,,,,,,,,,kg,,,
india,,,,,,,,,3GB / 30 Days,,,,,,,,TELNA-INDIA-3GB-30D,0.0,,0,deny,manual,8.99,,false,false,,,,,,,,,,,,,kg,,,
india,,,,,,,,,5GB / 5 Days,,,,,,,,TELNA-INDIA-5GB-5D,0.0,,0,deny,manual,7.99,,false,false,,,,,,,,,,,,,kg,,,
india,,,,,,,,,5GB / 10 Days,,,,,,,,TELNA-INDIA-5GB-10D,0.0,,0,deny,manual,8.99,,false,false,,,,,,,,,,,,,kg,,,
india,,,,,,,,,5GB / 15 Days,,,,,,,,TELNA-INDIA-5GB-15D,0.0,,0,deny,manual,9.99,,false,false,,,,,,,,,,,,,kg,,,
india,,,,,,,,,5GB / 30 Days,,,,,,,,TELNA-INDIA-5GB-30D,0.0,,0,deny,manual,11.99,,false,false,,,,,,,,,,,,,kg,,,
india,,,,,,,,,10GB / 5 Days,,,,,,,,TELNA-INDIA-10GB-5D,0.0,,0,deny,manual,14.99,,false,false,,,,,,,,,,,,,kg,,,
india,,,,,,,,,10GB / 10 Days,,,,,,,,TELNA-INDIA-10GB-10D,0.0,,0,deny,manual,15.99,,false,false,,,,,,,,,,,,,kg,,,
india,,,,,,,,,10GB / 15 Days,,,,,,,,TELNA-INDIA-10GB-15D,0.0,,0,deny,manual,16.99,,false,false,,,,,,,,,,,,,kg,,,
india,,,,,,,,,10GB / 30 Days,,,,,,,,TELNA-INDIA-10GB-30D,0.0,,0,deny,manual,18.99,,false,false,,,,,,,,,,,,,kg,,,
india,,,,,,,,,20GB / 5 Days,,,,,,,,TELNA-INDIA-20GB-5D,0.0,,0,deny,manual,24.99,,false,false,,,,,,,,,,,,,kg,,,
india,,,,,,,,,20GB / 10 Days,,,,,,,,TELNA-INDIA-20GB-10D,0.0,,0,deny,manual,25.99,,false,false,,,,,,,,,,,,,kg,,,
india,,,,,,,,,20GB / 15 Days,,,,,,,,TELNA-INDIA-20GB-15D,0.0,,0,deny,manual,26.99,,false,false,,,,,,,,,,,,,kg,,,
india,,,,,,,,,20GB / 30 Days,,,,,,,,TELNA-INDIA-20GB-30D,0.0,,0,deny,manual,28.99,,false,false,,,,,,,,,,,,,kg,,,
india,,,,,,,,,40GB / 5 Days,,,,,,,,TELNA-INDIA-40GB-5D,0.0,,0,deny,manual,74.99,,false,false,,,,,,,,,,,,,kg,,,
india,,,,,,,,,40GB / 10 Days,,,,,,,,TELNA-INDIA-40GB-10D,0.0,,0,deny,manual,74.99,,false,false,,,,,,,,,,,,,kg,,,
india,,,,,,,,,40GB / 15 Days,,,,,,,,TELNA-INDIA-40GB-15D,0.0,,0,deny,manual,74.99,,false,false,,,,,,,,,,,,,kg,,,
india,,,,,,,,,40GB / 30 Days,,,,,,,,TELNA-INDIA-40GB-30D,0.0,,0,deny,manual,79.99,,false,false,,,,,,,,,,,,,kg,,,
india,,,,,,,,,Unlimited / 5 Days,,,,,,,,TELNA-INDIA-UNLIMITED-5D,0.0,,0,deny,manual,24.99,,false,false,,,,,,,,,,,,,kg,,,
india,,,,,,,,,Unlimited / 10 Days,,,,,,,,TELNA-INDIA-UNLIMITED-10D,0.0,,0,deny,manual,44.99,,false,false,,,,,,,,,,,,,kg,,,
india,,,,,,,,,Unlimited / 15 Days,,,,,,,,TELNA-INDIA-UNLIMITED-15D,0.0,,0,deny,manual,49.99,,false,false,,,,,,,,,,,,,kg,,,
india,,,,,,,,,Unlimited / 30 Days,,,,,,,,TELNA-INDIA-UNLIMITED-30D,0.0,,0,deny,manual,79.99,,false,false,,,,,,,,,,,,,kg,,,
iceland,Iceland,"<p>Travel eSIM data plan for Iceland.</p>
<p>Si vous possédez déjà une eSIM de chez nous, cet achat sera ajouté à votre eSIM existante sous forme de recharge. S’il s’agit de votre premier achat, nous vous enverrons votre code QR par courriel après la confirmation de votre paiement.</p>",Quebec eSIM,,eSIM,"eSIM, Iceland, Telna",false,Plan,1GB / 5 Days,,,,,,,,TELNA-ICELAND-1GB-5D,0.0,,0,deny,manual,2.99,,false,false,,,,,,,,,false,,,,kg,,,active
iceland,,,,,,,,,1GB / 10 Days,,,,,,,,TELNA-ICELAND-1GB-10D,0.0,,0,deny,manual,3.99,,false,false,,,,,,,,,,,,,kg,,,
iceland,,,,,,,,,1GB / 15 Days,,,,,,,,TELNA-ICELAND-1GB-15D,0.0,,0,deny,manual,4.99,,false,false,,,,,,,,,,,,,kg,,,
iceland,,,,,,,,,1GB / 30 Days,,,,,,,,TELNA-ICELAND-1GB-30D,0.0,,0,deny,manual,6.99,,false,false,,,,,,,,,,,,,kg,,,
iceland,,,,,,,,,3GB / 5 Days,,,,,,,,TELNA-ICELAND-3GB-5D,0.0,,0,deny,manual,7.99,,false,false,,,,,,,,,,,,,kg,,,
iceland,,,,,,,,,3GB / 10 Days,,,,,,,,TELNA-ICELAND-3GB-10D,0.0,,0,deny,manual,7.99,,false,false,,,,,,,,,,,,,kg,,,
iceland,,,,,,,,,3GB / 15 Days,,,,,,,,TELNA-ICELAND-3GB-15D,0.0,,0,deny,manual,8.99,,false,false,,,,,,,,,,,,,kg,,,
iceland,,,,,,,,,3GB / 30 Days,,,,,,,,TELNA-ICELAND-3GB-30D,0.0,,0,deny,manual,9.99,,false,false,,,,,,,,,,,,,kg,,,
iceland,,,,,,,,,5GB / 5 Days,,,,,,,,TELNA-ICELAND-5GB-5D,0.0,,0,deny,manual,4.99,,false,false,,,,,,,,,,,,,kg,,,
iceland,,,,,,,,,5GB / 10 Days,,,,,,,,TELNA-ICELAND-5GB-10D,0.0,,0,deny,manual,5.99,,false,false,,,,,,,,,,,,,kg,,,
iceland,,,,,,,,,5GB / 15 Days,,,,,,,,TELNA-ICELAND-5GB-15D,0.0,,0,deny,manual,6.99,,false,false,,,,,,,,,,,,,kg,,,
iceland,,,,,,,,,5GB / 30 Days,,,,,,,,TELNA-ICELAND-5GB-30D,0.0,,0,deny,manual,8.99,,false,false,,,,,,,,,,,,,kg,,,
iceland,,,,,,,,,10GB / 5 Days,,,,,,,,TELNA-ICELAND-10GB-5D,0.0,,0,deny,manual,8.99,,false,false,,,,,,,,,,,,,kg,,,
iceland,,,,,,,,,10GB / 10 Days,,,,,,,,TELNA-ICELAND-10GB-10D,0.0,,0,deny,manual,9.99,,false,false,,,,,,,,,,,,,kg,,,
iceland,,,,,,,,,10GB / 15 Days,,,,,,,,TELNA-ICELAND-10GB-15D,0.0,,0,deny,manual,9.99,,false,false,,,,,,,,,,,,,kg,,,
iceland,,,,,,,,,10GB / 30 Days,,,,,,,,TELNA-ICELAND-10GB-30D,0.0,,0,deny,manual,12.99,,false,false,,,,,,,,,,,,,kg,,,
iceland,,,,,,,,,20GB / 5 Days,,,,,,,,TELNA-ICELAND-20GB-5D,0.0,,0,deny,manual,17.99,,false,false,,,,,,,,,,,,,kg,,,
iceland,,,,,,,,,20GB / 10 Days,,,,,,,,TELNA-ICELAND-20GB-10D,0.0,,0,deny,manual,18.99,,false,false,,,,,,,,,,,,,kg,,,
iceland,,,,,,,,,20GB / 15 Days,,,,,,,,TELNA-ICELAND-20GB-15D,0.0,,0,deny,manual,19.99,,false,false,,,,,,,,,,,,,kg,,,
iceland,,,,,,,,,20GB / 30 Days,,,,,,,,TELNA-ICELAND-20GB-30D,0.0,,0,deny,manual,21.99,,false,false,,,,,,,,,,,,,kg,,,
iceland,,,,,,,,,Unlimited / 5 Days,,,,,,,,TELNA-ICELAND-UNLIMITED-5D,0.0,,0,deny,manual,14.99,,false,false,,,,,,,,,,,,,kg,,,
iceland,,,,,,,,,Unlimited / 10 Days,,,,,,,,TELNA-ICELAND-UNLIMITED-10D,0.0,,0,deny,manual,24.99,,false,false,,,,,,,,,,,,,kg,,,
iceland,,,,,,,,,Unlimited / 15 Days,,,,,,,,TELNA-ICELAND-UNLIMITED-15D,0.0,,0,deny,manual,39.99,,false,false,,,,,,,,,,,,,kg,,,
iceland,,,,,,,,,Unlimited / 30 Days,,,,,,,,TELNA-ICELAND-UNLIMITED-30D,0.0,,0,deny,manual,49.99,,false,false,,,,,,,,,,,,,kg,,,
hungary,Hungary,"<p>Travel eSIM data plan for Hungary.</p>
<p>Si vous possédez déjà une eSIM de chez nous, cet achat sera ajouté à votre eSIM existante sous forme de recharge. S’il s’agit de votre premier achat, nous vous enverrons votre code QR par courriel après la confirmation de votre paiement.</p>",Quebec eSIM,,eSIM,"eSIM, Hungary, Telna",false,Plan,1GB / 5 Days,,,,,,,,TELNA-HUNGARY-1GB-5D,0.0,,0,deny,manual,3.99,,false,false,,,,,,,,,false,,,,kg,,,active
hungary,,,,,,,,,1GB / 10 Days,,,,,,,,TELNA-HUNGARY-1GB-10D,0.0,,0,deny,manual,4.99,,false,false,,,,,,,,,,,,,kg,,,
hungary,,,,,,,,,1GB / 15 Days,,,,,,,,TELNA-HUNGARY-1GB-15D,0.0,,0,deny,manual,4.99,,false,false,,,,,,,,,,,,,kg,,,
hungary,,,,,,,,,1GB / 30 Days,,,,,,,,TELNA-HUNGARY-1GB-30D,0.0,,0,deny,manual,7.99,,false,false,,,,,,,,,,,,,kg,,,
hungary,,,,,,,,,3GB / 5 Days,,,,,,,,TELNA-HUNGARY-3GB-5D,0.0,,0,deny,manual,7.99,,false,false,,,,,,,,,,,,,kg,,,
hungary,,,,,,,,,3GB / 10 Days,,,,,,,,TELNA-HUNGARY-3GB-10D,0.0,,0,deny,manual,7.99,,false,false,,,,,,,,,,,,,kg,,,
hungary,,,,,,,,,3GB / 15 Days,,,,,,,,TELNA-HUNGARY-3GB-15D,0.0,,0,deny,manual,8.99,,false,false,,,,,,,,,,,,,kg,,,
hungary,,,,,,,,,3GB / 30 Days,,,,,,,,TELNA-HUNGARY-3GB-30D,0.0,,0,deny,manual,9.99,,false,false,,,,,,,,,,,,,kg,,,
hungary,,,,,,,,,5GB / 5 Days,,,,,,,,TELNA-HUNGARY-5GB-5D,0.0,,0,deny,manual,5.99,,false,false,,,,,,,,,,,,,kg,,,
hungary,,,,,,,,,5GB / 10 Days,,,,,,,,TELNA-HUNGARY-5GB-10D,0.0,,0,deny,manual,6.99,,false,false,,,,,,,,,,,,,kg,,,
hungary,,,,,,,,,5GB / 15 Days,,,,,,,,TELNA-HUNGARY-5GB-15D,0.0,,0,deny,manual,7.99,,false,false,,,,,,,,,,,,,kg,,,
hungary,,,,,,,,,5GB / 30 Days,,,,,,,,TELNA-HUNGARY-5GB-30D,0.0,,0,deny,manual,9.99,,false,false,,,,,,,,,,,,,kg,,,
hungary,,,,,,,,,10GB / 5 Days,,,,,,,,TELNA-HUNGARY-10GB-5D,0.0,,0,deny,manual,11.99,,false,false,,,,,,,,,,,,,kg,,,
hungary,,,,,,,,,10GB / 10 Days,,,,,,,,TELNA-HUNGARY-10GB-10D,0.0,,0,deny,manual,12.99,,false,false,,,,,,,,,,,,,kg,,,
hungary,,,,,,,,,10GB / 15 Days,,,,,,,,TELNA-HUNGARY-10GB-15D,0.0,,0,deny,manual,13.99,,false,false,,,,,,,,,,,,,kg,,,
hungary,,,,,,,,,10GB / 30 Days,,,,,,,,TELNA-HUNGARY-10GB-30D,0.0,,0,deny,manual,15.99,,false,false,,,,,,,,,,,,,kg,,,
hungary,,,,,,,,,20GB / 5 Days,,,,,,,,TELNA-HUNGARY-20GB-5D,0.0,,0,deny,manual,20.99,,false,false,,,,,,,,,,,,,kg,,,
hungary,,,,,,,,,20GB / 10 Days,,,,,,,,TELNA-HUNGARY-20GB-10D,0.0,,0,deny,manual,21.99,,false,false,,,,,,,,,,,,,kg,,,
hungary,,,,,,,,,20GB / 15 Days,,,,,,,,TELNA-HUNGARY-20GB-15D,0.0,,0,deny,manual,22.99,,false,false,,,,,,,,,,,,,kg,,,
hungary,,,,,,,,,20GB / 30 Days,,,,,,,,TELNA-HUNGARY-20GB-30D,0.0,,0,deny,manual,24.99,,false,false,,,,,,,,,,,,,kg,,,
hungary,,,,,,,,,Unlimited / 5 Days,,,,,,,,TELNA-HUNGARY-UNLIMITED-5D,0.0,,0,deny,manual,14.99,,false,false,,,,,,,,,,,,,kg,,,
hungary,,,,,,,,,Unlimited / 10 Days,,,,,,,,TELNA-HUNGARY-UNLIMITED-10D,0.0,,0,deny,manual,24.99,,false,false,,,,,,,,,,,,,kg,,,
hungary,,,,,,,,,Unlimited / 15 Days,,,,,,,,TELNA-HUNGARY-UNLIMITED-15D,0.0,,0,deny,manual,39.99,,false,false,,,,,,,,,,,,,kg,,,
hungary,,,,,,,,,Unlimited / 30 Days,,,,,,,,TELNA-HUNGARY-UNLIMITED-30D,0.0,,0,deny,manual,49.99,,false,false,,,,,,,,,,,,,kg,,,
hong-kong,Hong Kong,"<p>Travel eSIM data plan for Hong Kong.</p>
<p>Si vous possédez déjà une eSIM de chez nous, cet achat sera ajouté à votre eSIM existante sous forme de recharge. S’il s’agit de votre premier achat, nous vous enverrons votre code QR par courriel après la confirmation de votre paiement.</p>",Quebec eSIM,,eSIM,"eSIM, Hong Kong, Telna",false,Plan,1GB / 5 Days,,,,,,,,TELNA-HONG-KONG-1GB-5D,0.0,,0,deny,manual,3.99,,false,false,,,,,,,,,false,,,,kg,,,active
hong-kong,,,,,,,,,1GB / 10 Days,,,,,,,,TELNA-HONG-KONG-1GB-10D,0.0,,0,deny,manual,4.99,,false,false,,,,,,,,,,,,,kg,,,
hong-kong,,,,,,,,,1GB / 15 Days,,,,,,,,TELNA-HONG-KONG-1GB-15D,0.0,,0,deny,manual,4.99,,false,false,,,,,,,,,,,,,kg,,,
hong-kong,,,,,,,,,1GB / 30 Days,,,,,,,,TELNA-HONG-KONG-1GB-30D,0.0,,0,deny,manual,7.99,,false,false,,,,,,,,,,,,,kg,,,
hong-kong,,,,,,,,,3GB / 5 Days,,,,,,,,TELNA-HONG-KONG-3GB-5D,0.0,,0,deny,manual,4.99,,false,false,,,,,,,,,,,,,kg,,,
hong-kong,,,,,,,,,3GB / 10 Days,,,,,,,,TELNA-HONG-KONG-3GB-10D,0.0,,0,deny,manual,5.99,,false,false,,,,,,,,,,,,,kg,,,
hong-kong,,,,,,,,,3GB / 15 Days,,,,,,,,TELNA-HONG-KONG-3GB-15D,0.0,,0,deny,manual,6.99,,false,false,,,,,,,,,,,,,kg,,,
hong-kong,,,,,,,,,3GB / 30 Days,,,,,,,,TELNA-HONG-KONG-3GB-30D,0.0,,0,deny,manual,8.99,,false,false,,,,,,,,,,,,,kg,,,
hong-kong,,,,,,,,,5GB / 5 Days,,,,,,,,TELNA-HONG-KONG-5GB-5D,0.0,,0,deny,manual,5.99,,false,false,,,,,,,,,,,,,kg,,,
hong-kong,,,,,,,,,5GB / 10 Days,,,,,,,,TELNA-HONG-KONG-5GB-10D,0.0,,0,deny,manual,6.99,,false,false,,,,,,,,,,,,,kg,,,
hong-kong,,,,,,,,,5GB / 15 Days,,,,,,,,TELNA-HONG-KONG-5GB-15D,0.0,,0,deny,manual,7.99,,false,false,,,,,,,,,,,,,kg,,,
hong-kong,,,,,,,,,5GB / 30 Days,,,,,,,,TELNA-HONG-KONG-5GB-30D,0.0,,0,deny,manual,9.99,,false,false,,,,,,,,,,,,,kg,,,
hong-kong,,,,,,,,,10GB / 5 Days,,,,,,,,TELNA-HONG-KONG-10GB-5D,0.0,,0,deny,manual,12.99,,false,false,,,,,,,,,,,,,kg,,,
hong-kong,,,,,,,,,10GB / 10 Days,,,,,,,,TELNA-HONG-KONG-10GB-10D,0.0,,0,deny,manual,13.99,,false,false,,,,,,,,,,,,,kg,,,
hong-kong,,,,,,,,,10GB / 15 Days,,,,,,,,TELNA-HONG-KONG-10GB-15D,0.0,,0,deny,manual,14.99,,false,false,,,,,,,,,,,,,kg,,,
hong-kong,,,,,,,,,10GB / 30 Days,,,,,,,,TELNA-HONG-KONG-10GB-30D,0.0,,0,deny,manual,16.99,,false,false,,,,,,,,,,,,,kg,,,
hong-kong,,,,,,,,,20GB / 5 Days,,,,,,,,TELNA-HONG-KONG-20GB-5D,0.0,,0,deny,manual,23.99,,false,false,,,,,,,,,,,,,kg,,,
hong-kong,,,,,,,,,20GB / 10 Days,,,,,,,,TELNA-HONG-KONG-20GB-10D,0.0,,0,deny,manual,24.99,,false,false,,,,,,,,,,,,,kg,,,
hong-kong,,,,,,,,,20GB / 15 Days,,,,,,,,TELNA-HONG-KONG-20GB-15D,0.0,,0,deny,manual,24.99,,false,false,,,,,,,,,,,,,kg,,,
hong-kong,,,,,,,,,20GB / 30 Days,,,,,,,,TELNA-HONG-KONG-20GB-30D,0.0,,0,deny,manual,27.99,,false,false,,,,,,,,,,,,,kg,,,
honduras,Honduras,"<p>Travel eSIM data plan for Honduras.</p>
<p>Si vous possédez déjà une eSIM de chez nous, cet achat sera ajouté à votre eSIM existante sous forme de recharge. S’il s’agit de votre premier achat, nous vous enverrons votre code QR par courriel après la confirmation de votre paiement.</p>",Quebec eSIM,,eSIM,"eSIM, Honduras, Telna",false,Plan,1GB / 5 Days,,,,,,,,TELNA-HONDURAS-1GB-5D,0.0,,0,deny,manual,4.99,,false,false,,,,,,,,,false,,,,kg,,,active
honduras,,,,,,,,,1GB / 10 Days,,,,,,,,TELNA-HONDURAS-1GB-10D,0.0,,0,deny,manual,5.99,,false,false,,,,,,,,,,,,,kg,,,
honduras,,,,,,,,,1GB / 15 Days,,,,,,,,TELNA-HONDURAS-1GB-15D,0.0,,0,deny,manual,6.99,,false,false,,,,,,,,,,,,,kg,,,
honduras,,,,,,,,,1GB / 30 Days,,,,,,,,TELNA-HONDURAS-1GB-30D,0.0,,0,deny,manual,8.99,,false,false,,,,,,,,,,,,,kg,,,
honduras,,,,,,,,,3GB / 5 Days,,,,,,,,TELNA-HONDURAS-3GB-5D,0.0,,0,deny,manual,13.99,,false,false,,,,,,,,,,,,,kg,,,
honduras,,,,,,,,,3GB / 10 Days,,,,,,,,TELNA-HONDURAS-3GB-10D,0.0,,0,deny,manual,14.99,,false,false,,,,,,,,,,,,,kg,,,
honduras,,,,,,,,,3GB / 15 Days,,,,,,,,TELNA-HONDURAS-3GB-15D,0.0,,0,deny,manual,14.99,,false,false,,,,,,,,,,,,,kg,,,
honduras,,,,,,,,,3GB / 30 Days,,,,,,,,TELNA-HONDURAS-3GB-30D,0.0,,0,deny,manual,17.99,,false,false,,,,,,,,,,,,,kg,,,
honduras,,,,,,,,,5GB / 5 Days,,,,,,,,TELNA-HONDURAS-5GB-5D,0.0,,0,deny,manual,23.99,,false,false,,,,,,,,,,,,,kg,,,
honduras,,,,,,,,,5GB / 10 Days,,,,,,,,TELNA-HONDURAS-5GB-10D,0.0,,0,deny,manual,24.99,,false,false,,,,,,,,,,,,,kg,,,
honduras,,,,,,,,,5GB / 15 Days,,,,,,,,TELNA-HONDURAS-5GB-15D,0.0,,0,deny,manual,24.99,,false,false,,,,,,,,,,,,,kg,,,
honduras,,,,,,,,,5GB / 30 Days,,,,,,,,TELNA-HONDURAS-5GB-30D,0.0,,0,deny,manual,27.99,,false,false,,,,,,,,,,,,,kg,,,
honduras,,,,,,,,,10GB / 5 Days,,,,,,,,TELNA-HONDURAS-10GB-5D,0.0,,0,deny,manual,40.99,,false,false,,,,,,,,,,,,,kg,,,
honduras,,,,,,,,,10GB / 10 Days,,,,,,,,TELNA-HONDURAS-10GB-10D,0.0,,0,deny,manual,41.99,,false,false,,,,,,,,,,,,,kg,,,
honduras,,,,,,,,,10GB / 15 Days,,,,,,,,TELNA-HONDURAS-10GB-15D,0.0,,0,deny,manual,42.99,,false,false,,,,,,,,,,,,,kg,,,
honduras,,,,,,,,,10GB / 30 Days,,,,,,,,TELNA-HONDURAS-10GB-30D,0.0,,0,deny,manual,46.99,,false,false,,,,,,,,,,,,,kg,,,
honduras,,,,,,,,,20GB / 5 Days,,,,,,,,TELNA-HONDURAS-20GB-5D,0.0,,0,deny,manual,60.99,,false,false,,,,,,,,,,,,,kg,,,
honduras,,,,,,,,,20GB / 10 Days,,,,,,,,TELNA-HONDURAS-20GB-10D,0.0,,0,deny,manual,61.99,,false,false,,,,,,,,,,,,,kg,,,
honduras,,,,,,,,,20GB / 15 Days,,,,,,,,TELNA-HONDURAS-20GB-15D,0.0,,0,deny,manual,62.99,,false,false,,,,,,,,,,,,,kg,,,
honduras,,,,,,,,,20GB / 30 Days,,,,,,,,TELNA-HONDURAS-20GB-30D,0.0,,0,deny,manual,66.99,,false,false,,,,,,,,,,,,,kg,,,
haiti,Haiti,"<p>Travel eSIM data plan for Haiti.</p>
<p>Si vous possédez déjà une eSIM de chez nous, cet achat sera ajouté à votre eSIM existante sous forme de recharge. S’il s’agit de votre premier achat, nous vous enverrons votre code QR par courriel après la confirmation de votre paiement.</p>",Quebec eSIM,,eSIM,"eSIM, Haiti, Telna",false,Plan,1GB / 5 Days,,,,,,,,TELNA-HAITI-1GB-5D,0.0,,0,deny,manual,8.99,,false,false,,,,,,,,,false,,,,kg,,,active
haiti,,,,,,,,,1GB / 10 Days,,,,,,,,TELNA-HAITI-1GB-10D,0.0,,0,deny,manual,9.99,,false,false,,,,,,,,,,,,,kg,,,
haiti,,,,,,,,,1GB / 15 Days,,,,,,,,TELNA-HAITI-1GB-15D,0.0,,0,deny,manual,9.99,,false,false,,,,,,,,,,,,,kg,,,
haiti,,,,,,,,,1GB / 30 Days,,,,,,,,TELNA-HAITI-1GB-30D,0.0,,0,deny,manual,12.99,,false,false,,,,,,,,,,,,,kg,,,
haiti,,,,,,,,,3GB / 5 Days,,,,,,,,TELNA-HAITI-3GB-5D,0.0,,0,deny,manual,18.99,,false,false,,,,,,,,,,,,,kg,,,
haiti,,,,,,,,,3GB / 10 Days,,,,,,,,TELNA-HAITI-3GB-10D,0.0,,0,deny,manual,19.99,,false,false,,,,,,,,,,,,,kg,,,
haiti,,,,,,,,,3GB / 15 Days,,,,,,,,TELNA-HAITI-3GB-15D,0.0,,0,deny,manual,19.99,,false,false,,,,,,,,,,,,,kg,,,
haiti,,,,,,,,,3GB / 30 Days,,,,,,,,TELNA-HAITI-3GB-30D,0.0,,0,deny,manual,22.99,,false,false,,,,,,,,,,,,,kg,,,
haiti,,,,,,,,,5GB / 5 Days,,,,,,,,TELNA-HAITI-5GB-5D,0.0,,0,deny,manual,32.99,,false,false,,,,,,,,,,,,,kg,,,
haiti,,,,,,,,,5GB / 10 Days,,,,,,,,TELNA-HAITI-5GB-10D,0.0,,0,deny,manual,33.99,,false,false,,,,,,,,,,,,,kg,,,
haiti,,,,,,,,,5GB / 15 Days,,,,,,,,TELNA-HAITI-5GB-15D,0.0,,0,deny,manual,34.99,,false,false,,,,,,,,,,,,,kg,,,
haiti,,,,,,,,,5GB / 30 Days,,,,,,,,TELNA-HAITI-5GB-30D,0.0,,0,deny,manual,36.99,,false,false,,,,,,,,,,,,,kg,,,
guyana,Guyana,"<p>Travel eSIM data plan for Guyana.</p>
<p>Si vous possédez déjà une eSIM de chez nous, cet achat sera ajouté à votre eSIM existante sous forme de recharge. S’il s’agit de votre premier achat, nous vous enverrons votre code QR par courriel après la confirmation de votre paiement.</p>",Quebec eSIM,,eSIM,"eSIM, Guyana, Telna",false,Plan,1GB / 5 Days,,,,,,,,TELNA-GUYANA-1GB-5D,0.0,,0,deny,manual,8.99,,false,false,,,,,,,,,false,,,,kg,,,active
guyana,,,,,,,,,1GB / 10 Days,,,,,,,,TELNA-GUYANA-1GB-10D,0.0,,0,deny,manual,9.99,,false,false,,,,,,,,,,,,,kg,,,
guyana,,,,,,,,,1GB / 15 Days,,,,,,,,TELNA-GUYANA-1GB-15D,0.0,,0,deny,manual,9.99,,false,false,,,,,,,,,,,,,kg,,,
guyana,,,,,,,,,1GB / 30 Days,,,,,,,,TELNA-GUYANA-1GB-30D,0.0,,0,deny,manual,12.99,,false,false,,,,,,,,,,,,,kg,,,
guyana,,,,,,,,,3GB / 5 Days,,,,,,,,TELNA-GUYANA-3GB-5D,0.0,,0,deny,manual,18.99,,false,false,,,,,,,,,,,,,kg,,,
guyana,,,,,,,,,3GB / 10 Days,,,,,,,,TELNA-GUYANA-3GB-10D,0.0,,0,deny,manual,19.99,,false,false,,,,,,,,,,,,,kg,,,
guyana,,,,,,,,,3GB / 15 Days,,,,,,,,TELNA-GUYANA-3GB-15D,0.0,,0,deny,manual,19.99,,false,false,,,,,,,,,,,,,kg,,,
guyana,,,,,,,,,3GB / 30 Days,,,,,,,,TELNA-GUYANA-3GB-30D,0.0,,0,deny,manual,22.99,,false,false,,,,,,,,,,,,,kg,,,
guyana,,,,,,,,,5GB / 5 Days,,,,,,,,TELNA-GUYANA-5GB-5D,0.0,,0,deny,manual,32.99,,false,false,,,,,,,,,,,,,kg,,,
guyana,,,,,,,,,5GB / 10 Days,,,,,,,,TELNA-GUYANA-5GB-10D,0.0,,0,deny,manual,33.99,,false,false,,,,,,,,,,,,,kg,,,
guyana,,,,,,,,,5GB / 15 Days,,,,,,,,TELNA-GUYANA-5GB-15D,0.0,,0,deny,manual,34.99,,false,false,,,,,,,,,,,,,kg,,,
guyana,,,,,,,,,5GB / 30 Days,,,,,,,,TELNA-GUYANA-5GB-30D,0.0,,0,deny,manual,36.99,,false,false,,,,,,,,,,,,,kg,,,
guyana,,,,,,,,,10GB / 5 Days,,,,,,,,TELNA-GUYANA-10GB-5D,0.0,,0,deny,manual,52.99,,false,false,,,,,,,,,,,,,kg,,,
guyana,,,,,,,,,10GB / 10 Days,,,,,,,,TELNA-GUYANA-10GB-10D,0.0,,0,deny,manual,53.99,,false,false,,,,,,,,,,,,,kg,,,
guyana,,,,,,,,,10GB / 15 Days,,,,,,,,TELNA-GUYANA-10GB-15D,0.0,,0,deny,manual,54.99,,false,false,,,,,,,,,,,,,kg,,,
guyana,,,,,,,,,10GB / 30 Days,,,,,,,,TELNA-GUYANA-10GB-30D,0.0,,0,deny,manual,58.99,,false,false,,,,,,,,,,,,,kg,,,
guinea-bissau,Guinea-Bissau,"<p>Travel eSIM data plan for Guinea-Bissau.</p>
<p>Si vous possédez déjà une eSIM de chez nous, cet achat sera ajouté à votre eSIM existante sous forme de recharge. S’il s’agit de votre premier achat, nous vous enverrons votre code QR par courriel après la confirmation de votre paiement.</p>",Quebec eSIM,,eSIM,"eSIM, Guinea-Bissau, Telna",false,Plan,1GB / 5 Days,,,,,,,,TELNA-GUINEA-BISSAU-1GB-5D,0.0,,0,deny,manual,4.99,,false,false,,,,,,,,,false,,,,kg,,,active
guinea-bissau,,,,,,,,,1GB / 10 Days,,,,,,,,TELNA-GUINEA-BISSAU-1GB-10D,0.0,,0,deny,manual,5.99,,false,false,,,,,,,,,,,,,kg,,,
guinea-bissau,,,,,,,,,1GB / 15 Days,,,,,,,,TELNA-GUINEA-BISSAU-1GB-15D,0.0,,0,deny,manual,6.99,,false,false,,,,,,,,,,,,,kg,,,
guinea-bissau,,,,,,,,,1GB / 30 Days,,,,,,,,TELNA-GUINEA-BISSAU-1GB-30D,0.0,,0,deny,manual,8.99,,false,false,,,,,,,,,,,,,kg,,,
guinea-bissau,,,,,,,,,3GB / 5 Days,,,,,,,,TELNA-GUINEA-BISSAU-3GB-5D,0.0,,0,deny,manual,13.99,,false,false,,,,,,,,,,,,,kg,,,
guinea-bissau,,,,,,,,,3GB / 10 Days,,,,,,,,TELNA-GUINEA-BISSAU-3GB-10D,0.0,,0,deny,manual,14.99,,false,false,,,,,,,,,,,,,kg,,,
guinea-bissau,,,,,,,,,3GB / 15 Days,,,,,,,,TELNA-GUINEA-BISSAU-3GB-15D,0.0,,0,deny,manual,14.99,,false,false,,,,,,,,,,,,,kg,,,
guinea-bissau,,,,,,,,,3GB / 30 Days,,,,,,,,TELNA-GUINEA-BISSAU-3GB-30D,0.0,,0,deny,manual,17.99,,false,false,,,,,,,,,,,,,kg,,,
guinea-bissau,,,,,,,,,5GB / 5 Days,,,,,,,,TELNA-GUINEA-BISSAU-5GB-5D,0.0,,0,deny,manual,23.99,,false,false,,,,,,,,,,,,,kg,,,
guinea-bissau,,,,,,,,,5GB / 10 Days,,,,,,,,TELNA-GUINEA-BISSAU-5GB-10D,0.0,,0,deny,manual,24.99,,false,false,,,,,,,,,,,,,kg,,,
guinea-bissau,,,,,,,,,5GB / 15 Days,,,,,,,,TELNA-GUINEA-BISSAU-5GB-15D,0.0,,0,deny,manual,24.99,,false,false,,,,,,,,,,,,,kg,,,
guinea-bissau,,,,,,,,,5GB / 30 Days,,,,,,,,TELNA-GUINEA-BISSAU-5GB-30D,0.0,,0,deny,manual,27.99,,false,false,,,,,,,,,,,,,kg,,,
guinea-bissau,,,,,,,,,10GB / 5 Days,,,,,,,,TELNA-GUINEA-BISSAU-10GB-5D,0.0,,0,deny,manual,40.99,,false,false,,,,,,,,,,,,,kg,,,
guinea-bissau,,,,,,,,,10GB / 10 Days,,,,,,,,TELNA-GUINEA-BISSAU-10GB-10D,0.0,,0,deny,manual,41.99,,false,false,,,,,,,,,,,,,kg,,,
guinea-bissau,,,,,,,,,10GB / 15 Days,,,,,,,,TELNA-GUINEA-BISSAU-10GB-15D,0.0,,0,deny,manual,42.99,,false,false,,,,,,,,,,,,,kg,,,
guinea-bissau,,,,,,,,,10GB / 30 Days,,,,,,,,TELNA-GUINEA-BISSAU-10GB-30D,0.0,,0,deny,manual,46.99,,false,false,,,,,,,,,,,,,kg,,,
guinea-bissau,,,,,,,,,20GB / 5 Days,,,,,,,,TELNA-GUINEA-BISSAU-20GB-5D,0.0,,0,deny,manual,60.99,,false,false,,,,,,,,,,,,,kg,,,
guinea-bissau,,,,,,,,,20GB / 10 Days,,,,,,,,TELNA-GUINEA-BISSAU-20GB-10D,0.0,,0,deny,manual,61.99,,false,false,,,,,,,,,,,,,kg,,,
guinea-bissau,,,,,,,,,20GB / 15 Days,,,,,,,,TELNA-GUINEA-BISSAU-20GB-15D,0.0,,0,deny,manual,62.99,,false,false,,,,,,,,,,,,,kg,,,
guinea-bissau,,,,,,,,,20GB / 30 Days,,,,,,,,TELNA-GUINEA-BISSAU-20GB-30D,0.0,,0,deny,manual,66.99,,false,false,,,,,,,,,,,,,kg,,,
guinea,Guinea,"<p>Travel eSIM data plan for Guinea.</p>
<p>Si vous possédez déjà une eSIM de chez nous, cet achat sera ajouté à votre eSIM existante sous forme de recharge. S’il s’agit de votre premier achat, nous vous enverrons votre code QR par courriel après la confirmation de votre paiement.</p>",Quebec eSIM,,eSIM,"eSIM, Guinea, Telna",false,Plan,1GB / 5 Days,,,,,,,,TELNA-GUINEA-1GB-5D,0.0,,0,deny,manual,4.99,,false,false,,,,,,,,,false,,,,kg,,,active
guinea,,,,,,,,,1GB / 10 Days,,,,,,,,TELNA-GUINEA-1GB-10D,0.0,,0,deny,manual,5.99,,false,false,,,,,,,,,,,,,kg,,,
guinea,,,,,,,,,1GB / 15 Days,,,,,,,,TELNA-GUINEA-1GB-15D,0.0,,0,deny,manual,6.99,,false,false,,,,,,,,,,,,,kg,,,
guinea,,,,,,,,,1GB / 30 Days,,,,,,,,TELNA-GUINEA-1GB-30D,0.0,,0,deny,manual,8.99,,false,false,,,,,,,,,,,,,kg,,,
guinea,,,,,,,,,3GB / 5 Days,,,,,,,,TELNA-GUINEA-3GB-5D,0.0,,0,deny,manual,13.99,,false,false,,,,,,,,,,,,,kg,,,
guinea,,,,,,,,,3GB / 10 Days,,,,,,,,TELNA-GUINEA-3GB-10D,0.0,,0,deny,manual,14.99,,false,false,,,,,,,,,,,,,kg,,,
guinea,,,,,,,,,3GB / 15 Days,,,,,,,,TELNA-GUINEA-3GB-15D,0.0,,0,deny,manual,14.99,,false,false,,,,,,,,,,,,,kg,,,
guinea,,,,,,,,,3GB / 30 Days,,,,,,,,TELNA-GUINEA-3GB-30D,0.0,,0,deny,manual,17.99,,false,false,,,,,,,,,,,,,kg,,,
guinea,,,,,,,,,5GB / 5 Days,,,,,,,,TELNA-GUINEA-5GB-5D,0.0,,0,deny,manual,23.99,,false,false,,,,,,,,,,,,,kg,,,
guinea,,,,,,,,,5GB / 10 Days,,,,,,,,TELNA-GUINEA-5GB-10D,0.0,,0,deny,manual,24.99,,false,false,,,,,,,,,,,,,kg,,,
guinea,,,,,,,,,5GB / 15 Days,,,,,,,,TELNA-GUINEA-5GB-15D,0.0,,0,deny,manual,24.99,,false,false,,,,,,,,,,,,,kg,,,
guinea,,,,,,,,,5GB / 30 Days,,,,,,,,TELNA-GUINEA-5GB-30D,0.0,,0,deny,manual,27.99,,false,false,,,,,,,,,,,,,kg,,,
guinea,,,,,,,,,10GB / 5 Days,,,,,,,,TELNA-GUINEA-10GB-5D,0.0,,0,deny,manual,40.99,,false,false,,,,,,,,,,,,,kg,,,
guinea,,,,,,,,,10GB / 10 Days,,,,,,,,TELNA-GUINEA-10GB-10D,0.0,,0,deny,manual,41.99,,false,false,,,,,,,,,,,,,kg,,,
guinea,,,,,,,,,10GB / 15 Days,,,,,,,,TELNA-GUINEA-10GB-15D,0.0,,0,deny,manual,42.99,,false,false,,,,,,,,,,,,,kg,,,
guinea,,,,,,,,,10GB / 30 Days,,,,,,,,TELNA-GUINEA-10GB-30D,0.0,,0,deny,manual,46.99,,false,false,,,,,,,,,,,,,kg,,,
guinea,,,,,,,,,20GB / 5 Days,,,,,,,,TELNA-GUINEA-20GB-5D,0.0,,0,deny,manual,60.99,,false,false,,,,,,,,,,,,,kg,,,
guinea,,,,,,,,,20GB / 10 Days,,,,,,,,TELNA-GUINEA-20GB-10D,0.0,,0,deny,manual,61.99,,false,false,,,,,,,,,,,,,kg,,,
guinea,,,,,,,,,20GB / 15 Days,,,,,,,,TELNA-GUINEA-20GB-15D,0.0,,0,deny,manual,62.99,,false,false,,,,,,,,,,,,,kg,,,
guinea,,,,,,,,,20GB / 30 Days,,,,,,,,TELNA-GUINEA-20GB-30D,0.0,,0,deny,manual,66.99,,false,false,,,,,,,,,,,,,kg,,,
guernsey,Guernsey,"<p>Travel eSIM data plan for Guernsey.</p>
<p>Si vous possédez déjà une eSIM de chez nous, cet achat sera ajouté à votre eSIM existante sous forme de recharge. S’il s’agit de votre premier achat, nous vous enverrons votre code QR par courriel après la confirmation de votre paiement.</p>",Quebec eSIM,,eSIM,"eSIM, Guernsey, Telna",false,Plan,1GB / 5 Days,,,,,,,,TELNA-GUERNSEY-1GB-5D,0.0,,0,deny,manual,4.99,,false,false,,,,,,,,,false,,,,kg,,,active
guernsey,,,,,,,,,1GB / 10 Days,,,,,,,,TELNA-GUERNSEY-1GB-10D,0.0,,0,deny,manual,5.99,,false,false,,,,,,,,,,,,,kg,,,
guernsey,,,,,,,,,1GB / 15 Days,,,,,,,,TELNA-GUERNSEY-1GB-15D,0.0,,0,deny,manual,6.99,,false,false,,,,,,,,,,,,,kg,,,
guernsey,,,,,,,,,1GB / 30 Days,,,,,,,,TELNA-GUERNSEY-1GB-30D,0.0,,0,deny,manual,8.99,,false,false,,,,,,,,,,,,,kg,,,
guernsey,,,,,,,,,3GB / 5 Days,,,,,,,,TELNA-GUERNSEY-3GB-5D,0.0,,0,deny,manual,13.99,,false,false,,,,,,,,,,,,,kg,,,
guernsey,,,,,,,,,3GB / 10 Days,,,,,,,,TELNA-GUERNSEY-3GB-10D,0.0,,0,deny,manual,14.99,,false,false,,,,,,,,,,,,,kg,,,
guernsey,,,,,,,,,3GB / 15 Days,,,,,,,,TELNA-GUERNSEY-3GB-15D,0.0,,0,deny,manual,14.99,,false,false,,,,,,,,,,,,,kg,,,
guernsey,,,,,,,,,3GB / 30 Days,,,,,,,,TELNA-GUERNSEY-3GB-30D,0.0,,0,deny,manual,17.99,,false,false,,,,,,,,,,,,,kg,,,
guernsey,,,,,,,,,5GB / 5 Days,,,,,,,,TELNA-GUERNSEY-5GB-5D,0.0,,0,deny,manual,23.99,,false,false,,,,,,,,,,,,,kg,,,
guernsey,,,,,,,,,5GB / 10 Days,,,,,,,,TELNA-GUERNSEY-5GB-10D,0.0,,0,deny,manual,24.99,,false,false,,,,,,,,,,,,,kg,,,
guernsey,,,,,,,,,5GB / 15 Days,,,,,,,,TELNA-GUERNSEY-5GB-15D,0.0,,0,deny,manual,24.99,,false,false,,,,,,,,,,,,,kg,,,
guernsey,,,,,,,,,5GB / 30 Days,,,,,,,,TELNA-GUERNSEY-5GB-30D,0.0,,0,deny,manual,27.99,,false,false,,,,,,,,,,,,,kg,,,
guernsey,,,,,,,,,10GB / 5 Days,,,,,,,,TELNA-GUERNSEY-10GB-5D,0.0,,0,deny,manual,40.99,,false,false,,,,,,,,,,,,,kg,,,
guernsey,,,,,,,,,10GB / 10 Days,,,,,,,,TELNA-GUERNSEY-10GB-10D,0.0,,0,deny,manual,41.99,,false,false,,,,,,,,,,,,,kg,,,
guernsey,,,,,,,,,10GB / 15 Days,,,,,,,,TELNA-GUERNSEY-10GB-15D,0.0,,0,deny,manual,42.99,,false,false,,,,,,,,,,,,,kg,,,
guernsey,,,,,,,,,10GB / 30 Days,,,,,,,,TELNA-GUERNSEY-10GB-30D,0.0,,0,deny,manual,46.99,,false,false,,,,,,,,,,,,,kg,,,
guernsey,,,,,,,,,20GB / 5 Days,,,,,,,,TELNA-GUERNSEY-20GB-5D,0.0,,0,deny,manual,60.99,,false,false,,,,,,,,,,,,,kg,,,
guernsey,,,,,,,,,20GB / 10 Days,,,,,,,,TELNA-GUERNSEY-20GB-10D,0.0,,0,deny,manual,61.99,,false,false,,,,,,,,,,,,,kg,,,
guernsey,,,,,,,,,20GB / 15 Days,,,,,,,,TELNA-GUERNSEY-20GB-15D,0.0,,0,deny,manual,62.99,,false,false,,,,,,,,,,,,,kg,,,
guernsey,,,,,,,,,20GB / 30 Days,,,,,,,,TELNA-GUERNSEY-20GB-30D,0.0,,0,deny,manual,66.99,,false,false,,,,,,,,,,,,,kg,,,
guernsey,,,,,,,,,Unlimited / 5 Days,,,,,,,,TELNA-GUERNSEY-UNLIMITED-5D,0.0,,0,deny,manual,19.99,,false,false,,,,,,,,,,,,,kg,,,
guernsey,,,,,,,,,Unlimited / 10 Days,,,,,,,,TELNA-GUERNSEY-UNLIMITED-10D,0.0,,0,deny,manual,39.99,,false,false,,,,,,,,,,,,,kg,,,
guernsey,,,,,,,,,Unlimited / 15 Days,,,,,,,,TELNA-GUERNSEY-UNLIMITED-15D,0.0,,0,deny,manual,64.99,,false,false,,,,,,,,,,,,,kg,,,
guernsey,,,,,,,,,Unlimited / 30 Days,,,,,,,,TELNA-GUERNSEY-UNLIMITED-30D,0.0,,0,deny,manual,89.99,,false,false,,,,,,,,,,,,,kg,,,
guatemala,Guatemala,"<p>Travel eSIM data plan for Guatemala.</p>
<p>Si vous possédez déjà une eSIM de chez nous, cet achat sera ajouté à votre eSIM existante sous forme de recharge. S’il s’agit de votre premier achat, nous vous enverrons votre code QR par courriel après la confirmation de votre paiement.</p>",Quebec eSIM,,eSIM,"eSIM, Guatemala, Telna",false,Plan,1GB / 5 Days,,,,,,,,TELNA-GUATEMALA-1GB-5D,0.0,,0,deny,manual,4.99,,false,false,,,,,,,,,false,,,,kg,,,active
guatemala,,,,,,,,,1GB / 10 Days,,,,,,,,TELNA-GUATEMALA-1GB-10D,0.0,,0,deny,manual,5.99,,false,false,,,,,,,,,,,,,kg,,,
guatemala,,,,,,,,,1GB / 15 Days,,,,,,,,TELNA-GUATEMALA-1GB-15D,0.0,,0,deny,manual,6.99,,false,false,,,,,,,,,,,,,kg,,,
guatemala,,,,,,,,,1GB / 30 Days,,,,,,,,TELNA-GUATEMALA-1GB-30D,0.0,,0,deny,manual,8.99,,false,false,,,,,,,,,,,,,kg,,,
guatemala,,,,,,,,,3GB / 5 Days,,,,,,,,TELNA-GUATEMALA-3GB-5D,0.0,,0,deny,manual,13.99,,false,false,,,,,,,,,,,,,kg,,,
guatemala,,,,,,,,,3GB / 10 Days,,,,,,,,TELNA-GUATEMALA-3GB-10D,0.0,,0,deny,manual,14.99,,false,false,,,,,,,,,,,,,kg,,,
guatemala,,,,,,,,,3GB / 15 Days,,,,,,,,TELNA-GUATEMALA-3GB-15D,0.0,,0,deny,manual,14.99,,false,false,,,,,,,,,,,,,kg,,,
guatemala,,,,,,,,,3GB / 30 Days,,,,,,,,TELNA-GUATEMALA-3GB-30D,0.0,,0,deny,manual,17.99,,false,false,,,,,,,,,,,,,kg,,,
guatemala,,,,,,,,,5GB / 5 Days,,,,,,,,TELNA-GUATEMALA-5GB-5D,0.0,,0,deny,manual,23.99,,false,false,,,,,,,,,,,,,kg,,,
guatemala,,,,,,,,,5GB / 10 Days,,,,,,,,TELNA-GUATEMALA-5GB-10D,0.0,,0,deny,manual,24.99,,false,false,,,,,,,,,,,,,kg,,,
guatemala,,,,,,,,,5GB / 15 Days,,,,,,,,TELNA-GUATEMALA-5GB-15D,0.0,,0,deny,manual,24.99,,false,false,,,,,,,,,,,,,kg,,,
guatemala,,,,,,,,,5GB / 30 Days,,,,,,,,TELNA-GUATEMALA-5GB-30D,0.0,,0,deny,manual,27.99,,false,false,,,,,,,,,,,,,kg,,,
guatemala,,,,,,,,,10GB / 5 Days,,,,,,,,TELNA-GUATEMALA-10GB-5D,0.0,,0,deny,manual,40.99,,false,false,,,,,,,,,,,,,kg,,,
guatemala,,,,,,,,,10GB / 10 Days,,,,,,,,TELNA-GUATEMALA-10GB-10D,0.0,,0,deny,manual,41.99,,false,false,,,,,,,,,,,,,kg,,,
guatemala,,,,,,,,,10GB / 15 Days,,,,,,,,TELNA-GUATEMALA-10GB-15D,0.0,,0,deny,manual,42.99,,false,false,,,,,,,,,,,,,kg,,,
guatemala,,,,,,,,,10GB / 30 Days,,,,,,,,TELNA-GUATEMALA-10GB-30D,0.0,,0,deny,manual,46.99,,false,false,,,,,,,,,,,,,kg,,,
guatemala,,,,,,,,,20GB / 5 Days,,,,,,,,TELNA-GUATEMALA-20GB-5D,0.0,,0,deny,manual,60.99,,false,false,,,,,,,,,,,,,kg,,,
guatemala,,,,,,,,,20GB / 10 Days,,,,,,,,TELNA-GUATEMALA-20GB-10D,0.0,,0,deny,manual,61.99,,false,false,,,,,,,,,,,,,kg,,,
guatemala,,,,,,,,,20GB / 15 Days,,,,,,,,TELNA-GUATEMALA-20GB-15D,0.0,,0,deny,manual,62.99,,false,false,,,,,,,,,,,,,kg,,,
guatemala,,,,,,,,,20GB / 30 Days,,,,,,,,TELNA-GUATEMALA-20GB-30D,0.0,,0,deny,manual,66.99,,false,false,,,,,,,,,,,,,kg,,,
guam,Guam,"<p>Travel eSIM data plan for Guam.</p>
<p>Si vous possédez déjà une eSIM de chez nous, cet achat sera ajouté à votre eSIM existante sous forme de recharge. S’il s’agit de votre premier achat, nous vous enverrons votre code QR par courriel après la confirmation de votre paiement.</p>",Quebec eSIM,,eSIM,"eSIM, Guam, Telna",false,Plan,1GB / 5 Days,,,,,,,,TELNA-GUAM-1GB-5D,0.0,,0,deny,manual,9.99,,false,false,,,,,,,,,false,,,,kg,,,active
guam,,,,,,,,,1GB / 10 Days,,,,,,,,TELNA-GUAM-1GB-10D,0.0,,0,deny,manual,10.99,,false,false,,,,,,,,,,,,,kg,,,
guam,,,,,,,,,1GB / 15 Days,,,,,,,,TELNA-GUAM-1GB-15D,0.0,,0,deny,manual,11.99,,false,false,,,,,,,,,,,,,kg,,,
guam,,,,,,,,,1GB / 30 Days,,,,,,,,TELNA-GUAM-1GB-30D,0.0,,0,deny,manual,13.99,,false,false,,,,,,,,,,,,,kg,,,
guam,,,,,,,,,3GB / 5 Days,,,,,,,,TELNA-GUAM-3GB-5D,0.0,,0,deny,manual,28.99,,false,false,,,,,,,,,,,,,kg,,,
guam,,,,,,,,,3GB / 10 Days,,,,,,,,TELNA-GUAM-3GB-10D,0.0,,0,deny,manual,29.99,,false,false,,,,,,,,,,,,,kg,,,
guam,,,,,,,,,3GB / 15 Days,,,,,,,,TELNA-GUAM-3GB-15D,0.0,,0,deny,manual,29.99,,false,false,,,,,,,,,,,,,kg,,,
guam,,,,,,,,,3GB / 30 Days,,,,,,,,TELNA-GUAM-3GB-30D,0.0,,0,deny,manual,32.99,,false,false,,,,,,,,,,,,,kg,,,
guam,,,,,,,,,5GB / 5 Days,,,,,,,,TELNA-GUAM-5GB-5D,0.0,,0,deny,manual,48.99,,false,false,,,,,,,,,,,,,kg,,,
guam,,,,,,,,,5GB / 10 Days,,,,,,,,TELNA-GUAM-5GB-10D,0.0,,0,deny,manual,49.99,,false,false,,,,,,,,,,,,,kg,,,
guam,,,,,,,,,5GB / 15 Days,,,,,,,,TELNA-GUAM-5GB-15D,0.0,,0,deny,manual,49.99,,false,false,,,,,,,,,,,,,kg,,,
guam,,,,,,,,,5GB / 30 Days,,,,,,,,TELNA-GUAM-5GB-30D,0.0,,0,deny,manual,54.99,,false,false,,,,,,,,,,,,,kg,,,
guam,,,,,,,,,10GB / 5 Days,,,,,,,,TELNA-GUAM-10GB-5D,0.0,,0,deny,manual,78.99,,false,false,,,,,,,,,,,,,kg,,,
guam,,,,,,,,,10GB / 10 Days,,,,,,,,TELNA-GUAM-10GB-10D,0.0,,0,deny,manual,79.99,,false,false,,,,,,,,,,,,,kg,,,
guam,,,,,,,,,10GB / 15 Days,,,,,,,,TELNA-GUAM-10GB-15D,0.0,,0,deny,manual,79.99,,false,false,,,,,,,,,,,,,kg,,,
guam,,,,,,,,,10GB / 30 Days,,,,,,,,TELNA-GUAM-10GB-30D,0.0,,0,deny,manual,84.99,,false,false,,,,,,,,,,,,,kg,,,
guadeloupe,Guadeloupe,"<p>Travel eSIM data plan for Guadeloupe.</p>
<p>Si vous possédez déjà une eSIM de chez nous, cet achat sera ajouté à votre eSIM existante sous forme de recharge. S’il s’agit de votre premier achat, nous vous enverrons votre code QR par courriel après la confirmation de votre paiement.</p>",Quebec eSIM,,eSIM,"eSIM, Guadeloupe, Telna",false,Plan,1GB / 5 Days,,,,,,,,TELNA-GUADELOUPE-1GB-5D,0.0,,0,deny,manual,2.99,,false,false,,,,,,,,,false,,,,kg,,,active
guadeloupe,,,,,,,,,1GB / 10 Days,,,,,,,,TELNA-GUADELOUPE-1GB-10D,0.0,,0,deny,manual,3.99,,false,false,,,,,,,,,,,,,kg,,,
guadeloupe,,,,,,,,,1GB / 15 Days,,,,,,,,TELNA-GUADELOUPE-1GB-15D,0.0,,0,deny,manual,4.99,,false,false,,,,,,,,,,,,,kg,,,
guadeloupe,,,,,,,,,1GB / 30 Days,,,,,,,,TELNA-GUADELOUPE-1GB-30D,0.0,,0,deny,manual,6.99,,false,false,,,,,,,,,,,,,kg,,,
guadeloupe,,,,,,,,,3GB / 5 Days,,,,,,,,TELNA-GUADELOUPE-3GB-5D,0.0,,0,deny,manual,4.99,,false,false,,,,,,,,,,,,,kg,,,
guadeloupe,,,,,,,,,3GB / 10 Days,,,,,,,,TELNA-GUADELOUPE-3GB-10D,0.0,,0,deny,manual,5.99,,false,false,,,,,,,,,,,,,kg,,,
guadeloupe,,,,,,,,,3GB / 15 Days,,,,,,,,TELNA-GUADELOUPE-3GB-15D,0.0,,0,deny,manual,6.99,,false,false,,,,,,,,,,,,,kg,,,
guadeloupe,,,,,,,,,3GB / 30 Days,,,,,,,,TELNA-GUADELOUPE-3GB-30D,0.0,,0,deny,manual,8.99,,false,false,,,,,,,,,,,,,kg,,,
guadeloupe,,,,,,,,,5GB / 5 Days,,,,,,,,TELNA-GUADELOUPE-5GB-5D,0.0,,0,deny,manual,4.99,,false,false,,,,,,,,,,,,,kg,,,
guadeloupe,,,,,,,,,5GB / 10 Days,,,,,,,,TELNA-GUADELOUPE-5GB-10D,0.0,,0,deny,manual,5.99,,false,false,,,,,,,,,,,,,kg,,,
guadeloupe,,,,,,,,,5GB / 15 Days,,,,,,,,TELNA-GUADELOUPE-5GB-15D,0.0,,0,deny,manual,6.99,,false,false,,,,,,,,,,,,,kg,,,
guadeloupe,,,,,,,,,5GB / 30 Days,,,,,,,,TELNA-GUADELOUPE-5GB-30D,0.0,,0,deny,manual,8.99,,false,false,,,,,,,,,,,,,kg,,,
guadeloupe,,,,,,,,,10GB / 5 Days,,,,,,,,TELNA-GUADELOUPE-10GB-5D,0.0,,0,deny,manual,8.99,,false,false,,,,,,,,,,,,,kg,,,
guadeloupe,,,,,,,,,10GB / 10 Days,,,,,,,,TELNA-GUADELOUPE-10GB-10D,0.0,,0,deny,manual,9.99,,false,false,,,,,,,,,,,,,kg,,,
guadeloupe,,,,,,,,,10GB / 15 Days,,,,,,,,TELNA-GUADELOUPE-10GB-15D,0.0,,0,deny,manual,9.99,,false,false,,,,,,,,,,,,,kg,,,
guadeloupe,,,,,,,,,10GB / 30 Days,,,,,,,,TELNA-GUADELOUPE-10GB-30D,0.0,,0,deny,manual,12.99,,false,false,,,,,,,,,,,,,kg,,,
guadeloupe,,,,,,,,,20GB / 5 Days,,,,,,,,TELNA-GUADELOUPE-20GB-5D,0.0,,0,deny,manual,17.99,,false,false,,,,,,,,,,,,,kg,,,
guadeloupe,,,,,,,,,20GB / 10 Days,,,,,,,,TELNA-GUADELOUPE-20GB-10D,0.0,,0,deny,manual,18.99,,false,false,,,,,,,,,,,,,kg,,,
guadeloupe,,,,,,,,,20GB / 15 Days,,,,,,,,TELNA-GUADELOUPE-20GB-15D,0.0,,0,deny,manual,19.99,,false,false,,,,,,,,,,,,,kg,,,
guadeloupe,,,,,,,,,20GB / 30 Days,,,,,,,,TELNA-GUADELOUPE-20GB-30D,0.0,,0,deny,manual,21.99,,false,false,,,,,,,,,,,,,kg,,,
guadeloupe,,,,,,,,,Unlimited / 5 Days,,,,,,,,TELNA-GUADELOUPE-UNLIMITED-5D,0.0,,0,deny,manual,17.99,,false,false,,,,,,,,,,,,,kg,,,
guadeloupe,,,,,,,,,Unlimited / 10 Days,,,,,,,,TELNA-GUADELOUPE-UNLIMITED-10D,0.0,,0,deny,manual,24.99,,false,false,,,,,,,,,,,,,kg,,,
guadeloupe,,,,,,,,,Unlimited / 15 Days,,,,,,,,TELNA-GUADELOUPE-UNLIMITED-15D,0.0,,0,deny,manual,44.99,,false,false,,,,,,,,,,,,,kg,,,
guadeloupe,,,,,,,,,Unlimited / 30 Days,,,,,,,,TELNA-GUADELOUPE-UNLIMITED-30D,0.0,,0,deny,manual,59.99,,false,false,,,,,,,,,,,,,kg,,,
grenada,Grenada,"<p>Travel eSIM data plan for Grenada.</p>
<p>Si vous possédez déjà une eSIM de chez nous, cet achat sera ajouté à votre eSIM existante sous forme de recharge. S’il s’agit de votre premier achat, nous vous enverrons votre code QR par courriel après la confirmation de votre paiement.</p>",Quebec eSIM,,eSIM,"eSIM, Grenada, Telna",false,Plan,1GB / 5 Days,,,,,,,,TELNA-GRENADA-1GB-5D,0.0,,0,deny,manual,4.99,,false,false,,,,,,,,,false,,,,kg,,,active
grenada,,,,,,,,,1GB / 10 Days,,,,,,,,TELNA-GRENADA-1GB-10D,0.0,,0,deny,manual,5.99,,false,false,,,,,,,,,,,,,kg,,,
grenada,,,,,,,,,1GB / 15 Days,,,,,,,,TELNA-GRENADA-1GB-15D,0.0,,0,deny,manual,6.99,,false,false,,,,,,,,,,,,,kg,,,
grenada,,,,,,,,,1GB / 30 Days,,,,,,,,TELNA-GRENADA-1GB-30D,0.0,,0,deny,manual,8.99,,false,false,,,,,,,,,,,,,kg,,,
grenada,,,,,,,,,3GB / 5 Days,,,,,,,,TELNA-GRENADA-3GB-5D,0.0,,0,deny,manual,13.99,,false,false,,,,,,,,,,,,,kg,,,
grenada,,,,,,,,,3GB / 10 Days,,,,,,,,TELNA-GRENADA-3GB-10D,0.0,,0,deny,manual,14.99,,false,false,,,,,,,,,,,,,kg,,,
grenada,,,,,,,,,3GB / 15 Days,,,,,,,,TELNA-GRENADA-3GB-15D,0.0,,0,deny,manual,14.99,,false,false,,,,,,,,,,,,,kg,,,
grenada,,,,,,,,,3GB / 30 Days,,,,,,,,TELNA-GRENADA-3GB-30D,0.0,,0,deny,manual,17.99,,false,false,,,,,,,,,,,,,kg,,,
grenada,,,,,,,,,5GB / 5 Days,,,,,,,,TELNA-GRENADA-5GB-5D,0.0,,0,deny,manual,23.99,,false,false,,,,,,,,,,,,,kg,,,
grenada,,,,,,,,,5GB / 10 Days,,,,,,,,TELNA-GRENADA-5GB-10D,0.0,,0,deny,manual,24.99,,false,false,,,,,,,,,,,,,kg,,,
grenada,,,,,,,,,5GB / 15 Days,,,,,,,,TELNA-GRENADA-5GB-15D,0.0,,0,deny,manual,24.99,,false,false,,,,,,,,,,,,,kg,,,
grenada,,,,,,,,,5GB / 30 Days,,,,,,,,TELNA-GRENADA-5GB-30D,0.0,,0,deny,manual,27.99,,false,false,,,,,,,,,,,,,kg,,,
grenada,,,,,,,,,10GB / 5 Days,,,,,,,,TELNA-GRENADA-10GB-5D,0.0,,0,deny,manual,40.99,,false,false,,,,,,,,,,,,,kg,,,
grenada,,,,,,,,,10GB / 10 Days,,,,,,,,TELNA-GRENADA-10GB-10D,0.0,,0,deny,manual,41.99,,false,false,,,,,,,,,,,,,kg,,,
grenada,,,,,,,,,10GB / 15 Days,,,,,,,,TELNA-GRENADA-10GB-15D,0.0,,0,deny,manual,42.99,,false,false,,,,,,,,,,,,,kg,,,
grenada,,,,,,,,,10GB / 30 Days,,,,,,,,TELNA-GRENADA-10GB-30D,0.0,,0,deny,manual,46.99,,false,false,,,,,,,,,,,,,kg,,,
grenada,,,,,,,,,20GB / 5 Days,,,,,,,,TELNA-GRENADA-20GB-5D,0.0,,0,deny,manual,60.99,,false,false,,,,,,,,,,,,,kg,,,
grenada,,,,,,,,,20GB / 10 Days,,,,,,,,TELNA-GRENADA-20GB-10D,0.0,,0,deny,manual,61.99,,false,false,,,,,,,,,,,,,kg,,,
grenada,,,,,,,,,20GB / 15 Days,,,,,,,,TELNA-GRENADA-20GB-15D,0.0,,0,deny,manual,62.99,,false,false,,,,,,,,,,,,,kg,,,
grenada,,,,,,,,,20GB / 30 Days,,,,,,,,TELNA-GRENADA-20GB-30D,0.0,,0,deny,manual,66.99,,false,false,,,,,,,,,,,,,kg,,,
greenland,Greenland,"<p>Travel eSIM data plan for Greenland.</p>
<p>Si vous possédez déjà une eSIM de chez nous, cet achat sera ajouté à votre eSIM existante sous forme de recharge. S’il s’agit de votre premier achat, nous vous enverrons votre code QR par courriel après la confirmation de votre paiement.</p>",Quebec eSIM,,eSIM,"eSIM, Greenland, Telna",false,Plan,1GB / 5 Days,,,,,,,,TELNA-GREENLAND-1GB-5D,0.0,,0,deny,manual,9.99,,false,false,,,,,,,,,false,,,,kg,,,active
greenland,,,,,,,,,1GB / 10 Days,,,,,,,,TELNA-GREENLAND-1GB-10D,0.0,,0,deny,manual,10.99,,false,false,,,,,,,,,,,,,kg,,,
greenland,,,,,,,,,1GB / 15 Days,,,,,,,,TELNA-GREENLAND-1GB-15D,0.0,,0,deny,manual,11.99,,false,false,,,,,,,,,,,,,kg,,,
greenland,,,,,,,,,1GB / 30 Days,,,,,,,,TELNA-GREENLAND-1GB-30D,0.0,,0,deny,manual,13.99,,false,false,,,,,,,,,,,,,kg,,,
greenland,,,,,,,,,3GB / 5 Days,,,,,,,,TELNA-GREENLAND-3GB-5D,0.0,,0,deny,manual,28.99,,false,false,,,,,,,,,,,,,kg,,,
greenland,,,,,,,,,3GB / 10 Days,,,,,,,,TELNA-GREENLAND-3GB-10D,0.0,,0,deny,manual,29.99,,false,false,,,,,,,,,,,,,kg,,,
greenland,,,,,,,,,3GB / 15 Days,,,,,,,,TELNA-GREENLAND-3GB-15D,0.0,,0,deny,manual,29.99,,false,false,,,,,,,,,,,,,kg,,,
greenland,,,,,,,,,3GB / 30 Days,,,,,,,,TELNA-GREENLAND-3GB-30D,0.0,,0,deny,manual,32.99,,false,false,,,,,,,,,,,,,kg,,,
greenland,,,,,,,,,5GB / 5 Days,,,,,,,,TELNA-GREENLAND-5GB-5D,0.0,,0,deny,manual,48.99,,false,false,,,,,,,,,,,,,kg,,,
greenland,,,,,,,,,5GB / 10 Days,,,,,,,,TELNA-GREENLAND-5GB-10D,0.0,,0,deny,manual,49.99,,false,false,,,,,,,,,,,,,kg,,,
greenland,,,,,,,,,5GB / 15 Days,,,,,,,,TELNA-GREENLAND-5GB-15D,0.0,,0,deny,manual,49.99,,false,false,,,,,,,,,,,,,kg,,,
greenland,,,,,,,,,5GB / 30 Days,,,,,,,,TELNA-GREENLAND-5GB-30D,0.0,,0,deny,manual,54.99,,false,false,,,,,,,,,,,,,kg,,,
greenland,,,,,,,,,10GB / 5 Days,,,,,,,,TELNA-GREENLAND-10GB-5D,0.0,,0,deny,manual,78.99,,false,false,,,,,,,,,,,,,kg,,,
greenland,,,,,,,,,10GB / 10 Days,,,,,,,,TELNA-GREENLAND-10GB-10D,0.0,,0,deny,manual,79.99,,false,false,,,,,,,,,,,,,kg,,,
greenland,,,,,,,,,10GB / 15 Days,,,,,,,,TELNA-GREENLAND-10GB-15D,0.0,,0,deny,manual,79.99,,false,false,,,,,,,,,,,,,kg,,,
greenland,,,,,,,,,10GB / 30 Days,,,,,,,,TELNA-GREENLAND-10GB-30D,0.0,,0,deny,manual,84.99,,false,false,,,,,,,,,,,,,kg,,,
greece,Greece,"<p>Travel eSIM data plan for Greece.</p>
<p>Si vous possédez déjà une eSIM de chez nous, cet achat sera ajouté à votre eSIM existante sous forme de recharge. S’il s’agit de votre premier achat, nous vous enverrons votre code QR par courriel après la confirmation de votre paiement.</p>",Quebec eSIM,,eSIM,"eSIM, Greece, Telna",false,Plan,1GB / 5 Days,,,,,,,,TELNA-GREECE-1GB-5D,0.0,,0,deny,manual,2.99,,false,false,,,,,,,,,false,,,,kg,,,active
greece,,,,,,,,,1GB / 10 Days,,,,,,,,TELNA-GREECE-1GB-10D,0.0,,0,deny,manual,3.99,,false,false,,,,,,,,,,,,,kg,,,
greece,,,,,,,,,1GB / 15 Days,,,,,,,,TELNA-GREECE-1GB-15D,0.0,,0,deny,manual,4.99,,false,false,,,,,,,,,,,,,kg,,,
greece,,,,,,,,,1GB / 30 Days,,,,,,,,TELNA-GREECE-1GB-30D,0.0,,0,deny,manual,6.99,,false,false,,,,,,,,,,,,,kg,,,
greece,,,,,,,,,3GB / 5 Days,,,,,,,,TELNA-GREECE-3GB-5D,0.0,,0,deny,manual,7.99,,false,false,,,,,,,,,,,,,kg,,,
greece,,,,,,,,,3GB / 10 Days,,,,,,,,TELNA-GREECE-3GB-10D,0.0,,0,deny,manual,7.99,,false,false,,,,,,,,,,,,,kg,,,
greece,,,,,,,,,3GB / 15 Days,,,,,,,,TELNA-GREECE-3GB-15D,0.0,,0,deny,manual,8.99,,false,false,,,,,,,,,,,,,kg,,,
greece,,,,,,,,,3GB / 30 Days,,,,,,,,TELNA-GREECE-3GB-30D,0.0,,0,deny,manual,9.99,,false,false,,,,,,,,,,,,,kg,,,
greece,,,,,,,,,5GB / 5 Days,,,,,,,,TELNA-GREECE-5GB-5D,0.0,,0,deny,manual,4.99,,false,false,,,,,,,,,,,,,kg,,,
greece,,,,,,,,,5GB / 10 Days,,,,,,,,TELNA-GREECE-5GB-10D,0.0,,0,deny,manual,5.99,,false,false,,,,,,,,,,,,,kg,,,
greece,,,,,,,,,5GB / 15 Days,,,,,,,,TELNA-GREECE-5GB-15D,0.0,,0,deny,manual,6.99,,false,false,,,,,,,,,,,,,kg,,,
greece,,,,,,,,,5GB / 30 Days,,,,,,,,TELNA-GREECE-5GB-30D,0.0,,0,deny,manual,8.99,,false,false,,,,,,,,,,,,,kg,,,
greece,,,,,,,,,10GB / 5 Days,,,,,,,,TELNA-GREECE-10GB-5D,0.0,,0,deny,manual,8.99,,false,false,,,,,,,,,,,,,kg,,,
greece,,,,,,,,,10GB / 10 Days,,,,,,,,TELNA-GREECE-10GB-10D,0.0,,0,deny,manual,9.99,,false,false,,,,,,,,,,,,,kg,,,
greece,,,,,,,,,10GB / 15 Days,,,,,,,,TELNA-GREECE-10GB-15D,0.0,,0,deny,manual,9.99,,false,false,,,,,,,,,,,,,kg,,,
greece,,,,,,,,,10GB / 30 Days,,,,,,,,TELNA-GREECE-10GB-30D,0.0,,0,deny,manual,12.99,,false,false,,,,,,,,,,,,,kg,,,
greece,,,,,,,,,20GB / 5 Days,,,,,,,,TELNA-GREECE-20GB-5D,0.0,,0,deny,manual,17.99,,false,false,,,,,,,,,,,,,kg,,,
greece,,,,,,,,,20GB / 10 Days,,,,,,,,TELNA-GREECE-20GB-10D,0.0,,0,deny,manual,18.99,,false,false,,,,,,,,,,,,,kg,,,
greece,,,,,,,,,20GB / 15 Days,,,,,,,,TELNA-GREECE-20GB-15D,0.0,,0,deny,manual,19.99,,false,false,,,,,,,,,,,,,kg,,,
greece,,,,,,,,,20GB / 30 Days,,,,,,,,TELNA-GREECE-20GB-30D,0.0,,0,deny,manual,21.99,,false,false,,,,,,,,,,,,,kg,,,
greece,,,,,,,,,Unlimited / 5 Days,,,,,,,,TELNA-GREECE-UNLIMITED-5D,0.0,,0,deny,manual,14.99,,false,false,,,,,,,,,,,,,kg,,,
greece,,,,,,,,,Unlimited / 10 Days,,,,,,,,TELNA-GREECE-UNLIMITED-10D,0.0,,0,deny,manual,24.99,,false,false,,,,,,,,,,,,,kg,,,
greece,,,,,,,,,Unlimited / 15 Days,,,,,,,,TELNA-GREECE-UNLIMITED-15D,0.0,,0,deny,manual,39.99,,false,false,,,,,,,,,,,,,kg,,,
greece,,,,,,,,,Unlimited / 30 Days,,,,,,,,TELNA-GREECE-UNLIMITED-30D,0.0,,0,deny,manual,49.99,,false,false,,,,,,,,,,,,,kg,,,
gibraltar,Gibraltar,"<p>Travel eSIM data plan for Gibraltar.</p>
<p>Si vous possédez déjà une eSIM de chez nous, cet achat sera ajouté à votre eSIM existante sous forme de recharge. S’il s’agit de votre premier achat, nous vous enverrons votre code QR par courriel après la confirmation de votre paiement.</p>",Quebec eSIM,,eSIM,"eSIM, Gibraltar, Telna",false,Plan,1GB / 5 Days,,,,,,,,TELNA-GIBRALTAR-1GB-5D,0.0,,0,deny,manual,4.99,,false,false,,,,,,,,,false,,,,kg,,,active
gibraltar,,,,,,,,,1GB / 10 Days,,,,,,,,TELNA-GIBRALTAR-1GB-10D,0.0,,0,deny,manual,5.99,,false,false,,,,,,,,,,,,,kg,,,
gibraltar,,,,,,,,,1GB / 15 Days,,,,,,,,TELNA-GIBRALTAR-1GB-15D,0.0,,0,deny,manual,6.99,,false,false,,,,,,,,,,,,,kg,,,
gibraltar,,,,,,,,,1GB / 30 Days,,,,,,,,TELNA-GIBRALTAR-1GB-30D,0.0,,0,deny,manual,8.99,,false,false,,,,,,,,,,,,,kg,,,
gibraltar,,,,,,,,,3GB / 5 Days,,,,,,,,TELNA-GIBRALTAR-3GB-5D,0.0,,0,deny,manual,12.99,,false,false,,,,,,,,,,,,,kg,,,
gibraltar,,,,,,,,,3GB / 10 Days,,,,,,,,TELNA-GIBRALTAR-3GB-10D,0.0,,0,deny,manual,13.99,,false,false,,,,,,,,,,,,,kg,,,
gibraltar,,,,,,,,,3GB / 15 Days,,,,,,,,TELNA-GIBRALTAR-3GB-15D,0.0,,0,deny,manual,14.99,,false,false,,,,,,,,,,,,,kg,,,
gibraltar,,,,,,,,,3GB / 30 Days,,,,,,,,TELNA-GIBRALTAR-3GB-30D,0.0,,0,deny,manual,16.99,,false,false,,,,,,,,,,,,,kg,,,
gibraltar,,,,,,,,,5GB / 5 Days,,,,,,,,TELNA-GIBRALTAR-5GB-5D,0.0,,0,deny,manual,18.99,,false,false,,,,,,,,,,,,,kg,,,
gibraltar,,,,,,,,,5GB / 10 Days,,,,,,,,TELNA-GIBRALTAR-5GB-10D,0.0,,0,deny,manual,19.99,,false,false,,,,,,,,,,,,,kg,,,
gibraltar,,,,,,,,,5GB / 15 Days,,,,,,,,TELNA-GIBRALTAR-5GB-15D,0.0,,0,deny,manual,19.99,,false,false,,,,,,,,,,,,,kg,,,
gibraltar,,,,,,,,,5GB / 30 Days,,,,,,,,TELNA-GIBRALTAR-5GB-30D,0.0,,0,deny,manual,22.99,,false,false,,,,,,,,,,,,,kg,,,
gibraltar,,,,,,,,,10GB / 5 Days,,,,,,,,TELNA-GIBRALTAR-10GB-5D,0.0,,0,deny,manual,33.99,,false,false,,,,,,,,,,,,,kg,,,
gibraltar,,,,,,,,,10GB / 10 Days,,,,,,,,TELNA-GIBRALTAR-10GB-10D,0.0,,0,deny,manual,34.99,,false,false,,,,,,,,,,,,,kg,,,
gibraltar,,,,,,,,,10GB / 15 Days,,,,,,,,TELNA-GIBRALTAR-10GB-15D,0.0,,0,deny,manual,34.99,,false,false,,,,,,,,,,,,,kg,,,
gibraltar,,,,,,,,,10GB / 30 Days,,,,,,,,TELNA-GIBRALTAR-10GB-30D,0.0,,0,deny,manual,37.99,,false,false,,,,,,,,,,,,,kg,,,
gibraltar,,,,,,,,,20GB / 5 Days,,,,,,,,TELNA-GIBRALTAR-20GB-5D,0.0,,0,deny,manual,52.99,,false,false,,,,,,,,,,,,,kg,,,
gibraltar,,,,,,,,,20GB / 10 Days,,,,,,,,TELNA-GIBRALTAR-20GB-10D,0.0,,0,deny,manual,53.99,,false,false,,,,,,,,,,,,,kg,,,
gibraltar,,,,,,,,,20GB / 15 Days,,,,,,,,TELNA-GIBRALTAR-20GB-15D,0.0,,0,deny,manual,54.99,,false,false,,,,,,,,,,,,,kg,,,
gibraltar,,,,,,,,,20GB / 30 Days,,,,,,,,TELNA-GIBRALTAR-20GB-30D,0.0,,0,deny,manual,58.99,,false,false,,,,,,,,,,,,,kg,,,
ghana,Ghana,"<p>Travel eSIM data plan for Ghana.</p>
<p>Si vous possédez déjà une eSIM de chez nous, cet achat sera ajouté à votre eSIM existante sous forme de recharge. S’il s’agit de votre premier achat, nous vous enverrons votre code QR par courriel après la confirmation de votre paiement.</p>",Quebec eSIM,,eSIM,"eSIM, Ghana, Telna",false,Plan,1GB / 5 Days,,,,,,,,TELNA-GHANA-1GB-5D,0.0,,0,deny,manual,4.99,,false,false,,,,,,,,,false,,,,kg,,,active
ghana,,,,,,,,,1GB / 10 Days,,,,,,,,TELNA-GHANA-1GB-10D,0.0,,0,deny,manual,5.99,,false,false,,,,,,,,,,,,,kg,,,
ghana,,,,,,,,,1GB / 15 Days,,,,,,,,TELNA-GHANA-1GB-15D,0.0,,0,deny,manual,6.99,,false,false,,,,,,,,,,,,,kg,,,
ghana,,,,,,,,,1GB / 30 Days,,,,,,,,TELNA-GHANA-1GB-30D,0.0,,0,deny,manual,8.99,,false,false,,,,,,,,,,,,,kg,,,
ghana,,,,,,,,,3GB / 5 Days,,,,,,,,TELNA-GHANA-3GB-5D,0.0,,0,deny,manual,8.99,,false,false,,,,,,,,,,,,,kg,,,
ghana,,,,,,,,,3GB / 10 Days,,,,,,,,TELNA-GHANA-3GB-10D,0.0,,0,deny,manual,9.99,,false,false,,,,,,,,,,,,,kg,,,
ghana,,,,,,,,,3GB / 15 Days,,,,,,,,TELNA-GHANA-3GB-15D,0.0,,0,deny,manual,9.99,,false,false,,,,,,,,,,,,,kg,,,
ghana,,,,,,,,,3GB / 30 Days,,,,,,,,TELNA-GHANA-3GB-30D,0.0,,0,deny,manual,12.99,,false,false,,,,,,,,,,,,,kg,,,
ghana,,,,,,,,,5GB / 5 Days,,,,,,,,TELNA-GHANA-5GB-5D,0.0,,0,deny,manual,11.99,,false,false,,,,,,,,,,,,,kg,,,
ghana,,,,,,,,,5GB / 10 Days,,,,,,,,TELNA-GHANA-5GB-10D,0.0,,0,deny,manual,12.99,,false,false,,,,,,,,,,,,,kg,,,
ghana,,,,,,,,,5GB / 15 Days,,,,,,,,TELNA-GHANA-5GB-15D,0.0,,0,deny,manual,13.99,,false,false,,,,,,,,,,,,,kg,,,
ghana,,,,,,,,,5GB / 30 Days,,,,,,,,TELNA-GHANA-5GB-30D,0.0,,0,deny,manual,15.99,,false,false,,,,,,,,,,,,,kg,,,
ghana,,,,,,,,,10GB / 5 Days,,,,,,,,TELNA-GHANA-10GB-5D,0.0,,0,deny,manual,21.99,,false,false,,,,,,,,,,,,,kg,,,
ghana,,,,,,,,,10GB / 10 Days,,,,,,,,TELNA-GHANA-10GB-10D,0.0,,0,deny,manual,22.99,,false,false,,,,,,,,,,,,,kg,,,
ghana,,,,,,,,,10GB / 15 Days,,,,,,,,TELNA-GHANA-10GB-15D,0.0,,0,deny,manual,23.99,,false,false,,,,,,,,,,,,,kg,,,
ghana,,,,,,,,,10GB / 30 Days,,,,,,,,TELNA-GHANA-10GB-30D,0.0,,0,deny,manual,25.99,,false,false,,,,,,,,,,,,,kg,,,
ghana,,,,,,,,,20GB / 5 Days,,,,,,,,TELNA-GHANA-20GB-5D,0.0,,0,deny,manual,40.99,,false,false,,,,,,,,,,,,,kg,,,
ghana,,,,,,,,,20GB / 10 Days,,,,,,,,TELNA-GHANA-20GB-10D,0.0,,0,deny,manual,41.99,,false,false,,,,,,,,,,,,,kg,,,
ghana,,,,,,,,,20GB / 15 Days,,,,,,,,TELNA-GHANA-20GB-15D,0.0,,0,deny,manual,42.99,,false,false,,,,,,,,,,,,,kg,,,
ghana,,,,,,,,,20GB / 30 Days,,,,,,,,TELNA-GHANA-20GB-30D,0.0,,0,deny,manual,46.99,,false,false,,,,,,,,,,,,,kg,,,
ghana,,,,,,,,,Unlimited / 5 Days,,,,,,,,TELNA-GHANA-UNLIMITED-5D,0.0,,0,deny,manual,24.99,,false,false,,,,,,,,,,,,,kg,,,
ghana,,,,,,,,,Unlimited / 10 Days,,,,,,,,TELNA-GHANA-UNLIMITED-10D,0.0,,0,deny,manual,49.99,,false,false,,,,,,,,,,,,,kg,,,
ghana,,,,,,,,,Unlimited / 15 Days,,,,,,,,TELNA-GHANA-UNLIMITED-15D,0.0,,0,deny,manual,89.99,,false,false,,,,,,,,,,,,,kg,,,
ghana,,,,,,,,,Unlimited / 30 Days,,,,,,,,TELNA-GHANA-UNLIMITED-30D,0.0,,0,deny,manual,129.99,,false,false,,,,,,,,,,,,,kg,,,
germany,Germany,"<p>Travel eSIM data plan for Germany.</p>
<p>Si vous possédez déjà une eSIM de chez nous, cet achat sera ajouté à votre eSIM existante sous forme de recharge. S’il s’agit de votre premier achat, nous vous enverrons votre code QR par courriel après la confirmation de votre paiement.</p>",Quebec eSIM,,eSIM,"eSIM, Germany, Telna",false,Plan,1GB / 5 Days,,,,,,,,TELNA-GERMANY-1GB-5D,0.0,,0,deny,manual,2.99,,false,false,,,,,,,,,false,,,,kg,,,active
germany,,,,,,,,,1GB / 10 Days,,,,,,,,TELNA-GERMANY-1GB-10D,0.0,,0,deny,manual,3.99,,false,false,,,,,,,,,,,,,kg,,,
germany,,,,,,,,,1GB / 15 Days,,,,,,,,TELNA-GERMANY-1GB-15D,0.0,,0,deny,manual,4.99,,false,false,,,,,,,,,,,,,kg,,,
germany,,,,,,,,,1GB / 30 Days,,,,,,,,TELNA-GERMANY-1GB-30D,0.0,,0,deny,manual,6.99,,false,false,,,,,,,,,,,,,kg,,,
germany,,,,,,,,,3GB / 5 Days,,,,,,,,TELNA-GERMANY-3GB-5D,0.0,,0,deny,manual,7.99,,false,false,,,,,,,,,,,,,kg,,,
germany,,,,,,,,,3GB / 10 Days,,,,,,,,TELNA-GERMANY-3GB-10D,0.0,,0,deny,manual,7.99,,false,false,,,,,,,,,,,,,kg,,,
germany,,,,,,,,,3GB / 15 Days,,,,,,,,TELNA-GERMANY-3GB-15D,0.0,,0,deny,manual,8.99,,false,false,,,,,,,,,,,,,kg,,,
germany,,,,,,,,,3GB / 30 Days,,,,,,,,TELNA-GERMANY-3GB-30D,0.0,,0,deny,manual,9.99,,false,false,,,,,,,,,,,,,kg,,,
germany,,,,,,,,,5GB / 5 Days,,,,,,,,TELNA-GERMANY-5GB-5D,0.0,,0,deny,manual,4.99,,false,false,,,,,,,,,,,,,kg,,,
germany,,,,,,,,,5GB / 10 Days,,,,,,,,TELNA-GERMANY-5GB-10D,0.0,,0,deny,manual,5.99,,false,false,,,,,,,,,,,,,kg,,,
germany,,,,,,,,,5GB / 15 Days,,,,,,,,TELNA-GERMANY-5GB-15D,0.0,,0,deny,manual,6.99,,false,false,,,,,,,,,,,,,kg,,,
germany,,,,,,,,,5GB / 30 Days,,,,,,,,TELNA-GERMANY-5GB-30D,0.0,,0,deny,manual,8.99,,false,false,,,,,,,,,,,,,kg,,,
germany,,,,,,,,,10GB / 5 Days,,,,,,,,TELNA-GERMANY-10GB-5D,0.0,,0,deny,manual,8.99,,false,false,,,,,,,,,,,,,kg,,,
germany,,,,,,,,,10GB / 10 Days,,,,,,,,TELNA-GERMANY-10GB-10D,0.0,,0,deny,manual,9.99,,false,false,,,,,,,,,,,,,kg,,,
germany,,,,,,,,,10GB / 15 Days,,,,,,,,TELNA-GERMANY-10GB-15D,0.0,,0,deny,manual,9.99,,false,false,,,,,,,,,,,,,kg,,,
germany,,,,,,,,,10GB / 30 Days,,,,,,,,TELNA-GERMANY-10GB-30D,0.0,,0,deny,manual,12.99,,false,false,,,,,,,,,,,,,kg,,,
germany,,,,,,,,,20GB / 5 Days,,,,,,,,TELNA-GERMANY-20GB-5D,0.0,,0,deny,manual,17.99,,false,false,,,,,,,,,,,,,kg,,,
germany,,,,,,,,,20GB / 10 Days,,,,,,,,TELNA-GERMANY-20GB-10D,0.0,,0,deny,manual,18.99,,false,false,,,,,,,,,,,,,kg,,,
germany,,,,,,,,,20GB / 15 Days,,,,,,,,TELNA-GERMANY-20GB-15D,0.0,,0,deny,manual,19.99,,false,false,,,,,,,,,,,,,kg,,,
germany,,,,,,,,,20GB / 30 Days,,,,,,,,TELNA-GERMANY-20GB-30D,0.0,,0,deny,manual,21.99,,false,false,,,,,,,,,,,,,kg,,,
germany,,,,,,,,,Unlimited / 5 Days,,,,,,,,TELNA-GERMANY-UNLIMITED-5D,0.0,,0,deny,manual,17.99,,false,false,,,,,,,,,,,,,kg,,,
germany,,,,,,,,,Unlimited / 10 Days,,,,,,,,TELNA-GERMANY-UNLIMITED-10D,0.0,,0,deny,manual,29.99,,false,false,,,,,,,,,,,,,kg,,,
germany,,,,,,,,,Unlimited / 15 Days,,,,,,,,TELNA-GERMANY-UNLIMITED-15D,0.0,,0,deny,manual,39.99,,false,false,,,,,,,,,,,,,kg,,,
germany,,,,,,,,,Unlimited / 30 Days,,,,,,,,TELNA-GERMANY-UNLIMITED-30D,0.0,,0,deny,manual,49.99,,false,false,,,,,,,,,,,,,kg,,,
georgia,Georgia,"<p>Travel eSIM data plan for Georgia.</p>
<p>Si vous possédez déjà une eSIM de chez nous, cet achat sera ajouté à votre eSIM existante sous forme de recharge. S’il s’agit de votre premier achat, nous vous enverrons votre code QR par courriel après la confirmation de votre paiement.</p>",Quebec eSIM,,eSIM,"eSIM, Georgia, Telna",false,Plan,1GB / 5 Days,,,,,,,,TELNA-GEORGIA-1GB-5D,0.0,,0,deny,manual,3.99,,false,false,,,,,,,,,false,,,,kg,,,active
georgia,,,,,,,,,1GB / 10 Days,,,,,,,,TELNA-GEORGIA-1GB-10D,0.0,,0,deny,manual,4.99,,false,false,,,,,,,,,,,,,kg,,,
georgia,,,,,,,,,1GB / 15 Days,,,,,,,,TELNA-GEORGIA-1GB-15D,0.0,,0,deny,manual,4.99,,false,false,,,,,,,,,,,,,kg,,,
georgia,,,,,,,,,1GB / 30 Days,,,,,,,,TELNA-GEORGIA-1GB-30D,0.0,,0,deny,manual,7.99,,false,false,,,,,,,,,,,,,kg,,,
georgia,,,,,,,,,3GB / 5 Days,,,,,,,,TELNA-GEORGIA-3GB-5D,0.0,,0,deny,manual,4.99,,false,false,,,,,,,,,,,,,kg,,,
georgia,,,,,,,,,3GB / 10 Days,,,,,,,,TELNA-GEORGIA-3GB-10D,0.0,,0,deny,manual,5.99,,false,false,,,,,,,,,,,,,kg,,,
georgia,,,,,,,,,3GB / 15 Days,,,,,,,,TELNA-GEORGIA-3GB-15D,0.0,,0,deny,manual,6.99,,false,false,,,,,,,,,,,,,kg,,,
georgia,,,,,,,,,3GB / 30 Days,,,,,,,,TELNA-GEORGIA-3GB-30D,0.0,,0,deny,manual,8.99,,false,false,,,,,,,,,,,,,kg,,,
georgia,,,,,,,,,5GB / 5 Days,,,,,,,,TELNA-GEORGIA-5GB-5D,0.0,,0,deny,manual,5.99,,false,false,,,,,,,,,,,,,kg,,,
georgia,,,,,,,,,5GB / 10 Days,,,,,,,,TELNA-GEORGIA-5GB-10D,0.0,,0,deny,manual,6.99,,false,false,,,,,,,,,,,,,kg,,,
georgia,,,,,,,,,5GB / 15 Days,,,,,,,,TELNA-GEORGIA-5GB-15D,0.0,,0,deny,manual,7.99,,false,false,,,,,,,,,,,,,kg,,,
georgia,,,,,,,,,5GB / 30 Days,,,,,,,,TELNA-GEORGIA-5GB-30D,0.0,,0,deny,manual,9.99,,false,false,,,,,,,,,,,,,kg,,,
georgia,,,,,,,,,10GB / 5 Days,,,,,,,,TELNA-GEORGIA-10GB-5D,0.0,,0,deny,manual,12.99,,false,false,,,,,,,,,,,,,kg,,,
georgia,,,,,,,,,10GB / 10 Days,,,,,,,,TELNA-GEORGIA-10GB-10D,0.0,,0,deny,manual,13.99,,false,false,,,,,,,,,,,,,kg,,,
georgia,,,,,,,,,10GB / 15 Days,,,,,,,,TELNA-GEORGIA-10GB-15D,0.0,,0,deny,manual,14.99,,false,false,,,,,,,,,,,,,kg,,,
georgia,,,,,,,,,10GB / 30 Days,,,,,,,,TELNA-GEORGIA-10GB-30D,0.0,,0,deny,manual,16.99,,false,false,,,,,,,,,,,,,kg,,,
georgia,,,,,,,,,20GB / 5 Days,,,,,,,,TELNA-GEORGIA-20GB-5D,0.0,,0,deny,manual,23.99,,false,false,,,,,,,,,,,,,kg,,,
georgia,,,,,,,,,20GB / 10 Days,,,,,,,,TELNA-GEORGIA-20GB-10D,0.0,,0,deny,manual,24.99,,false,false,,,,,,,,,,,,,kg,,,
georgia,,,,,,,,,20GB / 15 Days,,,,,,,,TELNA-GEORGIA-20GB-15D,0.0,,0,deny,manual,24.99,,false,false,,,,,,,,,,,,,kg,,,
georgia,,,,,,,,,20GB / 30 Days,,,,,,,,TELNA-GEORGIA-20GB-30D,0.0,,0,deny,manual,27.99,,false,false,,,,,,,,,,,,,kg,,,
georgia,,,,,,,,,Unlimited / 5 Days,,,,,,,,TELNA-GEORGIA-UNLIMITED-5D,0.0,,0,deny,manual,14.99,,false,false,,,,,,,,,,,,,kg,,,
georgia,,,,,,,,,Unlimited / 10 Days,,,,,,,,TELNA-GEORGIA-UNLIMITED-10D,0.0,,0,deny,manual,24.99,,false,false,,,,,,,,,,,,,kg,,,
georgia,,,,,,,,,Unlimited / 15 Days,,,,,,,,TELNA-GEORGIA-UNLIMITED-15D,0.0,,0,deny,manual,39.99,,false,false,,,,,,,,,,,,,kg,,,
georgia,,,,,,,,,Unlimited / 30 Days,,,,,,,,TELNA-GEORGIA-UNLIMITED-30D,0.0,,0,deny,manual,49.99,,false,false,,,,,,,,,,,,,kg,,,
gambia,Gambia,"<p>Travel eSIM data plan for Gambia.</p>
<p>Si vous possédez déjà une eSIM de chez nous, cet achat sera ajouté à votre eSIM existante sous forme de recharge. S’il s’agit de votre premier achat, nous vous enverrons votre code QR par courriel après la confirmation de votre paiement.</p>",Quebec eSIM,,eSIM,"eSIM, Gambia, Telna",false,Plan,1GB / 5 Days,,,,,,,,TELNA-GAMBIA-1GB-5D,0.0,,0,deny,manual,28.99,,false,false,,,,,,,,,false,,,,kg,,,active
gambia,,,,,,,,,1GB / 10 Days,,,,,,,,TELNA-GAMBIA-1GB-10D,0.0,,0,deny,manual,29.99,,false,false,,,,,,,,,,,,,kg,,,
gambia,,,,,,,,,1GB / 15 Days,,,,,,,,TELNA-GAMBIA-1GB-15D,0.0,,0,deny,manual,29.99,,false,false,,,,,,,,,,,,,kg,,,
gambia,,,,,,,,,1GB / 30 Days,,,,,,,,TELNA-GAMBIA-1GB-30D,0.0,,0,deny,manual,32.99,,false,false,,,,,,,,,,,,,kg,,,
gambia,,,,,,,,,3GB / 5 Days,,,,,,,,TELNA-GAMBIA-3GB-5D,0.0,,0,deny,manual,79.99,,false,false,,,,,,,,,,,,,kg,,,
gambia,,,,,,,,,3GB / 10 Days,,,,,,,,TELNA-GAMBIA-3GB-10D,0.0,,0,deny,manual,80.99,,false,false,,,,,,,,,,,,,kg,,,
gambia,,,,,,,,,3GB / 15 Days,,,,,,,,TELNA-GAMBIA-3GB-15D,0.0,,0,deny,manual,81.99,,false,false,,,,,,,,,,,,,kg,,,
gambia,,,,,,,,,3GB / 30 Days,,,,,,,,TELNA-GAMBIA-3GB-30D,0.0,,0,deny,manual,85.99,,false,false,,,,,,,,,,,,,kg,,,
gambia,,,,,,,,,5GB / 5 Days,,,,,,,,TELNA-GAMBIA-5GB-5D,0.0,,0,deny,manual,134.99,,false,false,,,,,,,,,,,,,kg,,,
gambia,,,,,,,,,5GB / 10 Days,,,,,,,,TELNA-GAMBIA-5GB-10D,0.0,,0,deny,manual,134.99,,false,false,,,,,,,,,,,,,kg,,,
gambia,,,,,,,,,5GB / 15 Days,,,,,,,,TELNA-GAMBIA-5GB-15D,0.0,,0,deny,manual,134.99,,false,false,,,,,,,,,,,,,kg,,,
gambia,,,,,,,,,5GB / 30 Days,,,,,,,,TELNA-GAMBIA-5GB-30D,0.0,,0,deny,manual,139.99,,false,false,,,,,,,,,,,,,kg,,,
gabon,Gabon,"<p>Travel eSIM data plan for Gabon.</p>
<p>Si vous possédez déjà une eSIM de chez nous, cet achat sera ajouté à votre eSIM existante sous forme de recharge. S’il s’agit de votre premier achat, nous vous enverrons votre code QR par courriel après la confirmation de votre paiement.</p>",Quebec eSIM,,eSIM,"eSIM, Gabon, Telna",false,Plan,1GB / 5 Days,,,,,,,,TELNA-GABON-1GB-5D,0.0,,0,deny,manual,4.99,,false,false,,,,,,,,,false,,,,kg,,,active
gabon,,,,,,,,,1GB / 10 Days,,,,,,,,TELNA-GABON-1GB-10D,0.0,,0,deny,manual,5.99,,false,false,,,,,,,,,,,,,kg,,,
gabon,,,,,,,,,1GB / 15 Days,,,,,,,,TELNA-GABON-1GB-15D,0.0,,0,deny,manual,6.99,,false,false,,,,,,,,,,,,,kg,,,
gabon,,,,,,,,,1GB / 30 Days,,,,,,,,TELNA-GABON-1GB-30D,0.0,,0,deny,manual,8.99,,false,false,,,,,,,,,,,,,kg,,,
gabon,,,,,,,,,3GB / 5 Days,,,,,,,,TELNA-GABON-3GB-5D,0.0,,0,deny,manual,13.99,,false,false,,,,,,,,,,,,,kg,,,
gabon,,,,,,,,,3GB / 10 Days,,,,,,,,TELNA-GABON-3GB-10D,0.0,,0,deny,manual,14.99,,false,false,,,,,,,,,,,,,kg,,,
gabon,,,,,,,,,3GB / 15 Days,,,,,,,,TELNA-GABON-3GB-15D,0.0,,0,deny,manual,14.99,,false,false,,,,,,,,,,,,,kg,,,
gabon,,,,,,,,,3GB / 30 Days,,,,,,,,TELNA-GABON-3GB-30D,0.0,,0,deny,manual,17.99,,false,false,,,,,,,,,,,,,kg,,,
gabon,,,,,,,,,5GB / 5 Days,,,,,,,,TELNA-GABON-5GB-5D,0.0,,0,deny,manual,23.99,,false,false,,,,,,,,,,,,,kg,,,
gabon,,,,,,,,,5GB / 10 Days,,,,,,,,TELNA-GABON-5GB-10D,0.0,,0,deny,manual,24.99,,false,false,,,,,,,,,,,,,kg,,,
gabon,,,,,,,,,5GB / 15 Days,,,,,,,,TELNA-GABON-5GB-15D,0.0,,0,deny,manual,24.99,,false,false,,,,,,,,,,,,,kg,,,
gabon,,,,,,,,,5GB / 30 Days,,,,,,,,TELNA-GABON-5GB-30D,0.0,,0,deny,manual,27.99,,false,false,,,,,,,,,,,,,kg,,,
gabon,,,,,,,,,10GB / 5 Days,,,,,,,,TELNA-GABON-10GB-5D,0.0,,0,deny,manual,40.99,,false,false,,,,,,,,,,,,,kg,,,
gabon,,,,,,,,,10GB / 10 Days,,,,,,,,TELNA-GABON-10GB-10D,0.0,,0,deny,manual,41.99,,false,false,,,,,,,,,,,,,kg,,,
gabon,,,,,,,,,10GB / 15 Days,,,,,,,,TELNA-GABON-10GB-15D,0.0,,0,deny,manual,42.99,,false,false,,,,,,,,,,,,,kg,,,
gabon,,,,,,,,,10GB / 30 Days,,,,,,,,TELNA-GABON-10GB-30D,0.0,,0,deny,manual,46.99,,false,false,,,,,,,,,,,,,kg,,,
french-polynesia,French Polynesia,"<p>Travel eSIM data plan for French Polynesia.</p>
<p>Si vous possédez déjà une eSIM de chez nous, cet achat sera ajouté à votre eSIM existante sous forme de recharge. S’il s’agit de votre premier achat, nous vous enverrons votre code QR par courriel après la confirmation de votre paiement.</p>",Quebec eSIM,,eSIM,"eSIM, French Polynesia, Telna",false,Plan,1GB / 5 Days,,,,,,,,TELNA-FRENCH-POLYNESIA-1GB-5D,0.0,,0,deny,manual,11.99,,false,false,,,,,,,,,false,,,,kg,,,active
french-polynesia,,,,,,,,,1GB / 10 Days,,,,,,,,TELNA-FRENCH-POLYNESIA-1GB-10D,0.0,,0,deny,manual,12.99,,false,false,,,,,,,,,,,,,kg,,,
french-polynesia,,,,,,,,,1GB / 15 Days,,,,,,,,TELNA-FRENCH-POLYNESIA-1GB-15D,0.0,,0,deny,manual,13.99,,false,false,,,,,,,,,,,,,kg,,,
french-polynesia,,,,,,,,,1GB / 30 Days,,,,,,,,TELNA-FRENCH-POLYNESIA-1GB-30D,0.0,,0,deny,manual,15.99,,false,false,,,,,,,,,,,,,kg,,,
french-polynesia,,,,,,,,,3GB / 5 Days,,,,,,,,TELNA-FRENCH-POLYNESIA-3GB-5D,0.0,,0,deny,manual,34.99,,false,false,,,,,,,,,,,,,kg,,,
french-polynesia,,,,,,,,,3GB / 10 Days,,,,,,,,TELNA-FRENCH-POLYNESIA-3GB-10D,0.0,,0,deny,manual,35.99,,false,false,,,,,,,,,,,,,kg,,,
french-polynesia,,,,,,,,,3GB / 15 Days,,,,,,,,TELNA-FRENCH-POLYNESIA-3GB-15D,0.0,,0,deny,manual,36.99,,false,false,,,,,,,,,,,,,kg,,,
french-polynesia,,,,,,,,,3GB / 30 Days,,,,,,,,TELNA-FRENCH-POLYNESIA-3GB-30D,0.0,,0,deny,manual,38.99,,false,false,,,,,,,,,,,,,kg,,,
french-polynesia,,,,,,,,,5GB / 5 Days,,,,,,,,TELNA-FRENCH-POLYNESIA-5GB-5D,0.0,,0,deny,manual,57.99,,false,false,,,,,,,,,,,,,kg,,,
french-polynesia,,,,,,,,,5GB / 10 Days,,,,,,,,TELNA-FRENCH-POLYNESIA-5GB-10D,0.0,,0,deny,manual,58.99,,false,false,,,,,,,,,,,,,kg,,,
french-polynesia,,,,,,,,,5GB / 15 Days,,,,,,,,TELNA-FRENCH-POLYNESIA-5GB-15D,0.0,,0,deny,manual,59.99,,false,false,,,,,,,,,,,,,kg,,,
french-polynesia,,,,,,,,,5GB / 30 Days,,,,,,,,TELNA-FRENCH-POLYNESIA-5GB-30D,0.0,,0,deny,manual,63.99,,false,false,,,,,,,,,,,,,kg,,,
french-guiana,French Guiana,"<p>Travel eSIM data plan for French Guiana.</p>
<p>Si vous possédez déjà une eSIM de chez nous, cet achat sera ajouté à votre eSIM existante sous forme de recharge. S’il s’agit de votre premier achat, nous vous enverrons votre code QR par courriel après la confirmation de votre paiement.</p>",Quebec eSIM,,eSIM,"eSIM, French Guiana, Telna",false,Plan,1GB / 5 Days,,,,,,,,TELNA-FRENCH-GUIANA-1GB-5D,0.0,,0,deny,manual,2.99,,false,false,,,,,,,,,false,,,,kg,,,active
french-guiana,,,,,,,,,1GB / 10 Days,,,,,,,,TELNA-FRENCH-GUIANA-1GB-10D,0.0,,0,deny,manual,3.99,,false,false,,,,,,,,,,,,,kg,,,
french-guiana,,,,,,,,,1GB / 15 Days,,,,,,,,TELNA-FRENCH-GUIANA-1GB-15D,0.0,,0,deny,manual,4.99,,false,false,,,,,,,,,,,,,kg,,,
french-guiana,,,,,,,,,1GB / 30 Days,,,,,,,,TELNA-FRENCH-GUIANA-1GB-30D,0.0,,0,deny,manual,6.99,,false,false,,,,,,,,,,,,,kg,,,
french-guiana,,,,,,,,,3GB / 5 Days,,,,,,,,TELNA-FRENCH-GUIANA-3GB-5D,0.0,,0,deny,manual,11.99,,false,false,,,,,,,,,,,,,kg,,,
french-guiana,,,,,,,,,3GB / 10 Days,,,,,,,,TELNA-FRENCH-GUIANA-3GB-10D,0.0,,0,deny,manual,12.99,,false,false,,,,,,,,,,,,,kg,,,
french-guiana,,,,,,,,,3GB / 15 Days,,,,,,,,TELNA-FRENCH-GUIANA-3GB-15D,0.0,,0,deny,manual,13.99,,false,false,,,,,,,,,,,,,kg,,,
french-guiana,,,,,,,,,3GB / 30 Days,,,,,,,,TELNA-FRENCH-GUIANA-3GB-30D,0.0,,0,deny,manual,14.99,,false,false,,,,,,,,,,,,,kg,,,
french-guiana,,,,,,,,,5GB / 5 Days,,,,,,,,TELNA-FRENCH-GUIANA-5GB-5D,0.0,,0,deny,manual,4.99,,false,false,,,,,,,,,,,,,kg,,,
french-guiana,,,,,,,,,5GB / 10 Days,,,,,,,,TELNA-FRENCH-GUIANA-5GB-10D,0.0,,0,deny,manual,5.99,,false,false,,,,,,,,,,,,,kg,,,
french-guiana,,,,,,,,,5GB / 15 Days,,,,,,,,TELNA-FRENCH-GUIANA-5GB-15D,0.0,,0,deny,manual,6.99,,false,false,,,,,,,,,,,,,kg,,,
french-guiana,,,,,,,,,5GB / 30 Days,,,,,,,,TELNA-FRENCH-GUIANA-5GB-30D,0.0,,0,deny,manual,8.99,,false,false,,,,,,,,,,,,,kg,,,
french-guiana,,,,,,,,,10GB / 5 Days,,,,,,,,TELNA-FRENCH-GUIANA-10GB-5D,0.0,,0,deny,manual,8.99,,false,false,,,,,,,,,,,,,kg,,,
french-guiana,,,,,,,,,10GB / 10 Days,,,,,,,,TELNA-FRENCH-GUIANA-10GB-10D,0.0,,0,deny,manual,9.99,,false,false,,,,,,,,,,,,,kg,,,
french-guiana,,,,,,,,,10GB / 15 Days,,,,,,,,TELNA-FRENCH-GUIANA-10GB-15D,0.0,,0,deny,manual,9.99,,false,false,,,,,,,,,,,,,kg,,,
french-guiana,,,,,,,,,10GB / 30 Days,,,,,,,,TELNA-FRENCH-GUIANA-10GB-30D,0.0,,0,deny,manual,12.99,,false,false,,,,,,,,,,,,,kg,,,
french-guiana,,,,,,,,,20GB / 5 Days,,,,,,,,TELNA-FRENCH-GUIANA-20GB-5D,0.0,,0,deny,manual,17.99,,false,false,,,,,,,,,,,,,kg,,,
french-guiana,,,,,,,,,20GB / 10 Days,,,,,,,,TELNA-FRENCH-GUIANA-20GB-10D,0.0,,0,deny,manual,18.99,,false,false,,,,,,,,,,,,,kg,,,
french-guiana,,,,,,,,,20GB / 15 Days,,,,,,,,TELNA-FRENCH-GUIANA-20GB-15D,0.0,,0,deny,manual,19.99,,false,false,,,,,,,,,,,,,kg,,,
french-guiana,,,,,,,,,20GB / 30 Days,,,,,,,,TELNA-FRENCH-GUIANA-20GB-30D,0.0,,0,deny,manual,21.99,,false,false,,,,,,,,,,,,,kg,,,
france,France,"<p>Travel eSIM data plan for France.</p>
<p>Si vous possédez déjà une eSIM de chez nous, cet achat sera ajouté à votre eSIM existante sous forme de recharge. S’il s’agit de votre premier achat, nous vous enverrons votre code QR par courriel après la confirmation de votre paiement.</p>",Quebec eSIM,,eSIM,"eSIM, France, Telna",false,Plan,1GB / 5 Days,,,,,,,,TELNA-FRANCE-1GB-5D,0.0,,0,deny,manual,2.99,,false,false,,,,,,,,,false,,,,kg,,,active
france,,,,,,,,,1GB / 10 Days,,,,,,,,TELNA-FRANCE-1GB-10D,0.0,,0,deny,manual,3.99,,false,false,,,,,,,,,,,,,kg,,,
france,,,,,,,,,1GB / 15 Days,,,,,,,,TELNA-FRANCE-1GB-15D,0.0,,0,deny,manual,4.99,,false,false,,,,,,,,,,,,,kg,,,
france,,,,,,,,,1GB / 30 Days,,,,,,,,TELNA-FRANCE-1GB-30D,0.0,,0,deny,manual,6.99,,false,false,,,,,,,,,,,,,kg,,,
france,,,,,,,,,3GB / 5 Days,,,,,,,,TELNA-FRANCE-3GB-5D,0.0,,0,deny,manual,7.99,,false,false,,,,,,,,,,,,,kg,,,
france,,,,,,,,,3GB / 10 Days,,,,,,,,TELNA-FRANCE-3GB-10D,0.0,,0,deny,manual,7.99,,false,false,,,,,,,,,,,,,kg,,,
france,,,,,,,,,3GB / 15 Days,,,,,,,,TELNA-FRANCE-3GB-15D,0.0,,0,deny,manual,8.99,,false,false,,,,,,,,,,,,,kg,,,
france,,,,,,,,,3GB / 30 Days,,,,,,,,TELNA-FRANCE-3GB-30D,0.0,,0,deny,manual,9.99,,false,false,,,,,,,,,,,,,kg,,,
france,,,,,,,,,5GB / 5 Days,,,,,,,,TELNA-FRANCE-5GB-5D,0.0,,0,deny,manual,4.99,,false,false,,,,,,,,,,,,,kg,,,
france,,,,,,,,,5GB / 10 Days,,,,,,,,TELNA-FRANCE-5GB-10D,0.0,,0,deny,manual,5.99,,false,false,,,,,,,,,,,,,kg,,,
france,,,,,,,,,5GB / 15 Days,,,,,,,,TELNA-FRANCE-5GB-15D,0.0,,0,deny,manual,6.99,,false,false,,,,,,,,,,,,,kg,,,
france,,,,,,,,,5GB / 30 Days,,,,,,,,TELNA-FRANCE-5GB-30D,0.0,,0,deny,manual,8.99,,false,false,,,,,,,,,,,,,kg,,,
france,,,,,,,,,10GB / 5 Days,,,,,,,,TELNA-FRANCE-10GB-5D,0.0,,0,deny,manual,8.99,,false,false,,,,,,,,,,,,,kg,,,
france,,,,,,,,,10GB / 10 Days,,,,,,,,TELNA-FRANCE-10GB-10D,0.0,,0,deny,manual,9.99,,false,false,,,,,,,,,,,,,kg,,,
france,,,,,,,,,10GB / 15 Days,,,,,,,,TELNA-FRANCE-10GB-15D,0.0,,0,deny,manual,9.99,,false,false,,,,,,,,,,,,,kg,,,
france,,,,,,,,,10GB / 30 Days,,,,,,,,TELNA-FRANCE-10GB-30D,0.0,,0,deny,manual,12.99,,false,false,,,,,,,,,,,,,kg,,,
france,,,,,,,,,20GB / 5 Days,,,,,,,,TELNA-FRANCE-20GB-5D,0.0,,0,deny,manual,17.99,,false,false,,,,,,,,,,,,,kg,,,
france,,,,,,,,,20GB / 10 Days,,,,,,,,TELNA-FRANCE-20GB-10D,0.0,,0,deny,manual,18.99,,false,false,,,,,,,,,,,,,kg,,,
france,,,,,,,,,20GB / 15 Days,,,,,,,,TELNA-FRANCE-20GB-15D,0.0,,0,deny,manual,19.99,,false,false,,,,,,,,,,,,,kg,,,
france,,,,,,,,,20GB / 30 Days,,,,,,,,TELNA-FRANCE-20GB-30D,0.0,,0,deny,manual,21.99,,false,false,,,,,,,,,,,,,kg,,,
france,,,,,,,,,Unlimited / 5 Days,,,,,,,,TELNA-FRANCE-UNLIMITED-5D,0.0,,0,deny,manual,14.99,,false,false,,,,,,,,,,,,,kg,,,
france,,,,,,,,,Unlimited / 10 Days,,,,,,,,TELNA-FRANCE-UNLIMITED-10D,0.0,,0,deny,manual,24.99,,false,false,,,,,,,,,,,,,kg,,,
france,,,,,,,,,Unlimited / 15 Days,,,,,,,,TELNA-FRANCE-UNLIMITED-15D,0.0,,0,deny,manual,39.99,,false,false,,,,,,,,,,,,,kg,,,
france,,,,,,,,,Unlimited / 30 Days,,,,,,,,TELNA-FRANCE-UNLIMITED-30D,0.0,,0,deny,manual,49.99,,false,false,,,,,,,,,,,,,kg,,,
finland,Finland,"<p>Travel eSIM data plan for Finland.</p>
<p>Si vous possédez déjà une eSIM de chez nous, cet achat sera ajouté à votre eSIM existante sous forme de recharge. S’il s’agit de votre premier achat, nous vous enverrons votre code QR par courriel après la confirmation de votre paiement.</p>",Quebec eSIM,,eSIM,"eSIM, Finland, Telna",false,Plan,1GB / 5 Days,,,,,,,,TELNA-FINLAND-1GB-5D,0.0,,0,deny,manual,2.99,,false,false,,,,,,,,,false,,,,kg,,,active
finland,,,,,,,,,1GB / 10 Days,,,,,,,,TELNA-FINLAND-1GB-10D,0.0,,0,deny,manual,3.99,,false,false,,,,,,,,,,,,,kg,,,
finland,,,,,,,,,1GB / 15 Days,,,,,,,,TELNA-FINLAND-1GB-15D,0.0,,0,deny,manual,4.99,,false,false,,,,,,,,,,,,,kg,,,
finland,,,,,,,,,1GB / 30 Days,,,,,,,,TELNA-FINLAND-1GB-30D,0.0,,0,deny,manual,6.99,,false,false,,,,,,,,,,,,,kg,,,
finland,,,,,,,,,3GB / 5 Days,,,,,,,,TELNA-FINLAND-3GB-5D,0.0,,0,deny,manual,7.99,,false,false,,,,,,,,,,,,,kg,,,
finland,,,,,,,,,3GB / 10 Days,,,,,,,,TELNA-FINLAND-3GB-10D,0.0,,0,deny,manual,7.99,,false,false,,,,,,,,,,,,,kg,,,
finland,,,,,,,,,3GB / 15 Days,,,,,,,,TELNA-FINLAND-3GB-15D,0.0,,0,deny,manual,8.99,,false,false,,,,,,,,,,,,,kg,,,
finland,,,,,,,,,3GB / 30 Days,,,,,,,,TELNA-FINLAND-3GB-30D,0.0,,0,deny,manual,9.99,,false,false,,,,,,,,,,,,,kg,,,
finland,,,,,,,,,5GB / 5 Days,,,,,,,,TELNA-FINLAND-5GB-5D,0.0,,0,deny,manual,4.99,,false,false,,,,,,,,,,,,,kg,,,
finland,,,,,,,,,5GB / 10 Days,,,,,,,,TELNA-FINLAND-5GB-10D,0.0,,0,deny,manual,5.99,,false,false,,,,,,,,,,,,,kg,,,
finland,,,,,,,,,5GB / 15 Days,,,,,,,,TELNA-FINLAND-5GB-15D,0.0,,0,deny,manual,6.99,,false,false,,,,,,,,,,,,,kg,,,
finland,,,,,,,,,5GB / 30 Days,,,,,,,,TELNA-FINLAND-5GB-30D,0.0,,0,deny,manual,8.99,,false,false,,,,,,,,,,,,,kg,,,
finland,,,,,,,,,10GB / 5 Days,,,,,,,,TELNA-FINLAND-10GB-5D,0.0,,0,deny,manual,8.99,,false,false,,,,,,,,,,,,,kg,,,
finland,,,,,,,,,10GB / 10 Days,,,,,,,,TELNA-FINLAND-10GB-10D,0.0,,0,deny,manual,9.99,,false,false,,,,,,,,,,,,,kg,,,
finland,,,,,,,,,10GB / 15 Days,,,,,,,,TELNA-FINLAND-10GB-15D,0.0,,0,deny,manual,9.99,,false,false,,,,,,,,,,,,,kg,,,
finland,,,,,,,,,10GB / 30 Days,,,,,,,,TELNA-FINLAND-10GB-30D,0.0,,0,deny,manual,12.99,,false,false,,,,,,,,,,,,,kg,,,
finland,,,,,,,,,20GB / 5 Days,,,,,,,,TELNA-FINLAND-20GB-5D,0.0,,0,deny,manual,17.99,,false,false,,,,,,,,,,,,,kg,,,
finland,,,,,,,,,20GB / 10 Days,,,,,,,,TELNA-FINLAND-20GB-10D,0.0,,0,deny,manual,18.99,,false,false,,,,,,,,,,,,,kg,,,
finland,,,,,,,,,20GB / 15 Days,,,,,,,,TELNA-FINLAND-20GB-15D,0.0,,0,deny,manual,19.99,,false,false,,,,,,,,,,,,,kg,,,
finland,,,,,,,,,20GB / 30 Days,,,,,,,,TELNA-FINLAND-20GB-30D,0.0,,0,deny,manual,21.99,,false,false,,,,,,,,,,,,,kg,,,
finland,,,,,,,,,Unlimited / 5 Days,,,,,,,,TELNA-FINLAND-UNLIMITED-5D,0.0,,0,deny,manual,14.99,,false,false,,,,,,,,,,,,,kg,,,
finland,,,,,,,,,Unlimited / 10 Days,,,,,,,,TELNA-FINLAND-UNLIMITED-10D,0.0,,0,deny,manual,24.99,,false,false,,,,,,,,,,,,,kg,,,
finland,,,,,,,,,Unlimited / 15 Days,,,,,,,,TELNA-FINLAND-UNLIMITED-15D,0.0,,0,deny,manual,39.99,,false,false,,,,,,,,,,,,,kg,,,
finland,,,,,,,,,Unlimited / 30 Days,,,,,,,,TELNA-FINLAND-UNLIMITED-30D,0.0,,0,deny,manual,49.99,,false,false,,,,,,,,,,,,,kg,,,
fiji,Fiji,"<p>Travel eSIM data plan for Fiji.</p>
<p>Si vous possédez déjà une eSIM de chez nous, cet achat sera ajouté à votre eSIM existante sous forme de recharge. S’il s’agit de votre premier achat, nous vous enverrons votre code QR par courriel après la confirmation de votre paiement.</p>",Quebec eSIM,,eSIM,"eSIM, Fiji, Telna",false,Plan,1GB / 5 Days,,,,,,,,TELNA-FIJI-1GB-5D,0.0,,0,deny,manual,4.99,,false,false,,,,,,,,,false,,,,kg,,,active
fiji,,,,,,,,,1GB / 10 Days,,,,,,,,TELNA-FIJI-1GB-10D,0.0,,0,deny,manual,5.99,,false,false,,,,,,,,,,,,,kg,,,
fiji,,,,,,,,,1GB / 15 Days,,,,,,,,TELNA-FIJI-1GB-15D,0.0,,0,deny,manual,6.99,,false,false,,,,,,,,,,,,,kg,,,
fiji,,,,,,,,,1GB / 30 Days,,,,,,,,TELNA-FIJI-1GB-30D,0.0,,0,deny,manual,8.99,,false,false,,,,,,,,,,,,,kg,,,
fiji,,,,,,,,,3GB / 5 Days,,,,,,,,TELNA-FIJI-3GB-5D,0.0,,0,deny,manual,13.99,,false,false,,,,,,,,,,,,,kg,,,
fiji,,,,,,,,,3GB / 10 Days,,,,,,,,TELNA-FIJI-3GB-10D,0.0,,0,deny,manual,14.99,,false,false,,,,,,,,,,,,,kg,,,
fiji,,,,,,,,,3GB / 15 Days,,,,,,,,TELNA-FIJI-3GB-15D,0.0,,0,deny,manual,14.99,,false,false,,,,,,,,,,,,,kg,,,
fiji,,,,,,,,,3GB / 30 Days,,,,,,,,TELNA-FIJI-3GB-30D,0.0,,0,deny,manual,17.99,,false,false,,,,,,,,,,,,,kg,,,
fiji,,,,,,,,,5GB / 5 Days,,,,,,,,TELNA-FIJI-5GB-5D,0.0,,0,deny,manual,23.99,,false,false,,,,,,,,,,,,,kg,,,
fiji,,,,,,,,,5GB / 10 Days,,,,,,,,TELNA-FIJI-5GB-10D,0.0,,0,deny,manual,24.99,,false,false,,,,,,,,,,,,,kg,,,
fiji,,,,,,,,,5GB / 15 Days,,,,,,,,TELNA-FIJI-5GB-15D,0.0,,0,deny,manual,24.99,,false,false,,,,,,,,,,,,,kg,,,
fiji,,,,,,,,,5GB / 30 Days,,,,,,,,TELNA-FIJI-5GB-30D,0.0,,0,deny,manual,27.99,,false,false,,,,,,,,,,,,,kg,,,
fiji,,,,,,,,,10GB / 5 Days,,,,,,,,TELNA-FIJI-10GB-5D,0.0,,0,deny,manual,40.99,,false,false,,,,,,,,,,,,,kg,,,
fiji,,,,,,,,,10GB / 10 Days,,,,,,,,TELNA-FIJI-10GB-10D,0.0,,0,deny,manual,41.99,,false,false,,,,,,,,,,,,,kg,,,
fiji,,,,,,,,,10GB / 15 Days,,,,,,,,TELNA-FIJI-10GB-15D,0.0,,0,deny,manual,42.99,,false,false,,,,,,,,,,,,,kg,,,
fiji,,,,,,,,,10GB / 30 Days,,,,,,,,TELNA-FIJI-10GB-30D,0.0,,0,deny,manual,46.99,,false,false,,,,,,,,,,,,,kg,,,
fiji,,,,,,,,,20GB / 5 Days,,,,,,,,TELNA-FIJI-20GB-5D,0.0,,0,deny,manual,60.99,,false,false,,,,,,,,,,,,,kg,,,
fiji,,,,,,,,,20GB / 10 Days,,,,,,,,TELNA-FIJI-20GB-10D,0.0,,0,deny,manual,61.99,,false,false,,,,,,,,,,,,,kg,,,
fiji,,,,,,,,,20GB / 15 Days,,,,,,,,TELNA-FIJI-20GB-15D,0.0,,0,deny,manual,62.99,,false,false,,,,,,,,,,,,,kg,,,
fiji,,,,,,,,,20GB / 30 Days,,,,,,,,TELNA-FIJI-20GB-30D,0.0,,0,deny,manual,66.99,,false,false,,,,,,,,,,,,,kg,,,
faroe-islands,Faroe Islands,"<p>Travel eSIM data plan for Faroe Islands.</p>
<p>Si vous possédez déjà une eSIM de chez nous, cet achat sera ajouté à votre eSIM existante sous forme de recharge. S’il s’agit de votre premier achat, nous vous enverrons votre code QR par courriel après la confirmation de votre paiement.</p>",Quebec eSIM,,eSIM,"eSIM, Faroe Islands, Telna",false,Plan,1GB / 5 Days,,,,,,,,TELNA-FAROE-ISLANDS-1GB-5D,0.0,,0,deny,manual,4.99,,false,false,,,,,,,,,false,,,,kg,,,active
faroe-islands,,,,,,,,,1GB / 10 Days,,,,,,,,TELNA-FAROE-ISLANDS-1GB-10D,0.0,,0,deny,manual,5.99,,false,false,,,,,,,,,,,,,kg,,,
faroe-islands,,,,,,,,,1GB / 15 Days,,,,,,,,TELNA-FAROE-ISLANDS-1GB-15D,0.0,,0,deny,manual,6.99,,false,false,,,,,,,,,,,,,kg,,,
faroe-islands,,,,,,,,,1GB / 30 Days,,,,,,,,TELNA-FAROE-ISLANDS-1GB-30D,0.0,,0,deny,manual,8.99,,false,false,,,,,,,,,,,,,kg,,,
faroe-islands,,,,,,,,,3GB / 5 Days,,,,,,,,TELNA-FAROE-ISLANDS-3GB-5D,0.0,,0,deny,manual,8.99,,false,false,,,,,,,,,,,,,kg,,,
faroe-islands,,,,,,,,,3GB / 10 Days,,,,,,,,TELNA-FAROE-ISLANDS-3GB-10D,0.0,,0,deny,manual,9.99,,false,false,,,,,,,,,,,,,kg,,,
faroe-islands,,,,,,,,,3GB / 15 Days,,,,,,,,TELNA-FAROE-ISLANDS-3GB-15D,0.0,,0,deny,manual,9.99,,false,false,,,,,,,,,,,,,kg,,,
faroe-islands,,,,,,,,,3GB / 30 Days,,,,,,,,TELNA-FAROE-ISLANDS-3GB-30D,0.0,,0,deny,manual,12.99,,false,false,,,,,,,,,,,,,kg,,,
faroe-islands,,,,,,,,,5GB / 5 Days,,,,,,,,TELNA-FAROE-ISLANDS-5GB-5D,0.0,,0,deny,manual,11.99,,false,false,,,,,,,,,,,,,kg,,,
faroe-islands,,,,,,,,,5GB / 10 Days,,,,,,,,TELNA-FAROE-ISLANDS-5GB-10D,0.0,,0,deny,manual,12.99,,false,false,,,,,,,,,,,,,kg,,,
faroe-islands,,,,,,,,,5GB / 15 Days,,,,,,,,TELNA-FAROE-ISLANDS-5GB-15D,0.0,,0,deny,manual,13.99,,false,false,,,,,,,,,,,,,kg,,,
faroe-islands,,,,,,,,,5GB / 30 Days,,,,,,,,TELNA-FAROE-ISLANDS-5GB-30D,0.0,,0,deny,manual,15.99,,false,false,,,,,,,,,,,,,kg,,,
faroe-islands,,,,,,,,,10GB / 5 Days,,,,,,,,TELNA-FAROE-ISLANDS-10GB-5D,0.0,,0,deny,manual,21.99,,false,false,,,,,,,,,,,,,kg,,,
faroe-islands,,,,,,,,,10GB / 10 Days,,,,,,,,TELNA-FAROE-ISLANDS-10GB-10D,0.0,,0,deny,manual,22.99,,false,false,,,,,,,,,,,,,kg,,,
faroe-islands,,,,,,,,,10GB / 15 Days,,,,,,,,TELNA-FAROE-ISLANDS-10GB-15D,0.0,,0,deny,manual,23.99,,false,false,,,,,,,,,,,,,kg,,,
faroe-islands,,,,,,,,,10GB / 30 Days,,,,,,,,TELNA-FAROE-ISLANDS-10GB-30D,0.0,,0,deny,manual,25.99,,false,false,,,,,,,,,,,,,kg,,,
faroe-islands,,,,,,,,,20GB / 5 Days,,,,,,,,TELNA-FAROE-ISLANDS-20GB-5D,0.0,,0,deny,manual,40.99,,false,false,,,,,,,,,,,,,kg,,,
faroe-islands,,,,,,,,,20GB / 10 Days,,,,,,,,TELNA-FAROE-ISLANDS-20GB-10D,0.0,,0,deny,manual,41.99,,false,false,,,,,,,,,,,,,kg,,,
faroe-islands,,,,,,,,,20GB / 15 Days,,,,,,,,TELNA-FAROE-ISLANDS-20GB-15D,0.0,,0,deny,manual,42.99,,false,false,,,,,,,,,,,,,kg,,,
faroe-islands,,,,,,,,,20GB / 30 Days,,,,,,,,TELNA-FAROE-ISLANDS-20GB-30D,0.0,,0,deny,manual,46.99,,false,false,,,,,,,,,,,,,kg,,,
falkland-islands,Falkland Islands,"<p>Travel eSIM data plan for Falkland Islands.</p>
<p>Si vous possédez déjà une eSIM de chez nous, cet achat sera ajouté à votre eSIM existante sous forme de recharge. S’il s’agit de votre premier achat, nous vous enverrons votre code QR par courriel après la confirmation de votre paiement.</p>",Quebec eSIM,,eSIM,"eSIM, Falkland Islands, Telna",false,Plan,1GB / 5 Days,,,,,,,,TELNA-FALKLAND-ISLANDS-1GB-5D,0.0,,0,deny,manual,69.99,,false,false,,,,,,,,,false,,,,kg,,,active
falkland-islands,,,,,,,,,1GB / 10 Days,,,,,,,,TELNA-FALKLAND-ISLANDS-1GB-10D,0.0,,0,deny,manual,70.99,,false,false,,,,,,,,,,,,,kg,,,
falkland-islands,,,,,,,,,1GB / 15 Days,,,,,,,,TELNA-FALKLAND-ISLANDS-1GB-15D,0.0,,0,deny,manual,71.99,,false,false,,,,,,,,,,,,,kg,,,
falkland-islands,,,,,,,,,1GB / 30 Days,,,,,,,,TELNA-FALKLAND-ISLANDS-1GB-30D,0.0,,0,deny,manual,75.99,,false,false,,,,,,,,,,,,,kg,,,
falkland-islands,,,,,,,,,3GB / 5 Days,,,,,,,,TELNA-FALKLAND-ISLANDS-3GB-5D,0.0,,0,deny,manual,189.99,,false,false,,,,,,,,,,,,,kg,,,
falkland-islands,,,,,,,,,3GB / 10 Days,,,,,,,,TELNA-FALKLAND-ISLANDS-3GB-10D,0.0,,0,deny,manual,189.99,,false,false,,,,,,,,,,,,,kg,,,
falkland-islands,,,,,,,,,3GB / 15 Days,,,,,,,,TELNA-FALKLAND-ISLANDS-3GB-15D,0.0,,0,deny,manual,194.99,,false,false,,,,,,,,,,,,,kg,,,
falkland-islands,,,,,,,,,3GB / 30 Days,,,,,,,,TELNA-FALKLAND-ISLANDS-3GB-30D,0.0,,0,deny,manual,199.99,,false,false,,,,,,,,,,,,,kg,,,
falkland-islands,,,,,,,,,5GB / 5 Days,,,,,,,,TELNA-FALKLAND-ISLANDS-5GB-5D,0.0,,0,deny,manual,319.99,,false,false,,,,,,,,,,,,,kg,,,
falkland-islands,,,,,,,,,5GB / 10 Days,,,,,,,,TELNA-FALKLAND-ISLANDS-5GB-10D,0.0,,0,deny,manual,319.99,,false,false,,,,,,,,,,,,,kg,,,
falkland-islands,,,,,,,,,5GB / 15 Days,,,,,,,,TELNA-FALKLAND-ISLANDS-5GB-15D,0.0,,0,deny,manual,319.99,,false,false,,,,,,,,,,,,,kg,,,
falkland-islands,,,,,,,,,5GB / 30 Days,,,,,,,,TELNA-FALKLAND-ISLANDS-5GB-30D,0.0,,0,deny,manual,324.99,,false,false,,,,,,,,,,,,,kg,,,
ethiopia,Ethiopia,"<p>Travel eSIM data plan for Ethiopia.</p>
<p>Si vous possédez déjà une eSIM de chez nous, cet achat sera ajouté à votre eSIM existante sous forme de recharge. S’il s’agit de votre premier achat, nous vous enverrons votre code QR par courriel après la confirmation de votre paiement.</p>",Quebec eSIM,,eSIM,"eSIM, Ethiopia, Telna",false,Plan,1GB / 5 Days,,,,,,,,TELNA-ETHIOPIA-1GB-5D,0.0,,0,deny,manual,13.99,,false,false,,,,,,,,,false,,,,kg,,,active
ethiopia,,,,,,,,,1GB / 10 Days,,,,,,,,TELNA-ETHIOPIA-1GB-10D,0.0,,0,deny,manual,14.99,,false,false,,,,,,,,,,,,,kg,,,
ethiopia,,,,,,,,,1GB / 15 Days,,,,,,,,TELNA-ETHIOPIA-1GB-15D,0.0,,0,deny,manual,14.99,,false,false,,,,,,,,,,,,,kg,,,
ethiopia,,,,,,,,,1GB / 30 Days,,,,,,,,TELNA-ETHIOPIA-1GB-30D,0.0,,0,deny,manual,17.99,,false,false,,,,,,,,,,,,,kg,,,
ethiopia,,,,,,,,,3GB / 5 Days,,,,,,,,TELNA-ETHIOPIA-3GB-5D,0.0,,0,deny,manual,39.99,,false,false,,,,,,,,,,,,,kg,,,
ethiopia,,,,,,,,,3GB / 10 Days,,,,,,,,TELNA-ETHIOPIA-3GB-10D,0.0,,0,deny,manual,40.99,,false,false,,,,,,,,,,,,,kg,,,
ethiopia,,,,,,,,,3GB / 15 Days,,,,,,,,TELNA-ETHIOPIA-3GB-15D,0.0,,0,deny,manual,41.99,,false,false,,,,,,,,,,,,,kg,,,
ethiopia,,,,,,,,,3GB / 30 Days,,,,,,,,TELNA-ETHIOPIA-3GB-30D,0.0,,0,deny,manual,45.99,,false,false,,,,,,,,,,,,,kg,,,
ethiopia,,,,,,,,,5GB / 5 Days,,,,,,,,TELNA-ETHIOPIA-5GB-5D,0.0,,0,deny,manual,66.99,,false,false,,,,,,,,,,,,,kg,,,
ethiopia,,,,,,,,,5GB / 10 Days,,,,,,,,TELNA-ETHIOPIA-5GB-10D,0.0,,0,deny,manual,67.99,,false,false,,,,,,,,,,,,,kg,,,
ethiopia,,,,,,,,,5GB / 15 Days,,,,,,,,TELNA-ETHIOPIA-5GB-15D,0.0,,0,deny,manual,68.99,,false,false,,,,,,,,,,,,,kg,,,
ethiopia,,,,,,,,,5GB / 30 Days,,,,,,,,TELNA-ETHIOPIA-5GB-30D,0.0,,0,deny,manual,72.99,,false,false,,,,,,,,,,,,,kg,,,
estonia,Estonia,"<p>Travel eSIM data plan for Estonia.</p>
<p>Si vous possédez déjà une eSIM de chez nous, cet achat sera ajouté à votre eSIM existante sous forme de recharge. S’il s’agit de votre premier achat, nous vous enverrons votre code QR par courriel après la confirmation de votre paiement.</p>",Quebec eSIM,,eSIM,"eSIM, Estonia, Telna",false,Plan,1GB / 5 Days,,,,,,,,TELNA-ESTONIA-1GB-5D,0.0,,0,deny,manual,2.99,,false,false,,,,,,,,,false,,,,kg,,,active
estonia,,,,,,,,,1GB / 10 Days,,,,,,,,TELNA-ESTONIA-1GB-10D,0.0,,0,deny,manual,3.99,,false,false,,,,,,,,,,,,,kg,,,
estonia,,,,,,,,,1GB / 15 Days,,,,,,,,TELNA-ESTONIA-1GB-15D,0.0,,0,deny,manual,4.99,,false,false,,,,,,,,,,,,,kg,,,
estonia,,,,,,,,,1GB / 30 Days,,,,,,,,TELNA-ESTONIA-1GB-30D,0.0,,0,deny,manual,6.99,,false,false,,,,,,,,,,,,,kg,,,
estonia,,,,,,,,,3GB / 5 Days,,,,,,,,TELNA-ESTONIA-3GB-5D,0.0,,0,deny,manual,6.99,,false,false,,,,,,,,,,,,,kg,,,
estonia,,,,,,,,,3GB / 10 Days,,,,,,,,TELNA-ESTONIA-3GB-10D,0.0,,0,deny,manual,6.99,,false,false,,,,,,,,,,,,,kg,,,
estonia,,,,,,,,,3GB / 15 Days,,,,,,,,TELNA-ESTONIA-3GB-15D,0.0,,0,deny,manual,7.99,,false,false,,,,,,,,,,,,,kg,,,
estonia,,,,,,,,,3GB / 30 Days,,,,,,,,TELNA-ESTONIA-3GB-30D,0.0,,0,deny,manual,8.99,,false,false,,,,,,,,,,,,,kg,,,
estonia,,,,,,,,,5GB / 5 Days,,,,,,,,TELNA-ESTONIA-5GB-5D,0.0,,0,deny,manual,4.99,,false,false,,,,,,,,,,,,,kg,,,
estonia,,,,,,,,,5GB / 10 Days,,,,,,,,TELNA-ESTONIA-5GB-10D,0.0,,0,deny,manual,5.99,,false,false,,,,,,,,,,,,,kg,,,
estonia,,,,,,,,,5GB / 15 Days,,,,,,,,TELNA-ESTONIA-5GB-15D,0.0,,0,deny,manual,6.99,,false,false,,,,,,,,,,,,,kg,,,
estonia,,,,,,,,,5GB / 30 Days,,,,,,,,TELNA-ESTONIA-5GB-30D,0.0,,0,deny,manual,8.99,,false,false,,,,,,,,,,,,,kg,,,
estonia,,,,,,,,,10GB / 5 Days,,,,,,,,TELNA-ESTONIA-10GB-5D,0.0,,0,deny,manual,8.99,,false,false,,,,,,,,,,,,,kg,,,
estonia,,,,,,,,,10GB / 10 Days,,,,,,,,TELNA-ESTONIA-10GB-10D,0.0,,0,deny,manual,9.99,,false,false,,,,,,,,,,,,,kg,,,
estonia,,,,,,,,,10GB / 15 Days,,,,,,,,TELNA-ESTONIA-10GB-15D,0.0,,0,deny,manual,9.99,,false,false,,,,,,,,,,,,,kg,,,
estonia,,,,,,,,,10GB / 30 Days,,,,,,,,TELNA-ESTONIA-10GB-30D,0.0,,0,deny,manual,12.99,,false,false,,,,,,,,,,,,,kg,,,
estonia,,,,,,,,,20GB / 5 Days,,,,,,,,TELNA-ESTONIA-20GB-5D,0.0,,0,deny,manual,17.99,,false,false,,,,,,,,,,,,,kg,,,
estonia,,,,,,,,,20GB / 10 Days,,,,,,,,TELNA-ESTONIA-20GB-10D,0.0,,0,deny,manual,18.99,,false,false,,,,,,,,,,,,,kg,,,
estonia,,,,,,,,,20GB / 15 Days,,,,,,,,TELNA-ESTONIA-20GB-15D,0.0,,0,deny,manual,19.99,,false,false,,,,,,,,,,,,,kg,,,
estonia,,,,,,,,,20GB / 30 Days,,,,,,,,TELNA-ESTONIA-20GB-30D,0.0,,0,deny,manual,21.99,,false,false,,,,,,,,,,,,,kg,,,
estonia,,,,,,,,,Unlimited / 5 Days,,,,,,,,TELNA-ESTONIA-UNLIMITED-5D,0.0,,0,deny,manual,14.99,,false,false,,,,,,,,,,,,,kg,,,
estonia,,,,,,,,,Unlimited / 10 Days,,,,,,,,TELNA-ESTONIA-UNLIMITED-10D,0.0,,0,deny,manual,19.99,,false,false,,,,,,,,,,,,,kg,,,
estonia,,,,,,,,,Unlimited / 15 Days,,,,,,,,TELNA-ESTONIA-UNLIMITED-15D,0.0,,0,deny,manual,29.99,,false,false,,,,,,,,,,,,,kg,,,
estonia,,,,,,,,,Unlimited / 30 Days,,,,,,,,TELNA-ESTONIA-UNLIMITED-30D,0.0,,0,deny,manual,39.99,,false,false,,,,,,,,,,,,,kg,,,
el-salvador,El Salvador,"<p>Travel eSIM data plan for El Salvador.</p>
<p>Si vous possédez déjà une eSIM de chez nous, cet achat sera ajouté à votre eSIM existante sous forme de recharge. S’il s’agit de votre premier achat, nous vous enverrons votre code QR par courriel après la confirmation de votre paiement.</p>",Quebec eSIM,,eSIM,"El Salvador, eSIM, Telna",false,Plan,1GB / 5 Days,,,,,,,,TELNA-EL-SALVADOR-1GB-5D,0.0,,0,deny,manual,4.99,,false,false,,,,,,,,,false,,,,kg,,,active
el-salvador,,,,,,,,,1GB / 10 Days,,,,,,,,TELNA-EL-SALVADOR-1GB-10D,0.0,,0,deny,manual,5.99,,false,false,,,,,,,,,,,,,kg,,,
el-salvador,,,,,,,,,1GB / 15 Days,,,,,,,,TELNA-EL-SALVADOR-1GB-15D,0.0,,0,deny,manual,6.99,,false,false,,,,,,,,,,,,,kg,,,
el-salvador,,,,,,,,,1GB / 30 Days,,,,,,,,TELNA-EL-SALVADOR-1GB-30D,0.0,,0,deny,manual,8.99,,false,false,,,,,,,,,,,,,kg,,,
el-salvador,,,,,,,,,3GB / 5 Days,,,,,,,,TELNA-EL-SALVADOR-3GB-5D,0.0,,0,deny,manual,13.99,,false,false,,,,,,,,,,,,,kg,,,
el-salvador,,,,,,,,,3GB / 10 Days,,,,,,,,TELNA-EL-SALVADOR-3GB-10D,0.0,,0,deny,manual,14.99,,false,false,,,,,,,,,,,,,kg,,,
el-salvador,,,,,,,,,3GB / 15 Days,,,,,,,,TELNA-EL-SALVADOR-3GB-15D,0.0,,0,deny,manual,14.99,,false,false,,,,,,,,,,,,,kg,,,
el-salvador,,,,,,,,,3GB / 30 Days,,,,,,,,TELNA-EL-SALVADOR-3GB-30D,0.0,,0,deny,manual,17.99,,false,false,,,,,,,,,,,,,kg,,,
el-salvador,,,,,,,,,5GB / 5 Days,,,,,,,,TELNA-EL-SALVADOR-5GB-5D,0.0,,0,deny,manual,23.99,,false,false,,,,,,,,,,,,,kg,,,
el-salvador,,,,,,,,,5GB / 10 Days,,,,,,,,TELNA-EL-SALVADOR-5GB-10D,0.0,,0,deny,manual,24.99,,false,false,,,,,,,,,,,,,kg,,,
el-salvador,,,,,,,,,5GB / 15 Days,,,,,,,,TELNA-EL-SALVADOR-5GB-15D,0.0,,0,deny,manual,24.99,,false,false,,,,,,,,,,,,,kg,,,
el-salvador,,,,,,,,,5GB / 30 Days,,,,,,,,TELNA-EL-SALVADOR-5GB-30D,0.0,,0,deny,manual,27.99,,false,false,,,,,,,,,,,,,kg,,,
el-salvador,,,,,,,,,10GB / 5 Days,,,,,,,,TELNA-EL-SALVADOR-10GB-5D,0.0,,0,deny,manual,40.99,,false,false,,,,,,,,,,,,,kg,,,
el-salvador,,,,,,,,,10GB / 10 Days,,,,,,,,TELNA-EL-SALVADOR-10GB-10D,0.0,,0,deny,manual,41.99,,false,false,,,,,,,,,,,,,kg,,,
el-salvador,,,,,,,,,10GB / 15 Days,,,,,,,,TELNA-EL-SALVADOR-10GB-15D,0.0,,0,deny,manual,42.99,,false,false,,,,,,,,,,,,,kg,,,
el-salvador,,,,,,,,,10GB / 30 Days,,,,,,,,TELNA-EL-SALVADOR-10GB-30D,0.0,,0,deny,manual,46.99,,false,false,,,,,,,,,,,,,kg,,,
el-salvador,,,,,,,,,20GB / 5 Days,,,,,,,,TELNA-EL-SALVADOR-20GB-5D,0.0,,0,deny,manual,60.99,,false,false,,,,,,,,,,,,,kg,,,
el-salvador,,,,,,,,,20GB / 10 Days,,,,,,,,TELNA-EL-SALVADOR-20GB-10D,0.0,,0,deny,manual,61.99,,false,false,,,,,,,,,,,,,kg,,,
el-salvador,,,,,,,,,20GB / 15 Days,,,,,,,,TELNA-EL-SALVADOR-20GB-15D,0.0,,0,deny,manual,62.99,,false,false,,,,,,,,,,,,,kg,,,
el-salvador,,,,,,,,,20GB / 30 Days,,,,,,,,TELNA-EL-SALVADOR-20GB-30D,0.0,,0,deny,manual,66.99,,false,false,,,,,,,,,,,,,kg,,,
el-salvador,,,,,,,,,Unlimited / 5 Days,,,,,,,,TELNA-EL-SALVADOR-UNLIMITED-5D,0.0,,0,deny,manual,24.99,,false,false,,,,,,,,,,,,,kg,,,
el-salvador,,,,,,,,,Unlimited / 10 Days,,,,,,,,TELNA-EL-SALVADOR-UNLIMITED-10D,0.0,,0,deny,manual,54.99,,false,false,,,,,,,,,,,,,kg,,,
el-salvador,,,,,,,,,Unlimited / 15 Days,,,,,,,,TELNA-EL-SALVADOR-UNLIMITED-15D,0.0,,0,deny,manual,79.99,,false,false,,,,,,,,,,,,,kg,,,
el-salvador,,,,,,,,,Unlimited / 30 Days,,,,,,,,TELNA-EL-SALVADOR-UNLIMITED-30D,0.0,,0,deny,manual,99.99,,false,false,,,,,,,,,,,,,kg,,,
ecuador,Ecuador,"<p>Travel eSIM data plan for Ecuador.</p>
<p>Si vous possédez déjà une eSIM de chez nous, cet achat sera ajouté à votre eSIM existante sous forme de recharge. S’il s’agit de votre premier achat, nous vous enverrons votre code QR par courriel après la confirmation de votre paiement.</p>",Quebec eSIM,,eSIM,"Ecuador, eSIM, Telna",false,Plan,1GB / 5 Days,,,,,,,,TELNA-ECUADOR-1GB-5D,0.0,,0,deny,manual,4.99,,false,false,,,,,,,,,false,,,,kg,,,active
ecuador,,,,,,,,,1GB / 10 Days,,,,,,,,TELNA-ECUADOR-1GB-10D,0.0,,0,deny,manual,5.99,,false,false,,,,,,,,,,,,,kg,,,
ecuador,,,,,,,,,1GB / 15 Days,,,,,,,,TELNA-ECUADOR-1GB-15D,0.0,,0,deny,manual,6.99,,false,false,,,,,,,,,,,,,kg,,,
ecuador,,,,,,,,,1GB / 30 Days,,,,,,,,TELNA-ECUADOR-1GB-30D,0.0,,0,deny,manual,8.99,,false,false,,,,,,,,,,,,,kg,,,
ecuador,,,,,,,,,3GB / 5 Days,,,,,,,,TELNA-ECUADOR-3GB-5D,0.0,,0,deny,manual,8.99,,false,false,,,,,,,,,,,,,kg,,,
ecuador,,,,,,,,,3GB / 10 Days,,,,,,,,TELNA-ECUADOR-3GB-10D,0.0,,0,deny,manual,9.99,,false,false,,,,,,,,,,,,,kg,,,
ecuador,,,,,,,,,3GB / 15 Days,,,,,,,,TELNA-ECUADOR-3GB-15D,0.0,,0,deny,manual,9.99,,false,false,,,,,,,,,,,,,kg,,,
ecuador,,,,,,,,,3GB / 30 Days,,,,,,,,TELNA-ECUADOR-3GB-30D,0.0,,0,deny,manual,12.99,,false,false,,,,,,,,,,,,,kg,,,
ecuador,,,,,,,,,5GB / 5 Days,,,,,,,,TELNA-ECUADOR-5GB-5D,0.0,,0,deny,manual,11.99,,false,false,,,,,,,,,,,,,kg,,,
ecuador,,,,,,,,,5GB / 10 Days,,,,,,,,TELNA-ECUADOR-5GB-10D,0.0,,0,deny,manual,12.99,,false,false,,,,,,,,,,,,,kg,,,
ecuador,,,,,,,,,5GB / 15 Days,,,,,,,,TELNA-ECUADOR-5GB-15D,0.0,,0,deny,manual,13.99,,false,false,,,,,,,,,,,,,kg,,,
ecuador,,,,,,,,,5GB / 30 Days,,,,,,,,TELNA-ECUADOR-5GB-30D,0.0,,0,deny,manual,15.99,,false,false,,,,,,,,,,,,,kg,,,
ecuador,,,,,,,,,10GB / 5 Days,,,,,,,,TELNA-ECUADOR-10GB-5D,0.0,,0,deny,manual,21.99,,false,false,,,,,,,,,,,,,kg,,,
ecuador,,,,,,,,,10GB / 10 Days,,,,,,,,TELNA-ECUADOR-10GB-10D,0.0,,0,deny,manual,22.99,,false,false,,,,,,,,,,,,,kg,,,
ecuador,,,,,,,,,10GB / 15 Days,,,,,,,,TELNA-ECUADOR-10GB-15D,0.0,,0,deny,manual,23.99,,false,false,,,,,,,,,,,,,kg,,,
ecuador,,,,,,,,,10GB / 30 Days,,,,,,,,TELNA-ECUADOR-10GB-30D,0.0,,0,deny,manual,25.99,,false,false,,,,,,,,,,,,,kg,,,
ecuador,,,,,,,,,20GB / 5 Days,,,,,,,,TELNA-ECUADOR-20GB-5D,0.0,,0,deny,manual,40.99,,false,false,,,,,,,,,,,,,kg,,,
ecuador,,,,,,,,,20GB / 10 Days,,,,,,,,TELNA-ECUADOR-20GB-10D,0.0,,0,deny,manual,41.99,,false,false,,,,,,,,,,,,,kg,,,
ecuador,,,,,,,,,20GB / 15 Days,,,,,,,,TELNA-ECUADOR-20GB-15D,0.0,,0,deny,manual,42.99,,false,false,,,,,,,,,,,,,kg,,,
ecuador,,,,,,,,,20GB / 30 Days,,,,,,,,TELNA-ECUADOR-20GB-30D,0.0,,0,deny,manual,46.99,,false,false,,,,,,,,,,,,,kg,,,
ecuador,,,,,,,,,Unlimited / 5 Days,,,,,,,,TELNA-ECUADOR-UNLIMITED-5D,0.0,,0,deny,manual,19.99,,false,false,,,,,,,,,,,,,kg,,,
ecuador,,,,,,,,,Unlimited / 10 Days,,,,,,,,TELNA-ECUADOR-UNLIMITED-10D,0.0,,0,deny,manual,34.99,,false,false,,,,,,,,,,,,,kg,,,
ecuador,,,,,,,,,Unlimited / 15 Days,,,,,,,,TELNA-ECUADOR-UNLIMITED-15D,0.0,,0,deny,manual,59.99,,false,false,,,,,,,,,,,,,kg,,,
ecuador,,,,,,,,,Unlimited / 30 Days,,,,,,,,TELNA-ECUADOR-UNLIMITED-30D,0.0,,0,deny,manual,89.99,,false,false,,,,,,,,,,,,,kg,,,
dominican-republic,Dominican Republic,"<p>Travel eSIM data plan for Dominican Republic.</p>
<p>Si vous possédez déjà une eSIM de chez nous, cet achat sera ajouté à votre eSIM existante sous forme de recharge. S’il s’agit de votre premier achat, nous vous enverrons votre code QR par courriel après la confirmation de votre paiement.</p>",Quebec eSIM,,eSIM,"Dominican Republic, eSIM, Telna",false,Plan,1GB / 5 Days,,,,,,,,TELNA-DOMINICAN-REPUBLIC-1GB-5D,0.0,,0,deny,manual,4.99,,false,false,,,,,,,,,false,,,,kg,,,active
dominican-republic,,,,,,,,,1GB / 10 Days,,,,,,,,TELNA-DOMINICAN-REPUBLIC-1GB-10D,0.0,,0,deny,manual,5.99,,false,false,,,,,,,,,,,,,kg,,,
dominican-republic,,,,,,,,,1GB / 15 Days,,,,,,,,TELNA-DOMINICAN-REPUBLIC-1GB-15D,0.0,,0,deny,manual,6.99,,false,false,,,,,,,,,,,,,kg,,,
dominican-republic,,,,,,,,,1GB / 30 Days,,,,,,,,TELNA-DOMINICAN-REPUBLIC-1GB-30D,0.0,,0,deny,manual,8.99,,false,false,,,,,,,,,,,,,kg,,,
dominican-republic,,,,,,,,,3GB / 5 Days,,,,,,,,TELNA-DOMINICAN-REPUBLIC-3GB-5D,0.0,,0,deny,manual,13.99,,false,false,,,,,,,,,,,,,kg,,,
dominican-republic,,,,,,,,,3GB / 10 Days,,,,,,,,TELNA-DOMINICAN-REPUBLIC-3GB-10D,0.0,,0,deny,manual,14.99,,false,false,,,,,,,,,,,,,kg,,,
dominican-republic,,,,,,,,,3GB / 15 Days,,,,,,,,TELNA-DOMINICAN-REPUBLIC-3GB-15D,0.0,,0,deny,manual,14.99,,false,false,,,,,,,,,,,,,kg,,,
dominican-republic,,,,,,,,,3GB / 30 Days,,,,,,,,TELNA-DOMINICAN-REPUBLIC-3GB-30D,0.0,,0,deny,manual,17.99,,false,false,,,,,,,,,,,,,kg,,,
dominican-republic,,,,,,,,,5GB / 5 Days,,,,,,,,TELNA-DOMINICAN-REPUBLIC-5GB-5D,0.0,,0,deny,manual,23.99,,false,false,,,,,,,,,,,,,kg,,,
dominican-republic,,,,,,,,,5GB / 10 Days,,,,,,,,TELNA-DOMINICAN-REPUBLIC-5GB-10D,0.0,,0,deny,manual,24.99,,false,false,,,,,,,,,,,,,kg,,,
dominican-republic,,,,,,,,,5GB / 15 Days,,,,,,,,TELNA-DOMINICAN-REPUBLIC-5GB-15D,0.0,,0,deny,manual,24.99,,false,false,,,,,,,,,,,,,kg,,,
dominican-republic,,,,,,,,,5GB / 30 Days,,,,,,,,TELNA-DOMINICAN-REPUBLIC-5GB-30D,0.0,,0,deny,manual,27.99,,false,false,,,,,,,,,,,,,kg,,,
dominican-republic,,,,,,,,,10GB / 5 Days,,,,,,,,TELNA-DOMINICAN-REPUBLIC-10GB-5D,0.0,,0,deny,manual,40.99,,false,false,,,,,,,,,,,,,kg,,,
dominican-republic,,,,,,,,,10GB / 10 Days,,,,,,,,TELNA-DOMINICAN-REPUBLIC-10GB-10D,0.0,,0,deny,manual,41.99,,false,false,,,,,,,,,,,,,kg,,,
dominican-republic,,,,,,,,,10GB / 15 Days,,,,,,,,TELNA-DOMINICAN-REPUBLIC-10GB-15D,0.0,,0,deny,manual,42.99,,false,false,,,,,,,,,,,,,kg,,,
dominican-republic,,,,,,,,,10GB / 30 Days,,,,,,,,TELNA-DOMINICAN-REPUBLIC-10GB-30D,0.0,,0,deny,manual,46.99,,false,false,,,,,,,,,,,,,kg,,,
dominican-republic,,,,,,,,,20GB / 5 Days,,,,,,,,TELNA-DOMINICAN-REPUBLIC-20GB-5D,0.0,,0,deny,manual,60.99,,false,false,,,,,,,,,,,,,kg,,,
dominican-republic,,,,,,,,,20GB / 10 Days,,,,,,,,TELNA-DOMINICAN-REPUBLIC-20GB-10D,0.0,,0,deny,manual,61.99,,false,false,,,,,,,,,,,,,kg,,,
dominican-republic,,,,,,,,,20GB / 15 Days,,,,,,,,TELNA-DOMINICAN-REPUBLIC-20GB-15D,0.0,,0,deny,manual,62.99,,false,false,,,,,,,,,,,,,kg,,,
dominican-republic,,,,,,,,,20GB / 30 Days,,,,,,,,TELNA-DOMINICAN-REPUBLIC-20GB-30D,0.0,,0,deny,manual,66.99,,false,false,,,,,,,,,,,,,kg,,,
dominica,Dominica,"<p>Travel eSIM data plan for Dominica.</p>
<p>Si vous possédez déjà une eSIM de chez nous, cet achat sera ajouté à votre eSIM existante sous forme de recharge. S’il s’agit de votre premier achat, nous vous enverrons votre code QR par courriel après la confirmation de votre paiement.</p>",Quebec eSIM,,eSIM,"Dominica, eSIM, Telna",false,Plan,1GB / 5 Days,,,,,,,,TELNA-DOMINICA-1GB-5D,0.0,,0,deny,manual,4.99,,false,false,,,,,,,,,false,,,,kg,,,active
dominica,,,,,,,,,1GB / 10 Days,,,,,,,,TELNA-DOMINICA-1GB-10D,0.0,,0,deny,manual,5.99,,false,false,,,,,,,,,,,,,kg,,,
dominica,,,,,,,,,1GB / 15 Days,,,,,,,,TELNA-DOMINICA-1GB-15D,0.0,,0,deny,manual,6.99,,false,false,,,,,,,,,,,,,kg,,,
dominica,,,,,,,,,1GB / 30 Days,,,,,,,,TELNA-DOMINICA-1GB-30D,0.0,,0,deny,manual,8.99,,false,false,,,,,,,,,,,,,kg,,,
dominica,,,,,,,,,3GB / 5 Days,,,,,,,,TELNA-DOMINICA-3GB-5D,0.0,,0,deny,manual,13.99,,false,false,,,,,,,,,,,,,kg,,,
dominica,,,,,,,,,3GB / 10 Days,,,,,,,,TELNA-DOMINICA-3GB-10D,0.0,,0,deny,manual,14.99,,false,false,,,,,,,,,,,,,kg,,,
dominica,,,,,,,,,3GB / 15 Days,,,,,,,,TELNA-DOMINICA-3GB-15D,0.0,,0,deny,manual,14.99,,false,false,,,,,,,,,,,,,kg,,,
dominica,,,,,,,,,3GB / 30 Days,,,,,,,,TELNA-DOMINICA-3GB-30D,0.0,,0,deny,manual,17.99,,false,false,,,,,,,,,,,,,kg,,,
dominica,,,,,,,,,5GB / 5 Days,,,,,,,,TELNA-DOMINICA-5GB-5D,0.0,,0,deny,manual,23.99,,false,false,,,,,,,,,,,,,kg,,,
dominica,,,,,,,,,5GB / 10 Days,,,,,,,,TELNA-DOMINICA-5GB-10D,0.0,,0,deny,manual,24.99,,false,false,,,,,,,,,,,,,kg,,,
dominica,,,,,,,,,5GB / 15 Days,,,,,,,,TELNA-DOMINICA-5GB-15D,0.0,,0,deny,manual,24.99,,false,false,,,,,,,,,,,,,kg,,,
dominica,,,,,,,,,5GB / 30 Days,,,,,,,,TELNA-DOMINICA-5GB-30D,0.0,,0,deny,manual,27.99,,false,false,,,,,,,,,,,,,kg,,,
dominica,,,,,,,,,10GB / 5 Days,,,,,,,,TELNA-DOMINICA-10GB-5D,0.0,,0,deny,manual,40.99,,false,false,,,,,,,,,,,,,kg,,,
dominica,,,,,,,,,10GB / 10 Days,,,,,,,,TELNA-DOMINICA-10GB-10D,0.0,,0,deny,manual,41.99,,false,false,,,,,,,,,,,,,kg,,,
dominica,,,,,,,,,10GB / 15 Days,,,,,,,,TELNA-DOMINICA-10GB-15D,0.0,,0,deny,manual,42.99,,false,false,,,,,,,,,,,,,kg,,,
dominica,,,,,,,,,10GB / 30 Days,,,,,,,,TELNA-DOMINICA-10GB-30D,0.0,,0,deny,manual,46.99,,false,false,,,,,,,,,,,,,kg,,,
dominica,,,,,,,,,20GB / 5 Days,,,,,,,,TELNA-DOMINICA-20GB-5D,0.0,,0,deny,manual,60.99,,false,false,,,,,,,,,,,,,kg,,,
dominica,,,,,,,,,20GB / 10 Days,,,,,,,,TELNA-DOMINICA-20GB-10D,0.0,,0,deny,manual,61.99,,false,false,,,,,,,,,,,,,kg,,,
dominica,,,,,,,,,20GB / 15 Days,,,,,,,,TELNA-DOMINICA-20GB-15D,0.0,,0,deny,manual,62.99,,false,false,,,,,,,,,,,,,kg,,,
dominica,,,,,,,,,20GB / 30 Days,,,,,,,,TELNA-DOMINICA-20GB-30D,0.0,,0,deny,manual,66.99,,false,false,,,,,,,,,,,,,kg,,,
denmark,Denmark,"<p>Travel eSIM data plan for Denmark.</p>
<p>Si vous possédez déjà une eSIM de chez nous, cet achat sera ajouté à votre eSIM existante sous forme de recharge. S’il s’agit de votre premier achat, nous vous enverrons votre code QR par courriel après la confirmation de votre paiement.</p>",Quebec eSIM,,eSIM,"Denmark, eSIM, Telna",false,Plan,1GB / 5 Days,,,,,,,,TELNA-DENMARK-1GB-5D,0.0,,0,deny,manual,3.99,,false,false,,,,,,,,,false,,,,kg,,,active
denmark,,,,,,,,,1GB / 10 Days,,,,,,,,TELNA-DENMARK-1GB-10D,0.0,,0,deny,manual,4.99,,false,false,,,,,,,,,,,,,kg,,,
denmark,,,,,,,,,1GB / 15 Days,,,,,,,,TELNA-DENMARK-1GB-15D,0.0,,0,deny,manual,4.99,,false,false,,,,,,,,,,,,,kg,,,
denmark,,,,,,,,,1GB / 30 Days,,,,,,,,TELNA-DENMARK-1GB-30D,0.0,,0,deny,manual,7.99,,false,false,,,,,,,,,,,,,kg,,,
denmark,,,,,,,,,3GB / 5 Days,,,,,,,,TELNA-DENMARK-3GB-5D,0.0,,0,deny,manual,7.99,,false,false,,,,,,,,,,,,,kg,,,
denmark,,,,,,,,,3GB / 10 Days,,,,,,,,TELNA-DENMARK-3GB-10D,0.0,,0,deny,manual,7.99,,false,false,,,,,,,,,,,,,kg,,,
denmark,,,,,,,,,3GB / 15 Days,,,,,,,,TELNA-DENMARK-3GB-15D,0.0,,0,deny,manual,8.99,,false,false,,,,,,,,,,,,,kg,,,
denmark,,,,,,,,,3GB / 30 Days,,,,,,,,TELNA-DENMARK-3GB-30D,0.0,,0,deny,manual,9.99,,false,false,,,,,,,,,,,,,kg,,,
denmark,,,,,,,,,5GB / 5 Days,,,,,,,,TELNA-DENMARK-5GB-5D,0.0,,0,deny,manual,5.99,,false,false,,,,,,,,,,,,,kg,,,
denmark,,,,,,,,,5GB / 10 Days,,,,,,,,TELNA-DENMARK-5GB-10D,0.0,,0,deny,manual,6.99,,false,false,,,,,,,,,,,,,kg,,,
denmark,,,,,,,,,5GB / 15 Days,,,,,,,,TELNA-DENMARK-5GB-15D,0.0,,0,deny,manual,7.99,,false,false,,,,,,,,,,,,,kg,,,
denmark,,,,,,,,,5GB / 30 Days,,,,,,,,TELNA-DENMARK-5GB-30D,0.0,,0,deny,manual,9.99,,false,false,,,,,,,,,,,,,kg,,,
denmark,,,,,,,,,10GB / 5 Days,,,,,,,,TELNA-DENMARK-10GB-5D,0.0,,0,deny,manual,11.99,,false,false,,,,,,,,,,,,,kg,,,
denmark,,,,,,,,,10GB / 10 Days,,,,,,,,TELNA-DENMARK-10GB-10D,0.0,,0,deny,manual,12.99,,false,false,,,,,,,,,,,,,kg,,,
denmark,,,,,,,,,10GB / 15 Days,,,,,,,,TELNA-DENMARK-10GB-15D,0.0,,0,deny,manual,13.99,,false,false,,,,,,,,,,,,,kg,,,
denmark,,,,,,,,,10GB / 30 Days,,,,,,,,TELNA-DENMARK-10GB-30D,0.0,,0,deny,manual,15.99,,false,false,,,,,,,,,,,,,kg,,,
denmark,,,,,,,,,20GB / 5 Days,,,,,,,,TELNA-DENMARK-20GB-5D,0.0,,0,deny,manual,20.99,,false,false,,,,,,,,,,,,,kg,,,
denmark,,,,,,,,,20GB / 10 Days,,,,,,,,TELNA-DENMARK-20GB-10D,0.0,,0,deny,manual,21.99,,false,false,,,,,,,,,,,,,kg,,,
denmark,,,,,,,,,20GB / 15 Days,,,,,,,,TELNA-DENMARK-20GB-15D,0.0,,0,deny,manual,22.99,,false,false,,,,,,,,,,,,,kg,,,
denmark,,,,,,,,,20GB / 30 Days,,,,,,,,TELNA-DENMARK-20GB-30D,0.0,,0,deny,manual,24.99,,false,false,,,,,,,,,,,,,kg,,,
denmark,,,,,,,,,Unlimited / 5 Days,,,,,,,,TELNA-DENMARK-UNLIMITED-5D,0.0,,0,deny,manual,14.99,,false,false,,,,,,,,,,,,,kg,,,
denmark,,,,,,,,,Unlimited / 10 Days,,,,,,,,TELNA-DENMARK-UNLIMITED-10D,0.0,,0,deny,manual,24.99,,false,false,,,,,,,,,,,,,kg,,,
denmark,,,,,,,,,Unlimited / 15 Days,,,,,,,,TELNA-DENMARK-UNLIMITED-15D,0.0,,0,deny,manual,39.99,,false,false,,,,,,,,,,,,,kg,,,
denmark,,,,,,,,,Unlimited / 30 Days,,,,,,,,TELNA-DENMARK-UNLIMITED-30D,0.0,,0,deny,manual,49.99,,false,false,,,,,,,,,,,,,kg,,,
democratic-republic-of-the-congo,Democratic Republic of the Congo,"<p>Travel eSIM data plan for Democratic Republic of the Congo.</p>
<p>Si vous possédez déjà une eSIM de chez nous, cet achat sera ajouté à votre eSIM existante sous forme de recharge. S’il s’agit de votre premier achat, nous vous enverrons votre code QR par courriel après la confirmation de votre paiement.</p>",Quebec eSIM,,eSIM,"Democratic Republic of the Congo, eSIM, Telna",false,Plan,1GB / 5 Days,,,,,,,,TELNA-DEMOCRATIC-REPUBLIC-OF-THE-CONGO-1GB-5D,0.0,,0,deny,manual,4.99,,false,false,,,,,,,,,false,,,,kg,,,active
democratic-republic-of-the-congo,,,,,,,,,1GB / 10 Days,,,,,,,,TELNA-DEMOCRATIC-REPUBLIC-OF-THE-CONGO-1GB-10D,0.0,,0,deny,manual,5.99,,false,false,,,,,,,,,,,,,kg,,,
democratic-republic-of-the-congo,,,,,,,,,1GB / 15 Days,,,,,,,,TELNA-DEMOCRATIC-REPUBLIC-OF-THE-CONGO-1GB-15D,0.0,,0,deny,manual,6.99,,false,false,,,,,,,,,,,,,kg,,,
democratic-republic-of-the-congo,,,,,,,,,1GB / 30 Days,,,,,,,,TELNA-DEMOCRATIC-REPUBLIC-OF-THE-CONGO-1GB-30D,0.0,,0,deny,manual,8.99,,false,false,,,,,,,,,,,,,kg,,,
democratic-republic-of-the-congo,,,,,,,,,3GB / 5 Days,,,,,,,,TELNA-DEMOCRATIC-REPUBLIC-OF-THE-CONGO-3GB-5D,0.0,,0,deny,manual,13.99,,false,false,,,,,,,,,,,,,kg,,,
democratic-republic-of-the-congo,,,,,,,,,3GB / 10 Days,,,,,,,,TELNA-DEMOCRATIC-REPUBLIC-OF-THE-CONGO-3GB-10D,0.0,,0,deny,manual,14.99,,false,false,,,,,,,,,,,,,kg,,,
democratic-republic-of-the-congo,,,,,,,,,3GB / 15 Days,,,,,,,,TELNA-DEMOCRATIC-REPUBLIC-OF-THE-CONGO-3GB-15D,0.0,,0,deny,manual,14.99,,false,false,,,,,,,,,,,,,kg,,,
democratic-republic-of-the-congo,,,,,,,,,3GB / 30 Days,,,,,,,,TELNA-DEMOCRATIC-REPUBLIC-OF-THE-CONGO-3GB-30D,0.0,,0,deny,manual,17.99,,false,false,,,,,,,,,,,,,kg,,,
democratic-republic-of-the-congo,,,,,,,,,5GB / 5 Days,,,,,,,,TELNA-DEMOCRATIC-REPUBLIC-OF-THE-CONGO-5GB-5D,0.0,,0,deny,manual,23.99,,false,false,,,,,,,,,,,,,kg,,,
democratic-republic-of-the-congo,,,,,,,,,5GB / 10 Days,,,,,,,,TELNA-DEMOCRATIC-REPUBLIC-OF-THE-CONGO-5GB-10D,0.0,,0,deny,manual,24.99,,false,false,,,,,,,,,,,,,kg,,,
democratic-republic-of-the-congo,,,,,,,,,5GB / 15 Days,,,,,,,,TELNA-DEMOCRATIC-REPUBLIC-OF-THE-CONGO-5GB-15D,0.0,,0,deny,manual,24.99,,false,false,,,,,,,,,,,,,kg,,,
democratic-republic-of-the-congo,,,,,,,,,5GB / 30 Days,,,,,,,,TELNA-DEMOCRATIC-REPUBLIC-OF-THE-CONGO-5GB-30D,0.0,,0,deny,manual,27.99,,false,false,,,,,,,,,,,,,kg,,,
democratic-republic-of-the-congo,,,,,,,,,10GB / 5 Days,,,,,,,,TELNA-DEMOCRATIC-REPUBLIC-OF-THE-CONGO-10GB-5D,0.0,,0,deny,manual,40.99,,false,false,,,,,,,,,,,,,kg,,,
democratic-republic-of-the-congo,,,,,,,,,10GB / 10 Days,,,,,,,,TELNA-DEMOCRATIC-REPUBLIC-OF-THE-CONGO-10GB-10D,0.0,,0,deny,manual,41.99,,false,false,,,,,,,,,,,,,kg,,,
democratic-republic-of-the-congo,,,,,,,,,10GB / 15 Days,,,,,,,,TELNA-DEMOCRATIC-REPUBLIC-OF-THE-CONGO-10GB-15D,0.0,,0,deny,manual,42.99,,false,false,,,,,,,,,,,,,kg,,,
democratic-republic-of-the-congo,,,,,,,,,10GB / 30 Days,,,,,,,,TELNA-DEMOCRATIC-REPUBLIC-OF-THE-CONGO-10GB-30D,0.0,,0,deny,manual,46.99,,false,false,,,,,,,,,,,,,kg,,,
democratic-republic-of-the-congo,,,,,,,,,20GB / 5 Days,,,,,,,,TELNA-DEMOCRATIC-REPUBLIC-OF-THE-CONGO-20GB-5D,0.0,,0,deny,manual,60.99,,false,false,,,,,,,,,,,,,kg,,,
democratic-republic-of-the-congo,,,,,,,,,20GB / 10 Days,,,,,,,,TELNA-DEMOCRATIC-REPUBLIC-OF-THE-CONGO-20GB-10D,0.0,,0,deny,manual,61.99,,false,false,,,,,,,,,,,,,kg,,,
democratic-republic-of-the-congo,,,,,,,,,20GB / 15 Days,,,,,,,,TELNA-DEMOCRATIC-REPUBLIC-OF-THE-CONGO-20GB-15D,0.0,,0,deny,manual,62.99,,false,false,,,,,,,,,,,,,kg,,,
democratic-republic-of-the-congo,,,,,,,,,20GB / 30 Days,,,,,,,,TELNA-DEMOCRATIC-REPUBLIC-OF-THE-CONGO-20GB-30D,0.0,,0,deny,manual,66.99,,false,false,,,,,,,,,,,,,kg,,,
czech-republic,Czech Republic,"<p>Travel eSIM data plan for Czech Republic.</p>
<p>Si vous possédez déjà une eSIM de chez nous, cet achat sera ajouté à votre eSIM existante sous forme de recharge. S’il s’agit de votre premier achat, nous vous enverrons votre code QR par courriel après la confirmation de votre paiement.</p>",Quebec eSIM,,eSIM,"Czech Republic, eSIM, Telna",false,Plan,1GB / 5 Days,,,,,,,,TELNA-CZECH-REPUBLIC-1GB-5D,0.0,,0,deny,manual,2.99,,false,false,,,,,,,,,false,,,,kg,,,active
czech-republic,,,,,,,,,1GB / 10 Days,,,,,,,,TELNA-CZECH-REPUBLIC-1GB-10D,0.0,,0,deny,manual,3.99,,false,false,,,,,,,,,,,,,kg,,,
czech-republic,,,,,,,,,1GB / 15 Days,,,,,,,,TELNA-CZECH-REPUBLIC-1GB-15D,0.0,,0,deny,manual,4.99,,false,false,,,,,,,,,,,,,kg,,,
czech-republic,,,,,,,,,1GB / 30 Days,,,,,,,,TELNA-CZECH-REPUBLIC-1GB-30D,0.0,,0,deny,manual,6.99,,false,false,,,,,,,,,,,,,kg,,,
czech-republic,,,,,,,,,3GB / 5 Days,,,,,,,,TELNA-CZECH-REPUBLIC-3GB-5D,0.0,,0,deny,manual,7.99,,false,false,,,,,,,,,,,,,kg,,,
czech-republic,,,,,,,,,3GB / 10 Days,,,,,,,,TELNA-CZECH-REPUBLIC-3GB-10D,0.0,,0,deny,manual,7.99,,false,false,,,,,,,,,,,,,kg,,,
czech-republic,,,,,,,,,3GB / 15 Days,,,,,,,,TELNA-CZECH-REPUBLIC-3GB-15D,0.0,,0,deny,manual,8.99,,false,false,,,,,,,,,,,,,kg,,,
czech-republic,,,,,,,,,3GB / 30 Days,,,,,,,,TELNA-CZECH-REPUBLIC-3GB-30D,0.0,,0,deny,manual,9.99,,false,false,,,,,,,,,,,,,kg,,,
czech-republic,,,,,,,,,5GB / 5 Days,,,,,,,,TELNA-CZECH-REPUBLIC-5GB-5D,0.0,,0,deny,manual,4.99,,false,false,,,,,,,,,,,,,kg,,,
czech-republic,,,,,,,,,5GB / 10 Days,,,,,,,,TELNA-CZECH-REPUBLIC-5GB-10D,0.0,,0,deny,manual,5.99,,false,false,,,,,,,,,,,,,kg,,,
czech-republic,,,,,,,,,5GB / 15 Days,,,,,,,,TELNA-CZECH-REPUBLIC-5GB-15D,0.0,,0,deny,manual,6.99,,false,false,,,,,,,,,,,,,kg,,,
czech-republic,,,,,,,,,5GB / 30 Days,,,,,,,,TELNA-CZECH-REPUBLIC-5GB-30D,0.0,,0,deny,manual,8.99,,false,false,,,,,,,,,,,,,kg,,,
czech-republic,,,,,,,,,10GB / 5 Days,,,,,,,,TELNA-CZECH-REPUBLIC-10GB-5D,0.0,,0,deny,manual,8.99,,false,false,,,,,,,,,,,,,kg,,,
czech-republic,,,,,,,,,10GB / 10 Days,,,,,,,,TELNA-CZECH-REPUBLIC-10GB-10D,0.0,,0,deny,manual,9.99,,false,false,,,,,,,,,,,,,kg,,,
czech-republic,,,,,,,,,10GB / 15 Days,,,,,,,,TELNA-CZECH-REPUBLIC-10GB-15D,0.0,,0,deny,manual,9.99,,false,false,,,,,,,,,,,,,kg,,,
czech-republic,,,,,,,,,10GB / 30 Days,,,,,,,,TELNA-CZECH-REPUBLIC-10GB-30D,0.0,,0,deny,manual,12.99,,false,false,,,,,,,,,,,,,kg,,,
czech-republic,,,,,,,,,20GB / 5 Days,,,,,,,,TELNA-CZECH-REPUBLIC-20GB-5D,0.0,,0,deny,manual,17.99,,false,false,,,,,,,,,,,,,kg,,,
czech-republic,,,,,,,,,20GB / 10 Days,,,,,,,,TELNA-CZECH-REPUBLIC-20GB-10D,0.0,,0,deny,manual,18.99,,false,false,,,,,,,,,,,,,kg,,,
czech-republic,,,,,,,,,20GB / 15 Days,,,,,,,,TELNA-CZECH-REPUBLIC-20GB-15D,0.0,,0,deny,manual,19.99,,false,false,,,,,,,,,,,,,kg,,,
czech-republic,,,,,,,,,20GB / 30 Days,,,,,,,,TELNA-CZECH-REPUBLIC-20GB-30D,0.0,,0,deny,manual,21.99,,false,false,,,,,,,,,,,,,kg,,,
czech-republic,,,,,,,,,Unlimited / 5 Days,,,,,,,,TELNA-CZECH-REPUBLIC-UNLIMITED-5D,0.0,,0,deny,manual,14.99,,false,false,,,,,,,,,,,,,kg,,,
czech-republic,,,,,,,,,Unlimited / 10 Days,,,,,,,,TELNA-CZECH-REPUBLIC-UNLIMITED-10D,0.0,,0,deny,manual,24.99,,false,false,,,,,,,,,,,,,kg,,,
czech-republic,,,,,,,,,Unlimited / 15 Days,,,,,,,,TELNA-CZECH-REPUBLIC-UNLIMITED-15D,0.0,,0,deny,manual,39.99,,false,false,,,,,,,,,,,,,kg,,,
czech-republic,,,,,,,,,Unlimited / 30 Days,,,,,,,,TELNA-CZECH-REPUBLIC-UNLIMITED-30D,0.0,,0,deny,manual,49.99,,false,false,,,,,,,,,,,,,kg,,,
cyprus,Cyprus,"<p>Travel eSIM data plan for Cyprus.</p>
<p>Si vous possédez déjà une eSIM de chez nous, cet achat sera ajouté à votre eSIM existante sous forme de recharge. S’il s’agit de votre premier achat, nous vous enverrons votre code QR par courriel après la confirmation de votre paiement.</p>",Quebec eSIM,,eSIM,"Cyprus, eSIM, Telna",false,Plan,1GB / 5 Days,,,,,,,,TELNA-CYPRUS-1GB-5D,0.0,,0,deny,manual,2.99,,false,false,,,,,,,,,false,,,,kg,,,active
cyprus,,,,,,,,,1GB / 10 Days,,,,,,,,TELNA-CYPRUS-1GB-10D,0.0,,0,deny,manual,3.99,,false,false,,,,,,,,,,,,,kg,,,
cyprus,,,,,,,,,1GB / 15 Days,,,,,,,,TELNA-CYPRUS-1GB-15D,0.0,,0,deny,manual,4.99,,false,false,,,,,,,,,,,,,kg,,,
cyprus,,,,,,,,,1GB / 30 Days,,,,,,,,TELNA-CYPRUS-1GB-30D,0.0,,0,deny,manual,6.99,,false,false,,,,,,,,,,,,,kg,,,
cyprus,,,,,,,,,3GB / 5 Days,,,,,,,,TELNA-CYPRUS-3GB-5D,0.0,,0,deny,manual,6.99,,false,false,,,,,,,,,,,,,kg,,,
cyprus,,,,,,,,,3GB / 10 Days,,,,,,,,TELNA-CYPRUS-3GB-10D,0.0,,0,deny,manual,6.99,,false,false,,,,,,,,,,,,,kg,,,
cyprus,,,,,,,,,3GB / 15 Days,,,,,,,,TELNA-CYPRUS-3GB-15D,0.0,,0,deny,manual,7.99,,false,false,,,,,,,,,,,,,kg,,,
cyprus,,,,,,,,,3GB / 30 Days,,,,,,,,TELNA-CYPRUS-3GB-30D,0.0,,0,deny,manual,8.99,,false,false,,,,,,,,,,,,,kg,,,
cyprus,,,,,,,,,5GB / 5 Days,,,,,,,,TELNA-CYPRUS-5GB-5D,0.0,,0,deny,manual,4.99,,false,false,,,,,,,,,,,,,kg,,,
cyprus,,,,,,,,,5GB / 10 Days,,,,,,,,TELNA-CYPRUS-5GB-10D,0.0,,0,deny,manual,5.99,,false,false,,,,,,,,,,,,,kg,,,
cyprus,,,,,,,,,5GB / 15 Days,,,,,,,,TELNA-CYPRUS-5GB-15D,0.0,,0,deny,manual,6.99,,false,false,,,,,,,,,,,,,kg,,,
cyprus,,,,,,,,,5GB / 30 Days,,,,,,,,TELNA-CYPRUS-5GB-30D,0.0,,0,deny,manual,8.99,,false,false,,,,,,,,,,,,,kg,,,
cyprus,,,,,,,,,10GB / 5 Days,,,,,,,,TELNA-CYPRUS-10GB-5D,0.0,,0,deny,manual,8.99,,false,false,,,,,,,,,,,,,kg,,,
cyprus,,,,,,,,,10GB / 10 Days,,,,,,,,TELNA-CYPRUS-10GB-10D,0.0,,0,deny,manual,9.99,,false,false,,,,,,,,,,,,,kg,,,
cyprus,,,,,,,,,10GB / 15 Days,,,,,,,,TELNA-CYPRUS-10GB-15D,0.0,,0,deny,manual,9.99,,false,false,,,,,,,,,,,,,kg,,,
cyprus,,,,,,,,,10GB / 30 Days,,,,,,,,TELNA-CYPRUS-10GB-30D,0.0,,0,deny,manual,12.99,,false,false,,,,,,,,,,,,,kg,,,
cyprus,,,,,,,,,20GB / 5 Days,,,,,,,,TELNA-CYPRUS-20GB-5D,0.0,,0,deny,manual,17.99,,false,false,,,,,,,,,,,,,kg,,,
cyprus,,,,,,,,,20GB / 10 Days,,,,,,,,TELNA-CYPRUS-20GB-10D,0.0,,0,deny,manual,18.99,,false,false,,,,,,,,,,,,,kg,,,
cyprus,,,,,,,,,20GB / 15 Days,,,,,,,,TELNA-CYPRUS-20GB-15D,0.0,,0,deny,manual,19.99,,false,false,,,,,,,,,,,,,kg,,,
cyprus,,,,,,,,,20GB / 30 Days,,,,,,,,TELNA-CYPRUS-20GB-30D,0.0,,0,deny,manual,21.99,,false,false,,,,,,,,,,,,,kg,,,
cyprus,,,,,,,,,Unlimited / 5 Days,,,,,,,,TELNA-CYPRUS-UNLIMITED-5D,0.0,,0,deny,manual,14.99,,false,false,,,,,,,,,,,,,kg,,,
cyprus,,,,,,,,,Unlimited / 10 Days,,,,,,,,TELNA-CYPRUS-UNLIMITED-10D,0.0,,0,deny,manual,19.99,,false,false,,,,,,,,,,,,,kg,,,
cyprus,,,,,,,,,Unlimited / 15 Days,,,,,,,,TELNA-CYPRUS-UNLIMITED-15D,0.0,,0,deny,manual,29.99,,false,false,,,,,,,,,,,,,kg,,,
cyprus,,,,,,,,,Unlimited / 30 Days,,,,,,,,TELNA-CYPRUS-UNLIMITED-30D,0.0,,0,deny,manual,39.99,,false,false,,,,,,,,,,,,,kg,,,
curacao,Curacao,"<p>Travel eSIM data plan for Curacao.</p>
<p>Si vous possédez déjà une eSIM de chez nous, cet achat sera ajouté à votre eSIM existante sous forme de recharge. S’il s’agit de votre premier achat, nous vous enverrons votre code QR par courriel après la confirmation de votre paiement.</p>",Quebec eSIM,,eSIM,"Curacao, eSIM, Telna",false,Plan,1GB / 5 Days,,,,,,,,TELNA-CURACAO-1GB-5D,0.0,,0,deny,manual,4.99,,false,false,,,,,,,,,false,,,,kg,,,active
curacao,,,,,,,,,1GB / 10 Days,,,,,,,,TELNA-CURACAO-1GB-10D,0.0,,0,deny,manual,5.99,,false,false,,,,,,,,,,,,,kg,,,
curacao,,,,,,,,,1GB / 15 Days,,,,,,,,TELNA-CURACAO-1GB-15D,0.0,,0,deny,manual,6.99,,false,false,,,,,,,,,,,,,kg,,,
curacao,,,,,,,,,1GB / 30 Days,,,,,,,,TELNA-CURACAO-1GB-30D,0.0,,0,deny,manual,8.99,,false,false,,,,,,,,,,,,,kg,,,
curacao,,,,,,,,,3GB / 5 Days,,,,,,,,TELNA-CURACAO-3GB-5D,0.0,,0,deny,manual,13.99,,false,false,,,,,,,,,,,,,kg,,,
curacao,,,,,,,,,3GB / 10 Days,,,,,,,,TELNA-CURACAO-3GB-10D,0.0,,0,deny,manual,14.99,,false,false,,,,,,,,,,,,,kg,,,
curacao,,,,,,,,,3GB / 15 Days,,,,,,,,TELNA-CURACAO-3GB-15D,0.0,,0,deny,manual,14.99,,false,false,,,,,,,,,,,,,kg,,,
curacao,,,,,,,,,3GB / 30 Days,,,,,,,,TELNA-CURACAO-3GB-30D,0.0,,0,deny,manual,17.99,,false,false,,,,,,,,,,,,,kg,,,
curacao,,,,,,,,,5GB / 5 Days,,,,,,,,TELNA-CURACAO-5GB-5D,0.0,,0,deny,manual,23.99,,false,false,,,,,,,,,,,,,kg,,,
curacao,,,,,,,,,5GB / 10 Days,,,,,,,,TELNA-CURACAO-5GB-10D,0.0,,0,deny,manual,24.99,,false,false,,,,,,,,,,,,,kg,,,
curacao,,,,,,,,,5GB / 15 Days,,,,,,,,TELNA-CURACAO-5GB-15D,0.0,,0,deny,manual,24.99,,false,false,,,,,,,,,,,,,kg,,,
curacao,,,,,,,,,5GB / 30 Days,,,,,,,,TELNA-CURACAO-5GB-30D,0.0,,0,deny,manual,27.99,,false,false,,,,,,,,,,,,,kg,,,
curacao,,,,,,,,,10GB / 5 Days,,,,,,,,TELNA-CURACAO-10GB-5D,0.0,,0,deny,manual,40.99,,false,false,,,,,,,,,,,,,kg,,,
curacao,,,,,,,,,10GB / 10 Days,,,,,,,,TELNA-CURACAO-10GB-10D,0.0,,0,deny,manual,41.99,,false,false,,,,,,,,,,,,,kg,,,
curacao,,,,,,,,,10GB / 15 Days,,,,,,,,TELNA-CURACAO-10GB-15D,0.0,,0,deny,manual,42.99,,false,false,,,,,,,,,,,,,kg,,,
curacao,,,,,,,,,10GB / 30 Days,,,,,,,,TELNA-CURACAO-10GB-30D,0.0,,0,deny,manual,46.99,,false,false,,,,,,,,,,,,,kg,,,
croatia,Croatia,"<p>Travel eSIM data plan for Croatia.</p>
<p>Si vous possédez déjà une eSIM de chez nous, cet achat sera ajouté à votre eSIM existante sous forme de recharge. S’il s’agit de votre premier achat, nous vous enverrons votre code QR par courriel après la confirmation de votre paiement.</p>",Quebec eSIM,,eSIM,"Croatia, eSIM, Telna",false,Plan,1GB / 5 Days,,,,,,,,TELNA-CROATIA-1GB-5D,0.0,,0,deny,manual,2.99,,false,false,,,,,,,,,false,,,,kg,,,active
croatia,,,,,,,,,1GB / 10 Days,,,,,,,,TELNA-CROATIA-1GB-10D,0.0,,0,deny,manual,3.99,,false,false,,,,,,,,,,,,,kg,,,
croatia,,,,,,,,,1GB / 15 Days,,,,,,,,TELNA-CROATIA-1GB-15D,0.0,,0,deny,manual,4.99,,false,false,,,,,,,,,,,,,kg,,,
croatia,,,,,,,,,1GB / 30 Days,,,,,,,,TELNA-CROATIA-1GB-30D,0.0,,0,deny,manual,6.99,,false,false,,,,,,,,,,,,,kg,,,
croatia,,,,,,,,,3GB / 5 Days,,,,,,,,TELNA-CROATIA-3GB-5D,0.0,,0,deny,manual,7.99,,false,false,,,,,,,,,,,,,kg,,,
croatia,,,,,,,,,3GB / 10 Days,,,,,,,,TELNA-CROATIA-3GB-10D,0.0,,0,deny,manual,7.99,,false,false,,,,,,,,,,,,,kg,,,
croatia,,,,,,,,,3GB / 15 Days,,,,,,,,TELNA-CROATIA-3GB-15D,0.0,,0,deny,manual,8.99,,false,false,,,,,,,,,,,,,kg,,,
croatia,,,,,,,,,3GB / 30 Days,,,,,,,,TELNA-CROATIA-3GB-30D,0.0,,0,deny,manual,9.99,,false,false,,,,,,,,,,,,,kg,,,
croatia,,,,,,,,,5GB / 5 Days,,,,,,,,TELNA-CROATIA-5GB-5D,0.0,,0,deny,manual,4.99,,false,false,,,,,,,,,,,,,kg,,,
croatia,,,,,,,,,5GB / 10 Days,,,,,,,,TELNA-CROATIA-5GB-10D,0.0,,0,deny,manual,5.99,,false,false,,,,,,,,,,,,,kg,,,
croatia,,,,,,,,,5GB / 15 Days,,,,,,,,TELNA-CROATIA-5GB-15D,0.0,,0,deny,manual,6.99,,false,false,,,,,,,,,,,,,kg,,,
croatia,,,,,,,,,5GB / 30 Days,,,,,,,,TELNA-CROATIA-5GB-30D,0.0,,0,deny,manual,8.99,,false,false,,,,,,,,,,,,,kg,,,
croatia,,,,,,,,,10GB / 5 Days,,,,,,,,TELNA-CROATIA-10GB-5D,0.0,,0,deny,manual,8.99,,false,false,,,,,,,,,,,,,kg,,,
croatia,,,,,,,,,10GB / 10 Days,,,,,,,,TELNA-CROATIA-10GB-10D,0.0,,0,deny,manual,9.99,,false,false,,,,,,,,,,,,,kg,,,
croatia,,,,,,,,,10GB / 15 Days,,,,,,,,TELNA-CROATIA-10GB-15D,0.0,,0,deny,manual,9.99,,false,false,,,,,,,,,,,,,kg,,,
croatia,,,,,,,,,10GB / 30 Days,,,,,,,,TELNA-CROATIA-10GB-30D,0.0,,0,deny,manual,12.99,,false,false,,,,,,,,,,,,,kg,,,
croatia,,,,,,,,,20GB / 5 Days,,,,,,,,TELNA-CROATIA-20GB-5D,0.0,,0,deny,manual,17.99,,false,false,,,,,,,,,,,,,kg,,,
croatia,,,,,,,,,20GB / 10 Days,,,,,,,,TELNA-CROATIA-20GB-10D,0.0,,0,deny,manual,18.99,,false,false,,,,,,,,,,,,,kg,,,
croatia,,,,,,,,,20GB / 15 Days,,,,,,,,TELNA-CROATIA-20GB-15D,0.0,,0,deny,manual,19.99,,false,false,,,,,,,,,,,,,kg,,,
croatia,,,,,,,,,20GB / 30 Days,,,,,,,,TELNA-CROATIA-20GB-30D,0.0,,0,deny,manual,21.99,,false,false,,,,,,,,,,,,,kg,,,
croatia,,,,,,,,,Unlimited / 5 Days,,,,,,,,TELNA-CROATIA-UNLIMITED-5D,0.0,,0,deny,manual,14.99,,false,false,,,,,,,,,,,,,kg,,,
croatia,,,,,,,,,Unlimited / 10 Days,,,,,,,,TELNA-CROATIA-UNLIMITED-10D,0.0,,0,deny,manual,24.99,,false,false,,,,,,,,,,,,,kg,,,
croatia,,,,,,,,,Unlimited / 15 Days,,,,,,,,TELNA-CROATIA-UNLIMITED-15D,0.0,,0,deny,manual,39.99,,false,false,,,,,,,,,,,,,kg,,,
croatia,,,,,,,,,Unlimited / 30 Days,,,,,,,,TELNA-CROATIA-UNLIMITED-30D,0.0,,0,deny,manual,49.99,,false,false,,,,,,,,,,,,,kg,,,
costa-rica,Costa Rica,"<p>Travel eSIM data plan for Costa Rica.</p>
<p>Si vous possédez déjà une eSIM de chez nous, cet achat sera ajouté à votre eSIM existante sous forme de recharge. S’il s’agit de votre premier achat, nous vous enverrons votre code QR par courriel après la confirmation de votre paiement.</p>",Quebec eSIM,,eSIM,"Costa Rica, eSIM, Telna",false,Plan,1GB / 5 Days,,,,,,,,TELNA-COSTA-RICA-1GB-5D,0.0,,0,deny,manual,4.99,,false,false,,,,,,,,,false,,,,kg,,,active
costa-rica,,,,,,,,,1GB / 10 Days,,,,,,,,TELNA-COSTA-RICA-1GB-10D,0.0,,0,deny,manual,5.99,,false,false,,,,,,,,,,,,,kg,,,
costa-rica,,,,,,,,,1GB / 15 Days,,,,,,,,TELNA-COSTA-RICA-1GB-15D,0.0,,0,deny,manual,6.99,,false,false,,,,,,,,,,,,,kg,,,
costa-rica,,,,,,,,,1GB / 30 Days,,,,,,,,TELNA-COSTA-RICA-1GB-30D,0.0,,0,deny,manual,8.99,,false,false,,,,,,,,,,,,,kg,,,
costa-rica,,,,,,,,,3GB / 5 Days,,,,,,,,TELNA-COSTA-RICA-3GB-5D,0.0,,0,deny,manual,13.99,,false,false,,,,,,,,,,,,,kg,,,
costa-rica,,,,,,,,,3GB / 10 Days,,,,,,,,TELNA-COSTA-RICA-3GB-10D,0.0,,0,deny,manual,14.99,,false,false,,,,,,,,,,,,,kg,,,
costa-rica,,,,,,,,,3GB / 15 Days,,,,,,,,TELNA-COSTA-RICA-3GB-15D,0.0,,0,deny,manual,14.99,,false,false,,,,,,,,,,,,,kg,,,
costa-rica,,,,,,,,,3GB / 30 Days,,,,,,,,TELNA-COSTA-RICA-3GB-30D,0.0,,0,deny,manual,17.99,,false,false,,,,,,,,,,,,,kg,,,
costa-rica,,,,,,,,,5GB / 5 Days,,,,,,,,TELNA-COSTA-RICA-5GB-5D,0.0,,0,deny,manual,23.99,,false,false,,,,,,,,,,,,,kg,,,
costa-rica,,,,,,,,,5GB / 10 Days,,,,,,,,TELNA-COSTA-RICA-5GB-10D,0.0,,0,deny,manual,24.99,,false,false,,,,,,,,,,,,,kg,,,
costa-rica,,,,,,,,,5GB / 15 Days,,,,,,,,TELNA-COSTA-RICA-5GB-15D,0.0,,0,deny,manual,24.99,,false,false,,,,,,,,,,,,,kg,,,
costa-rica,,,,,,,,,5GB / 30 Days,,,,,,,,TELNA-COSTA-RICA-5GB-30D,0.0,,0,deny,manual,27.99,,false,false,,,,,,,,,,,,,kg,,,
costa-rica,,,,,,,,,10GB / 5 Days,,,,,,,,TELNA-COSTA-RICA-10GB-5D,0.0,,0,deny,manual,40.99,,false,false,,,,,,,,,,,,,kg,,,
costa-rica,,,,,,,,,10GB / 10 Days,,,,,,,,TELNA-COSTA-RICA-10GB-10D,0.0,,0,deny,manual,41.99,,false,false,,,,,,,,,,,,,kg,,,
costa-rica,,,,,,,,,10GB / 15 Days,,,,,,,,TELNA-COSTA-RICA-10GB-15D,0.0,,0,deny,manual,42.99,,false,false,,,,,,,,,,,,,kg,,,
costa-rica,,,,,,,,,10GB / 30 Days,,,,,,,,TELNA-COSTA-RICA-10GB-30D,0.0,,0,deny,manual,46.99,,false,false,,,,,,,,,,,,,kg,,,
costa-rica,,,,,,,,,20GB / 5 Days,,,,,,,,TELNA-COSTA-RICA-20GB-5D,0.0,,0,deny,manual,60.99,,false,false,,,,,,,,,,,,,kg,,,
costa-rica,,,,,,,,,20GB / 10 Days,,,,,,,,TELNA-COSTA-RICA-20GB-10D,0.0,,0,deny,manual,61.99,,false,false,,,,,,,,,,,,,kg,,,
costa-rica,,,,,,,,,20GB / 15 Days,,,,,,,,TELNA-COSTA-RICA-20GB-15D,0.0,,0,deny,manual,62.99,,false,false,,,,,,,,,,,,,kg,,,
costa-rica,,,,,,,,,20GB / 30 Days,,,,,,,,TELNA-COSTA-RICA-20GB-30D,0.0,,0,deny,manual,66.99,,false,false,,,,,,,,,,,,,kg,,,
costa-rica,,,,,,,,,Unlimited / 5 Days,,,,,,,,TELNA-COSTA-RICA-UNLIMITED-5D,0.0,,0,deny,manual,24.99,,false,false,,,,,,,,,,,,,kg,,,
costa-rica,,,,,,,,,Unlimited / 10 Days,,,,,,,,TELNA-COSTA-RICA-UNLIMITED-10D,0.0,,0,deny,manual,54.99,,false,false,,,,,,,,,,,,,kg,,,
costa-rica,,,,,,,,,Unlimited / 15 Days,,,,,,,,TELNA-COSTA-RICA-UNLIMITED-15D,0.0,,0,deny,manual,79.99,,false,false,,,,,,,,,,,,,kg,,,
costa-rica,,,,,,,,,Unlimited / 30 Days,,,,,,,,TELNA-COSTA-RICA-UNLIMITED-30D,0.0,,0,deny,manual,99.99,,false,false,,,,,,,,,,,,,kg,,,
colombia,Colombia,"<p>Travel eSIM data plan for Colombia.</p>
<p>Si vous possédez déjà une eSIM de chez nous, cet achat sera ajouté à votre eSIM existante sous forme de recharge. S’il s’agit de votre premier achat, nous vous enverrons votre code QR par courriel après la confirmation de votre paiement.</p>",Quebec eSIM,,eSIM,"Colombia, eSIM, Telna",false,Plan,1GB / 5 Days,,,,,,,,TELNA-COLOMBIA-1GB-5D,0.0,,0,deny,manual,4.99,,false,false,,,,,,,,,false,,,,kg,,,active
colombia,,,,,,,,,1GB / 10 Days,,,,,,,,TELNA-COLOMBIA-1GB-10D,0.0,,0,deny,manual,5.99,,false,false,,,,,,,,,,,,,kg,,,
colombia,,,,,,,,,1GB / 15 Days,,,,,,,,TELNA-COLOMBIA-1GB-15D,0.0,,0,deny,manual,6.99,,false,false,,,,,,,,,,,,,kg,,,
colombia,,,,,,,,,1GB / 30 Days,,,,,,,,TELNA-COLOMBIA-1GB-30D,0.0,,0,deny,manual,8.99,,false,false,,,,,,,,,,,,,kg,,,
colombia,,,,,,,,,3GB / 5 Days,,,,,,,,TELNA-COLOMBIA-3GB-5D,0.0,,0,deny,manual,12.99,,false,false,,,,,,,,,,,,,kg,,,
colombia,,,,,,,,,3GB / 10 Days,,,,,,,,TELNA-COLOMBIA-3GB-10D,0.0,,0,deny,manual,13.99,,false,false,,,,,,,,,,,,,kg,,,
colombia,,,,,,,,,3GB / 15 Days,,,,,,,,TELNA-COLOMBIA-3GB-15D,0.0,,0,deny,manual,14.99,,false,false,,,,,,,,,,,,,kg,,,
colombia,,,,,,,,,3GB / 30 Days,,,,,,,,TELNA-COLOMBIA-3GB-30D,0.0,,0,deny,manual,16.99,,false,false,,,,,,,,,,,,,kg,,,
colombia,,,,,,,,,5GB / 5 Days,,,,,,,,TELNA-COLOMBIA-5GB-5D,0.0,,0,deny,manual,18.99,,false,false,,,,,,,,,,,,,kg,,,
colombia,,,,,,,,,5GB / 10 Days,,,,,,,,TELNA-COLOMBIA-5GB-10D,0.0,,0,deny,manual,19.99,,false,false,,,,,,,,,,,,,kg,,,
colombia,,,,,,,,,5GB / 15 Days,,,,,,,,TELNA-COLOMBIA-5GB-15D,0.0,,0,deny,manual,19.99,,false,false,,,,,,,,,,,,,kg,,,
colombia,,,,,,,,,5GB / 30 Days,,,,,,,,TELNA-COLOMBIA-5GB-30D,0.0,,0,deny,manual,22.99,,false,false,,,,,,,,,,,,,kg,,,
colombia,,,,,,,,,10GB / 5 Days,,,,,,,,TELNA-COLOMBIA-10GB-5D,0.0,,0,deny,manual,33.99,,false,false,,,,,,,,,,,,,kg,,,
colombia,,,,,,,,,10GB / 10 Days,,,,,,,,TELNA-COLOMBIA-10GB-10D,0.0,,0,deny,manual,34.99,,false,false,,,,,,,,,,,,,kg,,,
colombia,,,,,,,,,10GB / 15 Days,,,,,,,,TELNA-COLOMBIA-10GB-15D,0.0,,0,deny,manual,34.99,,false,false,,,,,,,,,,,,,kg,,,
colombia,,,,,,,,,10GB / 30 Days,,,,,,,,TELNA-COLOMBIA-10GB-30D,0.0,,0,deny,manual,37.99,,false,false,,,,,,,,,,,,,kg,,,
colombia,,,,,,,,,20GB / 5 Days,,,,,,,,TELNA-COLOMBIA-20GB-5D,0.0,,0,deny,manual,52.99,,false,false,,,,,,,,,,,,,kg,,,
colombia,,,,,,,,,20GB / 10 Days,,,,,,,,TELNA-COLOMBIA-20GB-10D,0.0,,0,deny,manual,53.99,,false,false,,,,,,,,,,,,,kg,,,
colombia,,,,,,,,,20GB / 15 Days,,,,,,,,TELNA-COLOMBIA-20GB-15D,0.0,,0,deny,manual,54.99,,false,false,,,,,,,,,,,,,kg,,,
colombia,,,,,,,,,20GB / 30 Days,,,,,,,,TELNA-COLOMBIA-20GB-30D,0.0,,0,deny,manual,58.99,,false,false,,,,,,,,,,,,,kg,,,
colombia,,,,,,,,,Unlimited / 5 Days,,,,,,,,TELNA-COLOMBIA-UNLIMITED-5D,0.0,,0,deny,manual,24.99,,false,false,,,,,,,,,,,,,kg,,,
colombia,,,,,,,,,Unlimited / 10 Days,,,,,,,,TELNA-COLOMBIA-UNLIMITED-10D,0.0,,0,deny,manual,44.99,,false,false,,,,,,,,,,,,,kg,,,
colombia,,,,,,,,,Unlimited / 15 Days,,,,,,,,TELNA-COLOMBIA-UNLIMITED-15D,0.0,,0,deny,manual,59.99,,false,false,,,,,,,,,,,,,kg,,,
colombia,,,,,,,,,Unlimited / 30 Days,,,,,,,,TELNA-COLOMBIA-UNLIMITED-30D,0.0,,0,deny,manual,99.99,,false,false,,,,,,,,,,,,,kg,,,
china,China,"<p>Travel eSIM data plan for China.</p>
<p>Si vous possédez déjà une eSIM de chez nous, cet achat sera ajouté à votre eSIM existante sous forme de recharge. S’il s’agit de votre premier achat, nous vous enverrons votre code QR par courriel après la confirmation de votre paiement.</p>",Quebec eSIM,,eSIM,"China, eSIM, Telna",false,Plan,1GB / 5 Days,,,,,,,,TELNA-CHINA-1GB-5D,0.0,,0,deny,manual,3.99,,false,false,,,,,,,,,false,,,,kg,,,active
china,,,,,,,,,1GB / 10 Days,,,,,,,,TELNA-CHINA-1GB-10D,0.0,,0,deny,manual,4.99,,false,false,,,,,,,,,,,,,kg,,,
china,,,,,,,,,1GB / 15 Days,,,,,,,,TELNA-CHINA-1GB-15D,0.0,,0,deny,manual,4.99,,false,false,,,,,,,,,,,,,kg,,,
china,,,,,,,,,1GB / 30 Days,,,,,,,,TELNA-CHINA-1GB-30D,0.0,,0,deny,manual,7.99,,false,false,,,,,,,,,,,,,kg,,,
china,,,,,,,,,3GB / 5 Days,,,,,,,,TELNA-CHINA-3GB-5D,0.0,,0,deny,manual,4.99,,false,false,,,,,,,,,,,,,kg,,,
china,,,,,,,,,3GB / 10 Days,,,,,,,,TELNA-CHINA-3GB-10D,0.0,,0,deny,manual,5.99,,false,false,,,,,,,,,,,,,kg,,,
china,,,,,,,,,3GB / 15 Days,,,,,,,,TELNA-CHINA-3GB-15D,0.0,,0,deny,manual,6.99,,false,false,,,,,,,,,,,,,kg,,,
china,,,,,,,,,3GB / 30 Days,,,,,,,,TELNA-CHINA-3GB-30D,0.0,,0,deny,manual,8.99,,false,false,,,,,,,,,,,,,kg,,,
china,,,,,,,,,5GB / 5 Days,,,,,,,,TELNA-CHINA-5GB-5D,0.0,,0,deny,manual,5.99,,false,false,,,,,,,,,,,,,kg,,,
china,,,,,,,,,5GB / 10 Days,,,,,,,,TELNA-CHINA-5GB-10D,0.0,,0,deny,manual,6.99,,false,false,,,,,,,,,,,,,kg,,,
china,,,,,,,,,5GB / 15 Days,,,,,,,,TELNA-CHINA-5GB-15D,0.0,,0,deny,manual,7.99,,false,false,,,,,,,,,,,,,kg,,,
china,,,,,,,,,5GB / 30 Days,,,,,,,,TELNA-CHINA-5GB-30D,0.0,,0,deny,manual,9.99,,false,false,,,,,,,,,,,,,kg,,,
china,,,,,,,,,10GB / 5 Days,,,,,,,,TELNA-CHINA-10GB-5D,0.0,,0,deny,manual,12.99,,false,false,,,,,,,,,,,,,kg,,,
china,,,,,,,,,10GB / 10 Days,,,,,,,,TELNA-CHINA-10GB-10D,0.0,,0,deny,manual,13.99,,false,false,,,,,,,,,,,,,kg,,,
china,,,,,,,,,10GB / 15 Days,,,,,,,,TELNA-CHINA-10GB-15D,0.0,,0,deny,manual,14.99,,false,false,,,,,,,,,,,,,kg,,,
china,,,,,,,,,10GB / 30 Days,,,,,,,,TELNA-CHINA-10GB-30D,0.0,,0,deny,manual,16.99,,false,false,,,,,,,,,,,,,kg,,,
china,,,,,,,,,20GB / 5 Days,,,,,,,,TELNA-CHINA-20GB-5D,0.0,,0,deny,manual,23.99,,false,false,,,,,,,,,,,,,kg,,,
china,,,,,,,,,20GB / 10 Days,,,,,,,,TELNA-CHINA-20GB-10D,0.0,,0,deny,manual,24.99,,false,false,,,,,,,,,,,,,kg,,,
china,,,,,,,,,20GB / 15 Days,,,,,,,,TELNA-CHINA-20GB-15D,0.0,,0,deny,manual,24.99,,false,false,,,,,,,,,,,,,kg,,,
china,,,,,,,,,20GB / 30 Days,,,,,,,,TELNA-CHINA-20GB-30D,0.0,,0,deny,manual,27.99,,false,false,,,,,,,,,,,,,kg,,,
china,,,,,,,,,Unlimited / 5 Days,,,,,,,,TELNA-CHINA-UNLIMITED-5D,0.0,,0,deny,manual,24.99,,false,false,,,,,,,,,,,,,kg,,,
china,,,,,,,,,Unlimited / 10 Days,,,,,,,,TELNA-CHINA-UNLIMITED-10D,0.0,,0,deny,manual,39.99,,false,false,,,,,,,,,,,,,kg,,,
china,,,,,,,,,Unlimited / 15 Days,,,,,,,,TELNA-CHINA-UNLIMITED-15D,0.0,,0,deny,manual,59.99,,false,false,,,,,,,,,,,,,kg,,,
china,,,,,,,,,Unlimited / 30 Days,,,,,,,,TELNA-CHINA-UNLIMITED-30D,0.0,,0,deny,manual,84.99,,false,false,,,,,,,,,,,,,kg,,,
chile,Chile,"<p>Travel eSIM data plan for Chile.</p>
<p>Si vous possédez déjà une eSIM de chez nous, cet achat sera ajouté à votre eSIM existante sous forme de recharge. S’il s’agit de votre premier achat, nous vous enverrons votre code QR par courriel après la confirmation de votre paiement.</p>",Quebec eSIM,,eSIM,"Chile, eSIM, Telna",false,Plan,1GB / 5 Days,,,,,,,,TELNA-CHILE-1GB-5D,0.0,,0,deny,manual,4.99,,false,false,,,,,,,,,false,,,,kg,,,active
chile,,,,,,,,,1GB / 10 Days,,,,,,,,TELNA-CHILE-1GB-10D,0.0,,0,deny,manual,5.99,,false,false,,,,,,,,,,,,,kg,,,
chile,,,,,,,,,1GB / 15 Days,,,,,,,,TELNA-CHILE-1GB-15D,0.0,,0,deny,manual,6.99,,false,false,,,,,,,,,,,,,kg,,,
chile,,,,,,,,,1GB / 30 Days,,,,,,,,TELNA-CHILE-1GB-30D,0.0,,0,deny,manual,8.99,,false,false,,,,,,,,,,,,,kg,,,
chile,,,,,,,,,3GB / 5 Days,,,,,,,,TELNA-CHILE-3GB-5D,0.0,,0,deny,manual,8.99,,false,false,,,,,,,,,,,,,kg,,,
chile,,,,,,,,,3GB / 10 Days,,,,,,,,TELNA-CHILE-3GB-10D,0.0,,0,deny,manual,9.99,,false,false,,,,,,,,,,,,,kg,,,
chile,,,,,,,,,3GB / 15 Days,,,,,,,,TELNA-CHILE-3GB-15D,0.0,,0,deny,manual,9.99,,false,false,,,,,,,,,,,,,kg,,,
chile,,,,,,,,,3GB / 30 Days,,,,,,,,TELNA-CHILE-3GB-30D,0.0,,0,deny,manual,12.99,,false,false,,,,,,,,,,,,,kg,,,
chile,,,,,,,,,5GB / 5 Days,,,,,,,,TELNA-CHILE-5GB-5D,0.0,,0,deny,manual,11.99,,false,false,,,,,,,,,,,,,kg,,,
chile,,,,,,,,,5GB / 10 Days,,,,,,,,TELNA-CHILE-5GB-10D,0.0,,0,deny,manual,12.99,,false,false,,,,,,,,,,,,,kg,,,
chile,,,,,,,,,5GB / 15 Days,,,,,,,,TELNA-CHILE-5GB-15D,0.0,,0,deny,manual,13.99,,false,false,,,,,,,,,,,,,kg,,,
chile,,,,,,,,,5GB / 30 Days,,,,,,,,TELNA-CHILE-5GB-30D,0.0,,0,deny,manual,15.99,,false,false,,,,,,,,,,,,,kg,,,
chile,,,,,,,,,10GB / 5 Days,,,,,,,,TELNA-CHILE-10GB-5D,0.0,,0,deny,manual,21.99,,false,false,,,,,,,,,,,,,kg,,,
chile,,,,,,,,,10GB / 10 Days,,,,,,,,TELNA-CHILE-10GB-10D,0.0,,0,deny,manual,22.99,,false,false,,,,,,,,,,,,,kg,,,
chile,,,,,,,,,10GB / 15 Days,,,,,,,,TELNA-CHILE-10GB-15D,0.0,,0,deny,manual,23.99,,false,false,,,,,,,,,,,,,kg,,,
chile,,,,,,,,,10GB / 30 Days,,,,,,,,TELNA-CHILE-10GB-30D,0.0,,0,deny,manual,25.99,,false,false,,,,,,,,,,,,,kg,,,
chile,,,,,,,,,20GB / 5 Days,,,,,,,,TELNA-CHILE-20GB-5D,0.0,,0,deny,manual,40.99,,false,false,,,,,,,,,,,,,kg,,,
chile,,,,,,,,,20GB / 10 Days,,,,,,,,TELNA-CHILE-20GB-10D,0.0,,0,deny,manual,41.99,,false,false,,,,,,,,,,,,,kg,,,
chile,,,,,,,,,20GB / 15 Days,,,,,,,,TELNA-CHILE-20GB-15D,0.0,,0,deny,manual,42.99,,false,false,,,,,,,,,,,,,kg,,,
chile,,,,,,,,,20GB / 30 Days,,,,,,,,TELNA-CHILE-20GB-30D,0.0,,0,deny,manual,46.99,,false,false,,,,,,,,,,,,,kg,,,
chile,,,,,,,,,Unlimited / 5 Days,,,,,,,,TELNA-CHILE-UNLIMITED-5D,0.0,,0,deny,manual,24.99,,false,false,,,,,,,,,,,,,kg,,,
chile,,,,,,,,,Unlimited / 10 Days,,,,,,,,TELNA-CHILE-UNLIMITED-10D,0.0,,0,deny,manual,39.99,,false,false,,,,,,,,,,,,,kg,,,
chile,,,,,,,,,Unlimited / 15 Days,,,,,,,,TELNA-CHILE-UNLIMITED-15D,0.0,,0,deny,manual,59.99,,false,false,,,,,,,,,,,,,kg,,,
chile,,,,,,,,,Unlimited / 30 Days,,,,,,,,TELNA-CHILE-UNLIMITED-30D,0.0,,0,deny,manual,89.99,,false,false,,,,,,,,,,,,,kg,,,
chad,Chad,"<p>Travel eSIM data plan for Chad.</p>
<p>Si vous possédez déjà une eSIM de chez nous, cet achat sera ajouté à votre eSIM existante sous forme de recharge. S’il s’agit de votre premier achat, nous vous enverrons votre code QR par courriel après la confirmation de votre paiement.</p>",Quebec eSIM,,eSIM,"Chad, eSIM, Telna",false,Plan,1GB / 5 Days,,,,,,,,TELNA-CHAD-1GB-5D,0.0,,0,deny,manual,4.99,,false,false,,,,,,,,,false,,,,kg,,,active
chad,,,,,,,,,1GB / 10 Days,,,,,,,,TELNA-CHAD-1GB-10D,0.0,,0,deny,manual,5.99,,false,false,,,,,,,,,,,,,kg,,,
chad,,,,,,,,,1GB / 15 Days,,,,,,,,TELNA-CHAD-1GB-15D,0.0,,0,deny,manual,6.99,,false,false,,,,,,,,,,,,,kg,,,
chad,,,,,,,,,1GB / 30 Days,,,,,,,,TELNA-CHAD-1GB-30D,0.0,,0,deny,manual,8.99,,false,false,,,,,,,,,,,,,kg,,,
chad,,,,,,,,,3GB / 5 Days,,,,,,,,TELNA-CHAD-3GB-5D,0.0,,0,deny,manual,13.99,,false,false,,,,,,,,,,,,,kg,,,
chad,,,,,,,,,3GB / 10 Days,,,,,,,,TELNA-CHAD-3GB-10D,0.0,,0,deny,manual,14.99,,false,false,,,,,,,,,,,,,kg,,,
chad,,,,,,,,,3GB / 15 Days,,,,,,,,TELNA-CHAD-3GB-15D,0.0,,0,deny,manual,14.99,,false,false,,,,,,,,,,,,,kg,,,
chad,,,,,,,,,3GB / 30 Days,,,,,,,,TELNA-CHAD-3GB-30D,0.0,,0,deny,manual,17.99,,false,false,,,,,,,,,,,,,kg,,,
chad,,,,,,,,,5GB / 5 Days,,,,,,,,TELNA-CHAD-5GB-5D,0.0,,0,deny,manual,23.99,,false,false,,,,,,,,,,,,,kg,,,
chad,,,,,,,,,5GB / 10 Days,,,,,,,,TELNA-CHAD-5GB-10D,0.0,,0,deny,manual,24.99,,false,false,,,,,,,,,,,,,kg,,,
chad,,,,,,,,,5GB / 15 Days,,,,,,,,TELNA-CHAD-5GB-15D,0.0,,0,deny,manual,24.99,,false,false,,,,,,,,,,,,,kg,,,
chad,,,,,,,,,5GB / 30 Days,,,,,,,,TELNA-CHAD-5GB-30D,0.0,,0,deny,manual,27.99,,false,false,,,,,,,,,,,,,kg,,,
chad,,,,,,,,,10GB / 5 Days,,,,,,,,TELNA-CHAD-10GB-5D,0.0,,0,deny,manual,42.99,,false,false,,,,,,,,,,,,,kg,,,
chad,,,,,,,,,10GB / 10 Days,,,,,,,,TELNA-CHAD-10GB-10D,0.0,,0,deny,manual,43.99,,false,false,,,,,,,,,,,,,kg,,,
chad,,,,,,,,,10GB / 15 Days,,,,,,,,TELNA-CHAD-10GB-15D,0.0,,0,deny,manual,44.99,,false,false,,,,,,,,,,,,,kg,,,
chad,,,,,,,,,10GB / 30 Days,,,,,,,,TELNA-CHAD-10GB-30D,0.0,,0,deny,manual,48.99,,false,false,,,,,,,,,,,,,kg,,,
chad,,,,,,,,,20GB / 5 Days,,,,,,,,TELNA-CHAD-20GB-5D,0.0,,0,deny,manual,72.99,,false,false,,,,,,,,,,,,,kg,,,
chad,,,,,,,,,20GB / 10 Days,,,,,,,,TELNA-CHAD-20GB-10D,0.0,,0,deny,manual,73.99,,false,false,,,,,,,,,,,,,kg,,,
chad,,,,,,,,,20GB / 15 Days,,,,,,,,TELNA-CHAD-20GB-15D,0.0,,0,deny,manual,74.99,,false,false,,,,,,,,,,,,,kg,,,
chad,,,,,,,,,20GB / 30 Days,,,,,,,,TELNA-CHAD-20GB-30D,0.0,,0,deny,manual,78.99,,false,false,,,,,,,,,,,,,kg,,,
cayman-islands,Cayman Islands,"<p>Travel eSIM data plan for Cayman Islands.</p>
<p>Si vous possédez déjà une eSIM de chez nous, cet achat sera ajouté à votre eSIM existante sous forme de recharge. S’il s’agit de votre premier achat, nous vous enverrons votre code QR par courriel après la confirmation de votre paiement.</p>",Quebec eSIM,,eSIM,"Cayman Islands, eSIM, Telna",false,Plan,1GB / 5 Days,,,,,,,,TELNA-CAYMAN-ISLANDS-1GB-5D,0.0,,0,deny,manual,4.99,,false,false,,,,,,,,,false,,,,kg,,,active
cayman-islands,,,,,,,,,1GB / 10 Days,,,,,,,,TELNA-CAYMAN-ISLANDS-1GB-10D,0.0,,0,deny,manual,5.99,,false,false,,,,,,,,,,,,,kg,,,
cayman-islands,,,,,,,,,1GB / 15 Days,,,,,,,,TELNA-CAYMAN-ISLANDS-1GB-15D,0.0,,0,deny,manual,6.99,,false,false,,,,,,,,,,,,,kg,,,
cayman-islands,,,,,,,,,1GB / 30 Days,,,,,,,,TELNA-CAYMAN-ISLANDS-1GB-30D,0.0,,0,deny,manual,8.99,,false,false,,,,,,,,,,,,,kg,,,
cayman-islands,,,,,,,,,3GB / 5 Days,,,,,,,,TELNA-CAYMAN-ISLANDS-3GB-5D,0.0,,0,deny,manual,13.99,,false,false,,,,,,,,,,,,,kg,,,
cayman-islands,,,,,,,,,3GB / 10 Days,,,,,,,,TELNA-CAYMAN-ISLANDS-3GB-10D,0.0,,0,deny,manual,14.99,,false,false,,,,,,,,,,,,,kg,,,
cayman-islands,,,,,,,,,3GB / 15 Days,,,,,,,,TELNA-CAYMAN-ISLANDS-3GB-15D,0.0,,0,deny,manual,14.99,,false,false,,,,,,,,,,,,,kg,,,
cayman-islands,,,,,,,,,3GB / 30 Days,,,,,,,,TELNA-CAYMAN-ISLANDS-3GB-30D,0.0,,0,deny,manual,17.99,,false,false,,,,,,,,,,,,,kg,,,
cayman-islands,,,,,,,,,5GB / 5 Days,,,,,,,,TELNA-CAYMAN-ISLANDS-5GB-5D,0.0,,0,deny,manual,23.99,,false,false,,,,,,,,,,,,,kg,,,
cayman-islands,,,,,,,,,5GB / 10 Days,,,,,,,,TELNA-CAYMAN-ISLANDS-5GB-10D,0.0,,0,deny,manual,24.99,,false,false,,,,,,,,,,,,,kg,,,
cayman-islands,,,,,,,,,5GB / 15 Days,,,,,,,,TELNA-CAYMAN-ISLANDS-5GB-15D,0.0,,0,deny,manual,24.99,,false,false,,,,,,,,,,,,,kg,,,
cayman-islands,,,,,,,,,5GB / 30 Days,,,,,,,,TELNA-CAYMAN-ISLANDS-5GB-30D,0.0,,0,deny,manual,27.99,,false,false,,,,,,,,,,,,,kg,,,
cayman-islands,,,,,,,,,10GB / 5 Days,,,,,,,,TELNA-CAYMAN-ISLANDS-10GB-5D,0.0,,0,deny,manual,40.99,,false,false,,,,,,,,,,,,,kg,,,
cayman-islands,,,,,,,,,10GB / 10 Days,,,,,,,,TELNA-CAYMAN-ISLANDS-10GB-10D,0.0,,0,deny,manual,41.99,,false,false,,,,,,,,,,,,,kg,,,
cayman-islands,,,,,,,,,10GB / 15 Days,,,,,,,,TELNA-CAYMAN-ISLANDS-10GB-15D,0.0,,0,deny,manual,42.99,,false,false,,,,,,,,,,,,,kg,,,
cayman-islands,,,,,,,,,10GB / 30 Days,,,,,,,,TELNA-CAYMAN-ISLANDS-10GB-30D,0.0,,0,deny,manual,46.99,,false,false,,,,,,,,,,,,,kg,,,
cayman-islands,,,,,,,,,20GB / 5 Days,,,,,,,,TELNA-CAYMAN-ISLANDS-20GB-5D,0.0,,0,deny,manual,60.99,,false,false,,,,,,,,,,,,,kg,,,
cayman-islands,,,,,,,,,20GB / 10 Days,,,,,,,,TELNA-CAYMAN-ISLANDS-20GB-10D,0.0,,0,deny,manual,61.99,,false,false,,,,,,,,,,,,,kg,,,
cayman-islands,,,,,,,,,20GB / 15 Days,,,,,,,,TELNA-CAYMAN-ISLANDS-20GB-15D,0.0,,0,deny,manual,62.99,,false,false,,,,,,,,,,,,,kg,,,
cayman-islands,,,,,,,,,20GB / 30 Days,,,,,,,,TELNA-CAYMAN-ISLANDS-20GB-30D,0.0,,0,deny,manual,66.99,,false,false,,,,,,,,,,,,,kg,,,
cape-verde,Cape Verde,"<p>Travel eSIM data plan for Cape Verde.</p>
<p>Si vous possédez déjà une eSIM de chez nous, cet achat sera ajouté à votre eSIM existante sous forme de recharge. S’il s’agit de votre premier achat, nous vous enverrons votre code QR par courriel après la confirmation de votre paiement.</p>",Quebec eSIM,,eSIM,"Cape Verde, eSIM, Telna",false,Plan,1GB / 5 Days,,,,,,,,TELNA-CAPE-VERDE-1GB-5D,0.0,,0,deny,manual,9.99,,false,false,,,,,,,,,false,,,,kg,,,active
cape-verde,,,,,,,,,1GB / 10 Days,,,,,,,,TELNA-CAPE-VERDE-1GB-10D,0.0,,0,deny,manual,10.99,,false,false,,,,,,,,,,,,,kg,,,
cape-verde,,,,,,,,,1GB / 15 Days,,,,,,,,TELNA-CAPE-VERDE-1GB-15D,0.0,,0,deny,manual,11.99,,false,false,,,,,,,,,,,,,kg,,,
cape-verde,,,,,,,,,1GB / 30 Days,,,,,,,,TELNA-CAPE-VERDE-1GB-30D,0.0,,0,deny,manual,13.99,,false,false,,,,,,,,,,,,,kg,,,
cape-verde,,,,,,,,,3GB / 5 Days,,,,,,,,TELNA-CAPE-VERDE-3GB-5D,0.0,,0,deny,manual,28.99,,false,false,,,,,,,,,,,,,kg,,,
cape-verde,,,,,,,,,3GB / 10 Days,,,,,,,,TELNA-CAPE-VERDE-3GB-10D,0.0,,0,deny,manual,29.99,,false,false,,,,,,,,,,,,,kg,,,
cape-verde,,,,,,,,,3GB / 15 Days,,,,,,,,TELNA-CAPE-VERDE-3GB-15D,0.0,,0,deny,manual,29.99,,false,false,,,,,,,,,,,,,kg,,,
cape-verde,,,,,,,,,3GB / 30 Days,,,,,,,,TELNA-CAPE-VERDE-3GB-30D,0.0,,0,deny,manual,32.99,,false,false,,,,,,,,,,,,,kg,,,
cape-verde,,,,,,,,,5GB / 5 Days,,,,,,,,TELNA-CAPE-VERDE-5GB-5D,0.0,,0,deny,manual,48.99,,false,false,,,,,,,,,,,,,kg,,,
cape-verde,,,,,,,,,5GB / 10 Days,,,,,,,,TELNA-CAPE-VERDE-5GB-10D,0.0,,0,deny,manual,49.99,,false,false,,,,,,,,,,,,,kg,,,
cape-verde,,,,,,,,,5GB / 15 Days,,,,,,,,TELNA-CAPE-VERDE-5GB-15D,0.0,,0,deny,manual,49.99,,false,false,,,,,,,,,,,,,kg,,,
cape-verde,,,,,,,,,5GB / 30 Days,,,,,,,,TELNA-CAPE-VERDE-5GB-30D,0.0,,0,deny,manual,54.99,,false,false,,,,,,,,,,,,,kg,,,
cameroon,Cameroon,"<p>Travel eSIM data plan for Cameroon.</p>
<p>Si vous possédez déjà une eSIM de chez nous, cet achat sera ajouté à votre eSIM existante sous forme de recharge. S’il s’agit de votre premier achat, nous vous enverrons votre code QR par courriel après la confirmation de votre paiement.</p>",Quebec eSIM,,eSIM,"Cameroon, eSIM, Telna",false,Plan,1GB / 5 Days,,,,,,,,TELNA-CAMEROON-1GB-5D,0.0,,0,deny,manual,4.99,,false,false,,,,,,,,,false,,,,kg,,,active
cameroon,,,,,,,,,1GB / 10 Days,,,,,,,,TELNA-CAMEROON-1GB-10D,0.0,,0,deny,manual,5.99,,false,false,,,,,,,,,,,,,kg,,,
cameroon,,,,,,,,,1GB / 15 Days,,,,,,,,TELNA-CAMEROON-1GB-15D,0.0,,0,deny,manual,6.99,,false,false,,,,,,,,,,,,,kg,,,
cameroon,,,,,,,,,1GB / 30 Days,,,,,,,,TELNA-CAMEROON-1GB-30D,0.0,,0,deny,manual,8.99,,false,false,,,,,,,,,,,,,kg,,,
cameroon,,,,,,,,,3GB / 5 Days,,,,,,,,TELNA-CAMEROON-3GB-5D,0.0,,0,deny,manual,13.99,,false,false,,,,,,,,,,,,,kg,,,
cameroon,,,,,,,,,3GB / 10 Days,,,,,,,,TELNA-CAMEROON-3GB-10D,0.0,,0,deny,manual,14.99,,false,false,,,,,,,,,,,,,kg,,,
cameroon,,,,,,,,,3GB / 15 Days,,,,,,,,TELNA-CAMEROON-3GB-15D,0.0,,0,deny,manual,14.99,,false,false,,,,,,,,,,,,,kg,,,
cameroon,,,,,,,,,3GB / 30 Days,,,,,,,,TELNA-CAMEROON-3GB-30D,0.0,,0,deny,manual,17.99,,false,false,,,,,,,,,,,,,kg,,,
cameroon,,,,,,,,,5GB / 5 Days,,,,,,,,TELNA-CAMEROON-5GB-5D,0.0,,0,deny,manual,23.99,,false,false,,,,,,,,,,,,,kg,,,
cameroon,,,,,,,,,5GB / 10 Days,,,,,,,,TELNA-CAMEROON-5GB-10D,0.0,,0,deny,manual,24.99,,false,false,,,,,,,,,,,,,kg,,,
cameroon,,,,,,,,,5GB / 15 Days,,,,,,,,TELNA-CAMEROON-5GB-15D,0.0,,0,deny,manual,24.99,,false,false,,,,,,,,,,,,,kg,,,
cameroon,,,,,,,,,5GB / 30 Days,,,,,,,,TELNA-CAMEROON-5GB-30D,0.0,,0,deny,manual,27.99,,false,false,,,,,,,,,,,,,kg,,,
cameroon,,,,,,,,,10GB / 5 Days,,,,,,,,TELNA-CAMEROON-10GB-5D,0.0,,0,deny,manual,40.99,,false,false,,,,,,,,,,,,,kg,,,
cameroon,,,,,,,,,10GB / 10 Days,,,,,,,,TELNA-CAMEROON-10GB-10D,0.0,,0,deny,manual,41.99,,false,false,,,,,,,,,,,,,kg,,,
cameroon,,,,,,,,,10GB / 15 Days,,,,,,,,TELNA-CAMEROON-10GB-15D,0.0,,0,deny,manual,42.99,,false,false,,,,,,,,,,,,,kg,,,
cameroon,,,,,,,,,10GB / 30 Days,,,,,,,,TELNA-CAMEROON-10GB-30D,0.0,,0,deny,manual,46.99,,false,false,,,,,,,,,,,,,kg,,,
cameroon,,,,,,,,,20GB / 5 Days,,,,,,,,TELNA-CAMEROON-20GB-5D,0.0,,0,deny,manual,60.99,,false,false,,,,,,,,,,,,,kg,,,
cameroon,,,,,,,,,20GB / 10 Days,,,,,,,,TELNA-CAMEROON-20GB-10D,0.0,,0,deny,manual,61.99,,false,false,,,,,,,,,,,,,kg,,,
cameroon,,,,,,,,,20GB / 15 Days,,,,,,,,TELNA-CAMEROON-20GB-15D,0.0,,0,deny,manual,62.99,,false,false,,,,,,,,,,,,,kg,,,
cameroon,,,,,,,,,20GB / 30 Days,,,,,,,,TELNA-CAMEROON-20GB-30D,0.0,,0,deny,manual,66.99,,false,false,,,,,,,,,,,,,kg,,,
cambodia,Cambodia,"<p>Travel eSIM data plan for Cambodia.</p>
<p>Si vous possédez déjà une eSIM de chez nous, cet achat sera ajouté à votre eSIM existante sous forme de recharge. S’il s’agit de votre premier achat, nous vous enverrons votre code QR par courriel après la confirmation de votre paiement.</p>",Quebec eSIM,,eSIM,"Cambodia, eSIM, Telna",false,Plan,1GB / 5 Days,,,,,,,,TELNA-CAMBODIA-1GB-5D,0.0,,0,deny,manual,4.99,,false,false,,,,,,,,,false,,,,kg,,,active
cambodia,,,,,,,,,1GB / 10 Days,,,,,,,,TELNA-CAMBODIA-1GB-10D,0.0,,0,deny,manual,5.99,,false,false,,,,,,,,,,,,,kg,,,
cambodia,,,,,,,,,1GB / 15 Days,,,,,,,,TELNA-CAMBODIA-1GB-15D,0.0,,0,deny,manual,6.99,,false,false,,,,,,,,,,,,,kg,,,
cambodia,,,,,,,,,1GB / 30 Days,,,,,,,,TELNA-CAMBODIA-1GB-30D,0.0,,0,deny,manual,8.99,,false,false,,,,,,,,,,,,,kg,,,
cambodia,,,,,,,,,3GB / 5 Days,,,,,,,,TELNA-CAMBODIA-3GB-5D,0.0,,0,deny,manual,12.99,,false,false,,,,,,,,,,,,,kg,,,
cambodia,,,,,,,,,3GB / 10 Days,,,,,,,,TELNA-CAMBODIA-3GB-10D,0.0,,0,deny,manual,13.99,,false,false,,,,,,,,,,,,,kg,,,
cambodia,,,,,,,,,3GB / 15 Days,,,,,,,,TELNA-CAMBODIA-3GB-15D,0.0,,0,deny,manual,14.99,,false,false,,,,,,,,,,,,,kg,,,
cambodia,,,,,,,,,3GB / 30 Days,,,,,,,,TELNA-CAMBODIA-3GB-30D,0.0,,0,deny,manual,16.99,,false,false,,,,,,,,,,,,,kg,,,
cambodia,,,,,,,,,5GB / 5 Days,,,,,,,,TELNA-CAMBODIA-5GB-5D,0.0,,0,deny,manual,18.99,,false,false,,,,,,,,,,,,,kg,,,
cambodia,,,,,,,,,5GB / 10 Days,,,,,,,,TELNA-CAMBODIA-5GB-10D,0.0,,0,deny,manual,19.99,,false,false,,,,,,,,,,,,,kg,,,
cambodia,,,,,,,,,5GB / 15 Days,,,,,,,,TELNA-CAMBODIA-5GB-15D,0.0,,0,deny,manual,19.99,,false,false,,,,,,,,,,,,,kg,,,
cambodia,,,,,,,,,5GB / 30 Days,,,,,,,,TELNA-CAMBODIA-5GB-30D,0.0,,0,deny,manual,22.99,,false,false,,,,,,,,,,,,,kg,,,
cambodia,,,,,,,,,10GB / 5 Days,,,,,,,,TELNA-CAMBODIA-10GB-5D,0.0,,0,deny,manual,33.99,,false,false,,,,,,,,,,,,,kg,,,
cambodia,,,,,,,,,10GB / 10 Days,,,,,,,,TELNA-CAMBODIA-10GB-10D,0.0,,0,deny,manual,34.99,,false,false,,,,,,,,,,,,,kg,,,
cambodia,,,,,,,,,10GB / 15 Days,,,,,,,,TELNA-CAMBODIA-10GB-15D,0.0,,0,deny,manual,34.99,,false,false,,,,,,,,,,,,,kg,,,
cambodia,,,,,,,,,10GB / 30 Days,,,,,,,,TELNA-CAMBODIA-10GB-30D,0.0,,0,deny,manual,37.99,,false,false,,,,,,,,,,,,,kg,,,
cambodia,,,,,,,,,20GB / 5 Days,,,,,,,,TELNA-CAMBODIA-20GB-5D,0.0,,0,deny,manual,52.99,,false,false,,,,,,,,,,,,,kg,,,
cambodia,,,,,,,,,20GB / 10 Days,,,,,,,,TELNA-CAMBODIA-20GB-10D,0.0,,0,deny,manual,53.99,,false,false,,,,,,,,,,,,,kg,,,
cambodia,,,,,,,,,20GB / 15 Days,,,,,,,,TELNA-CAMBODIA-20GB-15D,0.0,,0,deny,manual,54.99,,false,false,,,,,,,,,,,,,kg,,,
cambodia,,,,,,,,,20GB / 30 Days,,,,,,,,TELNA-CAMBODIA-20GB-30D,0.0,,0,deny,manual,58.99,,false,false,,,,,,,,,,,,,kg,,,
burundi,Burundi,"<p>Travel eSIM data plan for Burundi.</p>
<p>Si vous possédez déjà une eSIM de chez nous, cet achat sera ajouté à votre eSIM existante sous forme de recharge. S’il s’agit de votre premier achat, nous vous enverrons votre code QR par courriel après la confirmation de votre paiement.</p>",Quebec eSIM,,eSIM,"Burundi, eSIM, Telna",false,Plan,1GB / 5 Days,,,,,,,,TELNA-BURUNDI-1GB-5D,0.0,,0,deny,manual,159.99,,false,false,,,,,,,,,false,,,,kg,,,active
burundi,,,,,,,,,1GB / 10 Days,,,,,,,,TELNA-BURUNDI-1GB-10D,0.0,,0,deny,manual,159.99,,false,false,,,,,,,,,,,,,kg,,,
burundi,,,,,,,,,1GB / 15 Days,,,,,,,,TELNA-BURUNDI-1GB-15D,0.0,,0,deny,manual,159.99,,false,false,,,,,,,,,,,,,kg,,,
burundi,,,,,,,,,1GB / 30 Days,,,,,,,,TELNA-BURUNDI-1GB-30D,0.0,,0,deny,manual,164.99,,false,false,,,,,,,,,,,,,kg,,,
burkina-faso,Burkina Faso,"<p>Travel eSIM data plan for Burkina Faso.</p>
<p>Si vous possédez déjà une eSIM de chez nous, cet achat sera ajouté à votre eSIM existante sous forme de recharge. S’il s’agit de votre premier achat, nous vous enverrons votre code QR par courriel après la confirmation de votre paiement.</p>",Quebec eSIM,,eSIM,"Burkina Faso, eSIM, Telna",false,Plan,1GB / 5 Days,,,,,,,,TELNA-BURKINA-FASO-1GB-5D,0.0,,0,deny,manual,4.99,,false,false,,,,,,,,,false,,,,kg,,,active
burkina-faso,,,,,,,,,1GB / 10 Days,,,,,,,,TELNA-BURKINA-FASO-1GB-10D,0.0,,0,deny,manual,5.99,,false,false,,,,,,,,,,,,,kg,,,
burkina-faso,,,,,,,,,1GB / 15 Days,,,,,,,,TELNA-BURKINA-FASO-1GB-15D,0.0,,0,deny,manual,6.99,,false,false,,,,,,,,,,,,,kg,,,
burkina-faso,,,,,,,,,1GB / 30 Days,,,,,,,,TELNA-BURKINA-FASO-1GB-30D,0.0,,0,deny,manual,8.99,,false,false,,,,,,,,,,,,,kg,,,
bulgaria,Bulgaria,"<p>Travel eSIM data plan for Bulgaria.</p>
<p>Si vous possédez déjà une eSIM de chez nous, cet achat sera ajouté à votre eSIM existante sous forme de recharge. S’il s’agit de votre premier achat, nous vous enverrons votre code QR par courriel après la confirmation de votre paiement.</p>",Quebec eSIM,,eSIM,"Bulgaria, eSIM, Telna",false,Plan,1GB / 5 Days,,,,,,,,TELNA-BULGARIA-1GB-5D,0.0,,0,deny,manual,2.99,,false,false,,,,,,,,,false,,,,kg,,,active
bulgaria,,,,,,,,,1GB / 10 Days,,,,,,,,TELNA-BULGARIA-1GB-10D,0.0,,0,deny,manual,3.99,,false,false,,,,,,,,,,,,,kg,,,
bulgaria,,,,,,,,,1GB / 15 Days,,,,,,,,TELNA-BULGARIA-1GB-15D,0.0,,0,deny,manual,4.99,,false,false,,,,,,,,,,,,,kg,,,
bulgaria,,,,,,,,,1GB / 30 Days,,,,,,,,TELNA-BULGARIA-1GB-30D,0.0,,0,deny,manual,6.99,,false,false,,,,,,,,,,,,,kg,,,
bulgaria,,,,,,,,,3GB / 5 Days,,,,,,,,TELNA-BULGARIA-3GB-5D,0.0,,0,deny,manual,7.99,,false,false,,,,,,,,,,,,,kg,,,
bulgaria,,,,,,,,,3GB / 10 Days,,,,,,,,TELNA-BULGARIA-3GB-10D,0.0,,0,deny,manual,7.99,,false,false,,,,,,,,,,,,,kg,,,
bulgaria,,,,,,,,,3GB / 15 Days,,,,,,,,TELNA-BULGARIA-3GB-15D,0.0,,0,deny,manual,8.99,,false,false,,,,,,,,,,,,,kg,,,
bulgaria,,,,,,,,,3GB / 30 Days,,,,,,,,TELNA-BULGARIA-3GB-30D,0.0,,0,deny,manual,9.99,,false,false,,,,,,,,,,,,,kg,,,
bulgaria,,,,,,,,,5GB / 5 Days,,,,,,,,TELNA-BULGARIA-5GB-5D,0.0,,0,deny,manual,4.99,,false,false,,,,,,,,,,,,,kg,,,
bulgaria,,,,,,,,,5GB / 10 Days,,,,,,,,TELNA-BULGARIA-5GB-10D,0.0,,0,deny,manual,5.99,,false,false,,,,,,,,,,,,,kg,,,
bulgaria,,,,,,,,,5GB / 15 Days,,,,,,,,TELNA-BULGARIA-5GB-15D,0.0,,0,deny,manual,6.99,,false,false,,,,,,,,,,,,,kg,,,
bulgaria,,,,,,,,,5GB / 30 Days,,,,,,,,TELNA-BULGARIA-5GB-30D,0.0,,0,deny,manual,8.99,,false,false,,,,,,,,,,,,,kg,,,
bulgaria,,,,,,,,,10GB / 5 Days,,,,,,,,TELNA-BULGARIA-10GB-5D,0.0,,0,deny,manual,8.99,,false,false,,,,,,,,,,,,,kg,,,
bulgaria,,,,,,,,,10GB / 10 Days,,,,,,,,TELNA-BULGARIA-10GB-10D,0.0,,0,deny,manual,9.99,,false,false,,,,,,,,,,,,,kg,,,
bulgaria,,,,,,,,,10GB / 15 Days,,,,,,,,TELNA-BULGARIA-10GB-15D,0.0,,0,deny,manual,9.99,,false,false,,,,,,,,,,,,,kg,,,
bulgaria,,,,,,,,,10GB / 30 Days,,,,,,,,TELNA-BULGARIA-10GB-30D,0.0,,0,deny,manual,12.99,,false,false,,,,,,,,,,,,,kg,,,
bulgaria,,,,,,,,,20GB / 5 Days,,,,,,,,TELNA-BULGARIA-20GB-5D,0.0,,0,deny,manual,17.99,,false,false,,,,,,,,,,,,,kg,,,
bulgaria,,,,,,,,,20GB / 10 Days,,,,,,,,TELNA-BULGARIA-20GB-10D,0.0,,0,deny,manual,18.99,,false,false,,,,,,,,,,,,,kg,,,
bulgaria,,,,,,,,,20GB / 15 Days,,,,,,,,TELNA-BULGARIA-20GB-15D,0.0,,0,deny,manual,19.99,,false,false,,,,,,,,,,,,,kg,,,
bulgaria,,,,,,,,,20GB / 30 Days,,,,,,,,TELNA-BULGARIA-20GB-30D,0.0,,0,deny,manual,21.99,,false,false,,,,,,,,,,,,,kg,,,
brunei,Brunei,"<p>Travel eSIM data plan for Brunei.</p>
<p>Si vous possédez déjà une eSIM de chez nous, cet achat sera ajouté à votre eSIM existante sous forme de recharge. S’il s’agit de votre premier achat, nous vous enverrons votre code QR par courriel après la confirmation de votre paiement.</p>",Quebec eSIM,,eSIM,"Brunei, eSIM, Telna",false,Plan,1GB / 5 Days,,,,,,,,TELNA-BRUNEI-1GB-5D,0.0,,0,deny,manual,4.99,,false,false,,,,,,,,,false,,,,kg,,,active
brunei,,,,,,,,,1GB / 10 Days,,,,,,,,TELNA-BRUNEI-1GB-10D,0.0,,0,deny,manual,5.99,,false,false,,,,,,,,,,,,,kg,,,
brunei,,,,,,,,,1GB / 15 Days,,,,,,,,TELNA-BRUNEI-1GB-15D,0.0,,0,deny,manual,6.99,,false,false,,,,,,,,,,,,,kg,,,
brunei,,,,,,,,,1GB / 30 Days,,,,,,,,TELNA-BRUNEI-1GB-30D,0.0,,0,deny,manual,8.99,,false,false,,,,,,,,,,,,,kg,,,
brunei,,,,,,,,,3GB / 5 Days,,,,,,,,TELNA-BRUNEI-3GB-5D,0.0,,0,deny,manual,12.99,,false,false,,,,,,,,,,,,,kg,,,
brunei,,,,,,,,,3GB / 10 Days,,,,,,,,TELNA-BRUNEI-3GB-10D,0.0,,0,deny,manual,13.99,,false,false,,,,,,,,,,,,,kg,,,
brunei,,,,,,,,,3GB / 15 Days,,,,,,,,TELNA-BRUNEI-3GB-15D,0.0,,0,deny,manual,14.99,,false,false,,,,,,,,,,,,,kg,,,
brunei,,,,,,,,,3GB / 30 Days,,,,,,,,TELNA-BRUNEI-3GB-30D,0.0,,0,deny,manual,16.99,,false,false,,,,,,,,,,,,,kg,,,
brunei,,,,,,,,,5GB / 5 Days,,,,,,,,TELNA-BRUNEI-5GB-5D,0.0,,0,deny,manual,18.99,,false,false,,,,,,,,,,,,,kg,,,
brunei,,,,,,,,,5GB / 10 Days,,,,,,,,TELNA-BRUNEI-5GB-10D,0.0,,0,deny,manual,19.99,,false,false,,,,,,,,,,,,,kg,,,
brunei,,,,,,,,,5GB / 15 Days,,,,,,,,TELNA-BRUNEI-5GB-15D,0.0,,0,deny,manual,19.99,,false,false,,,,,,,,,,,,,kg,,,
brunei,,,,,,,,,5GB / 30 Days,,,,,,,,TELNA-BRUNEI-5GB-30D,0.0,,0,deny,manual,22.99,,false,false,,,,,,,,,,,,,kg,,,
brunei,,,,,,,,,10GB / 5 Days,,,,,,,,TELNA-BRUNEI-10GB-5D,0.0,,0,deny,manual,33.99,,false,false,,,,,,,,,,,,,kg,,,
brunei,,,,,,,,,10GB / 10 Days,,,,,,,,TELNA-BRUNEI-10GB-10D,0.0,,0,deny,manual,34.99,,false,false,,,,,,,,,,,,,kg,,,
brunei,,,,,,,,,10GB / 15 Days,,,,,,,,TELNA-BRUNEI-10GB-15D,0.0,,0,deny,manual,34.99,,false,false,,,,,,,,,,,,,kg,,,
brunei,,,,,,,,,10GB / 30 Days,,,,,,,,TELNA-BRUNEI-10GB-30D,0.0,,0,deny,manual,37.99,,false,false,,,,,,,,,,,,,kg,,,
brunei,,,,,,,,,20GB / 5 Days,,,,,,,,TELNA-BRUNEI-20GB-5D,0.0,,0,deny,manual,52.99,,false,false,,,,,,,,,,,,,kg,,,
brunei,,,,,,,,,20GB / 10 Days,,,,,,,,TELNA-BRUNEI-20GB-10D,0.0,,0,deny,manual,53.99,,false,false,,,,,,,,,,,,,kg,,,
brunei,,,,,,,,,20GB / 15 Days,,,,,,,,TELNA-BRUNEI-20GB-15D,0.0,,0,deny,manual,54.99,,false,false,,,,,,,,,,,,,kg,,,
brunei,,,,,,,,,20GB / 30 Days,,,,,,,,TELNA-BRUNEI-20GB-30D,0.0,,0,deny,manual,58.99,,false,false,,,,,,,,,,,,,kg,,,
british-virgin-islands,British Virgin Islands,"<p>Travel eSIM data plan for British Virgin Islands.</p>
<p>Si vous possédez déjà une eSIM de chez nous, cet achat sera ajouté à votre eSIM existante sous forme de recharge. S’il s’agit de votre premier achat, nous vous enverrons votre code QR par courriel après la confirmation de votre paiement.</p>",Quebec eSIM,,eSIM,"British Virgin Islands, eSIM, Telna",false,Plan,1GB / 5 Days,,,,,,,,TELNA-BRITISH-VIRGIN-ISLANDS-1GB-5D,0.0,,0,deny,manual,4.99,,false,false,,,,,,,,,false,,,,kg,,,active
british-virgin-islands,,,,,,,,,1GB / 10 Days,,,,,,,,TELNA-BRITISH-VIRGIN-ISLANDS-1GB-10D,0.0,,0,deny,manual,5.99,,false,false,,,,,,,,,,,,,kg,,,
british-virgin-islands,,,,,,,,,1GB / 15 Days,,,,,,,,TELNA-BRITISH-VIRGIN-ISLANDS-1GB-15D,0.0,,0,deny,manual,6.99,,false,false,,,,,,,,,,,,,kg,,,
british-virgin-islands,,,,,,,,,1GB / 30 Days,,,,,,,,TELNA-BRITISH-VIRGIN-ISLANDS-1GB-30D,0.0,,0,deny,manual,8.99,,false,false,,,,,,,,,,,,,kg,,,
british-virgin-islands,,,,,,,,,3GB / 5 Days,,,,,,,,TELNA-BRITISH-VIRGIN-ISLANDS-3GB-5D,0.0,,0,deny,manual,13.99,,false,false,,,,,,,,,,,,,kg,,,
british-virgin-islands,,,,,,,,,3GB / 10 Days,,,,,,,,TELNA-BRITISH-VIRGIN-ISLANDS-3GB-10D,0.0,,0,deny,manual,14.99,,false,false,,,,,,,,,,,,,kg,,,
british-virgin-islands,,,,,,,,,3GB / 15 Days,,,,,,,,TELNA-BRITISH-VIRGIN-ISLANDS-3GB-15D,0.0,,0,deny,manual,14.99,,false,false,,,,,,,,,,,,,kg,,,
british-virgin-islands,,,,,,,,,3GB / 30 Days,,,,,,,,TELNA-BRITISH-VIRGIN-ISLANDS-3GB-30D,0.0,,0,deny,manual,17.99,,false,false,,,,,,,,,,,,,kg,,,
british-virgin-islands,,,,,,,,,5GB / 5 Days,,,,,,,,TELNA-BRITISH-VIRGIN-ISLANDS-5GB-5D,0.0,,0,deny,manual,23.99,,false,false,,,,,,,,,,,,,kg,,,
british-virgin-islands,,,,,,,,,5GB / 10 Days,,,,,,,,TELNA-BRITISH-VIRGIN-ISLANDS-5GB-10D,0.0,,0,deny,manual,24.99,,false,false,,,,,,,,,,,,,kg,,,
british-virgin-islands,,,,,,,,,5GB / 15 Days,,,,,,,,TELNA-BRITISH-VIRGIN-ISLANDS-5GB-15D,0.0,,0,deny,manual,24.99,,false,false,,,,,,,,,,,,,kg,,,
british-virgin-islands,,,,,,,,,5GB / 30 Days,,,,,,,,TELNA-BRITISH-VIRGIN-ISLANDS-5GB-30D,0.0,,0,deny,manual,27.99,,false,false,,,,,,,,,,,,,kg,,,
british-virgin-islands,,,,,,,,,10GB / 5 Days,,,,,,,,TELNA-BRITISH-VIRGIN-ISLANDS-10GB-5D,0.0,,0,deny,manual,40.99,,false,false,,,,,,,,,,,,,kg,,,
british-virgin-islands,,,,,,,,,10GB / 10 Days,,,,,,,,TELNA-BRITISH-VIRGIN-ISLANDS-10GB-10D,0.0,,0,deny,manual,41.99,,false,false,,,,,,,,,,,,,kg,,,
british-virgin-islands,,,,,,,,,10GB / 15 Days,,,,,,,,TELNA-BRITISH-VIRGIN-ISLANDS-10GB-15D,0.0,,0,deny,manual,42.99,,false,false,,,,,,,,,,,,,kg,,,
british-virgin-islands,,,,,,,,,10GB / 30 Days,,,,,,,,TELNA-BRITISH-VIRGIN-ISLANDS-10GB-30D,0.0,,0,deny,manual,46.99,,false,false,,,,,,,,,,,,,kg,,,
british-virgin-islands,,,,,,,,,20GB / 5 Days,,,,,,,,TELNA-BRITISH-VIRGIN-ISLANDS-20GB-5D,0.0,,0,deny,manual,60.99,,false,false,,,,,,,,,,,,,kg,,,
british-virgin-islands,,,,,,,,,20GB / 10 Days,,,,,,,,TELNA-BRITISH-VIRGIN-ISLANDS-20GB-10D,0.0,,0,deny,manual,61.99,,false,false,,,,,,,,,,,,,kg,,,
british-virgin-islands,,,,,,,,,20GB / 15 Days,,,,,,,,TELNA-BRITISH-VIRGIN-ISLANDS-20GB-15D,0.0,,0,deny,manual,62.99,,false,false,,,,,,,,,,,,,kg,,,
british-virgin-islands,,,,,,,,,20GB / 30 Days,,,,,,,,TELNA-BRITISH-VIRGIN-ISLANDS-20GB-30D,0.0,,0,deny,manual,66.99,,false,false,,,,,,,,,,,,,kg,,,
brazil,Brazil,"<p>Travel eSIM data plan for Brazil.</p>
<p>Si vous possédez déjà une eSIM de chez nous, cet achat sera ajouté à votre eSIM existante sous forme de recharge. S’il s’agit de votre premier achat, nous vous enverrons votre code QR par courriel après la confirmation de votre paiement.</p>",Quebec eSIM,,eSIM,"Brazil, eSIM, Telna",false,Plan,1GB / 5 Days,,,,,,,,TELNA-BRAZIL-1GB-5D,0.0,,0,deny,manual,4.99,,false,false,,,,,,,,,false,,,,kg,,,active
brazil,,,,,,,,,1GB / 10 Days,,,,,,,,TELNA-BRAZIL-1GB-10D,0.0,,0,deny,manual,5.99,,false,false,,,,,,,,,,,,,kg,,,
brazil,,,,,,,,,1GB / 15 Days,,,,,,,,TELNA-BRAZIL-1GB-15D,0.0,,0,deny,manual,6.99,,false,false,,,,,,,,,,,,,kg,,,
brazil,,,,,,,,,1GB / 30 Days,,,,,,,,TELNA-BRAZIL-1GB-30D,0.0,,0,deny,manual,8.99,,false,false,,,,,,,,,,,,,kg,,,
brazil,,,,,,,,,3GB / 5 Days,,,,,,,,TELNA-BRAZIL-3GB-5D,0.0,,0,deny,manual,8.99,,false,false,,,,,,,,,,,,,kg,,,
brazil,,,,,,,,,3GB / 10 Days,,,,,,,,TELNA-BRAZIL-3GB-10D,0.0,,0,deny,manual,9.99,,false,false,,,,,,,,,,,,,kg,,,
brazil,,,,,,,,,3GB / 15 Days,,,,,,,,TELNA-BRAZIL-3GB-15D,0.0,,0,deny,manual,9.99,,false,false,,,,,,,,,,,,,kg,,,
brazil,,,,,,,,,3GB / 30 Days,,,,,,,,TELNA-BRAZIL-3GB-30D,0.0,,0,deny,manual,12.99,,false,false,,,,,,,,,,,,,kg,,,
brazil,,,,,,,,,5GB / 5 Days,,,,,,,,TELNA-BRAZIL-5GB-5D,0.0,,0,deny,manual,11.99,,false,false,,,,,,,,,,,,,kg,,,
brazil,,,,,,,,,5GB / 10 Days,,,,,,,,TELNA-BRAZIL-5GB-10D,0.0,,0,deny,manual,12.99,,false,false,,,,,,,,,,,,,kg,,,
brazil,,,,,,,,,5GB / 15 Days,,,,,,,,TELNA-BRAZIL-5GB-15D,0.0,,0,deny,manual,13.99,,false,false,,,,,,,,,,,,,kg,,,
brazil,,,,,,,,,5GB / 30 Days,,,,,,,,TELNA-BRAZIL-5GB-30D,0.0,,0,deny,manual,15.99,,false,false,,,,,,,,,,,,,kg,,,
brazil,,,,,,,,,10GB / 5 Days,,,,,,,,TELNA-BRAZIL-10GB-5D,0.0,,0,deny,manual,21.99,,false,false,,,,,,,,,,,,,kg,,,
brazil,,,,,,,,,10GB / 10 Days,,,,,,,,TELNA-BRAZIL-10GB-10D,0.0,,0,deny,manual,22.99,,false,false,,,,,,,,,,,,,kg,,,
brazil,,,,,,,,,10GB / 15 Days,,,,,,,,TELNA-BRAZIL-10GB-15D,0.0,,0,deny,manual,23.99,,false,false,,,,,,,,,,,,,kg,,,
brazil,,,,,,,,,10GB / 30 Days,,,,,,,,TELNA-BRAZIL-10GB-30D,0.0,,0,deny,manual,25.99,,false,false,,,,,,,,,,,,,kg,,,
brazil,,,,,,,,,20GB / 5 Days,,,,,,,,TELNA-BRAZIL-20GB-5D,0.0,,0,deny,manual,40.99,,false,false,,,,,,,,,,,,,kg,,,
brazil,,,,,,,,,20GB / 10 Days,,,,,,,,TELNA-BRAZIL-20GB-10D,0.0,,0,deny,manual,41.99,,false,false,,,,,,,,,,,,,kg,,,
brazil,,,,,,,,,20GB / 15 Days,,,,,,,,TELNA-BRAZIL-20GB-15D,0.0,,0,deny,manual,42.99,,false,false,,,,,,,,,,,,,kg,,,
brazil,,,,,,,,,20GB / 30 Days,,,,,,,,TELNA-BRAZIL-20GB-30D,0.0,,0,deny,manual,46.99,,false,false,,,,,,,,,,,,,kg,,,
botswana,Botswana,"<p>Travel eSIM data plan for Botswana.</p>
<p>Si vous possédez déjà une eSIM de chez nous, cet achat sera ajouté à votre eSIM existante sous forme de recharge. S’il s’agit de votre premier achat, nous vous enverrons votre code QR par courriel après la confirmation de votre paiement.</p>",Quebec eSIM,,eSIM,"Botswana, eSIM, Telna",false,Plan,1GB / 5 Days,,,,,,,,TELNA-BOTSWANA-1GB-5D,0.0,,0,deny,manual,4.99,,false,false,,,,,,,,,false,,,,kg,,,active
botswana,,,,,,,,,1GB / 10 Days,,,,,,,,TELNA-BOTSWANA-1GB-10D,0.0,,0,deny,manual,5.99,,false,false,,,,,,,,,,,,,kg,,,
botswana,,,,,,,,,1GB / 15 Days,,,,,,,,TELNA-BOTSWANA-1GB-15D,0.0,,0,deny,manual,6.99,,false,false,,,,,,,,,,,,,kg,,,
botswana,,,,,,,,,1GB / 30 Days,,,,,,,,TELNA-BOTSWANA-1GB-30D,0.0,,0,deny,manual,8.99,,false,false,,,,,,,,,,,,,kg,,,
botswana,,,,,,,,,3GB / 5 Days,,,,,,,,TELNA-BOTSWANA-3GB-5D,0.0,,0,deny,manual,13.99,,false,false,,,,,,,,,,,,,kg,,,
botswana,,,,,,,,,3GB / 10 Days,,,,,,,,TELNA-BOTSWANA-3GB-10D,0.0,,0,deny,manual,14.99,,false,false,,,,,,,,,,,,,kg,,,
botswana,,,,,,,,,3GB / 15 Days,,,,,,,,TELNA-BOTSWANA-3GB-15D,0.0,,0,deny,manual,14.99,,false,false,,,,,,,,,,,,,kg,,,
botswana,,,,,,,,,3GB / 30 Days,,,,,,,,TELNA-BOTSWANA-3GB-30D,0.0,,0,deny,manual,17.99,,false,false,,,,,,,,,,,,,kg,,,
botswana,,,,,,,,,5GB / 5 Days,,,,,,,,TELNA-BOTSWANA-5GB-5D,0.0,,0,deny,manual,23.99,,false,false,,,,,,,,,,,,,kg,,,
botswana,,,,,,,,,5GB / 10 Days,,,,,,,,TELNA-BOTSWANA-5GB-10D,0.0,,0,deny,manual,24.99,,false,false,,,,,,,,,,,,,kg,,,
botswana,,,,,,,,,5GB / 15 Days,,,,,,,,TELNA-BOTSWANA-5GB-15D,0.0,,0,deny,manual,24.99,,false,false,,,,,,,,,,,,,kg,,,
botswana,,,,,,,,,5GB / 30 Days,,,,,,,,TELNA-BOTSWANA-5GB-30D,0.0,,0,deny,manual,27.99,,false,false,,,,,,,,,,,,,kg,,,
botswana,,,,,,,,,10GB / 5 Days,,,,,,,,TELNA-BOTSWANA-10GB-5D,0.0,,0,deny,manual,40.99,,false,false,,,,,,,,,,,,,kg,,,
botswana,,,,,,,,,10GB / 10 Days,,,,,,,,TELNA-BOTSWANA-10GB-10D,0.0,,0,deny,manual,41.99,,false,false,,,,,,,,,,,,,kg,,,
botswana,,,,,,,,,10GB / 15 Days,,,,,,,,TELNA-BOTSWANA-10GB-15D,0.0,,0,deny,manual,42.99,,false,false,,,,,,,,,,,,,kg,,,
botswana,,,,,,,,,10GB / 30 Days,,,,,,,,TELNA-BOTSWANA-10GB-30D,0.0,,0,deny,manual,46.99,,false,false,,,,,,,,,,,,,kg,,,
botswana,,,,,,,,,20GB / 5 Days,,,,,,,,TELNA-BOTSWANA-20GB-5D,0.0,,0,deny,manual,60.99,,false,false,,,,,,,,,,,,,kg,,,
botswana,,,,,,,,,20GB / 10 Days,,,,,,,,TELNA-BOTSWANA-20GB-10D,0.0,,0,deny,manual,61.99,,false,false,,,,,,,,,,,,,kg,,,
botswana,,,,,,,,,20GB / 15 Days,,,,,,,,TELNA-BOTSWANA-20GB-15D,0.0,,0,deny,manual,62.99,,false,false,,,,,,,,,,,,,kg,,,
botswana,,,,,,,,,20GB / 30 Days,,,,,,,,TELNA-BOTSWANA-20GB-30D,0.0,,0,deny,manual,66.99,,false,false,,,,,,,,,,,,,kg,,,
bosnia,Bosnia,"<p>Travel eSIM data plan for Bosnia.</p>
<p>Si vous possédez déjà une eSIM de chez nous, cet achat sera ajouté à votre eSIM existante sous forme de recharge. S’il s’agit de votre premier achat, nous vous enverrons votre code QR par courriel après la confirmation de votre paiement.</p>",Quebec eSIM,,eSIM,"Bosnia, eSIM, Telna",false,Plan,1GB / 5 Days,,,,,,,,TELNA-BOSNIA-1GB-5D,0.0,,0,deny,manual,3.99,,false,false,,,,,,,,,false,,,,kg,,,active
bosnia,,,,,,,,,1GB / 10 Days,,,,,,,,TELNA-BOSNIA-1GB-10D,0.0,,0,deny,manual,4.99,,false,false,,,,,,,,,,,,,kg,,,
bosnia,,,,,,,,,1GB / 15 Days,,,,,,,,TELNA-BOSNIA-1GB-15D,0.0,,0,deny,manual,4.99,,false,false,,,,,,,,,,,,,kg,,,
bosnia,,,,,,,,,1GB / 30 Days,,,,,,,,TELNA-BOSNIA-1GB-30D,0.0,,0,deny,manual,7.99,,false,false,,,,,,,,,,,,,kg,,,
bosnia,,,,,,,,,3GB / 5 Days,,,,,,,,TELNA-BOSNIA-3GB-5D,0.0,,0,deny,manual,13.99,,false,false,,,,,,,,,,,,,kg,,,
bosnia,,,,,,,,,3GB / 10 Days,,,,,,,,TELNA-BOSNIA-3GB-10D,0.0,,0,deny,manual,14.99,,false,false,,,,,,,,,,,,,kg,,,
bosnia,,,,,,,,,3GB / 15 Days,,,,,,,,TELNA-BOSNIA-3GB-15D,0.0,,0,deny,manual,15.99,,false,false,,,,,,,,,,,,,kg,,,
bosnia,,,,,,,,,3GB / 30 Days,,,,,,,,TELNA-BOSNIA-3GB-30D,0.0,,0,deny,manual,16.99,,false,false,,,,,,,,,,,,,kg,,,
bosnia,,,,,,,,,5GB / 5 Days,,,,,,,,TELNA-BOSNIA-5GB-5D,0.0,,0,deny,manual,7.99,,false,false,,,,,,,,,,,,,kg,,,
bosnia,,,,,,,,,5GB / 10 Days,,,,,,,,TELNA-BOSNIA-5GB-10D,0.0,,0,deny,manual,8.99,,false,false,,,,,,,,,,,,,kg,,,
bosnia,,,,,,,,,5GB / 15 Days,,,,,,,,TELNA-BOSNIA-5GB-15D,0.0,,0,deny,manual,9.99,,false,false,,,,,,,,,,,,,kg,,,
bosnia,,,,,,,,,5GB / 30 Days,,,,,,,,TELNA-BOSNIA-5GB-30D,0.0,,0,deny,manual,11.99,,false,false,,,,,,,,,,,,,kg,,,
bosnia,,,,,,,,,10GB / 5 Days,,,,,,,,TELNA-BOSNIA-10GB-5D,0.0,,0,deny,manual,14.99,,false,false,,,,,,,,,,,,,kg,,,
bosnia,,,,,,,,,10GB / 10 Days,,,,,,,,TELNA-BOSNIA-10GB-10D,0.0,,0,deny,manual,15.99,,false,false,,,,,,,,,,,,,kg,,,
bosnia,,,,,,,,,10GB / 15 Days,,,,,,,,TELNA-BOSNIA-10GB-15D,0.0,,0,deny,manual,16.99,,false,false,,,,,,,,,,,,,kg,,,
bosnia,,,,,,,,,10GB / 30 Days,,,,,,,,TELNA-BOSNIA-10GB-30D,0.0,,0,deny,manual,18.99,,false,false,,,,,,,,,,,,,kg,,,
bosnia,,,,,,,,,20GB / 5 Days,,,,,,,,TELNA-BOSNIA-20GB-5D,0.0,,0,deny,manual,24.99,,false,false,,,,,,,,,,,,,kg,,,
bosnia,,,,,,,,,20GB / 10 Days,,,,,,,,TELNA-BOSNIA-20GB-10D,0.0,,0,deny,manual,25.99,,false,false,,,,,,,,,,,,,kg,,,
bosnia,,,,,,,,,20GB / 15 Days,,,,,,,,TELNA-BOSNIA-20GB-15D,0.0,,0,deny,manual,26.99,,false,false,,,,,,,,,,,,,kg,,,
bosnia,,,,,,,,,20GB / 30 Days,,,,,,,,TELNA-BOSNIA-20GB-30D,0.0,,0,deny,manual,28.99,,false,false,,,,,,,,,,,,,kg,,,
bolivia,Bolivia,"<p>Travel eSIM data plan for Bolivia.</p>
<p>Si vous possédez déjà une eSIM de chez nous, cet achat sera ajouté à votre eSIM existante sous forme de recharge. S’il s’agit de votre premier achat, nous vous enverrons votre code QR par courriel après la confirmation de votre paiement.</p>",Quebec eSIM,,eSIM,"Bolivia, eSIM, Telna",false,Plan,1GB / 5 Days,,,,,,,,TELNA-BOLIVIA-1GB-5D,0.0,,0,deny,manual,4.99,,false,false,,,,,,,,,false,,,,kg,,,active
bolivia,,,,,,,,,1GB / 10 Days,,,,,,,,TELNA-BOLIVIA-1GB-10D,0.0,,0,deny,manual,5.99,,false,false,,,,,,,,,,,,,kg,,,
bolivia,,,,,,,,,1GB / 15 Days,,,,,,,,TELNA-BOLIVIA-1GB-15D,0.0,,0,deny,manual,6.99,,false,false,,,,,,,,,,,,,kg,,,
bolivia,,,,,,,,,1GB / 30 Days,,,,,,,,TELNA-BOLIVIA-1GB-30D,0.0,,0,deny,manual,8.99,,false,false,,,,,,,,,,,,,kg,,,
bolivia,,,,,,,,,3GB / 5 Days,,,,,,,,TELNA-BOLIVIA-3GB-5D,0.0,,0,deny,manual,8.99,,false,false,,,,,,,,,,,,,kg,,,
bolivia,,,,,,,,,3GB / 10 Days,,,,,,,,TELNA-BOLIVIA-3GB-10D,0.0,,0,deny,manual,9.99,,false,false,,,,,,,,,,,,,kg,,,
bolivia,,,,,,,,,3GB / 15 Days,,,,,,,,TELNA-BOLIVIA-3GB-15D,0.0,,0,deny,manual,9.99,,false,false,,,,,,,,,,,,,kg,,,
bolivia,,,,,,,,,3GB / 30 Days,,,,,,,,TELNA-BOLIVIA-3GB-30D,0.0,,0,deny,manual,12.99,,false,false,,,,,,,,,,,,,kg,,,
bolivia,,,,,,,,,5GB / 5 Days,,,,,,,,TELNA-BOLIVIA-5GB-5D,0.0,,0,deny,manual,11.99,,false,false,,,,,,,,,,,,,kg,,,
bolivia,,,,,,,,,5GB / 10 Days,,,,,,,,TELNA-BOLIVIA-5GB-10D,0.0,,0,deny,manual,12.99,,false,false,,,,,,,,,,,,,kg,,,
bolivia,,,,,,,,,5GB / 15 Days,,,,,,,,TELNA-BOLIVIA-5GB-15D,0.0,,0,deny,manual,13.99,,false,false,,,,,,,,,,,,,kg,,,
bolivia,,,,,,,,,5GB / 30 Days,,,,,,,,TELNA-BOLIVIA-5GB-30D,0.0,,0,deny,manual,15.99,,false,false,,,,,,,,,,,,,kg,,,
bolivia,,,,,,,,,10GB / 5 Days,,,,,,,,TELNA-BOLIVIA-10GB-5D,0.0,,0,deny,manual,21.99,,false,false,,,,,,,,,,,,,kg,,,
bolivia,,,,,,,,,10GB / 10 Days,,,,,,,,TELNA-BOLIVIA-10GB-10D,0.0,,0,deny,manual,22.99,,false,false,,,,,,,,,,,,,kg,,,
bolivia,,,,,,,,,10GB / 15 Days,,,,,,,,TELNA-BOLIVIA-10GB-15D,0.0,,0,deny,manual,23.99,,false,false,,,,,,,,,,,,,kg,,,
bolivia,,,,,,,,,10GB / 30 Days,,,,,,,,TELNA-BOLIVIA-10GB-30D,0.0,,0,deny,manual,25.99,,false,false,,,,,,,,,,,,,kg,,,
bolivia,,,,,,,,,20GB / 5 Days,,,,,,,,TELNA-BOLIVIA-20GB-5D,0.0,,0,deny,manual,40.99,,false,false,,,,,,,,,,,,,kg,,,
bolivia,,,,,,,,,20GB / 10 Days,,,,,,,,TELNA-BOLIVIA-20GB-10D,0.0,,0,deny,manual,41.99,,false,false,,,,,,,,,,,,,kg,,,
bolivia,,,,,,,,,20GB / 15 Days,,,,,,,,TELNA-BOLIVIA-20GB-15D,0.0,,0,deny,manual,42.99,,false,false,,,,,,,,,,,,,kg,,,
bolivia,,,,,,,,,20GB / 30 Days,,,,,,,,TELNA-BOLIVIA-20GB-30D,0.0,,0,deny,manual,46.99,,false,false,,,,,,,,,,,,,kg,,,
bolivia,,,,,,,,,Unlimited / 5 Days,,,,,,,,TELNA-BOLIVIA-UNLIMITED-5D,0.0,,0,deny,manual,19.99,,false,false,,,,,,,,,,,,,kg,,,
bolivia,,,,,,,,,Unlimited / 10 Days,,,,,,,,TELNA-BOLIVIA-UNLIMITED-10D,0.0,,0,deny,manual,39.99,,false,false,,,,,,,,,,,,,kg,,,
bolivia,,,,,,,,,Unlimited / 15 Days,,,,,,,,TELNA-BOLIVIA-UNLIMITED-15D,0.0,,0,deny,manual,59.99,,false,false,,,,,,,,,,,,,kg,,,
bolivia,,,,,,,,,Unlimited / 30 Days,,,,,,,,TELNA-BOLIVIA-UNLIMITED-30D,0.0,,0,deny,manual,99.99,,false,false,,,,,,,,,,,,,kg,,,
bhutan,Bhutan,"<p>Travel eSIM data plan for Bhutan.</p>
<p>Si vous possédez déjà une eSIM de chez nous, cet achat sera ajouté à votre eSIM existante sous forme de recharge. S’il s’agit de votre premier achat, nous vous enverrons votre code QR par courriel après la confirmation de votre paiement.</p>",Quebec eSIM,,eSIM,"Bhutan, eSIM, Telna",false,Plan,1GB / 5 Days,,,,,,,,TELNA-BHUTAN-1GB-5D,0.0,,0,deny,manual,9.99,,false,false,,,,,,,,,false,,,,kg,,,active
bhutan,,,,,,,,,1GB / 10 Days,,,,,,,,TELNA-BHUTAN-1GB-10D,0.0,,0,deny,manual,10.99,,false,false,,,,,,,,,,,,,kg,,,
bhutan,,,,,,,,,1GB / 15 Days,,,,,,,,TELNA-BHUTAN-1GB-15D,0.0,,0,deny,manual,11.99,,false,false,,,,,,,,,,,,,kg,,,
bhutan,,,,,,,,,1GB / 30 Days,,,,,,,,TELNA-BHUTAN-1GB-30D,0.0,,0,deny,manual,13.99,,false,false,,,,,,,,,,,,,kg,,,
bhutan,,,,,,,,,3GB / 5 Days,,,,,,,,TELNA-BHUTAN-3GB-5D,0.0,,0,deny,manual,28.99,,false,false,,,,,,,,,,,,,kg,,,
bhutan,,,,,,,,,3GB / 10 Days,,,,,,,,TELNA-BHUTAN-3GB-10D,0.0,,0,deny,manual,29.99,,false,false,,,,,,,,,,,,,kg,,,
bhutan,,,,,,,,,3GB / 15 Days,,,,,,,,TELNA-BHUTAN-3GB-15D,0.0,,0,deny,manual,29.99,,false,false,,,,,,,,,,,,,kg,,,
bhutan,,,,,,,,,3GB / 30 Days,,,,,,,,TELNA-BHUTAN-3GB-30D,0.0,,0,deny,manual,32.99,,false,false,,,,,,,,,,,,,kg,,,
bhutan,,,,,,,,,5GB / 5 Days,,,,,,,,TELNA-BHUTAN-5GB-5D,0.0,,0,deny,manual,48.99,,false,false,,,,,,,,,,,,,kg,,,
bhutan,,,,,,,,,5GB / 10 Days,,,,,,,,TELNA-BHUTAN-5GB-10D,0.0,,0,deny,manual,49.99,,false,false,,,,,,,,,,,,,kg,,,
bhutan,,,,,,,,,5GB / 15 Days,,,,,,,,TELNA-BHUTAN-5GB-15D,0.0,,0,deny,manual,49.99,,false,false,,,,,,,,,,,,,kg,,,
bhutan,,,,,,,,,5GB / 30 Days,,,,,,,,TELNA-BHUTAN-5GB-30D,0.0,,0,deny,manual,54.99,,false,false,,,,,,,,,,,,,kg,,,
bhutan,,,,,,,,,10GB / 5 Days,,,,,,,,TELNA-BHUTAN-10GB-5D,0.0,,0,deny,manual,78.99,,false,false,,,,,,,,,,,,,kg,,,
bhutan,,,,,,,,,10GB / 10 Days,,,,,,,,TELNA-BHUTAN-10GB-10D,0.0,,0,deny,manual,79.99,,false,false,,,,,,,,,,,,,kg,,,
bhutan,,,,,,,,,10GB / 15 Days,,,,,,,,TELNA-BHUTAN-10GB-15D,0.0,,0,deny,manual,79.99,,false,false,,,,,,,,,,,,,kg,,,
bhutan,,,,,,,,,10GB / 30 Days,,,,,,,,TELNA-BHUTAN-10GB-30D,0.0,,0,deny,manual,84.99,,false,false,,,,,,,,,,,,,kg,,,
bermuda,Bermuda,"<p>Travel eSIM data plan for Bermuda.</p>
<p>Si vous possédez déjà une eSIM de chez nous, cet achat sera ajouté à votre eSIM existante sous forme de recharge. S’il s’agit de votre premier achat, nous vous enverrons votre code QR par courriel après la confirmation de votre paiement.</p>",Quebec eSIM,,eSIM,"Bermuda, eSIM, Telna",false,Plan,1GB / 5 Days,,,,,,,,TELNA-BERMUDA-1GB-5D,0.0,,0,deny,manual,4.99,,false,false,,,,,,,,,false,,,,kg,,,active
bermuda,,,,,,,,,1GB / 10 Days,,,,,,,,TELNA-BERMUDA-1GB-10D,0.0,,0,deny,manual,5.99,,false,false,,,,,,,,,,,,,kg,,,
bermuda,,,,,,,,,1GB / 15 Days,,,,,,,,TELNA-BERMUDA-1GB-15D,0.0,,0,deny,manual,6.99,,false,false,,,,,,,,,,,,,kg,,,
bermuda,,,,,,,,,1GB / 30 Days,,,,,,,,TELNA-BERMUDA-1GB-30D,0.0,,0,deny,manual,8.99,,false,false,,,,,,,,,,,,,kg,,,
bermuda,,,,,,,,,3GB / 5 Days,,,,,,,,TELNA-BERMUDA-3GB-5D,0.0,,0,deny,manual,13.99,,false,false,,,,,,,,,,,,,kg,,,
bermuda,,,,,,,,,3GB / 10 Days,,,,,,,,TELNA-BERMUDA-3GB-10D,0.0,,0,deny,manual,14.99,,false,false,,,,,,,,,,,,,kg,,,
bermuda,,,,,,,,,3GB / 15 Days,,,,,,,,TELNA-BERMUDA-3GB-15D,0.0,,0,deny,manual,14.99,,false,false,,,,,,,,,,,,,kg,,,
bermuda,,,,,,,,,3GB / 30 Days,,,,,,,,TELNA-BERMUDA-3GB-30D,0.0,,0,deny,manual,17.99,,false,false,,,,,,,,,,,,,kg,,,
bermuda,,,,,,,,,5GB / 5 Days,,,,,,,,TELNA-BERMUDA-5GB-5D,0.0,,0,deny,manual,23.99,,false,false,,,,,,,,,,,,,kg,,,
bermuda,,,,,,,,,5GB / 10 Days,,,,,,,,TELNA-BERMUDA-5GB-10D,0.0,,0,deny,manual,24.99,,false,false,,,,,,,,,,,,,kg,,,
bermuda,,,,,,,,,5GB / 15 Days,,,,,,,,TELNA-BERMUDA-5GB-15D,0.0,,0,deny,manual,24.99,,false,false,,,,,,,,,,,,,kg,,,
bermuda,,,,,,,,,5GB / 30 Days,,,,,,,,TELNA-BERMUDA-5GB-30D,0.0,,0,deny,manual,27.99,,false,false,,,,,,,,,,,,,kg,,,
bermuda,,,,,,,,,10GB / 5 Days,,,,,,,,TELNA-BERMUDA-10GB-5D,0.0,,0,deny,manual,40.99,,false,false,,,,,,,,,,,,,kg,,,
bermuda,,,,,,,,,10GB / 10 Days,,,,,,,,TELNA-BERMUDA-10GB-10D,0.0,,0,deny,manual,41.99,,false,false,,,,,,,,,,,,,kg,,,
bermuda,,,,,,,,,10GB / 15 Days,,,,,,,,TELNA-BERMUDA-10GB-15D,0.0,,0,deny,manual,42.99,,false,false,,,,,,,,,,,,,kg,,,
bermuda,,,,,,,,,10GB / 30 Days,,,,,,,,TELNA-BERMUDA-10GB-30D,0.0,,0,deny,manual,46.99,,false,false,,,,,,,,,,,,,kg,,,
benin,Benin,"<p>Travel eSIM data plan for Benin.</p>
<p>Si vous possédez déjà une eSIM de chez nous, cet achat sera ajouté à votre eSIM existante sous forme de recharge. S’il s’agit de votre premier achat, nous vous enverrons votre code QR par courriel après la confirmation de votre paiement.</p>",Quebec eSIM,,eSIM,"Benin, eSIM, Telna",false,Plan,1GB / 5 Days,,,,,,,,TELNA-BENIN-1GB-5D,0.0,,0,deny,manual,8.99,,false,false,,,,,,,,,false,,,,kg,,,active
benin,,,,,,,,,1GB / 10 Days,,,,,,,,TELNA-BENIN-1GB-10D,0.0,,0,deny,manual,9.99,,false,false,,,,,,,,,,,,,kg,,,
benin,,,,,,,,,1GB / 15 Days,,,,,,,,TELNA-BENIN-1GB-15D,0.0,,0,deny,manual,9.99,,false,false,,,,,,,,,,,,,kg,,,
benin,,,,,,,,,1GB / 30 Days,,,,,,,,TELNA-BENIN-1GB-30D,0.0,,0,deny,manual,12.99,,false,false,,,,,,,,,,,,,kg,,,
benin,,,,,,,,,3GB / 5 Days,,,,,,,,TELNA-BENIN-3GB-5D,0.0,,0,deny,manual,18.99,,false,false,,,,,,,,,,,,,kg,,,
benin,,,,,,,,,3GB / 10 Days,,,,,,,,TELNA-BENIN-3GB-10D,0.0,,0,deny,manual,19.99,,false,false,,,,,,,,,,,,,kg,,,
benin,,,,,,,,,3GB / 15 Days,,,,,,,,TELNA-BENIN-3GB-15D,0.0,,0,deny,manual,19.99,,false,false,,,,,,,,,,,,,kg,,,
benin,,,,,,,,,3GB / 30 Days,,,,,,,,TELNA-BENIN-3GB-30D,0.0,,0,deny,manual,22.99,,false,false,,,,,,,,,,,,,kg,,,
benin,,,,,,,,,5GB / 5 Days,,,,,,,,TELNA-BENIN-5GB-5D,0.0,,0,deny,manual,32.99,,false,false,,,,,,,,,,,,,kg,,,
benin,,,,,,,,,5GB / 10 Days,,,,,,,,TELNA-BENIN-5GB-10D,0.0,,0,deny,manual,33.99,,false,false,,,,,,,,,,,,,kg,,,
benin,,,,,,,,,5GB / 15 Days,,,,,,,,TELNA-BENIN-5GB-15D,0.0,,0,deny,manual,34.99,,false,false,,,,,,,,,,,,,kg,,,
benin,,,,,,,,,5GB / 30 Days,,,,,,,,TELNA-BENIN-5GB-30D,0.0,,0,deny,manual,36.99,,false,false,,,,,,,,,,,,,kg,,,
belize,Belize,"<p>Travel eSIM data plan for Belize.</p>
<p>Si vous possédez déjà une eSIM de chez nous, cet achat sera ajouté à votre eSIM existante sous forme de recharge. S’il s’agit de votre premier achat, nous vous enverrons votre code QR par courriel après la confirmation de votre paiement.</p>",Quebec eSIM,,eSIM,"Belize, eSIM, Telna",false,Plan,1GB / 5 Days,,,,,,,,TELNA-BELIZE-1GB-5D,0.0,,0,deny,manual,9.99,,false,false,,,,,,,,,false,,,,kg,,,active
belize,,,,,,,,,1GB / 10 Days,,,,,,,,TELNA-BELIZE-1GB-10D,0.0,,0,deny,manual,10.99,,false,false,,,,,,,,,,,,,kg,,,
belize,,,,,,,,,1GB / 15 Days,,,,,,,,TELNA-BELIZE-1GB-15D,0.0,,0,deny,manual,11.99,,false,false,,,,,,,,,,,,,kg,,,
belize,,,,,,,,,1GB / 30 Days,,,,,,,,TELNA-BELIZE-1GB-30D,0.0,,0,deny,manual,13.99,,false,false,,,,,,,,,,,,,kg,,,
belize,,,,,,,,,3GB / 5 Days,,,,,,,,TELNA-BELIZE-3GB-5D,0.0,,0,deny,manual,28.99,,false,false,,,,,,,,,,,,,kg,,,
belize,,,,,,,,,3GB / 10 Days,,,,,,,,TELNA-BELIZE-3GB-10D,0.0,,0,deny,manual,29.99,,false,false,,,,,,,,,,,,,kg,,,
belize,,,,,,,,,3GB / 15 Days,,,,,,,,TELNA-BELIZE-3GB-15D,0.0,,0,deny,manual,29.99,,false,false,,,,,,,,,,,,,kg,,,
belize,,,,,,,,,3GB / 30 Days,,,,,,,,TELNA-BELIZE-3GB-30D,0.0,,0,deny,manual,32.99,,false,false,,,,,,,,,,,,,kg,,,
belize,,,,,,,,,5GB / 5 Days,,,,,,,,TELNA-BELIZE-5GB-5D,0.0,,0,deny,manual,48.99,,false,false,,,,,,,,,,,,,kg,,,
belize,,,,,,,,,5GB / 10 Days,,,,,,,,TELNA-BELIZE-5GB-10D,0.0,,0,deny,manual,49.99,,false,false,,,,,,,,,,,,,kg,,,
belize,,,,,,,,,5GB / 15 Days,,,,,,,,TELNA-BELIZE-5GB-15D,0.0,,0,deny,manual,49.99,,false,false,,,,,,,,,,,,,kg,,,
belize,,,,,,,,,5GB / 30 Days,,,,,,,,TELNA-BELIZE-5GB-30D,0.0,,0,deny,manual,54.99,,false,false,,,,,,,,,,,,,kg,,,
belgium,Belgium,"<p>Travel eSIM data plan for Belgium.</p>
<p>Si vous possédez déjà une eSIM de chez nous, cet achat sera ajouté à votre eSIM existante sous forme de recharge. S’il s’agit de votre premier achat, nous vous enverrons votre code QR par courriel après la confirmation de votre paiement.</p>",Quebec eSIM,,eSIM,"Belgium, eSIM, Telna",false,Plan,1GB / 5 Days,,,,,,,,TELNA-BELGIUM-1GB-5D,0.0,,0,deny,manual,2.99,,false,false,,,,,,,,,false,,,,kg,,,active
belgium,,,,,,,,,1GB / 10 Days,,,,,,,,TELNA-BELGIUM-1GB-10D,0.0,,0,deny,manual,3.99,,false,false,,,,,,,,,,,,,kg,,,
belgium,,,,,,,,,1GB / 15 Days,,,,,,,,TELNA-BELGIUM-1GB-15D,0.0,,0,deny,manual,4.99,,false,false,,,,,,,,,,,,,kg,,,
belgium,,,,,,,,,1GB / 30 Days,,,,,,,,TELNA-BELGIUM-1GB-30D,0.0,,0,deny,manual,6.99,,false,false,,,,,,,,,,,,,kg,,,
belgium,,,,,,,,,3GB / 5 Days,,,,,,,,TELNA-BELGIUM-3GB-5D,0.0,,0,deny,manual,7.99,,false,false,,,,,,,,,,,,,kg,,,
belgium,,,,,,,,,3GB / 10 Days,,,,,,,,TELNA-BELGIUM-3GB-10D,0.0,,0,deny,manual,7.99,,false,false,,,,,,,,,,,,,kg,,,
belgium,,,,,,,,,3GB / 15 Days,,,,,,,,TELNA-BELGIUM-3GB-15D,0.0,,0,deny,manual,8.99,,false,false,,,,,,,,,,,,,kg,,,
belgium,,,,,,,,,3GB / 30 Days,,,,,,,,TELNA-BELGIUM-3GB-30D,0.0,,0,deny,manual,9.99,,false,false,,,,,,,,,,,,,kg,,,
belgium,,,,,,,,,5GB / 5 Days,,,,,,,,TELNA-BELGIUM-5GB-5D,0.0,,0,deny,manual,4.99,,false,false,,,,,,,,,,,,,kg,,,
belgium,,,,,,,,,5GB / 10 Days,,,,,,,,TELNA-BELGIUM-5GB-10D,0.0,,0,deny,manual,5.99,,false,false,,,,,,,,,,,,,kg,,,
belgium,,,,,,,,,5GB / 15 Days,,,,,,,,TELNA-BELGIUM-5GB-15D,0.0,,0,deny,manual,6.99,,false,false,,,,,,,,,,,,,kg,,,
belgium,,,,,,,,,5GB / 30 Days,,,,,,,,TELNA-BELGIUM-5GB-30D,0.0,,0,deny,manual,8.99,,false,false,,,,,,,,,,,,,kg,,,
belgium,,,,,,,,,10GB / 5 Days,,,,,,,,TELNA-BELGIUM-10GB-5D,0.0,,0,deny,manual,8.99,,false,false,,,,,,,,,,,,,kg,,,
belgium,,,,,,,,,10GB / 10 Days,,,,,,,,TELNA-BELGIUM-10GB-10D,0.0,,0,deny,manual,9.99,,false,false,,,,,,,,,,,,,kg,,,
belgium,,,,,,,,,10GB / 15 Days,,,,,,,,TELNA-BELGIUM-10GB-15D,0.0,,0,deny,manual,9.99,,false,false,,,,,,,,,,,,,kg,,,
belgium,,,,,,,,,10GB / 30 Days,,,,,,,,TELNA-BELGIUM-10GB-30D,0.0,,0,deny,manual,12.99,,false,false,,,,,,,,,,,,,kg,,,
belgium,,,,,,,,,20GB / 5 Days,,,,,,,,TELNA-BELGIUM-20GB-5D,0.0,,0,deny,manual,17.99,,false,false,,,,,,,,,,,,,kg,,,
belgium,,,,,,,,,20GB / 10 Days,,,,,,,,TELNA-BELGIUM-20GB-10D,0.0,,0,deny,manual,18.99,,false,false,,,,,,,,,,,,,kg,,,
belgium,,,,,,,,,20GB / 15 Days,,,,,,,,TELNA-BELGIUM-20GB-15D,0.0,,0,deny,manual,19.99,,false,false,,,,,,,,,,,,,kg,,,
belgium,,,,,,,,,20GB / 30 Days,,,,,,,,TELNA-BELGIUM-20GB-30D,0.0,,0,deny,manual,21.99,,false,false,,,,,,,,,,,,,kg,,,
belgium,,,,,,,,,Unlimited / 5 Days,,,,,,,,TELNA-BELGIUM-UNLIMITED-5D,0.0,,0,deny,manual,14.99,,false,false,,,,,,,,,,,,,kg,,,
belgium,,,,,,,,,Unlimited / 10 Days,,,,,,,,TELNA-BELGIUM-UNLIMITED-10D,0.0,,0,deny,manual,24.99,,false,false,,,,,,,,,,,,,kg,,,
belgium,,,,,,,,,Unlimited / 15 Days,,,,,,,,TELNA-BELGIUM-UNLIMITED-15D,0.0,,0,deny,manual,39.99,,false,false,,,,,,,,,,,,,kg,,,
belgium,,,,,,,,,Unlimited / 30 Days,,,,,,,,TELNA-BELGIUM-UNLIMITED-30D,0.0,,0,deny,manual,49.99,,false,false,,,,,,,,,,,,,kg,,,
barbados,Barbados,"<p>Travel eSIM data plan for Barbados.</p>
<p>Si vous possédez déjà une eSIM de chez nous, cet achat sera ajouté à votre eSIM existante sous forme de recharge. S’il s’agit de votre premier achat, nous vous enverrons votre code QR par courriel après la confirmation de votre paiement.</p>",Quebec eSIM,,eSIM,"Barbados, eSIM, Telna",false,Plan,1GB / 5 Days,,,,,,,,TELNA-BARBADOS-1GB-5D,0.0,,0,deny,manual,4.99,,false,false,,,,,,,,,false,,,,kg,,,active
barbados,,,,,,,,,1GB / 10 Days,,,,,,,,TELNA-BARBADOS-1GB-10D,0.0,,0,deny,manual,5.99,,false,false,,,,,,,,,,,,,kg,,,
barbados,,,,,,,,,1GB / 15 Days,,,,,,,,TELNA-BARBADOS-1GB-15D,0.0,,0,deny,manual,6.99,,false,false,,,,,,,,,,,,,kg,,,
barbados,,,,,,,,,1GB / 30 Days,,,,,,,,TELNA-BARBADOS-1GB-30D,0.0,,0,deny,manual,8.99,,false,false,,,,,,,,,,,,,kg,,,
barbados,,,,,,,,,3GB / 5 Days,,,,,,,,TELNA-BARBADOS-3GB-5D,0.0,,0,deny,manual,13.99,,false,false,,,,,,,,,,,,,kg,,,
barbados,,,,,,,,,3GB / 10 Days,,,,,,,,TELNA-BARBADOS-3GB-10D,0.0,,0,deny,manual,14.99,,false,false,,,,,,,,,,,,,kg,,,
barbados,,,,,,,,,3GB / 15 Days,,,,,,,,TELNA-BARBADOS-3GB-15D,0.0,,0,deny,manual,14.99,,false,false,,,,,,,,,,,,,kg,,,
barbados,,,,,,,,,3GB / 30 Days,,,,,,,,TELNA-BARBADOS-3GB-30D,0.0,,0,deny,manual,17.99,,false,false,,,,,,,,,,,,,kg,,,
barbados,,,,,,,,,5GB / 5 Days,,,,,,,,TELNA-BARBADOS-5GB-5D,0.0,,0,deny,manual,23.99,,false,false,,,,,,,,,,,,,kg,,,
barbados,,,,,,,,,5GB / 10 Days,,,,,,,,TELNA-BARBADOS-5GB-10D,0.0,,0,deny,manual,24.99,,false,false,,,,,,,,,,,,,kg,,,
barbados,,,,,,,,,5GB / 15 Days,,,,,,,,TELNA-BARBADOS-5GB-15D,0.0,,0,deny,manual,24.99,,false,false,,,,,,,,,,,,,kg,,,
barbados,,,,,,,,,5GB / 30 Days,,,,,,,,TELNA-BARBADOS-5GB-30D,0.0,,0,deny,manual,27.99,,false,false,,,,,,,,,,,,,kg,,,
barbados,,,,,,,,,10GB / 5 Days,,,,,,,,TELNA-BARBADOS-10GB-5D,0.0,,0,deny,manual,40.99,,false,false,,,,,,,,,,,,,kg,,,
barbados,,,,,,,,,10GB / 10 Days,,,,,,,,TELNA-BARBADOS-10GB-10D,0.0,,0,deny,manual,41.99,,false,false,,,,,,,,,,,,,kg,,,
barbados,,,,,,,,,10GB / 15 Days,,,,,,,,TELNA-BARBADOS-10GB-15D,0.0,,0,deny,manual,42.99,,false,false,,,,,,,,,,,,,kg,,,
barbados,,,,,,,,,10GB / 30 Days,,,,,,,,TELNA-BARBADOS-10GB-30D,0.0,,0,deny,manual,46.99,,false,false,,,,,,,,,,,,,kg,,,
barbados,,,,,,,,,20GB / 5 Days,,,,,,,,TELNA-BARBADOS-20GB-5D,0.0,,0,deny,manual,60.99,,false,false,,,,,,,,,,,,,kg,,,
barbados,,,,,,,,,20GB / 10 Days,,,,,,,,TELNA-BARBADOS-20GB-10D,0.0,,0,deny,manual,61.99,,false,false,,,,,,,,,,,,,kg,,,
barbados,,,,,,,,,20GB / 15 Days,,,,,,,,TELNA-BARBADOS-20GB-15D,0.0,,0,deny,manual,62.99,,false,false,,,,,,,,,,,,,kg,,,
barbados,,,,,,,,,20GB / 30 Days,,,,,,,,TELNA-BARBADOS-20GB-30D,0.0,,0,deny,manual,66.99,,false,false,,,,,,,,,,,,,kg,,,
bangladesh,Bangladesh,"<p>Travel eSIM data plan for Bangladesh.</p>
<p>Si vous possédez déjà une eSIM de chez nous, cet achat sera ajouté à votre eSIM existante sous forme de recharge. S’il s’agit de votre premier achat, nous vous enverrons votre code QR par courriel après la confirmation de votre paiement.</p>",Quebec eSIM,,eSIM,"Bangladesh, eSIM, Telna",false,Plan,1GB / 5 Days,,,,,,,,TELNA-BANGLADESH-1GB-5D,0.0,,0,deny,manual,3.99,,false,false,,,,,,,,,false,,,,kg,,,active
bangladesh,,,,,,,,,1GB / 10 Days,,,,,,,,TELNA-BANGLADESH-1GB-10D,0.0,,0,deny,manual,4.99,,false,false,,,,,,,,,,,,,kg,,,
bangladesh,,,,,,,,,1GB / 15 Days,,,,,,,,TELNA-BANGLADESH-1GB-15D,0.0,,0,deny,manual,4.99,,false,false,,,,,,,,,,,,,kg,,,
bangladesh,,,,,,,,,1GB / 30 Days,,,,,,,,TELNA-BANGLADESH-1GB-30D,0.0,,0,deny,manual,7.99,,false,false,,,,,,,,,,,,,kg,,,
bangladesh,,,,,,,,,3GB / 5 Days,,,,,,,,TELNA-BANGLADESH-3GB-5D,0.0,,0,deny,manual,4.99,,false,false,,,,,,,,,,,,,kg,,,
bangladesh,,,,,,,,,3GB / 10 Days,,,,,,,,TELNA-BANGLADESH-3GB-10D,0.0,,0,deny,manual,5.99,,false,false,,,,,,,,,,,,,kg,,,
bangladesh,,,,,,,,,3GB / 15 Days,,,,,,,,TELNA-BANGLADESH-3GB-15D,0.0,,0,deny,manual,6.99,,false,false,,,,,,,,,,,,,kg,,,
bangladesh,,,,,,,,,3GB / 30 Days,,,,,,,,TELNA-BANGLADESH-3GB-30D,0.0,,0,deny,manual,8.99,,false,false,,,,,,,,,,,,,kg,,,
bangladesh,,,,,,,,,5GB / 5 Days,,,,,,,,TELNA-BANGLADESH-5GB-5D,0.0,,0,deny,manual,5.99,,false,false,,,,,,,,,,,,,kg,,,
bangladesh,,,,,,,,,5GB / 10 Days,,,,,,,,TELNA-BANGLADESH-5GB-10D,0.0,,0,deny,manual,6.99,,false,false,,,,,,,,,,,,,kg,,,
bangladesh,,,,,,,,,5GB / 15 Days,,,,,,,,TELNA-BANGLADESH-5GB-15D,0.0,,0,deny,manual,7.99,,false,false,,,,,,,,,,,,,kg,,,
bangladesh,,,,,,,,,5GB / 30 Days,,,,,,,,TELNA-BANGLADESH-5GB-30D,0.0,,0,deny,manual,9.99,,false,false,,,,,,,,,,,,,kg,,,
bangladesh,,,,,,,,,10GB / 5 Days,,,,,,,,TELNA-BANGLADESH-10GB-5D,0.0,,0,deny,manual,12.99,,false,false,,,,,,,,,,,,,kg,,,
bangladesh,,,,,,,,,10GB / 10 Days,,,,,,,,TELNA-BANGLADESH-10GB-10D,0.0,,0,deny,manual,13.99,,false,false,,,,,,,,,,,,,kg,,,
bangladesh,,,,,,,,,10GB / 15 Days,,,,,,,,TELNA-BANGLADESH-10GB-15D,0.0,,0,deny,manual,14.99,,false,false,,,,,,,,,,,,,kg,,,
bangladesh,,,,,,,,,10GB / 30 Days,,,,,,,,TELNA-BANGLADESH-10GB-30D,0.0,,0,deny,manual,16.99,,false,false,,,,,,,,,,,,,kg,,,
bangladesh,,,,,,,,,20GB / 5 Days,,,,,,,,TELNA-BANGLADESH-20GB-5D,0.0,,0,deny,manual,23.99,,false,false,,,,,,,,,,,,,kg,,,
bangladesh,,,,,,,,,20GB / 10 Days,,,,,,,,TELNA-BANGLADESH-20GB-10D,0.0,,0,deny,manual,24.99,,false,false,,,,,,,,,,,,,kg,,,
bangladesh,,,,,,,,,20GB / 15 Days,,,,,,,,TELNA-BANGLADESH-20GB-15D,0.0,,0,deny,manual,24.99,,false,false,,,,,,,,,,,,,kg,,,
bangladesh,,,,,,,,,20GB / 30 Days,,,,,,,,TELNA-BANGLADESH-20GB-30D,0.0,,0,deny,manual,27.99,,false,false,,,,,,,,,,,,,kg,,,
bahrain,Bahrain,"<p>Travel eSIM data plan for Bahrain.</p>
<p>Si vous possédez déjà une eSIM de chez nous, cet achat sera ajouté à votre eSIM existante sous forme de recharge. S’il s’agit de votre premier achat, nous vous enverrons votre code QR par courriel après la confirmation de votre paiement.</p>",Quebec eSIM,,eSIM,"Bahrain, eSIM, Telna",false,Plan,1GB / 5 Days,,,,,,,,TELNA-BAHRAIN-1GB-5D,0.0,,0,deny,manual,3.99,,false,false,,,,,,,,,false,,,,kg,,,active
bahrain,,,,,,,,,1GB / 10 Days,,,,,,,,TELNA-BAHRAIN-1GB-10D,0.0,,0,deny,manual,4.99,,false,false,,,,,,,,,,,,,kg,,,
bahrain,,,,,,,,,1GB / 15 Days,,,,,,,,TELNA-BAHRAIN-1GB-15D,0.0,,0,deny,manual,4.99,,false,false,,,,,,,,,,,,,kg,,,
bahrain,,,,,,,,,1GB / 30 Days,,,,,,,,TELNA-BAHRAIN-1GB-30D,0.0,,0,deny,manual,7.99,,false,false,,,,,,,,,,,,,kg,,,
bahrain,,,,,,,,,3GB / 5 Days,,,,,,,,TELNA-BAHRAIN-3GB-5D,0.0,,0,deny,manual,13.99,,false,false,,,,,,,,,,,,,kg,,,
bahrain,,,,,,,,,3GB / 10 Days,,,,,,,,TELNA-BAHRAIN-3GB-10D,0.0,,0,deny,manual,14.99,,false,false,,,,,,,,,,,,,kg,,,
bahrain,,,,,,,,,3GB / 15 Days,,,,,,,,TELNA-BAHRAIN-3GB-15D,0.0,,0,deny,manual,14.99,,false,false,,,,,,,,,,,,,kg,,,
bahrain,,,,,,,,,3GB / 30 Days,,,,,,,,TELNA-BAHRAIN-3GB-30D,0.0,,0,deny,manual,17.99,,false,false,,,,,,,,,,,,,kg,,,
bahrain,,,,,,,,,5GB / 5 Days,,,,,,,,TELNA-BAHRAIN-5GB-5D,0.0,,0,deny,manual,7.99,,false,false,,,,,,,,,,,,,kg,,,
bahrain,,,,,,,,,5GB / 10 Days,,,,,,,,TELNA-BAHRAIN-5GB-10D,0.0,,0,deny,manual,8.99,,false,false,,,,,,,,,,,,,kg,,,
bahrain,,,,,,,,,5GB / 15 Days,,,,,,,,TELNA-BAHRAIN-5GB-15D,0.0,,0,deny,manual,9.99,,false,false,,,,,,,,,,,,,kg,,,
bahrain,,,,,,,,,5GB / 30 Days,,,,,,,,TELNA-BAHRAIN-5GB-30D,0.0,,0,deny,manual,11.99,,false,false,,,,,,,,,,,,,kg,,,
bahrain,,,,,,,,,10GB / 5 Days,,,,,,,,TELNA-BAHRAIN-10GB-5D,0.0,,0,deny,manual,14.99,,false,false,,,,,,,,,,,,,kg,,,
bahrain,,,,,,,,,10GB / 10 Days,,,,,,,,TELNA-BAHRAIN-10GB-10D,0.0,,0,deny,manual,15.99,,false,false,,,,,,,,,,,,,kg,,,
bahrain,,,,,,,,,10GB / 15 Days,,,,,,,,TELNA-BAHRAIN-10GB-15D,0.0,,0,deny,manual,16.99,,false,false,,,,,,,,,,,,,kg,,,
bahrain,,,,,,,,,10GB / 30 Days,,,,,,,,TELNA-BAHRAIN-10GB-30D,0.0,,0,deny,manual,18.99,,false,false,,,,,,,,,,,,,kg,,,
bahrain,,,,,,,,,20GB / 5 Days,,,,,,,,TELNA-BAHRAIN-20GB-5D,0.0,,0,deny,manual,24.99,,false,false,,,,,,,,,,,,,kg,,,
bahrain,,,,,,,,,20GB / 10 Days,,,,,,,,TELNA-BAHRAIN-20GB-10D,0.0,,0,deny,manual,25.99,,false,false,,,,,,,,,,,,,kg,,,
bahrain,,,,,,,,,20GB / 15 Days,,,,,,,,TELNA-BAHRAIN-20GB-15D,0.0,,0,deny,manual,26.99,,false,false,,,,,,,,,,,,,kg,,,
bahrain,,,,,,,,,20GB / 30 Days,,,,,,,,TELNA-BAHRAIN-20GB-30D,0.0,,0,deny,manual,28.99,,false,false,,,,,,,,,,,,,kg,,,
bahamas,Bahamas,"<p>Travel eSIM data plan for Bahamas.</p>
<p>Si vous possédez déjà une eSIM de chez nous, cet achat sera ajouté à votre eSIM existante sous forme de recharge. S’il s’agit de votre premier achat, nous vous enverrons votre code QR par courriel après la confirmation de votre paiement.</p>",Quebec eSIM,,eSIM,"Bahamas, eSIM, Telna",false,Plan,1GB / 5 Days,,,,,,,,TELNA-BAHAMAS-1GB-5D,0.0,,0,deny,manual,4.99,,false,false,,,,,,,,,false,,,,kg,,,active
bahamas,,,,,,,,,1GB / 10 Days,,,,,,,,TELNA-BAHAMAS-1GB-10D,0.0,,0,deny,manual,5.99,,false,false,,,,,,,,,,,,,kg,,,
bahamas,,,,,,,,,1GB / 15 Days,,,,,,,,TELNA-BAHAMAS-1GB-15D,0.0,,0,deny,manual,6.99,,false,false,,,,,,,,,,,,,kg,,,
bahamas,,,,,,,,,1GB / 30 Days,,,,,,,,TELNA-BAHAMAS-1GB-30D,0.0,,0,deny,manual,8.99,,false,false,,,,,,,,,,,,,kg,,,
bahamas,,,,,,,,,3GB / 5 Days,,,,,,,,TELNA-BAHAMAS-3GB-5D,0.0,,0,deny,manual,13.99,,false,false,,,,,,,,,,,,,kg,,,
bahamas,,,,,,,,,3GB / 10 Days,,,,,,,,TELNA-BAHAMAS-3GB-10D,0.0,,0,deny,manual,14.99,,false,false,,,,,,,,,,,,,kg,,,
bahamas,,,,,,,,,3GB / 15 Days,,,,,,,,TELNA-BAHAMAS-3GB-15D,0.0,,0,deny,manual,14.99,,false,false,,,,,,,,,,,,,kg,,,
bahamas,,,,,,,,,3GB / 30 Days,,,,,,,,TELNA-BAHAMAS-3GB-30D,0.0,,0,deny,manual,17.99,,false,false,,,,,,,,,,,,,kg,,,
bahamas,,,,,,,,,5GB / 5 Days,,,,,,,,TELNA-BAHAMAS-5GB-5D,0.0,,0,deny,manual,23.99,,false,false,,,,,,,,,,,,,kg,,,
bahamas,,,,,,,,,5GB / 10 Days,,,,,,,,TELNA-BAHAMAS-5GB-10D,0.0,,0,deny,manual,24.99,,false,false,,,,,,,,,,,,,kg,,,
bahamas,,,,,,,,,5GB / 15 Days,,,,,,,,TELNA-BAHAMAS-5GB-15D,0.0,,0,deny,manual,24.99,,false,false,,,,,,,,,,,,,kg,,,
bahamas,,,,,,,,,5GB / 30 Days,,,,,,,,TELNA-BAHAMAS-5GB-30D,0.0,,0,deny,manual,27.99,,false,false,,,,,,,,,,,,,kg,,,
bahamas,,,,,,,,,10GB / 5 Days,,,,,,,,TELNA-BAHAMAS-10GB-5D,0.0,,0,deny,manual,40.99,,false,false,,,,,,,,,,,,,kg,,,
bahamas,,,,,,,,,10GB / 10 Days,,,,,,,,TELNA-BAHAMAS-10GB-10D,0.0,,0,deny,manual,41.99,,false,false,,,,,,,,,,,,,kg,,,
bahamas,,,,,,,,,10GB / 15 Days,,,,,,,,TELNA-BAHAMAS-10GB-15D,0.0,,0,deny,manual,42.99,,false,false,,,,,,,,,,,,,kg,,,
bahamas,,,,,,,,,10GB / 30 Days,,,,,,,,TELNA-BAHAMAS-10GB-30D,0.0,,0,deny,manual,46.99,,false,false,,,,,,,,,,,,,kg,,,
bahamas,,,,,,,,,20GB / 5 Days,,,,,,,,TELNA-BAHAMAS-20GB-5D,0.0,,0,deny,manual,60.99,,false,false,,,,,,,,,,,,,kg,,,
bahamas,,,,,,,,,20GB / 10 Days,,,,,,,,TELNA-BAHAMAS-20GB-10D,0.0,,0,deny,manual,61.99,,false,false,,,,,,,,,,,,,kg,,,
bahamas,,,,,,,,,20GB / 15 Days,,,,,,,,TELNA-BAHAMAS-20GB-15D,0.0,,0,deny,manual,62.99,,false,false,,,,,,,,,,,,,kg,,,
bahamas,,,,,,,,,20GB / 30 Days,,,,,,,,TELNA-BAHAMAS-20GB-30D,0.0,,0,deny,manual,66.99,,false,false,,,,,,,,,,,,,kg,,,
azerbaijan,Azerbaijan,"<p>Travel eSIM data plan for Azerbaijan.</p>
<p>Si vous possédez déjà une eSIM de chez nous, cet achat sera ajouté à votre eSIM existante sous forme de recharge. S’il s’agit de votre premier achat, nous vous enverrons votre code QR par courriel après la confirmation de votre paiement.</p>",Quebec eSIM,,eSIM,"Azerbaijan, eSIM, Telna",false,Plan,1GB / 5 Days,,,,,,,,TELNA-AZERBAIJAN-1GB-5D,0.0,,0,deny,manual,4.99,,false,false,,,,,,,,,false,,,,kg,,,active
azerbaijan,,,,,,,,,1GB / 10 Days,,,,,,,,TELNA-AZERBAIJAN-1GB-10D,0.0,,0,deny,manual,5.99,,false,false,,,,,,,,,,,,,kg,,,
azerbaijan,,,,,,,,,1GB / 15 Days,,,,,,,,TELNA-AZERBAIJAN-1GB-15D,0.0,,0,deny,manual,6.99,,false,false,,,,,,,,,,,,,kg,,,
azerbaijan,,,,,,,,,1GB / 30 Days,,,,,,,,TELNA-AZERBAIJAN-1GB-30D,0.0,,0,deny,manual,8.99,,false,false,,,,,,,,,,,,,kg,,,
azerbaijan,,,,,,,,,3GB / 5 Days,,,,,,,,TELNA-AZERBAIJAN-3GB-5D,0.0,,0,deny,manual,8.99,,false,false,,,,,,,,,,,,,kg,,,
azerbaijan,,,,,,,,,3GB / 10 Days,,,,,,,,TELNA-AZERBAIJAN-3GB-10D,0.0,,0,deny,manual,9.99,,false,false,,,,,,,,,,,,,kg,,,
azerbaijan,,,,,,,,,3GB / 15 Days,,,,,,,,TELNA-AZERBAIJAN-3GB-15D,0.0,,0,deny,manual,9.99,,false,false,,,,,,,,,,,,,kg,,,
azerbaijan,,,,,,,,,3GB / 30 Days,,,,,,,,TELNA-AZERBAIJAN-3GB-30D,0.0,,0,deny,manual,12.99,,false,false,,,,,,,,,,,,,kg,,,
azerbaijan,,,,,,,,,5GB / 5 Days,,,,,,,,TELNA-AZERBAIJAN-5GB-5D,0.0,,0,deny,manual,11.99,,false,false,,,,,,,,,,,,,kg,,,
azerbaijan,,,,,,,,,5GB / 10 Days,,,,,,,,TELNA-AZERBAIJAN-5GB-10D,0.0,,0,deny,manual,12.99,,false,false,,,,,,,,,,,,,kg,,,
azerbaijan,,,,,,,,,5GB / 15 Days,,,,,,,,TELNA-AZERBAIJAN-5GB-15D,0.0,,0,deny,manual,13.99,,false,false,,,,,,,,,,,,,kg,,,
azerbaijan,,,,,,,,,5GB / 30 Days,,,,,,,,TELNA-AZERBAIJAN-5GB-30D,0.0,,0,deny,manual,15.99,,false,false,,,,,,,,,,,,,kg,,,
azerbaijan,,,,,,,,,10GB / 5 Days,,,,,,,,TELNA-AZERBAIJAN-10GB-5D,0.0,,0,deny,manual,21.99,,false,false,,,,,,,,,,,,,kg,,,
azerbaijan,,,,,,,,,10GB / 10 Days,,,,,,,,TELNA-AZERBAIJAN-10GB-10D,0.0,,0,deny,manual,22.99,,false,false,,,,,,,,,,,,,kg,,,
azerbaijan,,,,,,,,,10GB / 15 Days,,,,,,,,TELNA-AZERBAIJAN-10GB-15D,0.0,,0,deny,manual,23.99,,false,false,,,,,,,,,,,,,kg,,,
azerbaijan,,,,,,,,,10GB / 30 Days,,,,,,,,TELNA-AZERBAIJAN-10GB-30D,0.0,,0,deny,manual,25.99,,false,false,,,,,,,,,,,,,kg,,,
azerbaijan,,,,,,,,,20GB / 5 Days,,,,,,,,TELNA-AZERBAIJAN-20GB-5D,0.0,,0,deny,manual,40.99,,false,false,,,,,,,,,,,,,kg,,,
azerbaijan,,,,,,,,,20GB / 10 Days,,,,,,,,TELNA-AZERBAIJAN-20GB-10D,0.0,,0,deny,manual,41.99,,false,false,,,,,,,,,,,,,kg,,,
azerbaijan,,,,,,,,,20GB / 15 Days,,,,,,,,TELNA-AZERBAIJAN-20GB-15D,0.0,,0,deny,manual,42.99,,false,false,,,,,,,,,,,,,kg,,,
azerbaijan,,,,,,,,,20GB / 30 Days,,,,,,,,TELNA-AZERBAIJAN-20GB-30D,0.0,,0,deny,manual,46.99,,false,false,,,,,,,,,,,,,kg,,,
azerbaijan,,,,,,,,,Unlimited / 5 Days,,,,,,,,TELNA-AZERBAIJAN-UNLIMITED-5D,0.0,,0,deny,manual,24.99,,false,false,,,,,,,,,,,,,kg,,,
azerbaijan,,,,,,,,,Unlimited / 10 Days,,,,,,,,TELNA-AZERBAIJAN-UNLIMITED-10D,0.0,,0,deny,manual,49.99,,false,false,,,,,,,,,,,,,kg,,,
azerbaijan,,,,,,,,,Unlimited / 15 Days,,,,,,,,TELNA-AZERBAIJAN-UNLIMITED-15D,0.0,,0,deny,manual,89.99,,false,false,,,,,,,,,,,,,kg,,,
azerbaijan,,,,,,,,,Unlimited / 30 Days,,,,,,,,TELNA-AZERBAIJAN-UNLIMITED-30D,0.0,,0,deny,manual,129.99,,false,false,,,,,,,,,,,,,kg,,,
austria,Austria,"<p>Travel eSIM data plan for Austria.</p>
<p>Si vous possédez déjà une eSIM de chez nous, cet achat sera ajouté à votre eSIM existante sous forme de recharge. S’il s’agit de votre premier achat, nous vous enverrons votre code QR par courriel après la confirmation de votre paiement.</p>",Quebec eSIM,,eSIM,"Austria, eSIM, Telna",false,Plan,1GB / 5 Days,,,,,,,,TELNA-AUSTRIA-1GB-5D,0.0,,0,deny,manual,2.99,,false,false,,,,,,,,,false,,,,kg,,,active
austria,,,,,,,,,1GB / 10 Days,,,,,,,,TELNA-AUSTRIA-1GB-10D,0.0,,0,deny,manual,3.99,,false,false,,,,,,,,,,,,,kg,,,
austria,,,,,,,,,1GB / 15 Days,,,,,,,,TELNA-AUSTRIA-1GB-15D,0.0,,0,deny,manual,4.99,,false,false,,,,,,,,,,,,,kg,,,
austria,,,,,,,,,1GB / 30 Days,,,,,,,,TELNA-AUSTRIA-1GB-30D,0.0,,0,deny,manual,6.99,,false,false,,,,,,,,,,,,,kg,,,
austria,,,,,,,,,3GB / 5 Days,,,,,,,,TELNA-AUSTRIA-3GB-5D,0.0,,0,deny,manual,7.99,,false,false,,,,,,,,,,,,,kg,,,
austria,,,,,,,,,3GB / 10 Days,,,,,,,,TELNA-AUSTRIA-3GB-10D,0.0,,0,deny,manual,7.99,,false,false,,,,,,,,,,,,,kg,,,
austria,,,,,,,,,3GB / 15 Days,,,,,,,,TELNA-AUSTRIA-3GB-15D,0.0,,0,deny,manual,8.99,,false,false,,,,,,,,,,,,,kg,,,
austria,,,,,,,,,3GB / 30 Days,,,,,,,,TELNA-AUSTRIA-3GB-30D,0.0,,0,deny,manual,9.99,,false,false,,,,,,,,,,,,,kg,,,
austria,,,,,,,,,5GB / 5 Days,,,,,,,,TELNA-AUSTRIA-5GB-5D,0.0,,0,deny,manual,4.99,,false,false,,,,,,,,,,,,,kg,,,
austria,,,,,,,,,5GB / 10 Days,,,,,,,,TELNA-AUSTRIA-5GB-10D,0.0,,0,deny,manual,5.99,,false,false,,,,,,,,,,,,,kg,,,
austria,,,,,,,,,5GB / 15 Days,,,,,,,,TELNA-AUSTRIA-5GB-15D,0.0,,0,deny,manual,6.99,,false,false,,,,,,,,,,,,,kg,,,
austria,,,,,,,,,5GB / 30 Days,,,,,,,,TELNA-AUSTRIA-5GB-30D,0.0,,0,deny,manual,8.99,,false,false,,,,,,,,,,,,,kg,,,
austria,,,,,,,,,10GB / 5 Days,,,,,,,,TELNA-AUSTRIA-10GB-5D,0.0,,0,deny,manual,8.99,,false,false,,,,,,,,,,,,,kg,,,
austria,,,,,,,,,10GB / 10 Days,,,,,,,,TELNA-AUSTRIA-10GB-10D,0.0,,0,deny,manual,9.99,,false,false,,,,,,,,,,,,,kg,,,
austria,,,,,,,,,10GB / 15 Days,,,,,,,,TELNA-AUSTRIA-10GB-15D,0.0,,0,deny,manual,9.99,,false,false,,,,,,,,,,,,,kg,,,
austria,,,,,,,,,10GB / 30 Days,,,,,,,,TELNA-AUSTRIA-10GB-30D,0.0,,0,deny,manual,12.99,,false,false,,,,,,,,,,,,,kg,,,
austria,,,,,,,,,20GB / 5 Days,,,,,,,,TELNA-AUSTRIA-20GB-5D,0.0,,0,deny,manual,17.99,,false,false,,,,,,,,,,,,,kg,,,
austria,,,,,,,,,20GB / 10 Days,,,,,,,,TELNA-AUSTRIA-20GB-10D,0.0,,0,deny,manual,18.99,,false,false,,,,,,,,,,,,,kg,,,
austria,,,,,,,,,20GB / 15 Days,,,,,,,,TELNA-AUSTRIA-20GB-15D,0.0,,0,deny,manual,19.99,,false,false,,,,,,,,,,,,,kg,,,
austria,,,,,,,,,20GB / 30 Days,,,,,,,,TELNA-AUSTRIA-20GB-30D,0.0,,0,deny,manual,21.99,,false,false,,,,,,,,,,,,,kg,,,
austria,,,,,,,,,Unlimited / 5 Days,,,,,,,,TELNA-AUSTRIA-UNLIMITED-5D,0.0,,0,deny,manual,14.99,,false,false,,,,,,,,,,,,,kg,,,
austria,,,,,,,,,Unlimited / 10 Days,,,,,,,,TELNA-AUSTRIA-UNLIMITED-10D,0.0,,0,deny,manual,24.99,,false,false,,,,,,,,,,,,,kg,,,
austria,,,,,,,,,Unlimited / 15 Days,,,,,,,,TELNA-AUSTRIA-UNLIMITED-15D,0.0,,0,deny,manual,39.99,,false,false,,,,,,,,,,,,,kg,,,
austria,,,,,,,,,Unlimited / 30 Days,,,,,,,,TELNA-AUSTRIA-UNLIMITED-30D,0.0,,0,deny,manual,49.99,,false,false,,,,,,,,,,,,,kg,,,
australia,Australia,"<p>Travel eSIM data plan for Australia.</p>
<p>Si vous possédez déjà une eSIM de chez nous, cet achat sera ajouté à votre eSIM existante sous forme de recharge. S’il s’agit de votre premier achat, nous vous enverrons votre code QR par courriel après la confirmation de votre paiement.</p>",Quebec eSIM,,eSIM,"Australia, eSIM, Telna",false,Plan,1GB / 5 Days,,,,,,,,TELNA-AUSTRALIA-1GB-5D,0.0,,0,deny,manual,3.99,,false,false,,,,,,,,,false,,,,kg,,,active
australia,,,,,,,,,1GB / 10 Days,,,,,,,,TELNA-AUSTRALIA-1GB-10D,0.0,,0,deny,manual,4.99,,false,false,,,,,,,,,,,,,kg,,,
australia,,,,,,,,,1GB / 15 Days,,,,,,,,TELNA-AUSTRALIA-1GB-15D,0.0,,0,deny,manual,4.99,,false,false,,,,,,,,,,,,,kg,,,
australia,,,,,,,,,1GB / 30 Days,,,,,,,,TELNA-AUSTRALIA-1GB-30D,0.0,,0,deny,manual,7.99,,false,false,,,,,,,,,,,,,kg,,,
australia,,,,,,,,,3GB / 5 Days,,,,,,,,TELNA-AUSTRALIA-3GB-5D,0.0,,0,deny,manual,4.99,,false,false,,,,,,,,,,,,,kg,,,
australia,,,,,,,,,3GB / 10 Days,,,,,,,,TELNA-AUSTRALIA-3GB-10D,0.0,,0,deny,manual,5.99,,false,false,,,,,,,,,,,,,kg,,,
australia,,,,,,,,,3GB / 15 Days,,,,,,,,TELNA-AUSTRALIA-3GB-15D,0.0,,0,deny,manual,6.99,,false,false,,,,,,,,,,,,,kg,,,
australia,,,,,,,,,3GB / 30 Days,,,,,,,,TELNA-AUSTRALIA-3GB-30D,0.0,,0,deny,manual,8.99,,false,false,,,,,,,,,,,,,kg,,,
australia,,,,,,,,,5GB / 5 Days,,,,,,,,TELNA-AUSTRALIA-5GB-5D,0.0,,0,deny,manual,5.99,,false,false,,,,,,,,,,,,,kg,,,
australia,,,,,,,,,5GB / 10 Days,,,,,,,,TELNA-AUSTRALIA-5GB-10D,0.0,,0,deny,manual,6.99,,false,false,,,,,,,,,,,,,kg,,,
australia,,,,,,,,,5GB / 15 Days,,,,,,,,TELNA-AUSTRALIA-5GB-15D,0.0,,0,deny,manual,7.99,,false,false,,,,,,,,,,,,,kg,,,
australia,,,,,,,,,5GB / 30 Days,,,,,,,,TELNA-AUSTRALIA-5GB-30D,0.0,,0,deny,manual,9.99,,false,false,,,,,,,,,,,,,kg,,,
australia,,,,,,,,,10GB / 5 Days,,,,,,,,TELNA-AUSTRALIA-10GB-5D,0.0,,0,deny,manual,12.99,,false,false,,,,,,,,,,,,,kg,,,
australia,,,,,,,,,10GB / 10 Days,,,,,,,,TELNA-AUSTRALIA-10GB-10D,0.0,,0,deny,manual,13.99,,false,false,,,,,,,,,,,,,kg,,,
australia,,,,,,,,,10GB / 15 Days,,,,,,,,TELNA-AUSTRALIA-10GB-15D,0.0,,0,deny,manual,14.99,,false,false,,,,,,,,,,,,,kg,,,
australia,,,,,,,,,10GB / 30 Days,,,,,,,,TELNA-AUSTRALIA-10GB-30D,0.0,,0,deny,manual,16.99,,false,false,,,,,,,,,,,,,kg,,,
australia,,,,,,,,,20GB / 5 Days,,,,,,,,TELNA-AUSTRALIA-20GB-5D,0.0,,0,deny,manual,23.99,,false,false,,,,,,,,,,,,,kg,,,
australia,,,,,,,,,20GB / 10 Days,,,,,,,,TELNA-AUSTRALIA-20GB-10D,0.0,,0,deny,manual,24.99,,false,false,,,,,,,,,,,,,kg,,,
australia,,,,,,,,,20GB / 15 Days,,,,,,,,TELNA-AUSTRALIA-20GB-15D,0.0,,0,deny,manual,24.99,,false,false,,,,,,,,,,,,,kg,,,
australia,,,,,,,,,20GB / 30 Days,,,,,,,,TELNA-AUSTRALIA-20GB-30D,0.0,,0,deny,manual,27.99,,false,false,,,,,,,,,,,,,kg,,,
aruba,Aruba,"<p>Travel eSIM data plan for Aruba.</p>
<p>Si vous possédez déjà une eSIM de chez nous, cet achat sera ajouté à votre eSIM existante sous forme de recharge. S’il s’agit de votre premier achat, nous vous enverrons votre code QR par courriel après la confirmation de votre paiement.</p>",Quebec eSIM,,eSIM,"Aruba, eSIM, Telna",false,Plan,1GB / 5 Days,,,,,,,,TELNA-ARUBA-1GB-5D,0.0,,0,deny,manual,4.99,,false,false,,,,,,,,,false,,,,kg,,,active
aruba,,,,,,,,,1GB / 10 Days,,,,,,,,TELNA-ARUBA-1GB-10D,0.0,,0,deny,manual,5.99,,false,false,,,,,,,,,,,,,kg,,,
aruba,,,,,,,,,1GB / 15 Days,,,,,,,,TELNA-ARUBA-1GB-15D,0.0,,0,deny,manual,6.99,,false,false,,,,,,,,,,,,,kg,,,
aruba,,,,,,,,,1GB / 30 Days,,,,,,,,TELNA-ARUBA-1GB-30D,0.0,,0,deny,manual,8.99,,false,false,,,,,,,,,,,,,kg,,,
aruba,,,,,,,,,3GB / 5 Days,,,,,,,,TELNA-ARUBA-3GB-5D,0.0,,0,deny,manual,13.99,,false,false,,,,,,,,,,,,,kg,,,
aruba,,,,,,,,,3GB / 10 Days,,,,,,,,TELNA-ARUBA-3GB-10D,0.0,,0,deny,manual,14.99,,false,false,,,,,,,,,,,,,kg,,,
aruba,,,,,,,,,3GB / 15 Days,,,,,,,,TELNA-ARUBA-3GB-15D,0.0,,0,deny,manual,14.99,,false,false,,,,,,,,,,,,,kg,,,
aruba,,,,,,,,,3GB / 30 Days,,,,,,,,TELNA-ARUBA-3GB-30D,0.0,,0,deny,manual,17.99,,false,false,,,,,,,,,,,,,kg,,,
aruba,,,,,,,,,5GB / 5 Days,,,,,,,,TELNA-ARUBA-5GB-5D,0.0,,0,deny,manual,23.99,,false,false,,,,,,,,,,,,,kg,,,
aruba,,,,,,,,,5GB / 10 Days,,,,,,,,TELNA-ARUBA-5GB-10D,0.0,,0,deny,manual,24.99,,false,false,,,,,,,,,,,,,kg,,,
aruba,,,,,,,,,5GB / 15 Days,,,,,,,,TELNA-ARUBA-5GB-15D,0.0,,0,deny,manual,24.99,,false,false,,,,,,,,,,,,,kg,,,
aruba,,,,,,,,,5GB / 30 Days,,,,,,,,TELNA-ARUBA-5GB-30D,0.0,,0,deny,manual,27.99,,false,false,,,,,,,,,,,,,kg,,,
aruba,,,,,,,,,10GB / 5 Days,,,,,,,,TELNA-ARUBA-10GB-5D,0.0,,0,deny,manual,40.99,,false,false,,,,,,,,,,,,,kg,,,
aruba,,,,,,,,,10GB / 10 Days,,,,,,,,TELNA-ARUBA-10GB-10D,0.0,,0,deny,manual,41.99,,false,false,,,,,,,,,,,,,kg,,,
aruba,,,,,,,,,10GB / 15 Days,,,,,,,,TELNA-ARUBA-10GB-15D,0.0,,0,deny,manual,42.99,,false,false,,,,,,,,,,,,,kg,,,
aruba,,,,,,,,,10GB / 30 Days,,,,,,,,TELNA-ARUBA-10GB-30D,0.0,,0,deny,manual,46.99,,false,false,,,,,,,,,,,,,kg,,,
aruba,,,,,,,,,20GB / 5 Days,,,,,,,,TELNA-ARUBA-20GB-5D,0.0,,0,deny,manual,60.99,,false,false,,,,,,,,,,,,,kg,,,
aruba,,,,,,,,,20GB / 10 Days,,,,,,,,TELNA-ARUBA-20GB-10D,0.0,,0,deny,manual,61.99,,false,false,,,,,,,,,,,,,kg,,,
aruba,,,,,,,,,20GB / 15 Days,,,,,,,,TELNA-ARUBA-20GB-15D,0.0,,0,deny,manual,62.99,,false,false,,,,,,,,,,,,,kg,,,
aruba,,,,,,,,,20GB / 30 Days,,,,,,,,TELNA-ARUBA-20GB-30D,0.0,,0,deny,manual,66.99,,false,false,,,,,,,,,,,,,kg,,,
armenia,Armenia,"<p>Travel eSIM data plan for Armenia.</p>
<p>Si vous possédez déjà une eSIM de chez nous, cet achat sera ajouté à votre eSIM existante sous forme de recharge. S’il s’agit de votre premier achat, nous vous enverrons votre code QR par courriel après la confirmation de votre paiement.</p>",Quebec eSIM,,eSIM,"Armenia, eSIM, Telna",false,Plan,1GB / 5 Days,,,,,,,,TELNA-ARMENIA-1GB-5D,0.0,,0,deny,manual,3.99,,false,false,,,,,,,,,false,,,,kg,,,active
armenia,,,,,,,,,1GB / 10 Days,,,,,,,,TELNA-ARMENIA-1GB-10D,0.0,,0,deny,manual,4.99,,false,false,,,,,,,,,,,,,kg,,,
armenia,,,,,,,,,1GB / 15 Days,,,,,,,,TELNA-ARMENIA-1GB-15D,0.0,,0,deny,manual,4.99,,false,false,,,,,,,,,,,,,kg,,,
armenia,,,,,,,,,1GB / 30 Days,,,,,,,,TELNA-ARMENIA-1GB-30D,0.0,,0,deny,manual,7.99,,false,false,,,,,,,,,,,,,kg,,,
armenia,,,,,,,,,3GB / 5 Days,,,,,,,,TELNA-ARMENIA-3GB-5D,0.0,,0,deny,manual,7.99,,false,false,,,,,,,,,,,,,kg,,,
armenia,,,,,,,,,3GB / 10 Days,,,,,,,,TELNA-ARMENIA-3GB-10D,0.0,,0,deny,manual,8.99,,false,false,,,,,,,,,,,,,kg,,,
armenia,,,,,,,,,3GB / 15 Days,,,,,,,,TELNA-ARMENIA-3GB-15D,0.0,,0,deny,manual,9.99,,false,false,,,,,,,,,,,,,kg,,,
armenia,,,,,,,,,3GB / 30 Days,,,,,,,,TELNA-ARMENIA-3GB-30D,0.0,,0,deny,manual,9.99,,false,false,,,,,,,,,,,,,kg,,,
armenia,,,,,,,,,5GB / 5 Days,,,,,,,,TELNA-ARMENIA-5GB-5D,0.0,,0,deny,manual,5.99,,false,false,,,,,,,,,,,,,kg,,,
armenia,,,,,,,,,5GB / 10 Days,,,,,,,,TELNA-ARMENIA-5GB-10D,0.0,,0,deny,manual,6.99,,false,false,,,,,,,,,,,,,kg,,,
armenia,,,,,,,,,5GB / 15 Days,,,,,,,,TELNA-ARMENIA-5GB-15D,0.0,,0,deny,manual,7.99,,false,false,,,,,,,,,,,,,kg,,,
armenia,,,,,,,,,5GB / 30 Days,,,,,,,,TELNA-ARMENIA-5GB-30D,0.0,,0,deny,manual,9.99,,false,false,,,,,,,,,,,,,kg,,,
armenia,,,,,,,,,10GB / 5 Days,,,,,,,,TELNA-ARMENIA-10GB-5D,0.0,,0,deny,manual,12.99,,false,false,,,,,,,,,,,,,kg,,,
armenia,,,,,,,,,10GB / 10 Days,,,,,,,,TELNA-ARMENIA-10GB-10D,0.0,,0,deny,manual,13.99,,false,false,,,,,,,,,,,,,kg,,,
armenia,,,,,,,,,10GB / 15 Days,,,,,,,,TELNA-ARMENIA-10GB-15D,0.0,,0,deny,manual,14.99,,false,false,,,,,,,,,,,,,kg,,,
armenia,,,,,,,,,10GB / 30 Days,,,,,,,,TELNA-ARMENIA-10GB-30D,0.0,,0,deny,manual,16.99,,false,false,,,,,,,,,,,,,kg,,,
armenia,,,,,,,,,20GB / 5 Days,,,,,,,,TELNA-ARMENIA-20GB-5D,0.0,,0,deny,manual,23.99,,false,false,,,,,,,,,,,,,kg,,,
armenia,,,,,,,,,20GB / 10 Days,,,,,,,,TELNA-ARMENIA-20GB-10D,0.0,,0,deny,manual,24.99,,false,false,,,,,,,,,,,,,kg,,,
armenia,,,,,,,,,20GB / 15 Days,,,,,,,,TELNA-ARMENIA-20GB-15D,0.0,,0,deny,manual,24.99,,false,false,,,,,,,,,,,,,kg,,,
armenia,,,,,,,,,20GB / 30 Days,,,,,,,,TELNA-ARMENIA-20GB-30D,0.0,,0,deny,manual,27.99,,false,false,,,,,,,,,,,,,kg,,,
armenia,,,,,,,,,Unlimited / 5 Days,,,,,,,,TELNA-ARMENIA-UNLIMITED-5D,0.0,,0,deny,manual,17.99,,false,false,,,,,,,,,,,,,kg,,,
armenia,,,,,,,,,Unlimited / 10 Days,,,,,,,,TELNA-ARMENIA-UNLIMITED-10D,0.0,,0,deny,manual,29.99,,false,false,,,,,,,,,,,,,kg,,,
armenia,,,,,,,,,Unlimited / 15 Days,,,,,,,,TELNA-ARMENIA-UNLIMITED-15D,0.0,,0,deny,manual,39.99,,false,false,,,,,,,,,,,,,kg,,,
armenia,,,,,,,,,Unlimited / 30 Days,,,,,,,,TELNA-ARMENIA-UNLIMITED-30D,0.0,,0,deny,manual,49.99,,false,false,,,,,,,,,,,,,kg,,,
argentina,Argentina,"<p>Travel eSIM data plan for Argentina.</p>
<p>Si vous possédez déjà une eSIM de chez nous, cet achat sera ajouté à votre eSIM existante sous forme de recharge. S’il s’agit de votre premier achat, nous vous enverrons votre code QR par courriel après la confirmation de votre paiement.</p>",Quebec eSIM,,eSIM,"Argentina, eSIM, Telna",false,Plan,1GB / 5 Days,,,,,,,,TELNA-ARGENTINA-1GB-5D,0.0,,0,deny,manual,4.99,,false,false,,,,,,,,,false,,,,kg,,,active
argentina,,,,,,,,,1GB / 10 Days,,,,,,,,TELNA-ARGENTINA-1GB-10D,0.0,,0,deny,manual,5.99,,false,false,,,,,,,,,,,,,kg,,,
argentina,,,,,,,,,1GB / 15 Days,,,,,,,,TELNA-ARGENTINA-1GB-15D,0.0,,0,deny,manual,6.99,,false,false,,,,,,,,,,,,,kg,,,
argentina,,,,,,,,,1GB / 30 Days,,,,,,,,TELNA-ARGENTINA-1GB-30D,0.0,,0,deny,manual,8.99,,false,false,,,,,,,,,,,,,kg,,,
argentina,,,,,,,,,3GB / 5 Days,,,,,,,,TELNA-ARGENTINA-3GB-5D,0.0,,0,deny,manual,8.99,,false,false,,,,,,,,,,,,,kg,,,
argentina,,,,,,,,,3GB / 10 Days,,,,,,,,TELNA-ARGENTINA-3GB-10D,0.0,,0,deny,manual,9.99,,false,false,,,,,,,,,,,,,kg,,,
argentina,,,,,,,,,3GB / 15 Days,,,,,,,,TELNA-ARGENTINA-3GB-15D,0.0,,0,deny,manual,9.99,,false,false,,,,,,,,,,,,,kg,,,
argentina,,,,,,,,,3GB / 30 Days,,,,,,,,TELNA-ARGENTINA-3GB-30D,0.0,,0,deny,manual,12.99,,false,false,,,,,,,,,,,,,kg,,,
argentina,,,,,,,,,5GB / 5 Days,,,,,,,,TELNA-ARGENTINA-5GB-5D,0.0,,0,deny,manual,11.99,,false,false,,,,,,,,,,,,,kg,,,
argentina,,,,,,,,,5GB / 10 Days,,,,,,,,TELNA-ARGENTINA-5GB-10D,0.0,,0,deny,manual,12.99,,false,false,,,,,,,,,,,,,kg,,,
argentina,,,,,,,,,5GB / 15 Days,,,,,,,,TELNA-ARGENTINA-5GB-15D,0.0,,0,deny,manual,13.99,,false,false,,,,,,,,,,,,,kg,,,
argentina,,,,,,,,,5GB / 30 Days,,,,,,,,TELNA-ARGENTINA-5GB-30D,0.0,,0,deny,manual,15.99,,false,false,,,,,,,,,,,,,kg,,,
argentina,,,,,,,,,10GB / 5 Days,,,,,,,,TELNA-ARGENTINA-10GB-5D,0.0,,0,deny,manual,21.99,,false,false,,,,,,,,,,,,,kg,,,
argentina,,,,,,,,,10GB / 10 Days,,,,,,,,TELNA-ARGENTINA-10GB-10D,0.0,,0,deny,manual,22.99,,false,false,,,,,,,,,,,,,kg,,,
argentina,,,,,,,,,10GB / 15 Days,,,,,,,,TELNA-ARGENTINA-10GB-15D,0.0,,0,deny,manual,23.99,,false,false,,,,,,,,,,,,,kg,,,
argentina,,,,,,,,,10GB / 30 Days,,,,,,,,TELNA-ARGENTINA-10GB-30D,0.0,,0,deny,manual,25.99,,false,false,,,,,,,,,,,,,kg,,,
argentina,,,,,,,,,20GB / 5 Days,,,,,,,,TELNA-ARGENTINA-20GB-5D,0.0,,0,deny,manual,40.99,,false,false,,,,,,,,,,,,,kg,,,
argentina,,,,,,,,,20GB / 10 Days,,,,,,,,TELNA-ARGENTINA-20GB-10D,0.0,,0,deny,manual,41.99,,false,false,,,,,,,,,,,,,kg,,,
argentina,,,,,,,,,20GB / 15 Days,,,,,,,,TELNA-ARGENTINA-20GB-15D,0.0,,0,deny,manual,42.99,,false,false,,,,,,,,,,,,,kg,,,
argentina,,,,,,,,,20GB / 30 Days,,,,,,,,TELNA-ARGENTINA-20GB-30D,0.0,,0,deny,manual,46.99,,false,false,,,,,,,,,,,,,kg,,,
argentina,,,,,,,,,Unlimited / 5 Days,,,,,,,,TELNA-ARGENTINA-UNLIMITED-5D,0.0,,0,deny,manual,24.99,,false,false,,,,,,,,,,,,,kg,,,
argentina,,,,,,,,,Unlimited / 10 Days,,,,,,,,TELNA-ARGENTINA-UNLIMITED-10D,0.0,,0,deny,manual,39.99,,false,false,,,,,,,,,,,,,kg,,,
argentina,,,,,,,,,Unlimited / 15 Days,,,,,,,,TELNA-ARGENTINA-UNLIMITED-15D,0.0,,0,deny,manual,59.99,,false,false,,,,,,,,,,,,,kg,,,
argentina,,,,,,,,,Unlimited / 30 Days,,,,,,,,TELNA-ARGENTINA-UNLIMITED-30D,0.0,,0,deny,manual,89.99,,false,false,,,,,,,,,,,,,kg,,,
antigua-and-barbuda,Antigua and Barbuda,"<p>Travel eSIM data plan for Antigua and Barbuda.</p>
<p>Si vous possédez déjà une eSIM de chez nous, cet achat sera ajouté à votre eSIM existante sous forme de recharge. S’il s’agit de votre premier achat, nous vous enverrons votre code QR par courriel après la confirmation de votre paiement.</p>",Quebec eSIM,,eSIM,"Antigua and Barbuda, eSIM, Telna",false,Plan,1GB / 5 Days,,,,,,,,TELNA-ANTIGUA-AND-BARBUDA-1GB-5D,0.0,,0,deny,manual,4.99,,false,false,,,,,,,,,false,,,,kg,,,active
antigua-and-barbuda,,,,,,,,,1GB / 10 Days,,,,,,,,TELNA-ANTIGUA-AND-BARBUDA-1GB-10D,0.0,,0,deny,manual,5.99,,false,false,,,,,,,,,,,,,kg,,,
antigua-and-barbuda,,,,,,,,,1GB / 15 Days,,,,,,,,TELNA-ANTIGUA-AND-BARBUDA-1GB-15D,0.0,,0,deny,manual,6.99,,false,false,,,,,,,,,,,,,kg,,,
antigua-and-barbuda,,,,,,,,,1GB / 30 Days,,,,,,,,TELNA-ANTIGUA-AND-BARBUDA-1GB-30D,0.0,,0,deny,manual,8.99,,false,false,,,,,,,,,,,,,kg,,,
antigua-and-barbuda,,,,,,,,,3GB / 5 Days,,,,,,,,TELNA-ANTIGUA-AND-BARBUDA-3GB-5D,0.0,,0,deny,manual,13.99,,false,false,,,,,,,,,,,,,kg,,,
antigua-and-barbuda,,,,,,,,,3GB / 10 Days,,,,,,,,TELNA-ANTIGUA-AND-BARBUDA-3GB-10D,0.0,,0,deny,manual,14.99,,false,false,,,,,,,,,,,,,kg,,,
antigua-and-barbuda,,,,,,,,,3GB / 15 Days,,,,,,,,TELNA-ANTIGUA-AND-BARBUDA-3GB-15D,0.0,,0,deny,manual,14.99,,false,false,,,,,,,,,,,,,kg,,,
antigua-and-barbuda,,,,,,,,,3GB / 30 Days,,,,,,,,TELNA-ANTIGUA-AND-BARBUDA-3GB-30D,0.0,,0,deny,manual,17.99,,false,false,,,,,,,,,,,,,kg,,,
antigua-and-barbuda,,,,,,,,,5GB / 5 Days,,,,,,,,TELNA-ANTIGUA-AND-BARBUDA-5GB-5D,0.0,,0,deny,manual,23.99,,false,false,,,,,,,,,,,,,kg,,,
antigua-and-barbuda,,,,,,,,,5GB / 10 Days,,,,,,,,TELNA-ANTIGUA-AND-BARBUDA-5GB-10D,0.0,,0,deny,manual,24.99,,false,false,,,,,,,,,,,,,kg,,,
antigua-and-barbuda,,,,,,,,,5GB / 15 Days,,,,,,,,TELNA-ANTIGUA-AND-BARBUDA-5GB-15D,0.0,,0,deny,manual,24.99,,false,false,,,,,,,,,,,,,kg,,,
antigua-and-barbuda,,,,,,,,,5GB / 30 Days,,,,,,,,TELNA-ANTIGUA-AND-BARBUDA-5GB-30D,0.0,,0,deny,manual,27.99,,false,false,,,,,,,,,,,,,kg,,,
antigua-and-barbuda,,,,,,,,,10GB / 5 Days,,,,,,,,TELNA-ANTIGUA-AND-BARBUDA-10GB-5D,0.0,,0,deny,manual,40.99,,false,false,,,,,,,,,,,,,kg,,,
antigua-and-barbuda,,,,,,,,,10GB / 10 Days,,,,,,,,TELNA-ANTIGUA-AND-BARBUDA-10GB-10D,0.0,,0,deny,manual,41.99,,false,false,,,,,,,,,,,,,kg,,,
antigua-and-barbuda,,,,,,,,,10GB / 15 Days,,,,,,,,TELNA-ANTIGUA-AND-BARBUDA-10GB-15D,0.0,,0,deny,manual,42.99,,false,false,,,,,,,,,,,,,kg,,,
antigua-and-barbuda,,,,,,,,,10GB / 30 Days,,,,,,,,TELNA-ANTIGUA-AND-BARBUDA-10GB-30D,0.0,,0,deny,manual,46.99,,false,false,,,,,,,,,,,,,kg,,,
antigua-and-barbuda,,,,,,,,,20GB / 5 Days,,,,,,,,TELNA-ANTIGUA-AND-BARBUDA-20GB-5D,0.0,,0,deny,manual,60.99,,false,false,,,,,,,,,,,,,kg,,,
antigua-and-barbuda,,,,,,,,,20GB / 10 Days,,,,,,,,TELNA-ANTIGUA-AND-BARBUDA-20GB-10D,0.0,,0,deny,manual,61.99,,false,false,,,,,,,,,,,,,kg,,,
antigua-and-barbuda,,,,,,,,,20GB / 15 Days,,,,,,,,TELNA-ANTIGUA-AND-BARBUDA-20GB-15D,0.0,,0,deny,manual,62.99,,false,false,,,,,,,,,,,,,kg,,,
antigua-and-barbuda,,,,,,,,,20GB / 30 Days,,,,,,,,TELNA-ANTIGUA-AND-BARBUDA-20GB-30D,0.0,,0,deny,manual,66.99,,false,false,,,,,,,,,,,,,kg,,,
anguilla,Anguilla,"<p>Travel eSIM data plan for Anguilla.</p>
<p>Si vous possédez déjà une eSIM de chez nous, cet achat sera ajouté à votre eSIM existante sous forme de recharge. S’il s’agit de votre premier achat, nous vous enverrons votre code QR par courriel après la confirmation de votre paiement.</p>",Quebec eSIM,,eSIM,"Anguilla, eSIM, Telna",false,Plan,1GB / 5 Days,,,,,,,,TELNA-ANGUILLA-1GB-5D,0.0,,0,deny,manual,4.99,,false,false,,,,,,,,,false,,,,kg,,,active
anguilla,,,,,,,,,1GB / 10 Days,,,,,,,,TELNA-ANGUILLA-1GB-10D,0.0,,0,deny,manual,5.99,,false,false,,,,,,,,,,,,,kg,,,
anguilla,,,,,,,,,1GB / 15 Days,,,,,,,,TELNA-ANGUILLA-1GB-15D,0.0,,0,deny,manual,6.99,,false,false,,,,,,,,,,,,,kg,,,
anguilla,,,,,,,,,1GB / 30 Days,,,,,,,,TELNA-ANGUILLA-1GB-30D,0.0,,0,deny,manual,8.99,,false,false,,,,,,,,,,,,,kg,,,
anguilla,,,,,,,,,3GB / 5 Days,,,,,,,,TELNA-ANGUILLA-3GB-5D,0.0,,0,deny,manual,13.99,,false,false,,,,,,,,,,,,,kg,,,
anguilla,,,,,,,,,3GB / 10 Days,,,,,,,,TELNA-ANGUILLA-3GB-10D,0.0,,0,deny,manual,14.99,,false,false,,,,,,,,,,,,,kg,,,
anguilla,,,,,,,,,3GB / 15 Days,,,,,,,,TELNA-ANGUILLA-3GB-15D,0.0,,0,deny,manual,14.99,,false,false,,,,,,,,,,,,,kg,,,
anguilla,,,,,,,,,3GB / 30 Days,,,,,,,,TELNA-ANGUILLA-3GB-30D,0.0,,0,deny,manual,17.99,,false,false,,,,,,,,,,,,,kg,,,
anguilla,,,,,,,,,5GB / 5 Days,,,,,,,,TELNA-ANGUILLA-5GB-5D,0.0,,0,deny,manual,23.99,,false,false,,,,,,,,,,,,,kg,,,
anguilla,,,,,,,,,5GB / 10 Days,,,,,,,,TELNA-ANGUILLA-5GB-10D,0.0,,0,deny,manual,24.99,,false,false,,,,,,,,,,,,,kg,,,
anguilla,,,,,,,,,5GB / 15 Days,,,,,,,,TELNA-ANGUILLA-5GB-15D,0.0,,0,deny,manual,24.99,,false,false,,,,,,,,,,,,,kg,,,
anguilla,,,,,,,,,5GB / 30 Days,,,,,,,,TELNA-ANGUILLA-5GB-30D,0.0,,0,deny,manual,27.99,,false,false,,,,,,,,,,,,,kg,,,
anguilla,,,,,,,,,10GB / 5 Days,,,,,,,,TELNA-ANGUILLA-10GB-5D,0.0,,0,deny,manual,40.99,,false,false,,,,,,,,,,,,,kg,,,
anguilla,,,,,,,,,10GB / 10 Days,,,,,,,,TELNA-ANGUILLA-10GB-10D,0.0,,0,deny,manual,41.99,,false,false,,,,,,,,,,,,,kg,,,
anguilla,,,,,,,,,10GB / 15 Days,,,,,,,,TELNA-ANGUILLA-10GB-15D,0.0,,0,deny,manual,42.99,,false,false,,,,,,,,,,,,,kg,,,
anguilla,,,,,,,,,10GB / 30 Days,,,,,,,,TELNA-ANGUILLA-10GB-30D,0.0,,0,deny,manual,46.99,,false,false,,,,,,,,,,,,,kg,,,
anguilla,,,,,,,,,20GB / 5 Days,,,,,,,,TELNA-ANGUILLA-20GB-5D,0.0,,0,deny,manual,60.99,,false,false,,,,,,,,,,,,,kg,,,
anguilla,,,,,,,,,20GB / 10 Days,,,,,,,,TELNA-ANGUILLA-20GB-10D,0.0,,0,deny,manual,61.99,,false,false,,,,,,,,,,,,,kg,,,
anguilla,,,,,,,,,20GB / 15 Days,,,,,,,,TELNA-ANGUILLA-20GB-15D,0.0,,0,deny,manual,62.99,,false,false,,,,,,,,,,,,,kg,,,
anguilla,,,,,,,,,20GB / 30 Days,,,,,,,,TELNA-ANGUILLA-20GB-30D,0.0,,0,deny,manual,66.99,,false,false,,,,,,,,,,,,,kg,,,
andorra,Andorra,"<p>Travel eSIM data plan for Andorra.</p>
<p>Si vous possédez déjà une eSIM de chez nous, cet achat sera ajouté à votre eSIM existante sous forme de recharge. S’il s’agit de votre premier achat, nous vous enverrons votre code QR par courriel après la confirmation de votre paiement.</p>",Quebec eSIM,,eSIM,"Andorra, eSIM, Telna",false,Plan,1GB / 5 Days,,,,,,,,TELNA-ANDORRA-1GB-5D,0.0,,0,deny,manual,4.99,,false,false,,,,,,,,,false,,,,kg,,,active
andorra,,,,,,,,,1GB / 10 Days,,,,,,,,TELNA-ANDORRA-1GB-10D,0.0,,0,deny,manual,5.99,,false,false,,,,,,,,,,,,,kg,,,
andorra,,,,,,,,,1GB / 15 Days,,,,,,,,TELNA-ANDORRA-1GB-15D,0.0,,0,deny,manual,6.99,,false,false,,,,,,,,,,,,,kg,,,
andorra,,,,,,,,,1GB / 30 Days,,,,,,,,TELNA-ANDORRA-1GB-30D,0.0,,0,deny,manual,8.99,,false,false,,,,,,,,,,,,,kg,,,
andorra,,,,,,,,,3GB / 5 Days,,,,,,,,TELNA-ANDORRA-3GB-5D,0.0,,0,deny,manual,13.99,,false,false,,,,,,,,,,,,,kg,,,
andorra,,,,,,,,,3GB / 10 Days,,,,,,,,TELNA-ANDORRA-3GB-10D,0.0,,0,deny,manual,14.99,,false,false,,,,,,,,,,,,,kg,,,
andorra,,,,,,,,,3GB / 15 Days,,,,,,,,TELNA-ANDORRA-3GB-15D,0.0,,0,deny,manual,14.99,,false,false,,,,,,,,,,,,,kg,,,
andorra,,,,,,,,,3GB / 30 Days,,,,,,,,TELNA-ANDORRA-3GB-30D,0.0,,0,deny,manual,17.99,,false,false,,,,,,,,,,,,,kg,,,
andorra,,,,,,,,,5GB / 5 Days,,,,,,,,TELNA-ANDORRA-5GB-5D,0.0,,0,deny,manual,23.99,,false,false,,,,,,,,,,,,,kg,,,
andorra,,,,,,,,,5GB / 10 Days,,,,,,,,TELNA-ANDORRA-5GB-10D,0.0,,0,deny,manual,24.99,,false,false,,,,,,,,,,,,,kg,,,
andorra,,,,,,,,,5GB / 15 Days,,,,,,,,TELNA-ANDORRA-5GB-15D,0.0,,0,deny,manual,24.99,,false,false,,,,,,,,,,,,,kg,,,
andorra,,,,,,,,,5GB / 30 Days,,,,,,,,TELNA-ANDORRA-5GB-30D,0.0,,0,deny,manual,27.99,,false,false,,,,,,,,,,,,,kg,,,
andorra,,,,,,,,,10GB / 5 Days,,,,,,,,TELNA-ANDORRA-10GB-5D,0.0,,0,deny,manual,40.99,,false,false,,,,,,,,,,,,,kg,,,
andorra,,,,,,,,,10GB / 10 Days,,,,,,,,TELNA-ANDORRA-10GB-10D,0.0,,0,deny,manual,41.99,,false,false,,,,,,,,,,,,,kg,,,
andorra,,,,,,,,,10GB / 15 Days,,,,,,,,TELNA-ANDORRA-10GB-15D,0.0,,0,deny,manual,42.99,,false,false,,,,,,,,,,,,,kg,,,
andorra,,,,,,,,,10GB / 30 Days,,,,,,,,TELNA-ANDORRA-10GB-30D,0.0,,0,deny,manual,46.99,,false,false,,,,,,,,,,,,,kg,,,
andorra,,,,,,,,,20GB / 5 Days,,,,,,,,TELNA-ANDORRA-20GB-5D,0.0,,0,deny,manual,60.99,,false,false,,,,,,,,,,,,,kg,,,
andorra,,,,,,,,,20GB / 10 Days,,,,,,,,TELNA-ANDORRA-20GB-10D,0.0,,0,deny,manual,61.99,,false,false,,,,,,,,,,,,,kg,,,
andorra,,,,,,,,,20GB / 15 Days,,,,,,,,TELNA-ANDORRA-20GB-15D,0.0,,0,deny,manual,62.99,,false,false,,,,,,,,,,,,,kg,,,
andorra,,,,,,,,,20GB / 30 Days,,,,,,,,TELNA-ANDORRA-20GB-30D,0.0,,0,deny,manual,66.99,,false,false,,,,,,,,,,,,,kg,,,
algeria,Algeria,"<p>Travel eSIM data plan for Algeria.</p>
<p>Si vous possédez déjà une eSIM de chez nous, cet achat sera ajouté à votre eSIM existante sous forme de recharge. S’il s’agit de votre premier achat, nous vous enverrons votre code QR par courriel après la confirmation de votre paiement.</p>",Quebec eSIM,,eSIM,"Algeria, eSIM, Telna",false,Plan,1GB / 5 Days,,,,,,,,TELNA-ALGERIA-1GB-5D,0.0,,0,deny,manual,3.99,,false,false,,,,,,,,,false,,,,kg,,,active
algeria,,,,,,,,,1GB / 10 Days,,,,,,,,TELNA-ALGERIA-1GB-10D,0.0,,0,deny,manual,4.99,,false,false,,,,,,,,,,,,,kg,,,
algeria,,,,,,,,,1GB / 15 Days,,,,,,,,TELNA-ALGERIA-1GB-15D,0.0,,0,deny,manual,4.99,,false,false,,,,,,,,,,,,,kg,,,
algeria,,,,,,,,,1GB / 30 Days,,,,,,,,TELNA-ALGERIA-1GB-30D,0.0,,0,deny,manual,7.99,,false,false,,,,,,,,,,,,,kg,,,
algeria,,,,,,,,,3GB / 5 Days,,,,,,,,TELNA-ALGERIA-3GB-5D,0.0,,0,deny,manual,7.99,,false,false,,,,,,,,,,,,,kg,,,
algeria,,,,,,,,,3GB / 10 Days,,,,,,,,TELNA-ALGERIA-3GB-10D,0.0,,0,deny,manual,7.99,,false,false,,,,,,,,,,,,,kg,,,
algeria,,,,,,,,,3GB / 15 Days,,,,,,,,TELNA-ALGERIA-3GB-15D,0.0,,0,deny,manual,8.99,,false,false,,,,,,,,,,,,,kg,,,
algeria,,,,,,,,,3GB / 30 Days,,,,,,,,TELNA-ALGERIA-3GB-30D,0.0,,0,deny,manual,9.99,,false,false,,,,,,,,,,,,,kg,,,
algeria,,,,,,,,,5GB / 5 Days,,,,,,,,TELNA-ALGERIA-5GB-5D,0.0,,0,deny,manual,5.99,,false,false,,,,,,,,,,,,,kg,,,
algeria,,,,,,,,,5GB / 10 Days,,,,,,,,TELNA-ALGERIA-5GB-10D,0.0,,0,deny,manual,6.99,,false,false,,,,,,,,,,,,,kg,,,
algeria,,,,,,,,,5GB / 15 Days,,,,,,,,TELNA-ALGERIA-5GB-15D,0.0,,0,deny,manual,7.99,,false,false,,,,,,,,,,,,,kg,,,
algeria,,,,,,,,,5GB / 30 Days,,,,,,,,TELNA-ALGERIA-5GB-30D,0.0,,0,deny,manual,9.99,,false,false,,,,,,,,,,,,,kg,,,
algeria,,,,,,,,,10GB / 5 Days,,,,,,,,TELNA-ALGERIA-10GB-5D,0.0,,0,deny,manual,11.99,,false,false,,,,,,,,,,,,,kg,,,
algeria,,,,,,,,,10GB / 10 Days,,,,,,,,TELNA-ALGERIA-10GB-10D,0.0,,0,deny,manual,12.99,,false,false,,,,,,,,,,,,,kg,,,
algeria,,,,,,,,,10GB / 15 Days,,,,,,,,TELNA-ALGERIA-10GB-15D,0.0,,0,deny,manual,13.99,,false,false,,,,,,,,,,,,,kg,,,
algeria,,,,,,,,,10GB / 30 Days,,,,,,,,TELNA-ALGERIA-10GB-30D,0.0,,0,deny,manual,15.99,,false,false,,,,,,,,,,,,,kg,,,
algeria,,,,,,,,,20GB / 5 Days,,,,,,,,TELNA-ALGERIA-20GB-5D,0.0,,0,deny,manual,20.99,,false,false,,,,,,,,,,,,,kg,,,
algeria,,,,,,,,,20GB / 10 Days,,,,,,,,TELNA-ALGERIA-20GB-10D,0.0,,0,deny,manual,21.99,,false,false,,,,,,,,,,,,,kg,,,
algeria,,,,,,,,,20GB / 15 Days,,,,,,,,TELNA-ALGERIA-20GB-15D,0.0,,0,deny,manual,22.99,,false,false,,,,,,,,,,,,,kg,,,
algeria,,,,,,,,,20GB / 30 Days,,,,,,,,TELNA-ALGERIA-20GB-30D,0.0,,0,deny,manual,24.99,,false,false,,,,,,,,,,,,,kg,,,
algeria,,,,,,,,,Unlimited / 5 Days,,,,,,,,TELNA-ALGERIA-UNLIMITED-5D,0.0,,0,deny,manual,17.99,,false,false,,,,,,,,,,,,,kg,,,
algeria,,,,,,,,,Unlimited / 10 Days,,,,,,,,TELNA-ALGERIA-UNLIMITED-10D,0.0,,0,deny,manual,34.99,,false,false,,,,,,,,,,,,,kg,,,
algeria,,,,,,,,,Unlimited / 15 Days,,,,,,,,TELNA-ALGERIA-UNLIMITED-15D,0.0,,0,deny,manual,49.99,,false,false,,,,,,,,,,,,,kg,,,
algeria,,,,,,,,,Unlimited / 30 Days,,,,,,,,TELNA-ALGERIA-UNLIMITED-30D,0.0,,0,deny,manual,59.99,,false,false,,,,,,,,,,,,,kg,,,
albania,Albania,"<p>Travel eSIM data plan for Albania.</p>
<p>Si vous possédez déjà une eSIM de chez nous, cet achat sera ajouté à votre eSIM existante sous forme de recharge. S’il s’agit de votre premier achat, nous vous enverrons votre code QR par courriel après la confirmation de votre paiement.</p>",Quebec eSIM,,eSIM,"Albania, eSIM, Telna",false,Plan,1GB / 5 Days,,,,,,,,TELNA-ALBANIA-1GB-5D,0.0,,-1,deny,manual,3.99,,false,false,,,,,,,,,false,,,,kg,,,active
albania,,,,,,,,,1GB / 10 Days,,,,,,,,TELNA-ALBANIA-1GB-10D,0.0,,0,deny,manual,4.99,,false,false,,,,,,,,,,,,,kg,,,
albania,,,,,,,,,1GB / 15 Days,,,,,,,,TELNA-ALBANIA-1GB-15D,0.0,,0,deny,manual,4.99,,false,false,,,,,,,,,,,,,kg,,,
albania,,,,,,,,,1GB / 30 Days,,,,,,,,TELNA-ALBANIA-1GB-30D,0.0,,0,deny,manual,7.99,,false,false,,,,,,,,,,,,,kg,,,
albania,,,,,,,,,3GB / 5 Days,,,,,,,,TELNA-ALBANIA-3GB-5D,0.0,,0,deny,manual,4.99,,false,false,,,,,,,,,,,,,kg,,,
albania,,,,,,,,,3GB / 10 Days,,,,,,,,TELNA-ALBANIA-3GB-10D,0.0,,0,deny,manual,5.99,,false,false,,,,,,,,,,,,,kg,,,
albania,,,,,,,,,3GB / 15 Days,,,,,,,,TELNA-ALBANIA-3GB-15D,0.0,,0,deny,manual,6.99,,false,false,,,,,,,,,,,,,kg,,,
albania,,,,,,,,,3GB / 30 Days,,,,,,,,TELNA-ALBANIA-3GB-30D,0.0,,0,deny,manual,8.99,,false,false,,,,,,,,,,,,,kg,,,
albania,,,,,,,,,5GB / 5 Days,,,,,,,,TELNA-ALBANIA-5GB-5D,0.0,,0,deny,manual,5.99,,false,false,,,,,,,,,,,,,kg,,,
albania,,,,,,,,,5GB / 10 Days,,,,,,,,TELNA-ALBANIA-5GB-10D,0.0,,0,deny,manual,6.99,,false,false,,,,,,,,,,,,,kg,,,
albania,,,,,,,,,5GB / 15 Days,,,,,,,,TELNA-ALBANIA-5GB-15D,0.0,,0,deny,manual,7.99,,false,false,,,,,,,,,,,,,kg,,,
albania,,,,,,,,,5GB / 30 Days,,,,,,,,TELNA-ALBANIA-5GB-30D,0.0,,0,deny,manual,9.99,,false,false,,,,,,,,,,,,,kg,,,
albania,,,,,,,,,10GB / 5 Days,,,,,,,,TELNA-ALBANIA-10GB-5D,0.0,,0,deny,manual,12.99,,false,false,,,,,,,,,,,,,kg,,,
albania,,,,,,,,,10GB / 10 Days,,,,,,,,TELNA-ALBANIA-10GB-10D,0.0,,0,deny,manual,13.99,,false,false,,,,,,,,,,,,,kg,,,
albania,,,,,,,,,10GB / 15 Days,,,,,,,,TELNA-ALBANIA-10GB-15D,0.0,,0,deny,manual,14.99,,false,false,,,,,,,,,,,,,kg,,,
albania,,,,,,,,,10GB / 30 Days,,,,,,,,TELNA-ALBANIA-10GB-30D,0.0,,0,deny,manual,16.99,,false,false,,,,,,,,,,,,,kg,,,
albania,,,,,,,,,20GB / 5 Days,,,,,,,,TELNA-ALBANIA-20GB-5D,0.0,,0,deny,manual,23.99,,false,false,,,,,,,,,,,,,kg,,,
albania,,,,,,,,,20GB / 10 Days,,,,,,,,TELNA-ALBANIA-20GB-10D,0.0,,0,deny,manual,24.99,,false,false,,,,,,,,,,,,,kg,,,
albania,,,,,,,,,20GB / 15 Days,,,,,,,,TELNA-ALBANIA-20GB-15D,0.0,,0,deny,manual,24.99,,false,false,,,,,,,,,,,,,kg,,,
albania,,,,,,,,,20GB / 30 Days,,,,,,,,TELNA-ALBANIA-20GB-30D,0.0,,0,deny,manual,27.99,,false,false,,,,,,,,,,,,,kg,,,
albania,,,,,,,,,Unlimited / 5 Days,,,,,,,,TELNA-ALBANIA-UNLIMITED-5D,0.0,,0,deny,manual,24.99,,false,false,,,,,,,,,,,,,kg,,,
albania,,,,,,,,,Unlimited / 10 Days,,,,,,,,TELNA-ALBANIA-UNLIMITED-10D,0.0,,0,deny,manual,39.99,,false,false,,,,,,,,,,,,,kg,,,
albania,,,,,,,,,Unlimited / 15 Days,,,,,,,,TELNA-ALBANIA-UNLIMITED-15D,0.0,,0,deny,manual,74.99,,false,false,,,,,,,,,,,,,kg,,,
albania,,,,,,,,,Unlimited / 30 Days,,,,,,,,TELNA-ALBANIA-UNLIMITED-30D,0.0,,0,deny,manual,99.99,,false,false,,,,,,,,,,,,,kg,,,
afghanistan,Afghanistan,"<p>Travel eSIM data plan for Afghanistan.</p>
<p>Si vous possédez déjà une eSIM de chez nous, cet achat sera ajouté à votre eSIM existante sous forme de recharge. S’il s’agit de votre premier achat, nous vous enverrons votre code QR par courriel après la confirmation de votre paiement.</p>",Quebec eSIM,,eSIM,"Afghanistan, eSIM, Telna",false,Plan,1GB / 5 Days,,,,,,,,TELNA-AFGHANISTAN-1GB-5D,0.0,,0,deny,manual,8.99,,false,false,,,,,,,,,false,,,,kg,,,active
afghanistan,,,,,,,,,1GB / 10 Days,,,,,,,,TELNA-AFGHANISTAN-1GB-10D,0.0,,0,deny,manual,9.99,,false,false,,,,,,,,,,,,,kg,,,
afghanistan,,,,,,,,,1GB / 15 Days,,,,,,,,TELNA-AFGHANISTAN-1GB-15D,0.0,,-1,deny,manual,9.99,,false,false,,,,,,,,,,,,,kg,,,
afghanistan,,,,,,,,,1GB / 30 Days,,,,,,,,TELNA-AFGHANISTAN-1GB-30D,0.0,,0,deny,manual,12.99,,false,false,,,,,,,,,,,,,kg,,,
afghanistan,,,,,,,,,3GB / 5 Days,,,,,,,,TELNA-AFGHANISTAN-3GB-5D,0.0,,0,deny,manual,18.99,,false,false,,,,,,,,,,,,,kg,,,
afghanistan,,,,,,,,,3GB / 10 Days,,,,,,,,TELNA-AFGHANISTAN-3GB-10D,0.0,,0,deny,manual,19.99,,false,false,,,,,,,,,,,,,kg,,,
afghanistan,,,,,,,,,3GB / 15 Days,,,,,,,,TELNA-AFGHANISTAN-3GB-15D,0.0,,0,deny,manual,19.99,,false,false,,,,,,,,,,,,,kg,,,
afghanistan,,,,,,,,,3GB / 30 Days,,,,,,,,TELNA-AFGHANISTAN-3GB-30D,0.0,,0,deny,manual,22.99,,false,false,,,,,,,,,,,,,kg,,,
afghanistan,,,,,,,,,5GB / 5 Days,,,,,,,,TELNA-AFGHANISTAN-5GB-5D,0.0,,0,deny,manual,32.99,,false,false,,,,,,,,,,,,,kg,,,
afghanistan,,,,,,,,,5GB / 10 Days,,,,,,,,TELNA-AFGHANISTAN-5GB-10D,0.0,,0,deny,manual,33.99,,false,false,,,,,,,,,,,,,kg,,,
afghanistan,,,,,,,,,5GB / 15 Days,,,,,,,,TELNA-AFGHANISTAN-5GB-15D,0.0,,0,deny,manual,34.99,,false,false,,,,,,,,,,,,,kg,,,
afghanistan,,,,,,,,,5GB / 30 Days,,,,,,,,TELNA-AFGHANISTAN-5GB-30D,0.0,,0,deny,manual,36.99,,false,false,,,,,,,,,,,,,kg,,,
afghanistan,,,,,,,,,10GB / 5 Days,,,,,,,,TELNA-AFGHANISTAN-10GB-5D,0.0,,0,deny,manual,52.99,,false,false,,,,,,,,,,,,,kg,,,
afghanistan,,,,,,,,,10GB / 10 Days,,,,,,,,TELNA-AFGHANISTAN-10GB-10D,0.0,,0,deny,manual,53.99,,false,false,,,,,,,,,,,,,kg,,,
afghanistan,,,,,,,,,10GB / 15 Days,,,,,,,,TELNA-AFGHANISTAN-10GB-15D,0.0,,0,deny,manual,54.99,,false,false,,,,,,,,,,,,,kg,,,
afghanistan,,,,,,,,,10GB / 30 Days,,,,,,,,TELNA-AFGHANISTAN-10GB-30D,0.0,,0,deny,manual,58.99,,false,false,,,,,,,,,,,,,kg,,,
spain,Spain,"<p>Travel eSIM data plan for Spain.</p>
<p>Si vous possédez déjà une eSIM de chez nous, cet achat sera ajouté à votre eSIM existante sous forme de recharge. S’il s’agit de votre premier achat, nous vous enverrons votre code QR par courriel après la confirmation de votre paiement.</p>",Quebec eSIM,,eSIM,"eSIM, Spain, Telna",false,Plan,1GB / 5 Days,,,,,,,,TELNA-SPAIN-1GB-5D,0.0,,0,deny,manual,3.99,,false,false,,,,,,,,,false,,,,kg,,,active
spain,,,,,,,,,1GB / 10 Days,,,,,,,,TELNA-SPAIN-1GB-10D,0.0,,0,deny,manual,4.99,,false,false,,,,,,,,,,,,,kg,,,
spain,,,,,,,,,1GB / 15 Days,,,,,,,,TELNA-SPAIN-1GB-15D,0.0,,0,deny,manual,4.99,,false,false,,,,,,,,,,,,,kg,,,
spain,,,,,,,,,1GB / 30 Days,,,,,,,,TELNA-SPAIN-1GB-30D,0.0,,0,deny,manual,7.99,,false,false,,,,,,,,,,,,,kg,,,
spain,,,,,,,,,3GB / 5 Days,,,,,,,,TELNA-SPAIN-3GB-5D,0.0,,0,deny,manual,7.99,,false,false,,,,,,,,,,,,,kg,,,
spain,,,,,,,,,3GB / 10 Days,,,,,,,,TELNA-SPAIN-3GB-10D,0.0,,0,deny,manual,7.99,,false,false,,,,,,,,,,,,,kg,,,
spain,,,,,,,,,3GB / 15 Days,,,,,,,,TELNA-SPAIN-3GB-15D,0.0,,0,deny,manual,8.99,,false,false,,,,,,,,,,,,,kg,,,
spain,,,,,,,,,3GB / 30 Days,,,,,,,,TELNA-SPAIN-3GB-30D,0.0,,0,deny,manual,9.99,,false,false,,,,,,,,,,,,,kg,,,
spain,,,,,,,,,5GB / 5 Days,,,,,,,,TELNA-SPAIN-5GB-5D,0.0,,0,deny,manual,5.99,,false,false,,,,,,,,,,,,,kg,,,
spain,,,,,,,,,5GB / 10 Days,,,,,,,,TELNA-SPAIN-5GB-10D,0.0,,0,deny,manual,6.99,,false,false,,,,,,,,,,,,,kg,,,
spain,,,,,,,,,5GB / 15 Days,,,,,,,,TELNA-SPAIN-5GB-15D,0.0,,0,deny,manual,7.99,,false,false,,,,,,,,,,,,,kg,,,
spain,,,,,,,,,5GB / 30 Days,,,,,,,,TELNA-SPAIN-5GB-30D,0.0,,0,deny,manual,9.99,,false,false,,,,,,,,,,,,,kg,,,
spain,,,,,,,,,10GB / 5 Days,,,,,,,,TELNA-SPAIN-10GB-5D,0.0,,0,deny,manual,11.99,,false,false,,,,,,,,,,,,,kg,,,
spain,,,,,,,,,10GB / 10 Days,,,,,,,,TELNA-SPAIN-10GB-10D,0.0,,0,deny,manual,12.99,,false,false,,,,,,,,,,,,,kg,,,
spain,,,,,,,,,10GB / 15 Days,,,,,,,,TELNA-SPAIN-10GB-15D,0.0,,0,deny,manual,13.99,,false,false,,,,,,,,,,,,,kg,,,
spain,,,,,,,,,10GB / 30 Days,,,,,,,,TELNA-SPAIN-10GB-30D,0.0,,0,deny,manual,15.99,,false,false,,,,,,,,,,,,,kg,,,
spain,,,,,,,,,20GB / 5 Days,,,,,,,,TELNA-SPAIN-20GB-5D,0.0,,0,deny,manual,20.99,,false,false,,,,,,,,,,,,,kg,,,
spain,,,,,,,,,20GB / 10 Days,,,,,,,,TELNA-SPAIN-20GB-10D,0.0,,0,deny,manual,21.99,,false,false,,,,,,,,,,,,,kg,,,
spain,,,,,,,,,20GB / 15 Days,,,,,,,,TELNA-SPAIN-20GB-15D,0.0,,0,deny,manual,22.99,,false,false,,,,,,,,,,,,,kg,,,
spain,,,,,,,,,20GB / 30 Days,,,,,,,,TELNA-SPAIN-20GB-30D,0.0,,0,deny,manual,24.99,,false,false,,,,,,,,,,,,,kg,,,
spain,,,,,,,,,Unlimited / 5 Days,,,,,,,,TELNA-SPAIN-UNLIMITED-5D,0.0,,0,deny,manual,14.99,,false,false,,,,,,,,,,,,,kg,,,
spain,,,,,,,,,Unlimited / 10 Days,,,,,,,,TELNA-SPAIN-UNLIMITED-10D,0.0,,0,deny,manual,24.99,,false,false,,,,,,,,,,,,,kg,,,
spain,,,,,,,,,Unlimited / 15 Days,,,,,,,,TELNA-SPAIN-UNLIMITED-15D,0.0,,0,deny,manual,39.99,,false,false,,,,,,,,,,,,,kg,,,
spain,,,,,,,,,Unlimited / 30 Days,,,,,,,,TELNA-SPAIN-UNLIMITED-30D,0.0,,0,deny,manual,49.99,,false,false,,,,,,,,,,,,,kg,,,
egypt,Egypt,"<p>Travel eSIM data plan for Egypt.</p>
<p>Si vous possédez déjà une eSIM de chez nous, cet achat sera ajouté à votre eSIM existante sous forme de recharge. S’il s’agit de votre premier achat, nous vous enverrons votre code QR par courriel après la confirmation de votre paiement.</p>",Quebec eSIM,,eSIM,"Egypt, eSIM, Telna",false,Plan,1GB / 5 Days,,,,,,,,TELNA-EGYPT-1GB-5D,0.0,,-1,deny,manual,3.99,,false,false,,,,,,,,,false,,,,kg,,,active
egypt,,,,,,,,,1GB / 10 Days,,,,,,,,TELNA-EGYPT-1GB-10D,0.0,,0,deny,manual,4.99,,false,false,,,,,,,,,,,,,kg,,,
egypt,,,,,,,,,1GB / 15 Days,,,,,,,,TELNA-EGYPT-1GB-15D,0.0,,0,deny,manual,4.99,,false,false,,,,,,,,,,,,,kg,,,
egypt,,,,,,,,,1GB / 30 Days,,,,,,,,TELNA-EGYPT-1GB-30D,0.0,,0,deny,manual,7.99,,false,false,,,,,,,,,,,,,kg,,,
egypt,,,,,,,,,3GB / 5 Days,,,,,,,,TELNA-EGYPT-3GB-5D,0.0,,0,deny,manual,4.99,,false,false,,,,,,,,,,,,,kg,,,
egypt,,,,,,,,,3GB / 10 Days,,,,,,,,TELNA-EGYPT-3GB-10D,0.0,,0,deny,manual,5.99,,false,false,,,,,,,,,,,,,kg,,,
egypt,,,,,,,,,3GB / 15 Days,,,,,,,,TELNA-EGYPT-3GB-15D,0.0,,0,deny,manual,6.99,,false,false,,,,,,,,,,,,,kg,,,
egypt,,,,,,,,,3GB / 30 Days,,,,,,,,TELNA-EGYPT-3GB-30D,0.0,,0,deny,manual,8.99,,false,false,,,,,,,,,,,,,kg,,,
egypt,,,,,,,,,5GB / 5 Days,,,,,,,,TELNA-EGYPT-5GB-5D,0.0,,0,deny,manual,5.99,,false,false,,,,,,,,,,,,,kg,,,
egypt,,,,,,,,,5GB / 10 Days,,,,,,,,TELNA-EGYPT-5GB-10D,0.0,,0,deny,manual,6.99,,false,false,,,,,,,,,,,,,kg,,,
egypt,,,,,,,,,5GB / 15 Days,,,,,,,,TELNA-EGYPT-5GB-15D,0.0,,0,deny,manual,7.99,,false,false,,,,,,,,,,,,,kg,,,
egypt,,,,,,,,,5GB / 30 Days,,,,,,,,TELNA-EGYPT-5GB-30D,0.0,,0,deny,manual,9.99,,false,false,,,,,,,,,,,,,kg,,,
egypt,,,,,,,,,10GB / 5 Days,,,,,,,,TELNA-EGYPT-10GB-5D,0.0,,0,deny,manual,11.99,,false,false,,,,,,,,,,,,,kg,,,
egypt,,,,,,,,,10GB / 10 Days,,,,,,,,TELNA-EGYPT-10GB-10D,0.0,,0,deny,manual,12.99,,false,false,,,,,,,,,,,,,kg,,,
egypt,,,,,,,,,10GB / 15 Days,,,,,,,,TELNA-EGYPT-10GB-15D,0.0,,0,deny,manual,13.99,,false,false,,,,,,,,,,,,,kg,,,
egypt,,,,,,,,,10GB / 30 Days,,,,,,,,TELNA-EGYPT-10GB-30D,0.0,,0,deny,manual,15.99,,false,false,,,,,,,,,,,,,kg,,,
egypt,,,,,,,,,20GB / 5 Days,,,,,,,,TELNA-EGYPT-20GB-5D,0.0,,0,deny,manual,20.99,,false,false,,,,,,,,,,,,,kg,,,
egypt,,,,,,,,,20GB / 10 Days,,,,,,,,TELNA-EGYPT-20GB-10D,0.0,,0,deny,manual,21.99,,false,false,,,,,,,,,,,,,kg,,,
egypt,,,,,,,,,20GB / 15 Days,,,,,,,,TELNA-EGYPT-20GB-15D,0.0,,0,deny,manual,22.99,,false,false,,,,,,,,,,,,,kg,,,
egypt,,,,,,,,,20GB / 30 Days,,,,,,,,TELNA-EGYPT-20GB-30D,0.0,,0,deny,manual,24.99,,false,false,,,,,,,,,,,,,kg,,,
canada,Canada,"<p>Travel eSIM data plan for Canada.</p>
<p>Si vous possédez déjà une eSIM de chez nous, cet achat sera ajouté à votre eSIM existante sous forme de recharge. S’il s’agit de votre premier achat, nous vous enverrons votre code QR par courriel après la confirmation de votre paiement.</p>",Quebec eSIM,,eSIM,"Canada, eSIM, Telna",false,Plan,1GB / 5 Days,,,,,,,,TELNA-CANADA-1GB-5D,0.0,,-3,deny,manual,4.99,,false,false,,,,,,,,,false,,,,kg,,,active
canada,,,,,,,,,1GB / 10 Days,,,,,,,,TELNA-CANADA-1GB-10D,0.0,,0,deny,manual,5.99,,false,false,,,,,,,,,,,,,kg,,,
canada,,,,,,,,,1GB / 15 Days,,,,,,,,TELNA-CANADA-1GB-15D,0.0,,0,deny,manual,6.99,,false,false,,,,,,,,,,,,,kg,,,
canada,,,,,,,,,1GB / 30 Days,,,,,,,,TELNA-CANADA-1GB-30D,0.0,,-1,deny,manual,8.99,,false,false,,,,,,,,,,,,,kg,,,
canada,,,,,,,,,3GB / 5 Days,,,,,,,,TELNA-CANADA-3GB-5D,0.0,,-1,deny,manual,8.99,,false,false,,,,,,,,,,,,,kg,,,
canada,,,,,,,,,3GB / 10 Days,,,,,,,,TELNA-CANADA-3GB-10D,0.0,,-1,deny,manual,9.99,,false,false,,,,,,,,,,,,,kg,,,
canada,,,,,,,,,3GB / 15 Days,,,,,,,,TELNA-CANADA-3GB-15D,0.0,,-1,deny,manual,9.99,,false,false,,,,,,,,,,,,,kg,,,
canada,,,,,,,,,3GB / 30 Days,,,,,,,,TELNA-CANADA-3GB-30D,0.0,,0,deny,manual,12.99,,false,false,,,,,,,,,,,,,kg,,,
canada,,,,,,,,,5GB / 5 Days,,,,,,,,TELNA-CANADA-5GB-5D,0.0,,0,deny,manual,11.99,,false,false,,,,,,,,,,,,,kg,,,
canada,,,,,,,,,5GB / 10 Days,,,,,,,,TELNA-CANADA-5GB-10D,0.0,,0,deny,manual,12.99,,false,false,,,,,,,,,,,,,kg,,,
canada,,,,,,,,,5GB / 15 Days,,,,,,,,TELNA-CANADA-5GB-15D,0.0,,0,deny,manual,13.99,,false,false,,,,,,,,,,,,,kg,,,
canada,,,,,,,,,5GB / 30 Days,,,,,,,,TELNA-CANADA-5GB-30D,0.0,,0,deny,manual,15.99,,false,false,,,,,,,,,,,,,kg,,,
canada,,,,,,,,,10GB / 5 Days,,,,,,,,TELNA-CANADA-10GB-5D,0.0,,0,deny,manual,21.99,,false,false,,,,,,,,,,,,,kg,,,
canada,,,,,,,,,10GB / 10 Days,,,,,,,,TELNA-CANADA-10GB-10D,0.0,,0,deny,manual,22.99,,false,false,,,,,,,,,,,,,kg,,,
canada,,,,,,,,,10GB / 15 Days,,,,,,,,TELNA-CANADA-10GB-15D,0.0,,0,deny,manual,23.99,,false,false,,,,,,,,,,,,,kg,,,
canada,,,,,,,,,10GB / 30 Days,,,,,,,,TELNA-CANADA-10GB-30D,0.0,,-1,deny,manual,25.99,,false,false,,,,,,,,,,,,,kg,,,
canada,,,,,,,,,20GB / 5 Days,,,,,,,,TELNA-CANADA-20GB-5D,0.0,,0,deny,manual,40.99,,false,false,,,,,,,,,,,,,kg,,,
canada,,,,,,,,,20GB / 10 Days,,,,,,,,TELNA-CANADA-20GB-10D,0.0,,0,deny,manual,41.99,,false,false,,,,,,,,,,,,,kg,,,
canada,,,,,,,,,20GB / 15 Days,,,,,,,,TELNA-CANADA-20GB-15D,0.0,,0,deny,manual,42.99,,false,false,,,,,,,,,,,,,kg,,,
canada,,,,,,,,,20GB / 30 Days,,,,,,,,TELNA-CANADA-20GB-30D,0.0,,0,deny,manual,46.99,,false,false,,,,,,,,,,,,,kg,,,
